ISO-10303-21;
HEADER;
FILE_DESCRIPTION(('Open CASCADE Model'),'2;1');
FILE_NAME('Open CASCADE Shape Model','2026-10-04T23:04:54',('Author'),(
    'Open CASCADE'),'Open CASCADE STEP processor 7.9','Open CASCADE 7.9'
  ,'Unknown');
FILE_SCHEMA(('AUTOMOTIVE_DESIGN { 1 0 10303 214 1 1 1 1 }'));
ENDSEC;
DATA;
#1 = APPLICATION_PROTOCOL_DEFINITION('international standard',
  'automotive_design',2000,#2);
#2 = APPLICATION_CONTEXT(
  'core data for automotive mechanical design processes');
#3 = SHAPE_DEFINITION_REPRESENTATION(#4,#10);
#4 = PRODUCT_DEFINITION_SHAPE('','',#5);
#5 = PRODUCT_DEFINITION('design','',#6,#9);
#6 = PRODUCT_DEFINITION_FORMATION('','',#7);
#7 = PRODUCT('Open CASCADE STEP translator 7.9 20',
  'Open CASCADE STEP translator 7.9 20','',(#8));
#8 = PRODUCT_CONTEXT('',#2,'mechanical');
#9 = PRODUCT_DEFINITION_CONTEXT('part definition',#2,'design');
#10 = ADVANCED_BREP_SHAPE_REPRESENTATION('',(#11,#15),#6603);
#11 = AXIS2_PLACEMENT_3D('',#12,#13,#14);
#12 = CARTESIAN_POINT('',(0.,0.,0.));
#13 = DIRECTION('',(0.,0.,1.));
#14 = DIRECTION('',(1.,0.,-0.));
#15 = MANIFOLD_SOLID_BREP('',#16);
#16 = CLOSED_SHELL('',(#17,#2762,#5143,#5509,#5875,#6055,#6421,#6577));
#17 = ADVANCED_FACE('',(#18),#729,.T.);
#18 = FACE_BOUND('',#19,.T.);
#19 = EDGE_LOOP('',(#20,#2400,#2422,#2761));
#20 = ORIENTED_EDGE('',*,*,#21,.F.);
#21 = EDGE_CURVE('',#22,#22,#24,.T.);
#22 = VERTEX_POINT('',#23);
#23 = CARTESIAN_POINT('',(255.,51.307692307692,-25.30769230769));
#24 = SURFACE_CURVE('',#25,(#728,#1689),.PCURVE_S1.);
#25 = B_SPLINE_CURVE_WITH_KNOTS('',8,(#26,#27,#28,#29,#30,#31,#32,#33,
    #34,#35,#36,#37,#38,#39,#40,#41,#42,#43,#44,#45,#46,#47,#48,#49,#50,
    #51,#52,#53,#54,#55,#56,#57,#58,#59,#60,#61,#62,#63,#64,#65,#66,#67,
    #68,#69,#70,#71,#72,#73,#74,#75,#76,#77,#78,#79,#80,#81,#82,#83,#84,
    #85,#86,#87,#88,#89,#90,#91,#92,#93,#94,#95,#96,#97,#98,#99,#100,
    #101,#102,#103,#104,#105,#106,#107,#108,#109,#110,#111,#112,#113,
    #114,#115,#116,#117,#118,#119,#120,#121,#122,#123,#124,#125,#126,
    #127,#128,#129,#130,#131,#132,#133,#134,#135,#136,#137,#138,#139,
    #140,#141,#142,#143,#144,#145,#146,#147,#148,#149,#150,#151,#152,
    #153,#154,#155,#156,#157,#158,#159,#160,#161,#162,#163,#164,#165,
    #166,#167,#168,#169,#170,#171,#172,#173,#174,#175,#176,#177,#178,
    #179,#180,#181,#182,#183,#184,#185,#186,#187,#188,#189,#190,#191,
    #192,#193,#194,#195,#196,#197,#198,#199,#200,#201,#202,#203,#204,
    #205,#206,#207,#208,#209,#210,#211,#212,#213,#214,#215,#216,#217,
    #218,#219,#220,#221,#222,#223,#224,#225,#226,#227,#228,#229,#230,
    #231,#232,#233,#234,#235,#236,#237,#238,#239,#240,#241,#242,#243,
    #244,#245,#246,#247,#248,#249,#250,#251,#252,#253,#254,#255,#256,
    #257,#258,#259,#260,#261,#262,#263,#264,#265,#266,#267,#268,#269,
    #270,#271,#272,#273,#274,#275,#276,#277,#278,#279,#280,#281,#282,
    #283,#284,#285,#286,#287,#288,#289,#290,#291,#292,#293,#294,#295,
    #296,#297,#298,#299,#300,#301,#302,#303,#304,#305,#306,#307,#308,
    #309,#310,#311,#312,#313,#314,#315,#316,#317,#318,#319,#320,#321,
    #322,#323,#324,#325,#326,#327,#328,#329,#330,#331,#332,#333,#334,
    #335,#336,#337,#338,#339,#340,#341,#342,#343,#344,#345,#346,#347,
    #348,#349,#350,#351,#352,#353,#354,#355,#356,#357,#358,#359,#360,
    #361,#362,#363,#364,#365,#366,#367,#368,#369,#370,#371,#372,#373,
    #374,#375,#376,#377,#378,#379,#380,#381,#382,#383,#384,#385,#386,
    #387,#388,#389,#390,#391,#392,#393,#394,#395,#396,#397,#398,#399,
    #400,#401,#402,#403,#404,#405,#406,#407,#408,#409,#410,#411,#412,
    #413,#414,#415,#416,#417,#418,#419,#420,#421,#422,#423,#424,#425,
    #426,#427,#428,#429,#430,#431,#432,#433,#434,#435,#436,#437,#438,
    #439,#440,#441,#442,#443,#444,#445,#446,#447,#448,#449,#450,#451,
    #452,#453,#454,#455,#456,#457,#458,#459,#460,#461,#462,#463,#464,
    #465,#466,#467,#468,#469,#470,#471,#472,#473,#474,#475,#476,#477,
    #478,#479,#480,#481,#482,#483,#484,#485,#486,#487,#488,#489,#490,
    #491,#492,#493,#494,#495,#496,#497,#498,#499,#500,#501,#502,#503,
    #504,#505,#506,#507,#508,#509,#510,#511,#512,#513,#514,#515,#516,
    #517,#518,#519,#520,#521,#522,#523,#524,#525,#526,#527,#528,#529,
    #530,#531,#532,#533,#534,#535,#536,#537,#538,#539,#540,#541,#542,
    #543,#544,#545,#546,#547,#548,#549,#550,#551,#552,#553,#554,#555,
    #556,#557,#558,#559,#560,#561,#562,#563,#564,#565,#566,#567,#568,
    #569,#570,#571,#572,#573,#574,#575,#576,#577,#578,#579,#580,#581,
    #582,#583,#584,#585,#586,#587,#588,#589,#590,#591,#592,#593,#594,
    #595,#596,#597,#598,#599,#600,#601,#602,#603,#604,#605,#606,#607,
    #608,#609,#610,#611,#612,#613,#614,#615,#616,#617,#618,#619,#620,
    #621,#622,#623,#624,#625,#626,#627,#628,#629,#630,#631,#632,#633,
    #634,#635,#636,#637,#638,#639,#640,#641,#642,#643,#644,#645,#646,
    #647,#648,#649,#650,#651,#652,#653,#654,#655,#656,#657,#658,#659,
    #660,#661,#662,#663,#664,#665,#666,#667,#668,#669,#670,#671,#672,
    #673,#674,#675,#676,#677,#678,#679,#680,#681,#682,#683,#684,#685,
    #686,#687,#688,#689,#690,#691,#692,#693,#694,#695,#696,#697,#698,
    #699,#700,#701,#702,#703,#704,#705,#706,#707,#708,#709,#710,#711,
    #712,#713,#714,#715,#716,#717,#718,#719,#720,#721,#722,#723,#724,
    #725,#726,#727),.UNSPECIFIED.,.T.,.F.,(9,7,7,7,7,7,7,7,7,7,7,7,7,7,7
    ,7,7,7,7,7,7,7,7,7,7,7,7,7,7,7,7,7,7,7,7,7,7,7,7,7,7,7,7,7,7,7,7,7,7
    ,7,7,7,7,7,7,7,7,7,7,7,7,7,7,7,7,7,7,7,7,7,7,7,7,7,7,7,7,7,7,7,7,7,7
    ,7,7,7,7,7,7,7,7,7,7,7,7,7,7,7,7,7,9),(0.,1.900092063408E-02,
    2.900850758218E-02,3.901439210112E-02,4.601727005449E-02,
    5.201974237643E-02,6.40246624682E-02,7.3028549973E-02,
    7.903109639091E-02,8.903566816338E-02,0.100040751566,0.107043932692,
    0.118049166525,0.129054311876,0.141059805416,0.150063912443,
    0.157067131703,0.167071531912,0.178076357847,0.18607969761,
    0.192082023306,0.20208585695,0.212089716506,0.21809203224,
    0.228095105396,0.23809794337,0.248100781344,0.259103769751,
    0.277106296302,0.288107341357,0.297108259775,0.310109953455,
    0.317110725843,0.324111509897,0.335112614962,0.344113606714,
    0.350114298938,0.360115412161,0.371116643151,0.378117462619,
    0.38811859053,0.39911983093,0.407120788083,0.416121744402,
    0.425122432137,0.432122885617,0.443123656692,0.454124241964,
    0.469124524186,0.485123427576,0.497123164489,0.509122831067,
    0.527120446762,0.538119193432,0.547118693388,0.553118368696,
    0.5631178146,0.574117143763,0.585116663441,0.596116219991,
    0.60411580716,0.616115358533,0.622115057758,0.6291147135,
    0.641114023627,0.650113493096,0.657113105353,0.667112352805,
    0.678111510718,0.68611072837,0.692109962575,0.702108643756,
    0.712107350837,0.718106575085,0.72810449617,0.738102182195,
    0.748099868219,0.75909718955,0.777090443921,0.788085822901,
    0.797082105407,0.81007710258,0.817074269229,0.824071447537,
    0.835066886496,0.844063242298,0.850060843873,0.860056806034,
    0.871052370852,0.878049584557,0.888045561418,0.899041133507,
    0.907037971185,0.916034300413,0.92503033162,0.932027161124,
    0.943022230112,0.954017204436,0.969012772348,0.984013116415,1.),
  .UNSPECIFIED.);
#26 = CARTESIAN_POINT('',(255.,51.307692307692,-25.30769230769));
#27 = CARTESIAN_POINT('',(255.,51.308726111122,-26.14870746107));
#28 = CARTESIAN_POINT('',(255.,51.30946208583,-26.99019162272));
#29 = CARTESIAN_POINT('',(255.,51.309335874815,-27.83207615611));
#30 = CARTESIAN_POINT('',(255.,51.307785124308,-28.67429040964));
#31 = CARTESIAN_POINT('',(255.,51.304248754677,-29.51676161126));
#32 = CARTESIAN_POINT('',(255.,51.298166231324,-30.35941476307));
#33 = CARTESIAN_POINT('',(255.,51.288976835593,-31.20217253591));
#34 = CARTESIAN_POINT('',(255.,51.269346813732,-32.48883999417));
#35 = CARTESIAN_POINT('',(255.,51.261556768774,-32.93274999309));
#36 = CARTESIAN_POINT('',(255.,51.252666716835,-33.37666630517));
#37 = CARTESIAN_POINT('',(255.,51.242594573956,-33.82057007482));
#38 = CARTESIAN_POINT('',(255.,51.231258256176,-34.26444244646));
#39 = CARTESIAN_POINT('',(255.,51.218575679534,-34.70826456449));
#40 = CARTESIAN_POINT('',(255.,51.204464760071,-35.15201757335));
#41 = CARTESIAN_POINT('',(255.,51.173224724988,-36.03927218795));
#42 = CARTESIAN_POINT('',(255.,51.156092624042,-36.48279026958));
#43 = CARTESIAN_POINT('',(255.,51.137374632547,-36.92622084762));
#44 = CARTESIAN_POINT('',(255.,51.116984502977,-37.36954983986));
#45 = CARTESIAN_POINT('',(255.,51.094825084218,-37.81276465693));
#46 = CARTESIAN_POINT('',(255.,51.070793154028,-38.2558532761));
#47 = CARTESIAN_POINT('',(255.,51.044786218483,-38.69880282841));
#48 = CARTESIAN_POINT('',(255.,50.997062302952,-39.45149918128));
#49 = CARTESIAN_POINT('',(255.,50.976400215703,-39.76131523758));
#50 = CARTESIAN_POINT('',(255.,50.954691338479,-40.07104167968));
#51 = CARTESIAN_POINT('',(255.,50.931901993125,-40.38067431895));
#52 = CARTESIAN_POINT('',(255.,50.907998501484,-40.69020896678));
#53 = CARTESIAN_POINT('',(255.,50.882947185401,-40.99964143454));
#54 = CARTESIAN_POINT('',(255.,50.856714366719,-41.30896753361));
#55 = CARTESIAN_POINT('',(255.,50.805739489047,-41.88322521137));
#56 = CARTESIAN_POINT('',(255.,50.78131975137,-42.14818511802));
#57 = CARTESIAN_POINT('',(255.,50.755986077512,-42.41306144795));
#58 = CARTESIAN_POINT('',(255.,50.729717313529,-42.67785214976));
#59 = CARTESIAN_POINT('',(255.,50.702492228273,-42.94255446799));
#60 = CARTESIAN_POINT('',(255.,50.674289513388,-43.2071649432));
#61 = CARTESIAN_POINT('',(255.,50.645087783316,-43.47167941187));
#62 = CARTESIAN_POINT('',(255.,50.554421282858,-44.26491911417));
#63 = CARTESIAN_POINT('',(255.,50.489894487767,-44.79333102593));
#64 = CARTESIAN_POINT('',(255.,50.421109225696,-45.3212473626));
#65 = CARTESIAN_POINT('',(255.,50.347889532328,-45.84858674504));
#66 = CARTESIAN_POINT('',(255.,50.270059443342,-46.37526779409));
#67 = CARTESIAN_POINT('',(255.,50.187442994419,-46.9012091306));
#68 = CARTESIAN_POINT('',(255.,50.099864221241,-47.4263293754));
#69 = CARTESIAN_POINT('',(255.,49.937607838323,-48.34371910122));
#70 = CARTESIAN_POINT('',(255.,49.865177439943,-48.73638004386));
#71 = CARTESIAN_POINT('',(255.,49.789785241333,-49.12850013445));
#72 = CARTESIAN_POINT('',(255.,49.711356202951,-49.5200379297));
#73 = CARTESIAN_POINT('',(255.,49.629812474284,-49.910944));
#74 = CARTESIAN_POINT('',(255.,49.545074899397,-50.30116454369));
#75 = CARTESIAN_POINT('',(255.,49.457064522492,-50.69064500116));
#76 = CARTESIAN_POINT('',(255.,49.30479759993,-51.33845749429));
#77 = CARTESIAN_POINT('',(255.,49.242402625715,-51.59722715419));
#78 = CARTESIAN_POINT('',(255.,49.178496163146,-51.85562648744));
#79 = CARTESIAN_POINT('',(255.,49.113055204557,-52.11363933266));
#80 = CARTESIAN_POINT('',(255.,49.046056742282,-52.37124952846));
#81 = CARTESIAN_POINT('',(255.,48.977477768653,-52.62844091346));
#82 = CARTESIAN_POINT('',(255.,48.907295276004,-52.88519732629));
#83 = CARTESIAN_POINT('',(255.,48.715800636961,-53.56869206541));
#84 = CARTESIAN_POINT('',(255.,48.591597816279,-53.99462159213));
#85 = CARTESIAN_POINT('',(255.,48.462774244848,-54.41921614973));
#86 = CARTESIAN_POINT('',(255.,48.329231873712,-54.84237186577));
#87 = CARTESIAN_POINT('',(255.,48.190873806516,-55.26397671636));
#88 = CARTESIAN_POINT('',(255.,48.047602413497,-55.68392075798));
#89 = CARTESIAN_POINT('',(255.,47.899319907705,-56.10209590585));
#90 = CARTESIAN_POINT('',(255.,47.57720317189,-56.97630581353));
#91 = CARTESIAN_POINT('',(255.,47.402295338749,-57.43194634726));
#92 = CARTESIAN_POINT('',(255.,47.221089953817,-57.88514446863));
#93 = CARTESIAN_POINT('',(255.,47.033432415511,-58.33576499819));
#94 = CARTESIAN_POINT('',(255.,46.839231986717,-58.78363182363));
#95 = CARTESIAN_POINT('',(255.,46.638419735208,-59.22854621364));
#96 = CARTESIAN_POINT('',(255.,46.430891510587,-59.67032157885));
#97 = CARTESIAN_POINT('',(255.,46.080174141695,-60.38777176439));
#98 = CARTESIAN_POINT('',(255.,45.941033450483,-60.66542964756));
#99 = CARTESIAN_POINT('',(255.,45.799114246285,-60.94168794219));
#100 = CARTESIAN_POINT('',(255.,45.654392883507,-61.21649579087));
#101 = CARTESIAN_POINT('',(255.,45.506849340719,-61.48980185413));
#102 = CARTESIAN_POINT('',(255.,45.356467220659,-61.76155431037));
#103 = CARTESIAN_POINT('',(255.,45.203233750228,-62.03170085592));
#104 = CARTESIAN_POINT('',(255.,44.80184402046,-62.7221071885));
#105 = CARTESIAN_POINT('',(255.,44.549490637122,-63.13993344291));
#106 = CARTESIAN_POINT('',(255.,44.290050885057,-63.55344691978));
#107 = CARTESIAN_POINT('',(255.,44.023528589287,-63.96244575432));
#108 = CARTESIAN_POINT('',(255.,43.749898372095,-64.36670845096));
#109 = CARTESIAN_POINT('',(255.,43.469123440251,-64.76600854807));
#110 = CARTESIAN_POINT('',(255.,43.181201951687,-65.16014085714));
#111 = CARTESIAN_POINT('',(255.,42.591182381584,-65.93769175918));
#112 = CARTESIAN_POINT('',(255.,42.289090932808,-66.32110796608));
#113 = CARTESIAN_POINT('',(255.,41.97998056942,-66.69895752993));
#114 = CARTESIAN_POINT('',(255.,41.663945388336,-67.07106527958));
#115 = CARTESIAN_POINT('',(255.,41.341051177717,-67.4372239609));
#116 = CARTESIAN_POINT('',(255.,41.011352292456,-67.79721817312));
#117 = CARTESIAN_POINT('',(255.,40.674935776954,-68.15087063377));
#118 = CARTESIAN_POINT('',(255.,39.957776209595,-68.87677332648));
#119 = CARTESIAN_POINT('',(255.,39.575784216206,-69.24779927742));
#120 = CARTESIAN_POINT('',(255.,39.186170300669,-69.61092691178));
#121 = CARTESIAN_POINT('',(255.,38.789159087445,-69.96601676604));
#122 = CARTESIAN_POINT('',(255.,38.384947990408,-70.31287363357));
#123 = CARTESIAN_POINT('',(255.,37.973721087019,-70.6512943002));
#124 = CARTESIAN_POINT('',(255.,37.555695195175,-70.98115718436));
#125 = CARTESIAN_POINT('',(255.,36.812770076346,-71.54339745419));
#126 = CARTESIAN_POINT('',(255.,36.490711790466,-71.77952706813));
#127 = CARTESIAN_POINT('',(255.,36.165107854332,-72.01081013765));
#128 = CARTESIAN_POINT('',(255.,35.836072460189,-72.23722206581));
#129 = CARTESIAN_POINT('',(255.,35.503718659233,-72.45873570485));
#130 = CARTESIAN_POINT('',(255.,35.16815944971,-72.67532715883));
#131 = CARTESIAN_POINT('',(255.,34.82950886501,-72.88698158628));
#132 = CARTESIAN_POINT('',(255.,34.22217315877,-73.25447978749));
#133 = CARTESIAN_POINT('',(255.,33.954661686418,-73.41227185337));
#134 = CARTESIAN_POINT('',(255.,33.685403140393,-73.56708812345));
#135 = CARTESIAN_POINT('',(255.,33.414452068145,-73.71894167703));
#136 = CARTESIAN_POINT('',(255.,33.14186306889,-73.86784574972));
#137 = CARTESIAN_POINT('',(255.,32.867690793615,-74.01381373346));
#138 = CARTESIAN_POINT('',(255.,32.591989945077,-74.15685917653));
#139 = CARTESIAN_POINT('',(255.,31.918859332908,-74.4971869596));
#140 = CARTESIAN_POINT('',(255.,31.519896560743,-74.69144132349));
#141 = CARTESIAN_POINT('',(255.,31.118086836045,-74.87979947754));
#142 = CARTESIAN_POINT('',(255.,30.713581932672,-75.06229168203));
#143 = CARTESIAN_POINT('',(255.,30.306526421564,-75.238977482));
#144 = CARTESIAN_POINT('',(255.,29.897059387984,-75.40995387383));
#145 = CARTESIAN_POINT('',(255.,29.485316968031,-75.57533201155));
#146 = CARTESIAN_POINT('',(255.,28.616166905841,-75.91101771019));
#147 = CARTESIAN_POINT('',(255.,28.15830917242,-76.08017067604));
#148 = CARTESIAN_POINT('',(255.,27.698038089,-76.24275771541));
#149 = CARTESIAN_POINT('',(255.,27.235527793824,-76.39891220257));
#150 = CARTESIAN_POINT('',(255.,26.770961254117,-76.54873389655));
#151 = CARTESIAN_POINT('',(255.,26.304490839549,-76.69234832248));
#152 = CARTESIAN_POINT('',(255.,25.836223439183,-76.82994417082));
#153 = CARTESIAN_POINT('',(255.,25.024552302255,-77.05744564141));
#154 = CARTESIAN_POINT('',(255.,24.681922748698,-77.15012501737));
#155 = CARTESIAN_POINT('',(255.,24.338465370184,-77.23975357351));
#156 = CARTESIAN_POINT('',(255.,23.99422969989,-77.32639002582));
#157 = CARTESIAN_POINT('',(255.,23.649265140864,-77.41009308723));
#158 = CARTESIAN_POINT('',(255.,23.303620966016,-77.49092146763));
#159 = CARTESIAN_POINT('',(255.,22.957346318123,-77.56893387385));
#160 = CARTESIAN_POINT('',(255.,22.350355891761,-77.70062867716));
#161 = CARTESIAN_POINT('',(255.,22.089890661379,-77.75551816002));
#162 = CARTESIAN_POINT('',(255.,21.829109876751,-77.8088827137));
#163 = CARTESIAN_POINT('',(255.,21.568028301291,-77.8607477376));
#164 = CARTESIAN_POINT('',(255.,21.306660103753,-77.91113877495));
#165 = CARTESIAN_POINT('',(255.,21.045018858235,-77.96008151291));
#166 = CARTESIAN_POINT('',(255.,20.78311754418,-78.0076017825));
#167 = CARTESIAN_POINT('',(255.,20.084055406873,-78.13059819215));
#168 = CARTESIAN_POINT('',(255.,19.646450817389,-78.20359193484));
#169 = CARTESIAN_POINT('',(255.,19.208215102092,-78.27282769378));
#170 = CARTESIAN_POINT('',(255.,18.769403881482,-78.33842413322));
#171 = CARTESIAN_POINT('',(255.,18.330074485042,-78.40050092491));
#172 = CARTESIAN_POINT('',(255.,17.890287174422,-78.45917935392));
#173 = CARTESIAN_POINT('',(255.,17.450101177158,-78.51458028035));
#174 = CARTESIAN_POINT('',(255.,16.569028743603,-78.61905876821));
#175 = CARTESIAN_POINT('',(255.,16.128136930284,-78.66813639072));
#176 = CARTESIAN_POINT('',(255.,15.686918759628,-78.7141668447));
#177 = CARTESIAN_POINT('',(255.,15.245402900288,-78.75726465074));
#178 = CARTESIAN_POINT('',(255.,14.803618020917,-78.7975443294));
#179 = CARTESIAN_POINT('',(255.,14.361592790168,-78.83512040125));
#180 = CARTESIAN_POINT('',(255.,13.919355876694,-78.87010738687));
#181 = CARTESIAN_POINT('',(255.,13.211483992622,-78.92212725879));
#182 = CARTESIAN_POINT('',(255.,12.94596615103,-78.94074386712));
#183 = CARTESIAN_POINT('',(255.,12.6803886168,-78.95849436825));
#184 = CARTESIAN_POINT('',(255.,12.414757582363,-78.97540349863));
#185 = CARTESIAN_POINT('',(255.,12.149079240148,-78.9914959947));
#186 = CARTESIAN_POINT('',(255.,11.883359782583,-79.0067965929));
#187 = CARTESIAN_POINT('',(255.,11.617605402097,-79.02133002967));
#188 = CARTESIAN_POINT('',(255.,10.908885261357,-79.05810425428));
#189 = CARTESIAN_POINT('',(255.,10.465856782461,-79.07902660944));
#190 = CARTESIAN_POINT('',(255.,10.022761181788,-79.09800298143));
#191 = CARTESIAN_POINT('',(255.,9.579603847159,-79.11513865925));
#192 = CARTESIAN_POINT('',(255.,9.136387730357,-79.13053824609));
#193 = CARTESIAN_POINT('',(255.,8.693120532714,-79.14430950334));
#194 = CARTESIAN_POINT('',(255.,8.249812572755,-79.15656213882));
#195 = CARTESIAN_POINT('',(255.,7.363128522632,-79.17824068497));
#196 = CARTESIAN_POINT('',(255.,6.919750341768,-79.18766723578));
#197 = CARTESIAN_POINT('',(255.,6.476333927242,-79.19578857876));
#198 = CARTESIAN_POINT('',(255.,6.032882412961,-79.2027121009));
#199 = CARTESIAN_POINT('',(255.,5.589398932832,-79.2085451892));
#200 = CARTESIAN_POINT('',(255.,5.14588662076,-79.21339523068));
#201 = CARTESIAN_POINT('',(255.,4.702348610654,-79.21736961233));
#202 = CARTESIAN_POINT('',(255.,3.815227462184,-79.22378182996));
#203 = CARTESIAN_POINT('',(255.,3.371644323821,-79.22621966595));
#204 = CARTESIAN_POINT('',(255.,2.928041755236,-79.22799661612));
#205 = CARTESIAN_POINT('',(255.,2.484422890337,-79.22922006746));
#206 = CARTESIAN_POINT('',(255.,2.040790863028,-79.22999740697));
#207 = CARTESIAN_POINT('',(255.,1.597148807219,-79.23043602167));
#208 = CARTESIAN_POINT('',(255.,1.153499856814,-79.23064329855));
#209 = CARTESIAN_POINT('',(255.,0.221835078607,-79.23081828216));
#210 = CARTESIAN_POINT('',(255.,-0.266179620353,-79.23071043534));
#211 = CARTESIAN_POINT('',(255.,-0.754194545036,-79.23084758775));
#212 = CARTESIAN_POINT('',(255.,-1.242207368555,-79.23081954884));
#213 = CARTESIAN_POINT('',(255.,-1.730215868729,-79.23046163335));
#214 = CARTESIAN_POINT('',(255.,-2.218217667153,-79.22975553785));
#215 = CARTESIAN_POINT('',(255.,-2.706210087048,-79.22847204466));
#216 = CARTESIAN_POINT('',(255.,-3.992599171807,-79.22326475245));
#217 = CARTESIAN_POINT('',(255.,-4.790972613754,-79.21817009549));
#218 = CARTESIAN_POINT('',(255.,-5.589300590067,-79.21058660602));
#219 = CARTESIAN_POINT('',(255.,-6.387567137851,-79.19988764427));
#220 = CARTESIAN_POINT('',(255.,-7.18575061138,-79.1854463926));
#221 = CARTESIAN_POINT('',(255.,-7.983823691242,-79.16663619025));
#222 = CARTESIAN_POINT('',(255.,-8.781753393489,-79.14283086817));
#223 = CARTESIAN_POINT('',(255.,-10.06699144319,-79.0954234756));
#224 = CARTESIAN_POINT('',(255.,-10.55442530642,-79.07534320709));
#225 = CARTESIAN_POINT('',(255.,-11.04179034515,-79.05301641512));
#226 = CARTESIAN_POINT('',(255.,-11.52910629163,-79.02831690116));
#227 = CARTESIAN_POINT('',(255.,-12.01632555171,-79.00108387488));
#228 = CARTESIAN_POINT('',(255.,-12.5033876925,-78.9711518575));
#229 = CARTESIAN_POINT('',(255.,-12.99027745526,-78.93838321698));
#230 = CARTESIAN_POINT('',(255.,-13.87511388393,-78.87335862889));
#231 = CARTESIAN_POINT('',(255.,-14.27314357732,-78.84209305275));
#232 = CARTESIAN_POINT('',(255.,-14.67100412987,-78.80873959292));
#233 = CARTESIAN_POINT('',(255.,-15.06867464212,-78.77321476391));
#234 = CARTESIAN_POINT('',(255.,-15.46613421463,-78.73543508022));
#235 = CARTESIAN_POINT('',(255.,-15.86336194795,-78.69531705635));
#236 = CARTESIAN_POINT('',(255.,-16.26033694263,-78.65277720682));
#237 = CARTESIAN_POINT('',(255.,-17.23006754822,-78.54266497696));
#238 = CARTESIAN_POINT('',(255.,-17.80251254548,-78.47237046582));
#239 = CARTESIAN_POINT('',(255.,-18.37432589027,-78.39660896724));
#240 = CARTESIAN_POINT('',(255.,-18.94534140817,-78.31509683617));
#241 = CARTESIAN_POINT('',(255.,-19.51547568343,-78.227578453));
#242 = CARTESIAN_POINT('',(255.,-20.08458682782,-78.1337869235));
#243 = CARTESIAN_POINT('',(255.,-20.65255071485,-78.03345844656));
#244 = CARTESIAN_POINT('',(255.,-21.52435967115,-77.86864879546));
#245 = CARTESIAN_POINT('',(255.,-21.82911330227,-77.80899548079));
#246 = CARTESIAN_POINT('',(255.,-22.13347734923,-77.74732957129));
#247 = CARTESIAN_POINT('',(255.,-22.4374329402,-77.68360986002));
#248 = CARTESIAN_POINT('',(255.,-22.74095636681,-77.61779584359));
#249 = CARTESIAN_POINT('',(255.,-23.04401908411,-77.54984772212));
#250 = CARTESIAN_POINT('',(255.,-23.34658771062,-77.47972639926));
#251 = CARTESIAN_POINT('',(255.,-23.9506608493,-77.33506044461));
#252 = CARTESIAN_POINT('',(255.,-24.25216785673,-77.26051524009));
#253 = CARTESIAN_POINT('',(255.,-24.55311194683,-77.18371853501));
#254 = CARTESIAN_POINT('',(255.,-24.85346001585,-77.10463099571));
#255 = CARTESIAN_POINT('',(255.,-25.15317895999,-77.02321328857));
#256 = CARTESIAN_POINT('',(255.,-25.45223567551,-76.93942607992));
#257 = CARTESIAN_POINT('',(255.,-25.75059705863,-76.85323003615));
#258 = CARTESIAN_POINT('',(255.,-26.51593352209,-76.6252893836));
#259 = CARTESIAN_POINT('',(255.,-26.98184893693,-76.47994646795));
#260 = CARTESIAN_POINT('',(255.,-27.44584415499,-76.32839396558));
#261 = CARTESIAN_POINT('',(255.,-27.90777554861,-76.1704987152));
#262 = CARTESIAN_POINT('',(255.,-28.36745941089,-76.00614893058));
#263 = CARTESIAN_POINT('',(255.,-28.82470587863,-75.83523053972));
#264 = CARTESIAN_POINT('',(255.,-29.27934643794,-75.65761648047));
#265 = CARTESIAN_POINT('',(255.,-30.10087674086,-75.32230685707));
#266 = CARTESIAN_POINT('',(255.,-30.46869630829,-75.16686437324));
#267 = CARTESIAN_POINT('',(255.,-30.83455313432,-75.00678694085));
#268 = CARTESIAN_POINT('',(255.,-31.19834923391,-74.84201198483));
#269 = CARTESIAN_POINT('',(255.,-31.55998012917,-74.6724931858));
#270 = CARTESIAN_POINT('',(255.,-31.91933464805,-74.49819670792));
#271 = CARTESIAN_POINT('',(255.,-32.276294723,-74.31909742665));
#272 = CARTESIAN_POINT('',(255.,-32.86703005707,-74.01255967533));
#273 = CARTESIAN_POINT('',(255.,-33.10220771005,-73.88779867012));
#274 = CARTESIAN_POINT('',(255.,-33.33623364747,-73.76088344596));
#275 = CARTESIAN_POINT('',(255.,-33.56907341106,-73.63180544052));
#276 = CARTESIAN_POINT('',(255.,-33.80069258541,-73.50055622415));
#277 = CARTESIAN_POINT('',(255.,-34.03105679794,-73.36712749989));
#278 = CARTESIAN_POINT('',(255.,-34.26013171895,-73.2315111035));
#279 = CARTESIAN_POINT('',(255.,-34.8674670961,-72.8640130997));
#280 = CARTESIAN_POINT('',(255.,-35.24337920265,-72.6282352819));
#281 = CARTESIAN_POINT('',(255.,-35.61545699743,-72.38635385363));
#282 = CARTESIAN_POINT('',(255.,-35.98354649262,-72.13840278177));
#283 = CARTESIAN_POINT('',(255.,-36.34749409829,-71.88442251254));
#284 = CARTESIAN_POINT('',(255.,-36.70714304971,-71.62444213425));
#285 = CARTESIAN_POINT('',(255.,-37.06233425985,-71.35848288652));
#286 = CARTESIAN_POINT('',(255.,-37.79854689422,-70.78749298365));
#287 = CARTESIAN_POINT('',(255.,-38.1786013279,-70.48120745844));
#288 = CARTESIAN_POINT('',(255.,-38.55286884478,-70.16777847062));
#289 = CARTESIAN_POINT('',(255.,-38.92118854806,-69.84731813613));
#290 = CARTESIAN_POINT('',(255.,-39.28341536871,-69.51998030834));
#291 = CARTESIAN_POINT('',(255.,-39.63939449592,-69.18590856215));
#292 = CARTESIAN_POINT('',(255.,-39.98895581871,-68.84521361765));
#293 = CARTESIAN_POINT('',(255.,-40.55021136267,-68.27711561075));
#294 = CARTESIAN_POINT('',(255.,-40.76581306471,-68.05356141383));
#295 = CARTESIAN_POINT('',(255.,-40.9787185954,-67.82742041607));
#296 = CARTESIAN_POINT('',(255.,-41.18890023379,-67.59873542112));
#297 = CARTESIAN_POINT('',(255.,-41.39633367848,-67.3675523393));
#298 = CARTESIAN_POINT('',(255.,-41.60099804766,-67.13392018759));
#299 = CARTESIAN_POINT('',(255.,-41.80287587908,-66.89789108961));
#300 = CARTESIAN_POINT('',(255.,-42.28634798697,-66.31899199726));
#301 = CARTESIAN_POINT('',(255.,-42.56502180309,-65.97367320206));
#302 = CARTESIAN_POINT('',(255.,-42.83793147139,-65.62372463534));
#303 = CARTESIAN_POINT('',(255.,-43.1049916812,-65.2692849872));
#304 = CARTESIAN_POINT('',(255.,-43.36614372336,-64.91049628875));
#305 = CARTESIAN_POINT('',(255.,-43.62138197883,-64.54751467841));
#306 = CARTESIAN_POINT('',(255.,-43.87073809051,-64.18050653859));
#307 = CARTESIAN_POINT('',(255.,-44.38205601165,-63.40166582392));
#308 = CARTESIAN_POINT('',(255.,-44.6427813782,-62.98902666058));
#309 = CARTESIAN_POINT('',(255.,-44.89641065653,-62.57192688298));
#310 = CARTESIAN_POINT('',(255.,-45.14298189064,-62.15058325126));
#311 = CARTESIAN_POINT('',(255.,-45.3824778437,-61.7252045567));
#312 = CARTESIAN_POINT('',(255.,-45.61492122087,-61.29599092938));
#313 = CARTESIAN_POINT('',(255.,-45.84044210474,-60.8631390541));
#314 = CARTESIAN_POINT('',(255.,-46.21814748487,-60.10954588588));
#315 = CARTESIAN_POINT('',(255.,-46.37356046847,-59.79042271264));
#316 = CARTESIAN_POINT('',(255.,-46.52538450862,-59.46955639884));
#317 = CARTESIAN_POINT('',(255.,-46.67365316141,-59.14702159251));
#318 = CARTESIAN_POINT('',(255.,-46.81840098829,-58.82289120751));
#319 = CARTESIAN_POINT('',(255.,-46.95966355618,-58.49723642354));
#320 = CARTESIAN_POINT('',(255.,-47.09747743738,-58.17012668609));
#321 = CARTESIAN_POINT('',(255.,-47.38308130452,-57.472075551));
#322 = CARTESIAN_POINT('',(255.,-47.5299628892,-57.10077210181));
#323 = CARTESIAN_POINT('',(255.,-47.67259226979,-56.72780252344));
#324 = CARTESIAN_POINT('',(255.,-47.81103897281,-56.35324891573));
#325 = CARTESIAN_POINT('',(255.,-47.94537381777,-55.97719273805));
#326 = CARTESIAN_POINT('',(255.,-48.07566798963,-55.59971523362));
#327 = CARTESIAN_POINT('',(255.,-48.20199211146,-55.2208978537));
#328 = CARTESIAN_POINT('',(255.,-48.44683486931,-54.46075885126));
#329 = CARTESIAN_POINT('',(255.,-48.56535468901,-54.07943555892));
#330 = CARTESIAN_POINT('',(255.,-48.68004415246,-53.69693911095));
#331 = CARTESIAN_POINT('',(255.,-48.79097513201,-53.31334274726));
#332 = CARTESIAN_POINT('',(255.,-48.89822162457,-52.92871025057));
#333 = CARTESIAN_POINT('',(255.,-49.00185938028,-52.5430995554));
#334 = CARTESIAN_POINT('',(255.,-49.10196553112,-52.15656635707));
#335 = CARTESIAN_POINT('',(255.,-49.27379165845,-51.46786117497));
#336 = CARTESIAN_POINT('',(255.,-49.3468761865,-51.16602936688));
#337 = CARTESIAN_POINT('',(255.,-49.4179082128,-50.86369831082));
#338 = CARTESIAN_POINT('',(255.,-49.48692414645,-50.5608940211));
#339 = CARTESIAN_POINT('',(255.,-49.55396039655,-50.25764251201));
#340 = CARTESIAN_POINT('',(255.,-49.61905337218,-49.95396979787));
#341 = CARTESIAN_POINT('',(255.,-49.68223948242,-49.64990189296));
#342 = CARTESIAN_POINT('',(255.,-49.83990881896,-48.86706114125));
#343 = CARTESIAN_POINT('',(255.,-49.93164217412,-48.38775403124));
#344 = CARTESIAN_POINT('',(255.,-50.01889873717,-47.90763046077));
#345 = CARTESIAN_POINT('',(255.,-50.10181122064,-47.42673683721));
#346 = CARTESIAN_POINT('',(255.,-50.18051680906,-46.94513216618));
#347 = CARTESIAN_POINT('',(255.,-50.2551545858,-46.46288127606));
#348 = CARTESIAN_POINT('',(255.,-50.32585994972,-45.98003661501));
#349 = CARTESIAN_POINT('',(255.,-50.45968067802,-45.0132858261));
#350 = CARTESIAN_POINT('',(255.,-50.52279624078,-44.52938610936));
#351 = CARTESIAN_POINT('',(255.,-50.58225082642,-44.04500975359));
#352 = CARTESIAN_POINT('',(255.,-50.6381866703,-43.56021444843));
#353 = CARTESIAN_POINT('',(255.,-50.69074728588,-43.07506284406));
#354 = CARTESIAN_POINT('',(255.,-50.74006059654,-42.58959438451));
#355 = CARTESIAN_POINT('',(255.,-50.78623791309,-42.10381849159));
#356 = CARTESIAN_POINT('',(255.,-50.88828791903,-40.95501748357));
#357 = CARTESIAN_POINT('',(255.,-50.94157738737,-40.29176075058));
#358 = CARTESIAN_POINT('',(255.,-50.98960689403,-39.62809054198));
#359 = CARTESIAN_POINT('',(255.,-51.03268072642,-38.96405591942));
#360 = CARTESIAN_POINT('',(255.,-51.07115316966,-38.29977243284));
#361 = CARTESIAN_POINT('',(255.,-51.10529759604,-37.63523596219));
#362 = CARTESIAN_POINT('',(255.,-51.13548200424,-36.9705731375));
#363 = CARTESIAN_POINT('',(255.,-51.19026683871,-35.59674898937));
#364 = CARTESIAN_POINT('',(255.,-51.21436207199,-34.88757283658));
#365 = CARTESIAN_POINT('',(255.,-51.23463723384,-34.17828489238));
#366 = CARTESIAN_POINT('',(255.,-51.25145246302,-33.46890593232));
#367 = CARTESIAN_POINT('',(255.,-51.26516830556,-32.7594536977));
#368 = CARTESIAN_POINT('',(255.,-51.27614552695,-32.04994289058));
#369 = CARTESIAN_POINT('',(255.,-51.28474492431,-31.34038516876));
#370 = CARTESIAN_POINT('',(255.,-51.29626402947,-30.09856731016));
#371 = CARTESIAN_POINT('',(255.,-51.30006623896,-29.5663153586));
#372 = CARTESIAN_POINT('',(255.,-51.30288589115,-29.03403730224));
#373 = CARTESIAN_POINT('',(255.,-51.30487511012,-28.50173715722));
#374 = CARTESIAN_POINT('',(255.,-51.30618601993,-27.96941893965));
#375 = CARTESIAN_POINT('',(255.,-51.30697074466,-27.43708666565));
#376 = CARTESIAN_POINT('',(255.,-51.30738140839,-26.90474435135));
#377 = CARTESIAN_POINT('',(255.,-51.30775886086,-25.84005079476));
#378 = CARTESIAN_POINT('',(255.,-51.30772883335,-25.30770237522));
#379 = CARTESIAN_POINT('',(255.,-51.30752051685,-24.7753522047));
#380 = CARTESIAN_POINT('',(255.,-51.30802340982,-24.24300405969));
#381 = CARTESIAN_POINT('',(255.,-51.30748557871,-23.71065837112));
#382 = CARTESIAN_POINT('',(255.,-51.30707586544,-23.17831885745));
#383 = CARTESIAN_POINT('',(255.,-51.30596100894,-22.64598694952));
#384 = CARTESIAN_POINT('',(255.,-51.30155076599,-21.31526698683));
#385 = CARTESIAN_POINT('',(255.,-51.2973786887,-20.51689415201));
#386 = CARTESIAN_POINT('',(255.,-51.29116724133,-19.71855461264));
#387 = CARTESIAN_POINT('',(255.,-51.28240279795,-18.92025977627));
#388 = CARTESIAN_POINT('',(255.,-51.2705716108,-18.12202486746));
#389 = CARTESIAN_POINT('',(255.,-51.25515998667,-17.32386892349));
#390 = CARTESIAN_POINT('',(255.,-51.23565446321,-16.52581479021));
#391 = CARTESIAN_POINT('',(255.,-51.1968063092,-15.2402588404));
#392 = CARTESIAN_POINT('',(255.,-51.18035153244,-14.75267516021));
#393 = CARTESIAN_POINT('',(255.,-51.16205354463,-14.26515492701));
#394 = CARTESIAN_POINT('',(255.,-51.14180695639,-13.77768773581));
#395 = CARTESIAN_POINT('',(255.,-51.11949429354,-13.290283819));
#396 = CARTESIAN_POINT('',(255.,-51.09498485638,-12.80297349684));
#397 = CARTESIAN_POINT('',(255.,-51.06814718396,-12.31578709735));
#398 = CARTESIAN_POINT('',(255.,-51.01489465579,-11.43023139354));
#399 = CARTESIAN_POINT('',(255.,-50.98928896094,-11.03181433146));
#400 = CARTESIAN_POINT('',(255.,-50.96197280142,-10.63350864356));
#401 = CARTESIAN_POINT('',(255.,-50.93287700025,-10.23532990315));
#402 = CARTESIAN_POINT('',(255.,-50.90193238046,-9.837293683534));
#403 = CARTESIAN_POINT('',(255.,-50.86906976505,-9.439415558023));
#404 = CARTESIAN_POINT('',(255.,-50.83421997706,-9.041711099928));
#405 = CARTESIAN_POINT('',(255.,-50.77270971222,-8.379185354633));
#406 = CARTESIAN_POINT('',(255.,-50.74719126614,-8.114260455024));
#407 = CARTESIAN_POINT('',(255.,-50.72073867914,-7.849423705382));
#408 = CARTESIAN_POINT('',(255.,-50.69333169776,-7.584678890356));
#409 = CARTESIAN_POINT('',(255.,-50.66494963718,-7.320031057592));
#410 = CARTESIAN_POINT('',(255.,-50.63557138122,-7.055486517733));
#411 = CARTESIAN_POINT('',(255.,-50.60517538238,-6.791052844419));
#412 = CARTESIAN_POINT('',(255.,-50.52134686192,-6.086216160891));
#413 = CARTESIAN_POINT('',(255.,-50.46606505756,-5.646029149331));
#414 = CARTESIAN_POINT('',(255.,-50.40779126791,-5.206221740648));
#415 = CARTESIAN_POINT('',(255.,-50.3464225122,-4.766837835883));
#416 = CARTESIAN_POINT('',(255.,-50.28185580962,-4.327921336075));
#417 = CARTESIAN_POINT('',(255.,-50.2139881794,-3.889516142263));
#418 = CARTESIAN_POINT('',(255.,-50.14271664075,-3.451666155486));
#419 = CARTESIAN_POINT('',(255.,-49.98568240087,-2.533441992119));
#420 = CARTESIAN_POINT('',(255.,-49.89918341212,-2.053188588437));
#421 = CARTESIAN_POINT('',(255.,-49.80829893925,-1.573722380813));
#422 = CARTESIAN_POINT('',(255.,-49.71290571821,-1.095076533625));
#423 = CARTESIAN_POINT('',(255.,-49.61285795664,-0.617356704323));
#424 = CARTESIAN_POINT('',(255.,-49.50800493509,-0.140687156671));
#425 = CARTESIAN_POINT('',(255.,-49.39821372935,0.334851009464));
#426 = CARTESIAN_POINT('',(255.,-49.16847028534,1.283430934816));
#427 = CARTESIAN_POINT('',(255.,-49.04851844437,1.756471426939));
#428 = CARTESIAN_POINT('',(255.,-48.92334482935,2.228176321992));
#429 = CARTESIAN_POINT('',(255.,-48.7928055757,2.698433127124));
#430 = CARTESIAN_POINT('',(255.,-48.65675592644,3.167160906158));
#431 = CARTESIAN_POINT('',(255.,-48.51506119217,3.63425139406));
#432 = CARTESIAN_POINT('',(255.,-48.36759993848,4.099525501571));
#433 = CARTESIAN_POINT('',(255.,-48.06088152788,5.026159083882));
#434 = CARTESIAN_POINT('',(255.,-47.90162900612,5.487509083414));
#435 = CARTESIAN_POINT('',(255.,-47.73634466938,5.946752702819));
#436 = CARTESIAN_POINT('',(255.,-47.56491681325,6.403738807422));
#437 = CARTESIAN_POINT('',(255.,-47.3872027093,6.858320629112));
#438 = CARTESIAN_POINT('',(255.,-47.20306292345,7.310350261153));
#439 = CARTESIAN_POINT('',(255.,-47.01240221287,7.759664004777));
#440 = CARTESIAN_POINT('',(255.,-46.67166296918,8.530728027519));
#441 = CARTESIAN_POINT('',(255.,-46.52470086277,8.853841740286));
#442 = CARTESIAN_POINT('',(255.,-46.37421101589,9.175338476256));
#443 = CARTESIAN_POINT('',(255.,-46.22015958858,9.495143961442));
#444 = CARTESIAN_POINT('',(255.,-46.06251275239,9.81318392378));
#445 = CARTESIAN_POINT('',(255.,-45.90123669037,10.129384093128));
#446 = CARTESIAN_POINT('',(255.,-45.73629759709,10.44367020127));
#447 = CARTESIAN_POINT('',(255.,-45.31470420421,11.224421313755));
#448 = CARTESIAN_POINT('',(255.,-45.05344176039,11.688394686835));
#449 = CARTESIAN_POINT('',(255.,-44.78375510992,12.147624469326));
#450 = CARTESIAN_POINT('',(255.,-44.50567674937,12.601863085267));
#451 = CARTESIAN_POINT('',(255.,-44.21913697474,13.050795932017));
#452 = CARTESIAN_POINT('',(255.,-43.92416427036,13.494195962937));
#453 = CARTESIAN_POINT('',(255.,-43.62068120933,13.931732449192));
#454 = CARTESIAN_POINT('',(255.,-43.1527416165,14.578851906391));
#455 = CARTESIAN_POINT('',(255.,-42.99464070762,14.793026819131));
#456 = CARTESIAN_POINT('',(255.,-42.83442402532,15.005639245828));
#457 = CARTESIAN_POINT('',(255.,-42.6720998552,15.216656693225));
#458 = CARTESIAN_POINT('',(255.,-42.50767817203,15.42604692051));
#459 = CARTESIAN_POINT('',(255.,-42.34117063981,15.633777939319));
#460 = CARTESIAN_POINT('',(255.,-42.17259061169,15.839818013733));
#461 = CARTESIAN_POINT('',(255.,-41.80287587907,16.282506474234));
#462 = CARTESIAN_POINT('',(255.,-41.60099804766,16.518535572212));
#463 = CARTESIAN_POINT('',(255.,-41.39633367848,16.752167723925));
#464 = CARTESIAN_POINT('',(255.,-41.18890023379,16.983350805742));
#465 = CARTESIAN_POINT('',(255.,-40.9787185954,17.21203580069));
#466 = CARTESIAN_POINT('',(255.,-40.76581306471,17.438176798452));
#467 = CARTESIAN_POINT('',(255.,-40.55021136266,17.66173099537));
#468 = CARTESIAN_POINT('',(255.,-39.95777619714,18.261388745534));
#469 = CARTESIAN_POINT('',(255.,-39.57578420262,18.632414699381));
#470 = CARTESIAN_POINT('',(255.,-39.18617028912,18.995542328564));
#471 = CARTESIAN_POINT('',(255.,-38.7891590796,19.350632172007));
#472 = CARTESIAN_POINT('',(255.,-38.38494798668,19.697489027296));
#473 = CARTESIAN_POINT('',(255.,-37.97372108683,20.035909684511));
#474 = CARTESIAN_POINT('',(255.,-37.55569519726,20.365772563479));
#475 = CARTESIAN_POINT('',(255.,-36.81277007967,20.928012829566));
#476 = CARTESIAN_POINT('',(255.,-36.49071179387,21.164142443328));
#477 = CARTESIAN_POINT('',(255.,-36.16510785739,21.395425513854));
#478 = CARTESIAN_POINT('',(255.,-35.83607246263,21.621837443799));
#479 = CARTESIAN_POINT('',(255.,-35.50371866091,21.843351084976));
#480 = CARTESIAN_POINT('',(255.,-35.16815945062,22.059942541051));
#481 = CARTESIAN_POINT('',(255.,-34.82950886527,22.271596970245));
#482 = CARTESIAN_POINT('',(255.,-34.22217315823,22.639095173654));
#483 = CARTESIAN_POINT('',(255.,-33.95466168563,22.796887240179));
#484 = CARTESIAN_POINT('',(255.,-33.68540313947,22.951703510625));
#485 = CARTESIAN_POINT('',(255.,-33.41445206717,23.10355706433));
#486 = CARTESIAN_POINT('',(255.,-33.14186306794,23.252461136957));
#487 = CARTESIAN_POINT('',(255.,-32.86769079273,23.398429120492));
#488 = CARTESIAN_POINT('',(255.,-32.59198994431,23.541474563244));
#489 = CARTESIAN_POINT('',(255.,-31.91885933239,23.881802345458));
#490 = CARTESIAN_POINT('',(255.,-31.51989656034,24.076056708757));
#491 = CARTESIAN_POINT('',(255.,-31.11808683577,24.264414862227));
#492 = CARTESIAN_POINT('',(255.,-30.71358193252,24.44690706629));
#493 = CARTESIAN_POINT('',(255.,-30.30652642151,24.62359286603));
#494 = CARTESIAN_POINT('',(255.,-29.89705938803,24.794569257763));
#495 = CARTESIAN_POINT('',(255.,-29.48531696819,24.959947395443));
#496 = CARTESIAN_POINT('',(255.,-28.61616690605,25.2956330942));
#497 = CARTESIAN_POINT('',(255.,-28.15830917259,25.464786060213));
#498 = CARTESIAN_POINT('',(255.,-27.69803808911,25.627373099793));
#499 = CARTESIAN_POINT('',(255.,-27.23552779389,25.783527587157));
#500 = CARTESIAN_POINT('',(255.,-26.77096125414,25.933349281278));
#501 = CARTESIAN_POINT('',(255.,-26.30449083952,26.076963707271));
#502 = CARTESIAN_POINT('',(255.,-25.83622343913,26.214559555661));
#503 = CARTESIAN_POINT('',(255.,-25.02455230216,26.442061026259));
#504 = CARTESIAN_POINT('',(255.,-24.68192274861,26.534740402214));
#505 = CARTESIAN_POINT('',(255.,-24.33846537011,26.624368958326));
#506 = CARTESIAN_POINT('',(255.,-23.99422969983,26.711005410597));
#507 = CARTESIAN_POINT('',(255.,-23.64926514081,26.794708471972));
#508 = CARTESIAN_POINT('',(255.,-23.30362096598,26.875536852334));
#509 = CARTESIAN_POINT('',(255.,-22.9573463181,26.95354925851));
#510 = CARTESIAN_POINT('',(255.,-22.35035589175,27.085244061766));
#511 = CARTESIAN_POINT('',(255.,-22.08989066138,27.140133544606));
#512 = CARTESIAN_POINT('',(255.,-21.82910987675,27.193498098279));
#513 = CARTESIAN_POINT('',(255.,-21.5680283013,27.245363122159));
#514 = CARTESIAN_POINT('',(255.,-21.30666010376,27.295754159505));
#515 = CARTESIAN_POINT('',(255.,-21.04501885825,27.344696897459));
#516 = CARTESIAN_POINT('',(255.,-20.7831175442,27.392217167047));
#517 = CARTESIAN_POINT('',(255.,-20.08405540689,27.515213576692));
#518 = CARTESIAN_POINT('',(255.,-19.64645081741,27.588207319395));
#519 = CARTESIAN_POINT('',(255.,-19.20821510211,27.657443078339));
#520 = CARTESIAN_POINT('',(255.,-18.76940388149,27.723039517799));
#521 = CARTESIAN_POINT('',(255.,-18.33007448505,27.785116309497));
#522 = CARTESIAN_POINT('',(255.,-17.89028717442,27.843794738523));
#523 = CARTESIAN_POINT('',(255.,-17.45010117715,27.899195664967));
#524 = CARTESIAN_POINT('',(255.,-16.56902874359,28.00367415285));
#525 = CARTESIAN_POINT('',(255.,-16.12813693027,28.052751775359));
#526 = CARTESIAN_POINT('',(255.,-15.68691875961,28.098782229347));
#527 = CARTESIAN_POINT('',(255.,-15.24540290027,28.141880035387));
#528 = CARTESIAN_POINT('',(255.,-14.8036180209,28.182159714047));
#529 = CARTESIAN_POINT('',(255.,-14.36159279015,28.219735785899));
#530 = CARTESIAN_POINT('',(255.,-13.91935587668,28.254722771513));
#531 = CARTESIAN_POINT('',(255.,-13.21148399261,28.306742643428));
#532 = CARTESIAN_POINT('',(255.,-12.94596615102,28.325359251755));
#533 = CARTESIAN_POINT('',(255.,-12.68038861679,28.343109752885));
#534 = CARTESIAN_POINT('',(255.,-12.41475758235,28.360018883262));
#535 = CARTESIAN_POINT('',(255.,-12.14907924014,28.376111379328));
#536 = CARTESIAN_POINT('',(255.,-11.88335978257,28.391411977526));
#537 = CARTESIAN_POINT('',(255.,-11.61760540209,28.4059454143));
#538 = CARTESIAN_POINT('',(255.,-10.90888526135,28.442719638903));
#539 = CARTESIAN_POINT('',(255.,-10.46585678246,28.463641994054));
#540 = CARTESIAN_POINT('',(255.,-10.02276118178,28.48261836604));
#541 = CARTESIAN_POINT('',(255.,-9.579603847161,28.499754043855));
#542 = CARTESIAN_POINT('',(255.,-9.13638773036,28.515153630695));
#543 = CARTESIAN_POINT('',(255.,-8.693120532717,28.528924887946));
#544 = CARTESIAN_POINT('',(255.,-8.24981257276,28.541177523426));
#545 = CARTESIAN_POINT('',(255.,-7.363128522638,28.562856069569));
#546 = CARTESIAN_POINT('',(255.,-6.919750341774,28.57228262038));
#547 = CARTESIAN_POINT('',(255.,-6.476333927249,28.580403963355));
#548 = CARTESIAN_POINT('',(255.,-6.032882412968,28.587327485495));
#549 = CARTESIAN_POINT('',(255.,-5.589398932838,28.593160573802));
#550 = CARTESIAN_POINT('',(255.,-5.145886620767,28.598010615279));
#551 = CARTESIAN_POINT('',(255.,-4.70234861066,28.601984996925));
#552 = CARTESIAN_POINT('',(255.,-3.81522746219,28.608397214564));
#553 = CARTESIAN_POINT('',(255.,-3.371644323826,28.610835050555));
#554 = CARTESIAN_POINT('',(255.,-2.928041755241,28.612612000721));
#555 = CARTESIAN_POINT('',(255.,-2.48442289034,28.613835452063));
#556 = CARTESIAN_POINT('',(255.,-2.040790863032,28.614612791582));
#557 = CARTESIAN_POINT('',(255.,-1.597148807222,28.615051406281));
#558 = CARTESIAN_POINT('',(255.,-1.153499856816,28.61525868316));
#559 = CARTESIAN_POINT('',(255.,-0.221835078607,28.615433666781));
#560 = CARTESIAN_POINT('',(255.,0.266179620354,28.615325819961));
#561 = CARTESIAN_POINT('',(255.,0.754194545032,28.615462972377));
#562 = CARTESIAN_POINT('',(255.,1.24220736856,28.615434933465));
#563 = CARTESIAN_POINT('',(255.,1.730215868737,28.615077017982));
#564 = CARTESIAN_POINT('',(255.,2.218217667147,28.614370922482));
#565 = CARTESIAN_POINT('',(255.,2.706210087056,28.613087429291));
#566 = CARTESIAN_POINT('',(255.,3.992599171811,28.607880137085));
#567 = CARTESIAN_POINT('',(255.,4.790972613759,28.602785480134));
#568 = CARTESIAN_POINT('',(255.,5.589300590073,28.595201990659));
#569 = CARTESIAN_POINT('',(255.,6.387567137857,28.584503028914));
#570 = CARTESIAN_POINT('',(255.,7.185750611386,28.570061777244));
#571 = CARTESIAN_POINT('',(255.,7.983823691247,28.551251574892));
#572 = CARTESIAN_POINT('',(255.,8.781753393495,28.527446252807));
#573 = CARTESIAN_POINT('',(255.,10.066991443189,28.48003886023));
#574 = CARTESIAN_POINT('',(255.,10.554425306443,28.459958591715));
#575 = CARTESIAN_POINT('',(255.,11.041790345136,28.437631799743));
#576 = CARTESIAN_POINT('',(255.,11.529106291635,28.412932285778));
#577 = CARTESIAN_POINT('',(255.,12.016325551731,28.385699259488));
#578 = CARTESIAN_POINT('',(255.,12.50338769248,28.355767242108));
#579 = CARTESIAN_POINT('',(255.,12.990277455269,28.322998601581));
#580 = CARTESIAN_POINT('',(255.,13.875113883927,28.257974013483));
#581 = CARTESIAN_POINT('',(255.,14.273143577318,28.226708437338));
#582 = CARTESIAN_POINT('',(255.,14.671004129864,28.193354977507));
#583 = CARTESIAN_POINT('',(255.,15.068674642116,28.157830148496));
#584 = CARTESIAN_POINT('',(255.,15.466134214627,28.120050464807));
#585 = CARTESIAN_POINT('',(255.,15.863361947949,28.079932440946));
#586 = CARTESIAN_POINT('',(255.,16.260336942633,28.037392591417));
#587 = CARTESIAN_POINT('',(255.,17.230067548218,27.927280361573));
#588 = CARTESIAN_POINT('',(255.,17.802512545508,27.85698585045));
#589 = CARTESIAN_POINT('',(255.,18.374325890263,27.781224351912));
#590 = CARTESIAN_POINT('',(255.,18.945341408218,27.699712220827));
#591 = CARTESIAN_POINT('',(255.,19.515475683437,27.612193837701));
#592 = CARTESIAN_POINT('',(255.,20.084586827861,27.518402308198));
#593 = CARTESIAN_POINT('',(255.,20.652550714887,27.418073831262));
#594 = CARTESIAN_POINT('',(255.,21.52435967118,27.253264180134));
#595 = CARTESIAN_POINT('',(255.,21.829113302291,27.193610865459));
#596 = CARTESIAN_POINT('',(255.,22.133477349247,27.131944955939));
#597 = CARTESIAN_POINT('',(255.,22.437432940213,27.068225244648));
#598 = CARTESIAN_POINT('',(255.,22.740956366806,27.002411228186));
#599 = CARTESIAN_POINT('',(255.,23.044019084096,26.934463106684));
#600 = CARTESIAN_POINT('',(255.,23.346587710601,26.864341783794));
#601 = CARTESIAN_POINT('',(255.,23.950660849257,26.719675829078));
#602 = CARTESIAN_POINT('',(255.,24.252167856671,26.645130624532));
#603 = CARTESIAN_POINT('',(255.,24.553111946765,26.568333919421));
#604 = CARTESIAN_POINT('',(255.,24.85346001577,26.489246380105));
#605 = CARTESIAN_POINT('',(255.,25.153178959915,26.407828672946));
#606 = CARTESIAN_POINT('',(255.,25.452235675432,26.324041464304));
#607 = CARTESIAN_POINT('',(255.,25.750597058552,26.23784542054));
#608 = CARTESIAN_POINT('',(255.,26.515933522052,26.009904768074));
#609 = CARTESIAN_POINT('',(255.,26.98184893691,25.864561852513));
#610 = CARTESIAN_POINT('',(255.,27.445844155041,25.713009350292));
#611 = CARTESIAN_POINT('',(255.,27.907775548733,25.555114100129));
#612 = CARTESIAN_POINT('',(255.,28.367459411082,25.390764315733));
#613 = CARTESIAN_POINT('',(255.,28.824705878895,25.219845925031));
#614 = CARTESIAN_POINT('',(255.,29.279346438233,25.042231865871));
#615 = CARTESIAN_POINT('',(255.,30.100876741116,24.706922242382));
#616 = CARTESIAN_POINT('',(255.,30.468696308505,24.551479758449));
#617 = CARTESIAN_POINT('',(255.,30.834553134442,24.391402325819));
#618 = CARTESIAN_POINT('',(255.,31.198349233884,24.226627369389));
#619 = CARTESIAN_POINT('',(255.,31.559980128953,24.057108569823));
#620 = CARTESIAN_POINT('',(255.,31.919334647616,23.882812091347));
#621 = CARTESIAN_POINT('',(255.,32.276294722368,23.703712809539));
#622 = CARTESIAN_POINT('',(255.,32.867030056223,23.397175057589));
#623 = CARTESIAN_POINT('',(255.,33.102207709137,23.272414052199));
#624 = CARTESIAN_POINT('',(255.,33.336233646531,23.145498827958));
#625 = CARTESIAN_POINT('',(255.,33.569073410143,23.016420822559));
#626 = CARTESIAN_POINT('',(255.,33.800692584563,22.885171606386));
#627 = CARTESIAN_POINT('',(255.,34.031056797239,22.751742882516));
#628 = CARTESIAN_POINT('',(255.,34.260131718471,22.616126486719));
#629 = CARTESIAN_POINT('',(255.,34.867467096445,22.248628485127));
#630 = CARTESIAN_POINT('',(255.,35.243379203692,22.012850669274));
#631 = CARTESIAN_POINT('',(255.,35.615456999375,21.770969243467));
#632 = CARTESIAN_POINT('',(255.,35.983546495435,21.523018174018));
#633 = CARTESIAN_POINT('',(255.,36.347494101712,21.269037906524));
#634 = CARTESIAN_POINT('',(255.,36.707143053287,21.009057528762));
#635 = CARTESIAN_POINT('',(255.,37.062334262997,20.743098279943));
#636 = CARTESIAN_POINT('',(255.,37.798546894732,20.172108370167));
#637 = CARTESIAN_POINT('',(255.,38.178601326191,19.86582283852));
#638 = CARTESIAN_POINT('',(255.,38.55286883954,19.55239384122));
#639 = CARTESIAN_POINT('',(255.,38.921188538843,19.231933495952));
#640 = CARTESIAN_POINT('',(255.,39.28341535644,18.904595659538));
#641 = CARTESIAN_POINT('',(255.,39.639394482637,18.570523910024));
#642 = CARTESIAN_POINT('',(255.,39.988955806976,18.229828969228));
#643 = CARTESIAN_POINT('',(255.,40.550211359418,17.661730985221));
#644 = CARTESIAN_POINT('',(255.,40.765813066485,17.438176801748));
#645 = CARTESIAN_POINT('',(255.,40.978718603638,17.21203582151));
#646 = CARTESIAN_POINT('',(255.,41.188900249483,16.983350847088));
#647 = CARTESIAN_POINT('',(255.,41.396333702017,16.752167787131));
#648 = CARTESIAN_POINT('',(255.,41.600998078625,16.518535656354));
#649 = CARTESIAN_POINT('',(255.,41.802875916078,16.282506575542));
#650 = CARTESIAN_POINT('',(255.,42.286348033009,15.703607506758));
#651 = CARTESIAN_POINT('',(255.,42.565021846803,15.35828871226));
#652 = CARTESIAN_POINT('',(255.,42.837931510225,15.008340130566));
#653 = CARTESIAN_POINT('',(255.,43.104991702113,14.653900430936));
#654 = CARTESIAN_POINT('',(255.,43.366143707959,14.29511163609));
#655 = CARTESIAN_POINT('',(255.,43.621381916408,13.932129900617));
#656 = CARTESIAN_POINT('',(255.,43.870737986142,13.565121641097));
#657 = CARTESIAN_POINT('',(255.,44.382055789948,12.786280823658));
#658 = CARTESIAN_POINT('',(255.,44.642781091331,12.373641679722));
#659 = CARTESIAN_POINT('',(255.,44.896410347271,11.956541985422));
#660 = CARTESIAN_POINT('',(255.,45.14298160141,11.53519848694));
#661 = CARTESIAN_POINT('',(255.,45.382477684262,11.109820071315));
#662 = CARTESIAN_POINT('',(255.,45.614921307692,10.680606887592));
#663 = CARTESIAN_POINT('',(255.,45.840442421251,10.247755436087));
#664 = CARTESIAN_POINT('',(255.,46.218148166452,9.494162752197));
#665 = CARTESIAN_POINT('',(255.,46.373561313036,9.175039680591));
#666 = CARTESIAN_POINT('',(255.,46.525385456129,8.854173389037));
#667 = CARTESIAN_POINT('',(255.,46.673654123351,8.531638488723));
#668 = CARTESIAN_POINT('',(255.,46.818401854513,8.207507864904));
#669 = CARTESIAN_POINT('',(255.,46.959664201613,7.881852676901));
#670 = CARTESIAN_POINT('',(255.,47.097477728836,7.554742358102));
#671 = CARTESIAN_POINT('',(255.,47.383080679872,6.856689304475));
#672 = CARTESIAN_POINT('',(255.,47.529961725808,6.485384360341));
#673 = CARTESIAN_POINT('',(255.,47.672590518149,6.112413143914));
#674 = CARTESIAN_POINT('',(255.,47.811036660679,5.737857974247));
#675 = CARTESIAN_POINT('',(255.,47.945371059067,5.361800543738));
#676 = CARTESIAN_POINT('',(255.,48.07566498675,4.984322332764));
#677 = CARTESIAN_POINT('',(255.,48.201989150812,4.605505024329));
#678 = CARTESIAN_POINT('',(255.,48.446832309401,3.845369403811));
#679 = CARTESIAN_POINT('',(255.,48.565352560075,3.464048965333));
#680 = CARTESIAN_POINT('',(255.,48.680043237379,3.081556363613));
#681 = CARTESIAN_POINT('',(255.,48.790976193503,2.69796482875));
#682 = CARTESIAN_POINT('',(255.,48.898225155261,2.313337813312));
#683 = CARTESIAN_POINT('',(255.,49.001865474013,1.927732745063));
#684 = CARTESIAN_POINT('',(255.,49.101973875587,1.541204779674));
#685 = CARTESIAN_POINT('',(255.,49.273802904973,0.852507535525));
#686 = CARTESIAN_POINT('',(255.,49.346888397673,0.550678464446));
#687 = CARTESIAN_POINT('',(255.,49.417920971157,0.248349003888));
#688 = CARTESIAN_POINT('',(255.,49.486936908281,-5.445518247129E-02));
#689 = CARTESIAN_POINT('',(255.,49.553972491904,-0.357708430956));
#690 = CARTESIAN_POINT('',(255.,49.619064004881,-0.661385077888));
#691 = CARTESIAN_POINT('',(255.,49.682247730071,-0.965459459593));
#692 = CARTESIAN_POINT('',(255.,49.839908173639,-1.748323994399));
#693 = CARTESIAN_POINT('',(255.,49.931633705014,-2.227653672185));
#694 = CARTESIAN_POINT('',(255.,50.018878986473,-2.707807685102));
#695 = CARTESIAN_POINT('',(255.,50.101779701339,-3.188733704756));
#696 = CARTESIAN_POINT('',(255.,50.180474578094,-3.670368535089));
#697 = CARTESIAN_POINT('',(255.,50.255103554058,-4.152643976306));
#698 = CARTESIAN_POINT('',(255.,50.325804096002,-4.635502518391));
#699 = CARTESIAN_POINT('',(255.,50.459626277549,-5.60225537981));
#700 = CARTESIAN_POINT('',(255.,50.522750515181,-6.086156583374));
#701 = CARTESIAN_POINT('',(255.,50.58221834773,-6.570515692932));
#702 = CARTESIAN_POINT('',(255.,50.638174842994,-7.05526055459));
#703 = CARTESIAN_POINT('',(255.,50.690768776382,-7.540317161937));
#704 = CARTESIAN_POINT('',(255.,50.740125499338,-8.025653406205));
#705 = CARTESIAN_POINT('',(255.,50.786344362186,-8.511289773546));
#706 = CARTESIAN_POINT('',(255.,50.888502714006,-9.659915492669));
#707 = CARTESIAN_POINT('',(255.,50.94185410836,-10.3231314551));
#708 = CARTESIAN_POINT('',(255.,50.989921530665,-10.98679237462));
#709 = CARTESIAN_POINT('',(255.,51.033019708649,-11.65083500422));
#710 = CARTESIAN_POINT('',(255.,51.071446664102,-12.31522499071));
#711 = CARTESIAN_POINT('',(255.,51.105529118145,-12.97989200589));
#712 = CARTESIAN_POINT('',(255.,51.135560519708,-13.64481710829));
#713 = CARTESIAN_POINT('',(255.,51.188174202591,-14.97528452841));
#714 = CARTESIAN_POINT('',(255.,51.210753989987,-15.64082570706));
#715 = CARTESIAN_POINT('',(255.,51.229921099633,-16.30651799172));
#716 = CARTESIAN_POINT('',(255.,51.245993716575,-16.97231352128));
#717 = CARTESIAN_POINT('',(255.,51.25928964585,-17.63816701298));
#718 = CARTESIAN_POINT('',(255.,51.27012631249,-18.30403576244));
#719 = CARTESIAN_POINT('',(255.,51.278820761518,-18.96987964364));
#720 = CARTESIAN_POINT('',(255.,51.293010306542,-20.34522955156));
#721 = CARTESIAN_POINT('',(255.,51.29825749031,-21.05472537384));
#722 = CARTESIAN_POINT('',(255.,51.301814898374,-21.76410319853));
#723 = CARTESIAN_POINT('',(255.,51.304066029082,-22.47331851553));
#724 = CARTESIAN_POINT('',(255.,51.305394569289,-23.18232763639));
#725 = CARTESIAN_POINT('',(255.,51.306184773622,-23.89108764887));
#726 = CARTESIAN_POINT('',(255.,51.306821843758,-24.59955637142));
#727 = CARTESIAN_POINT('',(255.,51.307692307692,-25.30769230769));
#728 = PCURVE('',#729,#984);
#729 = B_SPLINE_SURFACE_WITH_KNOTS('',3,1,(
    (#730,#731)
    ,(#732,#733)
    ,(#734,#735)
    ,(#736,#737)
    ,(#738,#739)
    ,(#740,#741)
    ,(#742,#743)
    ,(#744,#745)
    ,(#746,#747)
    ,(#748,#749)
    ,(#750,#751)
    ,(#752,#753)
    ,(#754,#755)
    ,(#756,#757)
    ,(#758,#759)
    ,(#760,#761)
    ,(#762,#763)
    ,(#764,#765)
    ,(#766,#767)
    ,(#768,#769)
    ,(#770,#771)
    ,(#772,#773)
    ,(#774,#775)
    ,(#776,#777)
    ,(#778,#779)
    ,(#780,#781)
    ,(#782,#783)
    ,(#784,#785)
    ,(#786,#787)
    ,(#788,#789)
    ,(#790,#791)
    ,(#792,#793)
    ,(#794,#795)
    ,(#796,#797)
    ,(#798,#799)
    ,(#800,#801)
    ,(#802,#803)
    ,(#804,#805)
    ,(#806,#807)
    ,(#808,#809)
    ,(#810,#811)
    ,(#812,#813)
    ,(#814,#815)
    ,(#816,#817)
    ,(#818,#819)
    ,(#820,#821)
    ,(#822,#823)
    ,(#824,#825)
    ,(#826,#827)
    ,(#828,#829)
    ,(#830,#831)
    ,(#832,#833)
    ,(#834,#835)
    ,(#836,#837)
    ,(#838,#839)
    ,(#840,#841)
    ,(#842,#843)
    ,(#844,#845)
    ,(#846,#847)
    ,(#848,#849)
    ,(#850,#851)
    ,(#852,#853)
    ,(#854,#855)
    ,(#856,#857)
    ,(#858,#859)
    ,(#860,#861)
    ,(#862,#863)
    ,(#864,#865)
    ,(#866,#867)
    ,(#868,#869)
    ,(#870,#871)
    ,(#872,#873)
    ,(#874,#875)
    ,(#876,#877)
    ,(#878,#879)
    ,(#880,#881)
    ,(#882,#883)
    ,(#884,#885)
    ,(#886,#887)
    ,(#888,#889)
    ,(#890,#891)
    ,(#892,#893)
    ,(#894,#895)
    ,(#896,#897)
    ,(#898,#899)
    ,(#900,#901)
    ,(#902,#903)
    ,(#904,#905)
    ,(#906,#907)
    ,(#908,#909)
    ,(#910,#911)
    ,(#912,#913)
    ,(#914,#915)
    ,(#916,#917)
    ,(#918,#919)
    ,(#920,#921)
    ,(#922,#923)
    ,(#924,#925)
    ,(#926,#927)
    ,(#928,#929)
    ,(#930,#931)
    ,(#932,#933)
    ,(#934,#935)
    ,(#936,#937)
    ,(#938,#939)
    ,(#940,#941)
    ,(#942,#943)
    ,(#944,#945)
    ,(#946,#947)
    ,(#948,#949)
    ,(#950,#951)
    ,(#952,#953)
    ,(#954,#955)
    ,(#956,#957)
    ,(#958,#959)
    ,(#960,#961)
    ,(#962,#963)
    ,(#964,#965)
    ,(#966,#967)
    ,(#968,#969)
    ,(#970,#971)
    ,(#972,#973)
    ,(#974,#975)
    ,(#976,#977)
    ,(#978,#979)
    ,(#980,#981)
    ,(#982,#983
    )),.UNSPECIFIED.,.T.,.F.,.F.,(1,1,2,1,1,1,1,1,1,1,1,1,1,1,1,1,1,1,1,
    1,1,1,1,1,1,1,1,1,1,1,1,1,1,1,1,1,1,1,1,1,1,1,1,1,1,1,1,1,1,1,1,1,1,
    1,1,1,1,1,1,1,1,1,1,1,1,1,1,1,1,1,1,1,1,1,1,1,1,1,1,1,1,1,1,1,1,1,1,
    1,1,1,1,1,1,1,1,1,1,1,1,1,1,1,1,1,1,1,1,1,1,1,1,1,1,1,1,1,1,1,1,1,1,
    1,1,1,1,1,2,1,1),(2,2),(-12.543819359,-12.2483847238,0.,
    12.248384723807,12.543819359003,19.400547627599,19.866587821058,
    25.3483401025,25.951281832135,30.612874995605,31.328168013365,
    35.42634143343,36.231167766714,39.932549073953,40.803452957058,
    44.241002228773,45.153123802104,48.447225181963,49.374383240351,
    52.641915023442,53.55722667795,56.916143534947,57.792889532723,
    61.366408830239,62.178799707703,66.103354369952,66.826833424625,
    71.2713537103,71.882030314271,77.101170360027,77.573559490177,
    84.106107536468,84.405665853083,96.099432924941,107.7931999985,
    108.09275831512,114.62530636141,115.09769549156,120.31683553732,
    120.92751214129,125.37203242696,126.09551148163,130.02006614388,
    130.83245702135,134.40597631886,135.28272231664,138.64163917364,
    139.55695082814,142.82448261124,143.75164066962,147.04574204948,
    147.95786362281,151.39541289453,152.26631677763,155.96769808487,
    156.77252441816,160.87069783822,161.58599085598,166.24758401945,
    166.85052574909,172.33227803053,172.79831822399,179.65504649258,
    179.95048112778,192.19886585013,204.44725057539,204.74268521059,
    211.59941347919,212.06545367265,217.54720595409,218.15014768372,
    222.81174084719,223.52703386495,227.62520728502,228.4300336183,
    232.13141492554,233.00231880864,236.43986808036,237.35198965369,
    240.64609103355,241.57324909194,244.84078087503,245.75609252954,
    249.11500938653,249.99175538431,253.56527468183,254.37766555929,
    258.30222022154,259.02569927621,263.47021956189,264.08089616586,
    269.30003621161,269.77242534176,276.30497338805,276.60453170467,
    288.29829877561,299.9920658501,300.29162416671,306.824172213,
    307.29656134315,312.51570138891,313.12637799288,317.57089827855,
    318.29437733323,322.21893199548,323.03132287294,326.60484217046,
    327.48158816823,330.84050502523,331.75581667974,335.02334846283,
    335.95050652122,339.24460790107,340.15672947441,343.59427874612,
    344.46518262923,348.16656393646,348.97139026975,353.06956368981,
    353.78485670757,358.44644987104,359.04939160068,364.53114388212,
    364.99718407558,371.85391234418,372.14934697937,384.39773170318,
    396.64611642699,396.94155106218),(0.,1.),.UNSPECIFIED.);
#730 = CARTESIAN_POINT('',(225.,55.005092078052,-33.07055608517));
#731 = CARTESIAN_POINT('',(290.,47.00406462667,-24.39055357572));
#732 = CARTESIAN_POINT('',(225.,54.994907921948,-24.92944391482));
#733 = CARTESIAN_POINT('',(290.,46.99593537333,-17.60944642427));
#734 = CARTESIAN_POINT('',(225.,54.999304969865,-20.73670555841));
#735 = CARTESIAN_POINT('',(290.,46.999660740039,-14.11462047031));
#736 = CARTESIAN_POINT('',(225.,54.733503938537,-14.27055740456));
#737 = CARTESIAN_POINT('',(290.,46.755272656866,-8.728027379858));
#738 = CARTESIAN_POINT('',(225.,54.566540472327,-11.73586367081));
#739 = CARTESIAN_POINT('',(290.,46.601913294403,-6.617171537895));
#740 = CARTESIAN_POINT('',(225.,54.117808941121,-7.491098312148));
#741 = CARTESIAN_POINT('',(290.,46.190044292002,-3.084365047532));
#742 = CARTESIAN_POINT('',(225.,53.816681687617,-5.326157283877));
#743 = CARTESIAN_POINT('',(290.,45.913540559613,-1.284084656899));
#744 = CARTESIAN_POINT('',(225.,53.163990159447,-1.802811361433));
#745 = CARTESIAN_POINT('',(290.,45.314840888305,1.641098180665));
#746 = CARTESIAN_POINT('',(225.,52.722345237445,0.143307426024));
#747 = CARTESIAN_POINT('',(290.,44.909998608178,3.253937846878));
#748 = CARTESIAN_POINT('',(225.,51.869253164218,3.185506777265));
#749 = CARTESIAN_POINT('',(290.,44.129573361376,5.768454159794));
#750 = CARTESIAN_POINT('',(225.,51.279884058691,4.965935258874));
#751 = CARTESIAN_POINT('',(290.,43.591414182311,7.235629575573));
#752 = CARTESIAN_POINT('',(225.,50.228999532832,7.636124769272));
#753 = CARTESIAN_POINT('',(290.,42.634917568956,9.427204355573));
#754 = CARTESIAN_POINT('',(225.,49.485086843203,9.270085410577));
#755 = CARTESIAN_POINT('',(290.,41.960150284261,10.762366997772));
#756 = CARTESIAN_POINT('',(225.,48.234935362219,11.631074594226));
#757 = CARTESIAN_POINT('',(290.,40.831392557011,12.681193424593));
#758 = CARTESIAN_POINT('',(225.,47.331430170002,13.122107971543));
#759 = CARTESIAN_POINT('',(290.,40.019761495091,13.885993937754));
#760 = CARTESIAN_POINT('',(225.,45.87492390734,15.214864424554));
#761 = CARTESIAN_POINT('',(290.,38.719024116431,15.565874457288));
#762 = CARTESIAN_POINT('',(225.,44.809551506657,16.558231591463));
#763 = CARTESIAN_POINT('',(290.,37.773698279835,16.636936720297));
#764 = CARTESIAN_POINT('',(225.,43.132811924403,18.410148739062));
#765 = CARTESIAN_POINT('',(290.,36.295873384237,18.102825769862));
#766 = CARTESIAN_POINT('',(225.,41.906585604067,19.597450823298));
#767 = CARTESIAN_POINT('',(290.,35.222789478097,19.036022490571));
#768 = CARTESIAN_POINT('',(225.,39.988335269433,21.225445410974));
#769 = CARTESIAN_POINT('',(290.,33.555614438244,20.306620716888));
#770 = CARTESIAN_POINT('',(225.,38.604881648313,22.248253124058));
#771 = CARTESIAN_POINT('',(290.,32.361570805689,21.099667964606));
#772 = CARTESIAN_POINT('',(225.,36.415686123949,23.660340383124));
#773 = CARTESIAN_POINT('',(290.,30.483868027738,22.187983613293));
#774 = CARTESIAN_POINT('',(225.,34.878763394082,24.512988835403));
#775 = CARTESIAN_POINT('',(290.,29.173552418688,22.841576713568));
#776 = CARTESIAN_POINT('',(225.,32.378387279336,25.709946471736));
#777 = CARTESIAN_POINT('',(290.,27.052528277332,23.755045021032));
#778 = CARTESIAN_POINT('',(225.,30.687077931553,26.391056486117));
#779 = CARTESIAN_POINT('',(290.,25.624490200251,24.272774653622));
#780 = CARTESIAN_POINT('',(225.,27.816276209355,27.36852199106));
#781 = CARTESIAN_POINT('',(290.,23.209177332516,25.013775705749));
#782 = CARTESIAN_POINT('',(225.,25.95648313716,27.881020973259));
#783 = CARTESIAN_POINT('',(290.,21.649465158822,25.401294757068));
#784 = CARTESIAN_POINT('',(225.,22.613406210882,28.631809527855));
#785 = CARTESIAN_POINT('',(290.,18.851882987004,25.96833269632));
#786 = CARTESIAN_POINT('',(225.,20.539454049949,28.98164374756));
#787 = CARTESIAN_POINT('',(290.,17.119631854378,26.232168107282));
#788 = CARTESIAN_POINT('',(225.,16.496241802031,29.498537547806));
#789 = CARTESIAN_POINT('',(290.,13.746156374535,26.621973324829));
#790 = CARTESIAN_POINT('',(225.,14.0667451278,29.691705804633));
#791 = CARTESIAN_POINT('',(290.,11.720962865414,26.767548776061));
#792 = CARTESIAN_POINT('',(225.,7.898495879619,30.00048346984));
#793 = CARTESIAN_POINT('',(290.,6.580737700111,27.000379056284));
#794 = CARTESIAN_POINT('',(225.,2.795067578815E-10,29.999528605828));
#795 = CARTESIAN_POINT('',(290.,2.39142386449E-10,26.99963041144));
#796 = CARTESIAN_POINT('',(225.,-7.898495879039,30.00048346984));
#797 = CARTESIAN_POINT('',(290.,-6.580737699616,27.000379056279));
#798 = CARTESIAN_POINT('',(225.,-14.0667451278,29.691705804651));
#799 = CARTESIAN_POINT('',(290.,-11.72096286541,26.767548776075));
#800 = CARTESIAN_POINT('',(225.,-16.49624180205,29.498537547858));
#801 = CARTESIAN_POINT('',(290.,-13.74615637455,26.621973324878));
#802 = CARTESIAN_POINT('',(225.,-20.53945404992,28.981643747507));
#803 = CARTESIAN_POINT('',(290.,-17.11963185436,26.232168107251));
#804 = CARTESIAN_POINT('',(225.,-22.61340621082,28.631809527709));
#805 = CARTESIAN_POINT('',(290.,-18.85188298695,25.968332696187));
#806 = CARTESIAN_POINT('',(225.,-25.95648313722,27.881020973432));
#807 = CARTESIAN_POINT('',(290.,-21.64946515884,25.401294757142));
#808 = CARTESIAN_POINT('',(225.,-27.81627620952,27.368521991505));
#809 = CARTESIAN_POINT('',(290.,-23.20917733265,25.013775706152));
#810 = CARTESIAN_POINT('',(225.,-30.68707793132,26.391056485516));
#811 = CARTESIAN_POINT('',(290.,-25.62449020018,24.272774653427));
#812 = CARTESIAN_POINT('',(225.,-32.37838727879,25.709946470318));
#813 = CARTESIAN_POINT('',(290.,-27.0525282769,23.755045019749));
#814 = CARTESIAN_POINT('',(225.,-34.8787633949,24.512988837556));
#815 = CARTESIAN_POINT('',(290.,-29.17355241886,22.841576714095));
#816 = CARTESIAN_POINT('',(225.,-36.41568612574,23.660340387827));
#817 = CARTESIAN_POINT('',(290.,-30.48386802915,22.187983617556));
#818 = CARTESIAN_POINT('',(225.,-38.6048816453,22.24825311619));
#819 = CARTESIAN_POINT('',(290.,-32.36157080518,21.099667963107));
#820 = CARTESIAN_POINT('',(225.,-39.98833526323,21.225445394751));
#821 = CARTESIAN_POINT('',(290.,-33.55561443333,20.306620702146));
#822 = CARTESIAN_POINT('',(225.,-41.90658561522,19.597450852518));
#823 = CARTESIAN_POINT('',(290.,-35.22278947965,19.036022495244));
#824 = CARTESIAN_POINT('',(225.,-43.13281194672,18.410148797491));
#825 = CARTESIAN_POINT('',(290.,-36.29587340192,18.102825822952));
#826 = CARTESIAN_POINT('',(225.,-44.80955146462,16.55823148143));
#827 = CARTESIAN_POINT('',(290.,-37.77369827426,16.636936703581));
#828 = CARTESIAN_POINT('',(225.,-45.87492382321,15.214864204337));
#829 = CARTESIAN_POINT('',(290.,-38.71902405,15.565874257928));
#830 = CARTESIAN_POINT('',(225.,-47.33143033032,13.122108391242));
#831 = CARTESIAN_POINT('',(290.,-40.01976151826,13.885994007291));
#832 = CARTESIAN_POINT('',(225.,-48.23493569352,11.631075461551));
#833 = CARTESIAN_POINT('',(290.,-40.83139281693,12.681194204663));
#834 = CARTESIAN_POINT('',(225.,-49.48508622378,9.270083789021));
#835 = CARTESIAN_POINT('',(290.,-41.96015017568,10.76236667192));
#836 = CARTESIAN_POINT('',(225.,-50.22899817543,7.636121215779));
#837 = CARTESIAN_POINT('',(290.,-42.63491651147,9.427201181865));
#838 = CARTESIAN_POINT('',(225.,-51.27988648704,4.96594161599));
#839 = CARTESIAN_POINT('',(290.,-43.59141472865,7.235631215271));
#840 = CARTESIAN_POINT('',(225.,-51.86925892337,3.185521853978));
#841 = CARTESIAN_POINT('',(290.,-44.12957782639,5.768467560244));
#842 = CARTESIAN_POINT('',(225.,-52.72233552839,0.143282009017));
#843 = CARTESIAN_POINT('',(290.,-44.90999575166,3.253929273898));
#844 = CARTESIAN_POINT('',(225.,-53.16396486258,-1.802877585268));
#845 = CARTESIAN_POINT('',(290.,-45.3148212914,1.64103936632));
#846 = CARTESIAN_POINT('',(225.,-53.81672178131,-5.326052323912));
#847 = CARTESIAN_POINT('',(290.,-45.91355595702,-1.284038446111));
#848 = CARTESIAN_POINT('',(225.,-54.11792522882,-7.49079388639));
#849 = CARTESIAN_POINT('',(290.,-46.19013474578,-3.084093577097));
#850 = CARTESIAN_POINT('',(225.,-54.56636311343,-11.73632797281));
#851 = CARTESIAN_POINT('',(290.,-46.60182522582,-6.617435849839));
#852 = CARTESIAN_POINT('',(225.,-54.73291899446,-14.27208871037));
#853 = CARTESIAN_POINT('',(290.,-46.75481349426,-8.729405421378));
#854 = CARTESIAN_POINT('',(225.,-55.00044446077,-20.73372252218));
#855 = CARTESIAN_POINT('',(290.,-47.00039396885,-14.11241989919));
#856 = CARTESIAN_POINT('',(225.,-54.99956600723,-28.99999999951));
#857 = CARTESIAN_POINT('',(290.,-46.99961530995,-20.9999999996));
#858 = CARTESIAN_POINT('',(225.,-55.00044446082,-37.26627747684));
#859 = CARTESIAN_POINT('',(290.,-47.00039396889,-27.88758010001));
#860 = CARTESIAN_POINT('',(225.,-54.73291899446,-43.72791128962));
#861 = CARTESIAN_POINT('',(290.,-46.75481349426,-33.27059457862));
#862 = CARTESIAN_POINT('',(225.,-54.56636311343,-46.26367202718));
#863 = CARTESIAN_POINT('',(290.,-46.60182522582,-35.38256415016));
#864 = CARTESIAN_POINT('',(225.,-54.11792522883,-50.50920611361));
#865 = CARTESIAN_POINT('',(290.,-46.19013474578,-38.9159064229));
#866 = CARTESIAN_POINT('',(225.,-53.81672178131,-52.67394767608));
#867 = CARTESIAN_POINT('',(290.,-45.91355595702,-40.71596155388));
#868 = CARTESIAN_POINT('',(225.,-53.16396486258,-56.19712241473));
#869 = CARTESIAN_POINT('',(290.,-45.3148212914,-43.64103936632));
#870 = CARTESIAN_POINT('',(225.,-52.72233552839,-58.14328200901));
#871 = CARTESIAN_POINT('',(290.,-44.90999575166,-45.25392927389));
#872 = CARTESIAN_POINT('',(225.,-51.86925892337,-61.18552185397));
#873 = CARTESIAN_POINT('',(290.,-44.12957782639,-47.76846756024));
#874 = CARTESIAN_POINT('',(225.,-51.27988648704,-62.96594161599));
#875 = CARTESIAN_POINT('',(290.,-43.59141472865,-49.23563121527));
#876 = CARTESIAN_POINT('',(225.,-50.22899817543,-65.63612121577));
#877 = CARTESIAN_POINT('',(290.,-42.63491651147,-51.42720118186));
#878 = CARTESIAN_POINT('',(225.,-49.48508622378,-67.27008378902));
#879 = CARTESIAN_POINT('',(290.,-41.96015017568,-52.76236667192));
#880 = CARTESIAN_POINT('',(225.,-48.23493569352,-69.63107546155));
#881 = CARTESIAN_POINT('',(290.,-40.83139281693,-54.68119420466));
#882 = CARTESIAN_POINT('',(225.,-47.33143033032,-71.12210839124));
#883 = CARTESIAN_POINT('',(290.,-40.01976151826,-55.88599400729));
#884 = CARTESIAN_POINT('',(225.,-45.87492382321,-73.21486420433));
#885 = CARTESIAN_POINT('',(290.,-38.71902405,-57.56587425792));
#886 = CARTESIAN_POINT('',(225.,-44.80955146462,-74.55823148143));
#887 = CARTESIAN_POINT('',(290.,-37.77369827426,-58.63693670358));
#888 = CARTESIAN_POINT('',(225.,-43.13281194672,-76.41014879749));
#889 = CARTESIAN_POINT('',(290.,-36.29587340192,-60.10282582295));
#890 = CARTESIAN_POINT('',(225.,-41.90658561522,-77.59745085251));
#891 = CARTESIAN_POINT('',(290.,-35.22278947965,-61.03602249524));
#892 = CARTESIAN_POINT('',(225.,-39.98833526323,-79.22544539475));
#893 = CARTESIAN_POINT('',(290.,-33.55561443333,-62.30662070214));
#894 = CARTESIAN_POINT('',(225.,-38.6048816453,-80.24825311619));
#895 = CARTESIAN_POINT('',(290.,-32.36157080518,-63.0996679631));
#896 = CARTESIAN_POINT('',(225.,-36.41568612574,-81.66034038782));
#897 = CARTESIAN_POINT('',(290.,-30.48386802915,-64.18798361755));
#898 = CARTESIAN_POINT('',(225.,-34.8787633949,-82.51298883755));
#899 = CARTESIAN_POINT('',(290.,-29.17355241886,-64.84157671409));
#900 = CARTESIAN_POINT('',(225.,-32.37838727879,-83.70994647031));
#901 = CARTESIAN_POINT('',(290.,-27.0525282769,-65.75504501974));
#902 = CARTESIAN_POINT('',(225.,-30.68707793132,-84.39105648551));
#903 = CARTESIAN_POINT('',(290.,-25.62449020018,-66.27277465342));
#904 = CARTESIAN_POINT('',(225.,-27.81627620952,-85.3685219915));
#905 = CARTESIAN_POINT('',(290.,-23.20917733265,-67.01377570615));
#906 = CARTESIAN_POINT('',(225.,-25.95648313722,-85.88102097343));
#907 = CARTESIAN_POINT('',(290.,-21.64946515884,-67.40129475714));
#908 = CARTESIAN_POINT('',(225.,-22.61340621082,-86.6318095277));
#909 = CARTESIAN_POINT('',(290.,-18.85188298695,-67.96833269618));
#910 = CARTESIAN_POINT('',(225.,-20.53945404992,-86.9816437475));
#911 = CARTESIAN_POINT('',(290.,-17.11963185436,-68.23216810725));
#912 = CARTESIAN_POINT('',(225.,-16.49624180205,-87.49853754785));
#913 = CARTESIAN_POINT('',(290.,-13.74615637455,-68.62197332487));
#914 = CARTESIAN_POINT('',(225.,-14.0667451278,-87.69170580465));
#915 = CARTESIAN_POINT('',(290.,-11.72096286541,-68.76754877607));
#916 = CARTESIAN_POINT('',(225.,-7.898495879914,-88.00048346979));
#917 = CARTESIAN_POINT('',(290.,-6.580737700364,-69.00037905624));
#918 = CARTESIAN_POINT('',(225.,-5.872821341796E-10,-87.99952860582));
#919 = CARTESIAN_POINT('',(290.,-5.020829030311E-10,-68.99963041144));
#920 = CARTESIAN_POINT('',(225.,7.898495878719,-88.00048346988));
#921 = CARTESIAN_POINT('',(290.,6.580737699344,-69.00037905632));
#922 = CARTESIAN_POINT('',(225.,14.066745127815,-87.69170580463));
#923 = CARTESIAN_POINT('',(290.,11.720962865423,-68.76754877605));
#924 = CARTESIAN_POINT('',(225.,16.496241802071,-87.4985375478));
#925 = CARTESIAN_POINT('',(290.,13.746156374567,-68.62197332482));
#926 = CARTESIAN_POINT('',(225.,20.539454049908,-86.98164374756));
#927 = CARTESIAN_POINT('',(290.,17.119631854358,-68.23216810728));
#928 = CARTESIAN_POINT('',(225.,22.61340621077,-86.63180952785));
#929 = CARTESIAN_POINT('',(290.,18.851882986915,-67.96833269632));
#930 = CARTESIAN_POINT('',(225.,25.956483137292,-85.88102097325));
#931 = CARTESIAN_POINT('',(290.,21.649465158872,-67.40129475706));
#932 = CARTESIAN_POINT('',(225.,27.816276209695,-85.36852199106));
#933 = CARTESIAN_POINT('',(290.,23.209177332784,-67.01377570574));
#934 = CARTESIAN_POINT('',(225.,30.687077931093,-84.39105648611));
#935 = CARTESIAN_POINT('',(290.,25.62449020012,-66.27277465362));
#936 = CARTESIAN_POINT('',(225.,32.378387278253,-83.70994647173));
#937 = CARTESIAN_POINT('',(290.,27.052528276477,-65.75504502103));
#938 = CARTESIAN_POINT('',(225.,34.878763395727,-82.5129888354));
#939 = CARTESIAN_POINT('',(290.,29.17355241904,-64.84157671356));
#940 = CARTESIAN_POINT('',(225.,36.415686127542,-81.66034038312));
#941 = CARTESIAN_POINT('',(290.,30.483868030579,-64.18798361329));
#942 = CARTESIAN_POINT('',(225.,38.604881642302,-80.24825312405));
#943 = CARTESIAN_POINT('',(290.,32.36157080469,-63.0996679646));
#944 = CARTESIAN_POINT('',(225.,39.988335257039,-79.22544541097));
#945 = CARTESIAN_POINT('',(290.,33.55561442842,-62.30662071688));
#946 = CARTESIAN_POINT('',(225.,41.906585626391,-77.59745082329));
#947 = CARTESIAN_POINT('',(290.,35.222789481211,-61.03602249057));
#948 = CARTESIAN_POINT('',(225.,43.132811969041,-76.41014873906));
#949 = CARTESIAN_POINT('',(290.,36.295873419616,-60.10282576986));
#950 = CARTESIAN_POINT('',(225.,44.809551422594,-74.55823159146));
#951 = CARTESIAN_POINT('',(290.,37.773698268696,-58.63693672029));
#952 = CARTESIAN_POINT('',(225.,45.874923739098,-73.21486442455));
#953 = CARTESIAN_POINT('',(290.,38.719023983578,-57.56587445728));
#954 = CARTESIAN_POINT('',(225.,47.331430490644,-71.12210797154));
#955 = CARTESIAN_POINT('',(290.,40.01976154143,-55.88599393775));
#956 = CARTESIAN_POINT('',(225.,48.234936024838,-69.63107459422));
#957 = CARTESIAN_POINT('',(290.,40.831393076849,-54.68119342459));
#958 = CARTESIAN_POINT('',(225.,49.485085604365,-67.27008541057));
#959 = CARTESIAN_POINT('',(290.,41.960150067114,-52.76236699777));
#960 = CARTESIAN_POINT('',(225.,50.228996818031,-65.63612476927));
#961 = CARTESIAN_POINT('',(290.,42.634915454,-51.42720435557));
#962 = CARTESIAN_POINT('',(225.,51.279888915405,-62.96593525887));
#963 = CARTESIAN_POINT('',(290.,43.591415275004,-49.23562957557));
#964 = CARTESIAN_POINT('',(225.,51.869264682536,-61.18550677726));
#965 = CARTESIAN_POINT('',(290.,44.129582291419,-47.76845415979));
#966 = CARTESIAN_POINT('',(225.,52.722325819341,-58.14330742602));
#967 = CARTESIAN_POINT('',(290.,44.909992895155,-45.25393784687));
#968 = CARTESIAN_POINT('',(225.,53.163939565713,-56.19718863856));
#969 = CARTESIAN_POINT('',(290.,45.314801694496,-43.64109818066));
#970 = CARTESIAN_POINT('',(225.,53.81676187501,-52.67384271612));
#971 = CARTESIAN_POINT('',(290.,45.913571354427,-40.7159153431));
#972 = CARTESIAN_POINT('',(225.,54.118041516538,-50.50890168785));
#973 = CARTESIAN_POINT('',(290.,46.190225199573,-38.91563495246));
#974 = CARTESIAN_POINT('',(225.,54.56618575454,-46.26413632918));
#975 = CARTESIAN_POINT('',(290.,46.601737157242,-35.3828284621));
#976 = CARTESIAN_POINT('',(225.,54.732334050387,-43.72944259543));
#977 = CARTESIAN_POINT('',(290.,46.754354331659,-33.27197262014));
#978 = CARTESIAN_POINT('',(225.,55.001583951731,-37.26329444158));
#979 = CARTESIAN_POINT('',(290.,47.001127197719,-27.88537952968));
#980 = CARTESIAN_POINT('',(225.,55.005092078052,-33.07055608517));
#981 = CARTESIAN_POINT('',(290.,47.00406462667,-24.39055357572));
#982 = CARTESIAN_POINT('',(225.,54.994907921948,-24.92944391482));
#983 = CARTESIAN_POINT('',(290.,46.99593537333,-17.60944642427));
#984 = DEFINITIONAL_REPRESENTATION('',(#985),#1688);
#985 = B_SPLINE_CURVE_WITH_KNOTS('',8,(#986,#987,#988,#989,#990,#991,
    #992,#993,#994,#995,#996,#997,#998,#999,#1000,#1001,#1002,#1003,
    #1004,#1005,#1006,#1007,#1008,#1009,#1010,#1011,#1012,#1013,#1014,
    #1015,#1016,#1017,#1018,#1019,#1020,#1021,#1022,#1023,#1024,#1025,
    #1026,#1027,#1028,#1029,#1030,#1031,#1032,#1033,#1034,#1035,#1036,
    #1037,#1038,#1039,#1040,#1041,#1042,#1043,#1044,#1045,#1046,#1047,
    #1048,#1049,#1050,#1051,#1052,#1053,#1054,#1055,#1056,#1057,#1058,
    #1059,#1060,#1061,#1062,#1063,#1064,#1065,#1066,#1067,#1068,#1069,
    #1070,#1071,#1072,#1073,#1074,#1075,#1076,#1077,#1078,#1079,#1080,
    #1081,#1082,#1083,#1084,#1085,#1086,#1087,#1088,#1089,#1090,#1091,
    #1092,#1093,#1094,#1095,#1096,#1097,#1098,#1099,#1100,#1101,#1102,
    #1103,#1104,#1105,#1106,#1107,#1108,#1109,#1110,#1111,#1112,#1113,
    #1114,#1115,#1116,#1117,#1118,#1119,#1120,#1121,#1122,#1123,#1124,
    #1125,#1126,#1127,#1128,#1129,#1130,#1131,#1132,#1133,#1134,#1135,
    #1136,#1137,#1138,#1139,#1140,#1141,#1142,#1143,#1144,#1145,#1146,
    #1147,#1148,#1149,#1150,#1151,#1152,#1153,#1154,#1155,#1156,#1157,
    #1158,#1159,#1160,#1161,#1162,#1163,#1164,#1165,#1166,#1167,#1168,
    #1169,#1170,#1171,#1172,#1173,#1174,#1175,#1176,#1177,#1178,#1179,
    #1180,#1181,#1182,#1183,#1184,#1185,#1186,#1187,#1188,#1189,#1190,
    #1191,#1192,#1193,#1194,#1195,#1196,#1197,#1198,#1199,#1200,#1201,
    #1202,#1203,#1204,#1205,#1206,#1207,#1208,#1209,#1210,#1211,#1212,
    #1213,#1214,#1215,#1216,#1217,#1218,#1219,#1220,#1221,#1222,#1223,
    #1224,#1225,#1226,#1227,#1228,#1229,#1230,#1231,#1232,#1233,#1234,
    #1235,#1236,#1237,#1238,#1239,#1240,#1241,#1242,#1243,#1244,#1245,
    #1246,#1247,#1248,#1249,#1250,#1251,#1252,#1253,#1254,#1255,#1256,
    #1257,#1258,#1259,#1260,#1261,#1262,#1263,#1264,#1265,#1266,#1267,
    #1268,#1269,#1270,#1271,#1272,#1273,#1274,#1275,#1276,#1277,#1278,
    #1279,#1280,#1281,#1282,#1283,#1284,#1285,#1286,#1287,#1288,#1289,
    #1290,#1291,#1292,#1293,#1294,#1295,#1296,#1297,#1298,#1299,#1300,
    #1301,#1302,#1303,#1304,#1305,#1306,#1307,#1308,#1309,#1310,#1311,
    #1312,#1313,#1314,#1315,#1316,#1317,#1318,#1319,#1320,#1321,#1322,
    #1323,#1324,#1325,#1326,#1327,#1328,#1329,#1330,#1331,#1332,#1333,
    #1334,#1335,#1336,#1337,#1338,#1339,#1340,#1341,#1342,#1343,#1344,
    #1345,#1346,#1347,#1348,#1349,#1350,#1351,#1352,#1353,#1354,#1355,
    #1356,#1357,#1358,#1359,#1360,#1361,#1362,#1363,#1364,#1365,#1366,
    #1367,#1368,#1369,#1370,#1371,#1372,#1373,#1374,#1375,#1376,#1377,
    #1378,#1379,#1380,#1381,#1382,#1383,#1384,#1385,#1386,#1387,#1388,
    #1389,#1390,#1391,#1392,#1393,#1394,#1395,#1396,#1397,#1398,#1399,
    #1400,#1401,#1402,#1403,#1404,#1405,#1406,#1407,#1408,#1409,#1410,
    #1411,#1412,#1413,#1414,#1415,#1416,#1417,#1418,#1419,#1420,#1421,
    #1422,#1423,#1424,#1425,#1426,#1427,#1428,#1429,#1430,#1431,#1432,
    #1433,#1434,#1435,#1436,#1437,#1438,#1439,#1440,#1441,#1442,#1443,
    #1444,#1445,#1446,#1447,#1448,#1449,#1450,#1451,#1452,#1453,#1454,
    #1455,#1456,#1457,#1458,#1459,#1460,#1461,#1462,#1463,#1464,#1465,
    #1466,#1467,#1468,#1469,#1470,#1471,#1472,#1473,#1474,#1475,#1476,
    #1477,#1478,#1479,#1480,#1481,#1482,#1483,#1484,#1485,#1486,#1487,
    #1488,#1489,#1490,#1491,#1492,#1493,#1494,#1495,#1496,#1497,#1498,
    #1499,#1500,#1501,#1502,#1503,#1504,#1505,#1506,#1507,#1508,#1509,
    #1510,#1511,#1512,#1513,#1514,#1515,#1516,#1517,#1518,#1519,#1520,
    #1521,#1522,#1523,#1524,#1525,#1526,#1527,#1528,#1529,#1530,#1531,
    #1532,#1533,#1534,#1535,#1536,#1537,#1538,#1539,#1540,#1541,#1542,
    #1543,#1544,#1545,#1546,#1547,#1548,#1549,#1550,#1551,#1552,#1553,
    #1554,#1555,#1556,#1557,#1558,#1559,#1560,#1561,#1562,#1563,#1564,
    #1565,#1566,#1567,#1568,#1569,#1570,#1571,#1572,#1573,#1574,#1575,
    #1576,#1577,#1578,#1579,#1580,#1581,#1582,#1583,#1584,#1585,#1586,
    #1587,#1588,#1589,#1590,#1591,#1592,#1593,#1594,#1595,#1596,#1597,
    #1598,#1599,#1600,#1601,#1602,#1603,#1604,#1605,#1606,#1607,#1608,
    #1609,#1610,#1611,#1612,#1613,#1614,#1615,#1616,#1617,#1618,#1619,
    #1620,#1621,#1622,#1623,#1624,#1625,#1626,#1627,#1628,#1629,#1630,
    #1631,#1632,#1633,#1634,#1635,#1636,#1637,#1638,#1639,#1640,#1641,
    #1642,#1643,#1644,#1645,#1646,#1647,#1648,#1649,#1650,#1651,#1652,
    #1653,#1654,#1655,#1656,#1657,#1658,#1659,#1660,#1661,#1662,#1663,
    #1664,#1665,#1666,#1667,#1668,#1669,#1670,#1671,#1672,#1673,#1674,
    #1675,#1676,#1677,#1678,#1679,#1680,#1681,#1682,#1683,#1684,#1685,
    #1686,#1687),.UNSPECIFIED.,.F.,.F.,(9,7,7,7,7,7,7,7,7,7,7,7,7,7,7,7,
    7,7,7,7,7,7,7,7,7,7,7,7,7,7,7,7,7,7,7,7,7,7,7,7,7,7,7,7,7,7,7,7,7,7,
    7,7,7,7,7,7,7,7,7,7,7,7,7,7,7,7,7,7,7,7,7,7,7,7,7,7,7,7,7,7,7,7,7,7,
    7,7,7,7,7,7,7,7,7,7,7,7,7,7,7,7,9),(0.,1.900092063408E-02,
    2.900850758218E-02,3.901439210112E-02,4.601727005449E-02,
    5.201974237643E-02,6.40246624682E-02,7.3028549973E-02,
    7.903109639091E-02,8.903566816338E-02,0.100040751566,0.107043932692,
    0.118049166525,0.129054311876,0.141059805416,0.150063912443,
    0.157067131703,0.167071531912,0.178076357847,0.18607969761,
    0.192082023306,0.20208585695,0.212089716506,0.21809203224,
    0.228095105396,0.23809794337,0.248100781344,0.259103769751,
    0.277106296302,0.288107341357,0.297108259775,0.310109953455,
    0.317110725843,0.324111509897,0.335112614962,0.344113606714,
    0.350114298938,0.360115412161,0.371116643151,0.378117462619,
    0.38811859053,0.39911983093,0.407120788083,0.416121744402,
    0.425122432137,0.432122885617,0.443123656692,0.454124241964,
    0.469124524186,0.485123427576,0.497123164489,0.509122831067,
    0.527120446762,0.538119193432,0.547118693388,0.553118368696,
    0.5631178146,0.574117143763,0.585116663441,0.596116219991,
    0.60411580716,0.616115358533,0.622115057758,0.6291147135,
    0.641114023627,0.650113493096,0.657113105353,0.667112352805,
    0.678111510718,0.68611072837,0.692109962575,0.702108643756,
    0.712107350837,0.718106575085,0.72810449617,0.738102182195,
    0.748099868219,0.75909718955,0.777090443921,0.788085822901,
    0.797082105407,0.81007710258,0.817074269229,0.824071447537,
    0.835066886496,0.844063242298,0.850060843873,0.860056806034,
    0.871052370852,0.878049584557,0.888045561418,0.899041133507,
    0.907037971185,0.916034300413,0.92503033162,0.932027161124,
    0.943022230112,0.954017204436,0.969012772348,0.984013116415,1.),
  .UNSPECIFIED.);
#986 = CARTESIAN_POINT('',(384.39773170318,0.461538461538));
#987 = CARTESIAN_POINT('',(383.4837155808,0.461538461538));
#988 = CARTESIAN_POINT('',(382.57013403134,0.461538461538));
#989 = CARTESIAN_POINT('',(381.65691904445,0.461538461538));
#990 = CARTESIAN_POINT('',(380.74400572396,0.461538461538));
#991 = CARTESIAN_POINT('',(379.83133219182,0.461538461538));
#992 = CARTESIAN_POINT('',(378.91883949213,0.461538461538));
#993 = CARTESIAN_POINT('',(378.00647149505,0.461538461538));
#994 = CARTESIAN_POINT('',(376.61367763619,0.461538461538));
#995 = CARTESIAN_POINT('',(376.13318047156,0.461538461538));
#996 = CARTESIAN_POINT('',(375.65268330693,0.461538461538));
#997 = CARTESIAN_POINT('',(375.1721861423,0.461538461538));
#998 = CARTESIAN_POINT('',(374.69168897767,0.461538461538));
#999 = CARTESIAN_POINT('',(374.21119181304,0.461538461538));
#1000 = CARTESIAN_POINT('',(373.73069464842,0.461538461538));
#1001 = CARTESIAN_POINT('',(372.76978205838,0.461538461538));
#1002 = CARTESIAN_POINT('',(372.28935016388,0.461538461538));
#1003 = CARTESIAN_POINT('',(371.80889415687,0.461538461538));
#1004 = CARTESIAN_POINT('',(371.32841067752,0.461538461538));
#1005 = CARTESIAN_POINT('',(370.84789959028,0.461538461538));
#1006 = CARTESIAN_POINT('',(370.36736273608,0.461538461538));
#1007 = CARTESIAN_POINT('',(369.88680249606,0.461538461538));
#1008 = CARTESIAN_POINT('',(369.06987215151,0.461538461538));
#1009 = CARTESIAN_POINT('',(368.73352413627,0.461538461538));
#1010 = CARTESIAN_POINT('',(368.39717612103,0.461538461538));
#1011 = CARTESIAN_POINT('',(368.06082810579,0.461538461538));
#1012 = CARTESIAN_POINT('',(367.72448009055,0.461538461538));
#1013 = CARTESIAN_POINT('',(367.38813207531,0.461538461538));
#1014 = CARTESIAN_POINT('',(367.05178406007,0.461538461538));
#1015 = CARTESIAN_POINT('',(366.42713748166,0.461538461538));
#1016 = CARTESIAN_POINT('',(366.13883902869,0.461538461538));
#1017 = CARTESIAN_POINT('',(365.85054077326,0.461538461538));
#1018 = CARTESIAN_POINT('',(365.56224271897,0.461538461538));
#1019 = CARTESIAN_POINT('',(365.27394478571,0.461538461538));
#1020 = CARTESIAN_POINT('',(364.98564680959,0.461538461538));
#1021 = CARTESIAN_POINT('',(364.69734854301,0.461538461538));
#1022 = CARTESIAN_POINT('',(363.83245305706,0.461538461538));
#1023 = CARTESIAN_POINT('',(363.2558564595,0.461538461538));
#1024 = CARTESIAN_POINT('',(362.67925986195,0.461538461538));
#1025 = CARTESIAN_POINT('',(362.10266326439,0.461538461538));
#1026 = CARTESIAN_POINT('',(361.52606666684,0.461538461538));
#1027 = CARTESIAN_POINT('',(360.94947006928,0.461538461538));
#1028 = CARTESIAN_POINT('',(360.37287347173,0.461538461538));
#1029 = CARTESIAN_POINT('',(359.36381994315,0.461538461538));
#1030 = CARTESIAN_POINT('',(358.93136354895,0.461538461538));
#1031 = CARTESIAN_POINT('',(358.49891465428,0.461538461538));
#1032 = CARTESIAN_POINT('',(358.06647314494,0.461538461538));
#1033 = CARTESIAN_POINT('',(357.63403479952,0.461538461538));
#1034 = CARTESIAN_POINT('',(357.20159425914,0.461538461538));
#1035 = CARTESIAN_POINT('',(356.76914799714,0.461538461538));
#1036 = CARTESIAN_POINT('',(356.04839899007,0.461538461538));
#1037 = CARTESIAN_POINT('',(355.76010069129,0.461538461538));
#1038 = CARTESIAN_POINT('',(355.47180239251,0.461538461538));
#1039 = CARTESIAN_POINT('',(355.18350409374,0.461538461538));
#1040 = CARTESIAN_POINT('',(354.89520579496,0.461538461538));
#1041 = CARTESIAN_POINT('',(354.60690749618,0.461538461538));
#1042 = CARTESIAN_POINT('',(354.3186091974,0.461538461538));
#1043 = CARTESIAN_POINT('',(353.54979799274,0.461538461538));
#1044 = CARTESIAN_POINT('',(353.06929048835,0.461538461538));
#1045 = CARTESIAN_POINT('',(352.58880015262,0.461538461538));
#1046 = CARTESIAN_POINT('',(352.10831744268,0.461538461538));
#1047 = CARTESIAN_POINT('',(351.62783083445,0.461538461538));
#1048 = CARTESIAN_POINT('',(351.14733633054,0.461538461538));
#1049 = CARTESIAN_POINT('',(350.66683714743,0.461538461538));
#1050 = CARTESIAN_POINT('',(349.65777704389,0.461538461538));
#1051 = CARTESIAN_POINT('',(349.12921788427,0.461538461538));
#1052 = CARTESIAN_POINT('',(348.60064913367,0.461538461538));
#1053 = CARTESIAN_POINT('',(348.07210815425,0.461538461538));
#1054 = CARTESIAN_POINT('',(347.54358410165,0.461538461538));
#1055 = CARTESIAN_POINT('',(347.01504890293,0.461538461538));
#1056 = CARTESIAN_POINT('',(346.4865069281,0.461538461538));
#1057 = CARTESIAN_POINT('',(345.62161213638,0.461538461538));
#1058 = CARTESIAN_POINT('',(345.2852616798,0.461538461538));
#1059 = CARTESIAN_POINT('',(344.94890951652,0.461538461538));
#1060 = CARTESIAN_POINT('',(344.61255755625,0.461538461538));
#1061 = CARTESIAN_POINT('',(344.27620726502,0.461538461538));
#1062 = CARTESIAN_POINT('',(343.93985966522,0.461538461538));
#1063 = CARTESIAN_POINT('',(343.60351533552,0.461538461538));
#1064 = CARTESIAN_POINT('',(342.73862738976,0.461538461538));
#1065 = CARTESIAN_POINT('',(342.21008063369,0.461538461538));
#1066 = CARTESIAN_POINT('',(341.68153555153,0.461538461538));
#1067 = CARTESIAN_POINT('',(341.15298687248,0.461538461538));
#1068 = CARTESIAN_POINT('',(340.62443721965,0.461538461538));
#1069 = CARTESIAN_POINT('',(340.09589202295,0.461538461538));
#1070 = CARTESIAN_POINT('',(339.56734936604,0.461538461538));
#1071 = CARTESIAN_POINT('',(338.51025360793,0.461538461538));
#1072 = CARTESIAN_POINT('',(337.98170595627,0.461538461538));
#1073 = CARTESIAN_POINT('',(337.45315846019,0.461538461538));
#1074 = CARTESIAN_POINT('',(336.92461072689,0.461538461538));
#1075 = CARTESIAN_POINT('',(336.39606393238,0.461538461538));
#1076 = CARTESIAN_POINT('',(335.86751863548,0.461538461538));
#1077 = CARTESIAN_POINT('',(335.33897253493,0.461538461538));
#1078 = CARTESIAN_POINT('',(334.2338319963,0.461538461538));
#1079 = CARTESIAN_POINT('',(333.6572325149,0.461538461538));
#1080 = CARTESIAN_POINT('',(333.08062930039,0.461538461538));
#1081 = CARTESIAN_POINT('',(332.50403494131,0.461538461538));
#1082 = CARTESIAN_POINT('',(331.92744396454,0.461538461538));
#1083 = CARTESIAN_POINT('',(331.35084677475,0.461538461538));
#1084 = CARTESIAN_POINT('',(330.77424788025,0.461538461538));
#1085 = CARTESIAN_POINT('',(329.76520490311,0.461538461538));
#1086 = CARTESIAN_POINT('',(329.3327558898,0.461538461538));
#1087 = CARTESIAN_POINT('',(328.90030819228,0.461538461538));
#1088 = CARTESIAN_POINT('',(328.46786192279,0.461538461538));
#1089 = CARTESIAN_POINT('',(328.0354154659,0.461538461538));
#1090 = CARTESIAN_POINT('',(327.60296733787,0.461538461538));
#1091 = CARTESIAN_POINT('',(327.17051804595,0.461538461538));
#1092 = CARTESIAN_POINT('',(326.40172378627,0.461538461538));
#1093 = CARTESIAN_POINT('',(326.06537580887,0.461538461538));
#1094 = CARTESIAN_POINT('',(325.72902789155,0.461538461538));
#1095 = CARTESIAN_POINT('',(325.39267995262,0.461538461538));
#1096 = CARTESIAN_POINT('',(325.05633195263,0.461538461538));
#1097 = CARTESIAN_POINT('',(324.7199838944,0.461538461538));
#1098 = CARTESIAN_POINT('',(324.383635823,0.461538461538));
#1099 = CARTESIAN_POINT('',(323.56680023157,0.461538461538));
#1100 = CARTESIAN_POINT('',(323.08631558502,0.461538461538));
#1101 = CARTESIAN_POINT('',(322.60582906445,0.461538461538));
#1102 = CARTESIAN_POINT('',(322.12532996393,0.461538461538));
#1103 = CARTESIAN_POINT('',(321.64481777493,0.461538461538));
#1104 = CARTESIAN_POINT('',(321.16430477658,0.461538461538));
#1105 = CARTESIAN_POINT('',(320.68380513457,0.461538461538));
#1106 = CARTESIAN_POINT('',(319.67476710689,0.461538461538));
#1107 = CARTESIAN_POINT('',(319.14623053675,0.461538461538));
#1108 = CARTESIAN_POINT('',(318.61770124522,0.461538461538));
#1109 = CARTESIAN_POINT('',(318.08917752778,0.461538461538));
#1110 = CARTESIAN_POINT('',(317.56063007608,0.461538461538));
#1111 = CARTESIAN_POINT('',(317.03205397402,0.461538461538));
#1112 = CARTESIAN_POINT('',(316.50349354587,0.461538461538));
#1113 = CARTESIAN_POINT('',(315.59053774482,0.461538461538));
#1114 = CARTESIAN_POINT('',(315.20614012762,0.461538461538));
#1115 = CARTESIAN_POINT('',(314.82174245616,0.461538461538));
#1116 = CARTESIAN_POINT('',(314.43734465892,0.461538461538));
#1117 = CARTESIAN_POINT('',(314.05294674508,0.461538461538));
#1118 = CARTESIAN_POINT('',(313.66854880452,0.461538461538));
#1119 = CARTESIAN_POINT('',(313.28415100785,0.461538461538));
#1120 = CARTESIAN_POINT('',(312.61146415868,0.461538461538));
#1121 = CARTESIAN_POINT('',(312.32316986018,0.461538461538));
#1122 = CARTESIAN_POINT('',(312.03487192691,0.461538461538));
#1123 = CARTESIAN_POINT('',(311.74657153082,0.461538461538));
#1124 = CARTESIAN_POINT('',(311.45826979985,0.461538461538));
#1125 = CARTESIAN_POINT('',(311.16996781787,0.461538461538));
#1126 = CARTESIAN_POINT('',(310.88166662471,0.461538461538));
#1127 = CARTESIAN_POINT('',(310.11287024401,0.461538461538));
#1128 = CARTESIAN_POINT('',(309.63237331826,0.461538461538));
#1129 = CARTESIAN_POINT('',(309.15187507007,0.461538461538));
#1130 = CARTESIAN_POINT('',(308.67137783555,0.461538461538));
#1131 = CARTESIAN_POINT('',(308.19088209183,0.461538461538));
#1132 = CARTESIAN_POINT('',(307.71038539487,0.461538461538));
#1133 = CARTESIAN_POINT('',(307.22988581915,0.461538461538));
#1134 = CARTESIAN_POINT('',(306.26889273451,0.461538461538));
#1135 = CARTESIAN_POINT('',(305.78839556988,0.461538461538));
#1136 = CARTESIAN_POINT('',(305.30789840525,0.461538461538));
#1137 = CARTESIAN_POINT('',(304.82740124062,0.461538461538));
#1138 = CARTESIAN_POINT('',(304.34690407599,0.461538461538));
#1139 = CARTESIAN_POINT('',(303.86640691136,0.461538461538));
#1140 = CARTESIAN_POINT('',(303.38590974673,0.461538461538));
#1141 = CARTESIAN_POINT('',(302.61711428332,0.461538461538));
#1142 = CARTESIAN_POINT('',(302.32881598455,0.461538461538));
#1143 = CARTESIAN_POINT('',(302.04051768577,0.461538461538));
#1144 = CARTESIAN_POINT('',(301.75221938699,0.461538461538));
#1145 = CARTESIAN_POINT('',(301.46392108822,0.461538461538));
#1146 = CARTESIAN_POINT('',(301.17562278944,0.461538461538));
#1147 = CARTESIAN_POINT('',(300.88732449066,0.461538461538));
#1148 = CARTESIAN_POINT('',(300.11856679897,0.461538461538));
#1149 = CARTESIAN_POINT('',(299.63809331393,0.461538461538));
#1150 = CARTESIAN_POINT('',(299.15759882479,0.461538461538));
#1151 = CARTESIAN_POINT('',(298.67709174852,0.461538461538));
#1152 = CARTESIAN_POINT('',(298.19658106293,0.461538461538));
#1153 = CARTESIAN_POINT('',(297.71606987661,0.461538461538));
#1154 = CARTESIAN_POINT('',(297.23555733671,0.461538461538));
#1155 = CARTESIAN_POINT('',(296.27455171022,0.461538461538));
#1156 = CARTESIAN_POINT('',(295.79405454559,0.461538461538));
#1157 = CARTESIAN_POINT('',(295.31355738096,0.461538461538));
#1158 = CARTESIAN_POINT('',(294.83306021634,0.461538461538));
#1159 = CARTESIAN_POINT('',(294.35256305171,0.461538461538));
#1160 = CARTESIAN_POINT('',(293.87206588708,0.461538461538));
#1161 = CARTESIAN_POINT('',(293.39156872245,0.461538461538));
#1162 = CARTESIAN_POINT('',(292.43057439319,0.461538461538));
#1163 = CARTESIAN_POINT('',(291.95007722856,0.461538461538));
#1164 = CARTESIAN_POINT('',(291.46958006393,0.461538461538));
#1165 = CARTESIAN_POINT('',(290.9890828993,0.461538461538));
#1166 = CARTESIAN_POINT('',(290.50858573467,0.461538461538));
#1167 = CARTESIAN_POINT('',(290.02808857005,0.461538461538));
#1168 = CARTESIAN_POINT('',(289.54759140542,0.461538461538));
#1169 = CARTESIAN_POINT('',(288.53855376602,0.461538461538));
#1170 = CARTESIAN_POINT('',(288.01001536905,0.461538461538));
#1171 = CARTESIAN_POINT('',(287.48147713829,0.461538461538));
#1172 = CARTESIAN_POINT('',(286.95293707656,0.461538461538));
#1173 = CARTESIAN_POINT('',(286.42439307322,0.461538461538));
#1174 = CARTESIAN_POINT('',(285.89584318632,0.461538461538));
#1175 = CARTESIAN_POINT('',(285.36728579627,0.461538461538));
#1176 = CARTESIAN_POINT('',(283.97390556372,0.461538461538));
#1177 = CARTESIAN_POINT('',(283.10907067558,0.461538461538));
#1178 = CARTESIAN_POINT('',(282.24420586159,0.461538461538));
#1179 = CARTESIAN_POINT('',(281.37930860412,0.461538461538));
#1180 = CARTESIAN_POINT('',(280.51438253467,0.461538461538));
#1181 = CARTESIAN_POINT('',(279.64943743459,0.461538461538));
#1182 = CARTESIAN_POINT('',(278.78448923578,0.461538461538));
#1183 = CARTESIAN_POINT('',(277.39101614008,0.461538461538));
#1184 = CARTESIAN_POINT('',(276.86246849473,0.461538461538));
#1185 = CARTESIAN_POINT('',(276.33390985626,0.461538461538));
#1186 = CARTESIAN_POINT('',(275.80537192105,0.461538461538));
#1187 = CARTESIAN_POINT('',(275.27683512805,0.461538461538));
#1188 = CARTESIAN_POINT('',(274.74827771361,0.461538461538));
#1189 = CARTESIAN_POINT('',(274.21972813243,0.461538461538));
#1190 = CARTESIAN_POINT('',(273.25873752449,0.461538461538));
#1191 = CARTESIAN_POINT('',(272.82629007633,0.461538461538));
#1192 = CARTESIAN_POINT('',(272.39384262816,0.461538461538));
#1193 = CARTESIAN_POINT('',(271.96139518,0.461538461538));
#1194 = CARTESIAN_POINT('',(271.52894773183,0.461538461538));
#1195 = CARTESIAN_POINT('',(271.09650028366,0.461538461538));
#1196 = CARTESIAN_POINT('',(270.6640528355,0.461538461538));
#1197 = CARTESIAN_POINT('',(269.60694143716,0.461538461538));
#1198 = CARTESIAN_POINT('',(268.98228706029,0.461538461538));
#1199 = CARTESIAN_POINT('',(268.35767289698,0.461538461538));
#1200 = CARTESIAN_POINT('',(267.73303862596,0.461538461538));
#1201 = CARTESIAN_POINT('',(267.10840484371,0.461538461538));
#1202 = CARTESIAN_POINT('',(266.48375442797,0.461538461538));
#1203 = CARTESIAN_POINT('',(265.85909495924,0.461538461538));
#1204 = CARTESIAN_POINT('',(264.89808615201,0.461538461538));
#1205 = CARTESIAN_POINT('',(264.56173848926,0.461538461538));
#1206 = CARTESIAN_POINT('',(264.22539104986,0.461538461538));
#1207 = CARTESIAN_POINT('',(263.88904332311,0.461538461538));
#1208 = CARTESIAN_POINT('',(263.55269512473,0.461538461538));
#1209 = CARTESIAN_POINT('',(263.21634659687,0.461538461538));
#1210 = CARTESIAN_POINT('',(262.87999820806,0.461538461538));
#1211 = CARTESIAN_POINT('',(262.20730273803,0.461538461538));
#1212 = CARTESIAN_POINT('',(261.87095472279,0.461538461538));
#1213 = CARTESIAN_POINT('',(261.53460670755,0.461538461538));
#1214 = CARTESIAN_POINT('',(261.19825869231,0.461538461538));
#1215 = CARTESIAN_POINT('',(260.86191067707,0.461538461538));
#1216 = CARTESIAN_POINT('',(260.52556266183,0.461538461538));
#1217 = CARTESIAN_POINT('',(260.18921464659,0.461538461538));
#1218 = CARTESIAN_POINT('',(259.32432585278,0.461538461538));
#1219 = CARTESIAN_POINT('',(258.79576967533,0.461538461538));
#1220 = CARTESIAN_POINT('',(258.26721779011,0.461538461538));
#1221 = CARTESIAN_POINT('',(257.73868098542,0.461538461538));
#1222 = CARTESIAN_POINT('',(257.21014071115,0.461538461538));
#1223 = CARTESIAN_POINT('',(256.6815848342,0.461538461538));
#1224 = CARTESIAN_POINT('',(256.15303382092,0.461538461538));
#1225 = CARTESIAN_POINT('',(255.19204372404,0.461538461538));
#1226 = CARTESIAN_POINT('',(254.7595955776,0.461538461538));
#1227 = CARTESIAN_POINT('',(254.32714888486,0.461538461538));
#1228 = CARTESIAN_POINT('',(253.89470287591,0.461538461538));
#1229 = CARTESIAN_POINT('',(253.46225586972,0.461538461538));
#1230 = CARTESIAN_POINT('',(253.02980687445,0.461538461538));
#1231 = CARTESIAN_POINT('',(252.59735718778,0.461538461538));
#1232 = CARTESIAN_POINT('',(251.87661371152,0.461538461538));
#1233 = CARTESIAN_POINT('',(251.58831536649,0.461538461538));
#1234 = CARTESIAN_POINT('',(251.30001703321,0.461538461538));
#1235 = CARTESIAN_POINT('',(251.01171874813,0.461538461538));
#1236 = CARTESIAN_POINT('',(250.72342051307,0.461538461538));
#1237 = CARTESIAN_POINT('',(250.43512229524,0.461538461538));
#1238 = CARTESIAN_POINT('',(250.14682402724,0.461538461538));
#1239 = CARTESIAN_POINT('',(249.37803018515,0.461538461538));
#1240 = CARTESIAN_POINT('',(248.89752909201,0.461538461538));
#1241 = CARTESIAN_POINT('',(248.41703297253,0.461538461538));
#1242 = CARTESIAN_POINT('',(247.93653849999,0.461538461538));
#1243 = CARTESIAN_POINT('',(247.45604132387,0.461538461538));
#1244 = CARTESIAN_POINT('',(246.97554193461,0.461538461538));
#1245 = CARTESIAN_POINT('',(246.49504444525,0.461538461538));
#1246 = CARTESIAN_POINT('',(245.48600220965,0.461538461538));
#1247 = CARTESIAN_POINT('',(244.95745254285,0.461538461538));
#1248 = CARTESIAN_POINT('',(244.42890637023,0.461538461538));
#1249 = CARTESIAN_POINT('',(243.90036270766,0.461538461538));
#1250 = CARTESIAN_POINT('',(243.37181645056,0.461538461538));
#1251 = CARTESIAN_POINT('',(242.8432662962,0.461538461538));
#1252 = CARTESIAN_POINT('',(242.314717865,0.461538461538));
#1253 = CARTESIAN_POINT('',(241.4498249277,0.461538461538));
#1254 = CARTESIAN_POINT('',(241.11347703827,0.461538461538));
#1255 = CARTESIAN_POINT('',(240.77712925206,0.461538461538));
#1256 = CARTESIAN_POINT('',(240.44078136929,0.461538461538));
#1257 = CARTESIAN_POINT('',(240.1044333114,0.461538461538));
#1258 = CARTESIAN_POINT('',(239.76808512102,0.461538461538));
#1259 = CARTESIAN_POINT('',(239.431736962,0.461538461538));
#1260 = CARTESIAN_POINT('',(238.61489425555,0.461538461538));
#1261 = CARTESIAN_POINT('',(238.13439235442,0.461538461538));
#1262 = CARTESIAN_POINT('',(237.65389676852,0.461538461538));
#1263 = CARTESIAN_POINT('',(237.17340218676,0.461538461538));
#1264 = CARTESIAN_POINT('',(236.69290379776,0.461538461538));
#1265 = CARTESIAN_POINT('',(236.21240446043,0.461538461538));
#1266 = CARTESIAN_POINT('',(235.73190988183,0.461538461538));
#1267 = CARTESIAN_POINT('',(234.72286392941,0.461538461538));
#1268 = CARTESIAN_POINT('',(234.19432014256,0.461538461538));
#1269 = CARTESIAN_POINT('',(233.66578202314,0.461538461538));
#1270 = CARTESIAN_POINT('',(233.13725489927,0.461538461538));
#1271 = CARTESIAN_POINT('',(232.60871347287,0.461538461538));
#1272 = CARTESIAN_POINT('',(232.08014719249,0.461538461538));
#1273 = CARTESIAN_POINT('',(231.55158970927,0.461538461538));
#1274 = CARTESIAN_POINT('',(230.63863195943,0.461538461538));
#1275 = CARTESIAN_POINT('',(230.25423090122,0.461538461538));
#1276 = CARTESIAN_POINT('',(229.86983370938,0.461538461538));
#1277 = CARTESIAN_POINT('',(229.48543972276,0.461538461538));
#1278 = CARTESIAN_POINT('',(229.10104748861,0.461538461538));
#1279 = CARTESIAN_POINT('',(228.71665476262,0.461538461538));
#1280 = CARTESIAN_POINT('',(228.3322585089,0.461538461538));
#1281 = CARTESIAN_POINT('',(227.5154066283,0.461538461538));
#1282 = CARTESIAN_POINT('',(227.08296004923,0.461538461538));
#1283 = CARTESIAN_POINT('',(226.65051311905,0.461538461538));
#1284 = CARTESIAN_POINT('',(226.21806541616,0.461538461538));
#1285 = CARTESIAN_POINT('',(225.78561742851,0.461538461538));
#1286 = CARTESIAN_POINT('',(225.35316984098,0.461538461538));
#1287 = CARTESIAN_POINT('',(224.92072282274,0.461538461538));
#1288 = CARTESIAN_POINT('',(224.05584071059,0.461538461538));
#1289 = CARTESIAN_POINT('',(223.62340921716,0.461538461538));
#1290 = CARTESIAN_POINT('',(223.19096967084,0.461538461538));
#1291 = CARTESIAN_POINT('',(222.75851974024,0.461538461538));
#1292 = CARTESIAN_POINT('',(222.32606265929,0.461538461538));
#1293 = CARTESIAN_POINT('',(221.89360396037,0.461538461538));
#1294 = CARTESIAN_POINT('',(221.46114820747,0.461538461538));
#1295 = CARTESIAN_POINT('',(220.69234771408,0.461538461538));
#1296 = CARTESIAN_POINT('',(220.35599969884,0.461538461538));
#1297 = CARTESIAN_POINT('',(220.0196516836,0.461538461538));
#1298 = CARTESIAN_POINT('',(219.68330366836,0.461538461538));
#1299 = CARTESIAN_POINT('',(219.34695565312,0.461538461538));
#1300 = CARTESIAN_POINT('',(219.01060763788,0.461538461538));
#1301 = CARTESIAN_POINT('',(218.67425962264,0.461538461538));
#1302 = CARTESIAN_POINT('',(217.8093619173,0.461538461538));
#1303 = CARTESIAN_POINT('',(217.28082174119,0.461538461538));
#1304 = CARTESIAN_POINT('',(216.75227085641,0.461538461538));
#1305 = CARTESIAN_POINT('',(216.223722387,0.461538461538));
#1306 = CARTESIAN_POINT('',(215.6951772784,0.461538461538));
#1307 = CARTESIAN_POINT('',(215.16663002225,0.461538461538));
#1308 = CARTESIAN_POINT('',(214.63808421805,0.461538461538));
#1309 = CARTESIAN_POINT('',(213.58099782649,0.461538461538));
#1310 = CARTESIAN_POINT('',(213.05246268029,0.461538461538));
#1311 = CARTESIAN_POINT('',(212.52393268815,0.461538461538));
#1312 = CARTESIAN_POINT('',(211.99539992902,0.461538461538));
#1313 = CARTESIAN_POINT('',(211.46684972503,0.461538461538));
#1314 = CARTESIAN_POINT('',(210.93828350203,0.461538461538));
#1315 = CARTESIAN_POINT('',(210.40972355688,0.461538461538));
#1316 = CARTESIAN_POINT('',(209.16041986933,0.461538461538));
#1317 = CARTESIAN_POINT('',(208.43968040182,0.461538461538));
#1318 = CARTESIAN_POINT('',(207.71894132155,0.461538461538));
#1319 = CARTESIAN_POINT('',(206.99822390242,0.461538461538));
#1320 = CARTESIAN_POINT('',(206.27747952847,0.461538461538));
#1321 = CARTESIAN_POINT('',(205.55676012238,0.461538461538));
#1322 = CARTESIAN_POINT('',(204.83599021686,0.461538461538));
#1323 = CARTESIAN_POINT('',(203.34641503292,0.461538461538));
#1324 = CARTESIAN_POINT('',(202.57760749714,0.461538461538));
#1325 = CARTESIAN_POINT('',(201.8087884294,0.461538461538));
#1326 = CARTESIAN_POINT('',(201.03997003399,0.461538461538));
#1327 = CARTESIAN_POINT('',(200.2711612171,0.461538461538));
#1328 = CARTESIAN_POINT('',(199.50236758678,0.461538461538));
#1329 = CARTESIAN_POINT('',(198.73359145291,0.461538461538));
#1330 = CARTESIAN_POINT('',(197.38823522958,0.461538461538));
#1331 = CARTESIAN_POINT('',(196.81163863202,0.461538461538));
#1332 = CARTESIAN_POINT('',(196.23504203447,0.461538461538));
#1333 = CARTESIAN_POINT('',(195.65844543691,0.461538461538));
#1334 = CARTESIAN_POINT('',(195.08184883936,0.461538461538));
#1335 = CARTESIAN_POINT('',(194.5052522418,0.461538461538));
#1336 = CARTESIAN_POINT('',(193.92865564425,0.461538461538));
#1337 = CARTESIAN_POINT('',(192.77546582887,0.461538461538));
#1338 = CARTESIAN_POINT('',(192.19887566837,0.461538461538));
#1339 = CARTESIAN_POINT('',(191.62228578612,0.461538461538));
#1340 = CARTESIAN_POINT('',(191.04569592311,0.461538461538));
#1341 = CARTESIAN_POINT('',(190.46910219598,0.461538461538));
#1342 = CARTESIAN_POINT('',(189.89250428275,0.461538461538));
#1343 = CARTESIAN_POINT('',(189.31589938226,0.461538461538));
#1344 = CARTESIAN_POINT('',(187.87445713121,0.461538461538));
#1345 = CARTESIAN_POINT('',(187.0096118036,0.461538461538));
#1346 = CARTESIAN_POINT('',(186.14474382195,0.461538461538));
#1347 = CARTESIAN_POINT('',(185.27985085505,0.461538461538));
#1348 = CARTESIAN_POINT('',(184.41493470237,0.461538461538));
#1349 = CARTESIAN_POINT('',(183.55000129461,0.461538461538));
#1350 = CARTESIAN_POINT('',(182.68506069415,0.461538461538));
#1351 = CARTESIAN_POINT('',(181.29154677148,0.461538461538));
#1352 = CARTESIAN_POINT('',(180.76297173398,0.461538461538));
#1353 = CARTESIAN_POINT('',(180.23439616891,0.461538461538));
#1354 = CARTESIAN_POINT('',(179.70584009596,0.461538461538));
#1355 = CARTESIAN_POINT('',(179.17730770994,0.461538461538));
#1356 = CARTESIAN_POINT('',(178.64878719785,0.461538461538));
#1357 = CARTESIAN_POINT('',(178.12026807047,0.461538461538));
#1358 = CARTESIAN_POINT('',(177.1593045987,0.461538461538));
#1359 = CARTESIAN_POINT('',(176.72685715053,0.461538461538));
#1360 = CARTESIAN_POINT('',(176.29440970236,0.461538461538));
#1361 = CARTESIAN_POINT('',(175.8619622542,0.461538461538));
#1362 = CARTESIAN_POINT('',(175.42951480603,0.461538461538));
#1363 = CARTESIAN_POINT('',(174.99706735787,0.461538461538));
#1364 = CARTESIAN_POINT('',(174.5646199097,0.461538461538));
#1365 = CARTESIAN_POINT('',(173.84387374609,0.461538461538));
#1366 = CARTESIAN_POINT('',(173.55557540337,0.461538461538));
#1367 = CARTESIAN_POINT('',(173.26727729253,0.461538461538));
#1368 = CARTESIAN_POINT('',(172.97897928393,0.461538461538));
#1369 = CARTESIAN_POINT('',(172.69068125912,0.461538461538));
#1370 = CARTESIAN_POINT('',(172.40238311089,0.461538461538));
#1371 = CARTESIAN_POINT('',(172.11408474323,0.461538461538));
#1372 = CARTESIAN_POINT('',(171.34528890669,0.461538461538));
#1373 = CARTESIAN_POINT('',(170.86479174206,0.461538461538));
#1374 = CARTESIAN_POINT('',(170.38429457743,0.461538461538));
#1375 = CARTESIAN_POINT('',(169.9037974128,0.461538461538));
#1376 = CARTESIAN_POINT('',(169.42330024817,0.461538461538));
#1377 = CARTESIAN_POINT('',(168.94280308354,0.461538461538));
#1378 = CARTESIAN_POINT('',(168.46230591891,0.461538461538));
#1379 = CARTESIAN_POINT('',(167.45326482035,0.461538461538));
#1380 = CARTESIAN_POINT('',(166.9247175426,0.461538461538));
#1381 = CARTESIAN_POINT('',(166.39615868427,0.461538461538));
#1382 = CARTESIAN_POINT('',(165.86762002416,0.461538461538));
#1383 = CARTESIAN_POINT('',(165.33908367924,0.461538461538));
#1384 = CARTESIAN_POINT('',(164.8105273864,0.461538461538));
#1385 = CARTESIAN_POINT('',(164.2819764055,0.461538461538));
#1386 = CARTESIAN_POINT('',(163.22488185095,0.461538461538));
#1387 = CARTESIAN_POINT('',(162.69634140213,0.461538461538));
#1388 = CARTESIAN_POINT('',(162.16780196654,0.461538461538));
#1389 = CARTESIAN_POINT('',(161.63924358525,0.461538461538));
#1390 = CARTESIAN_POINT('',(161.11069043543,0.461538461538));
#1391 = CARTESIAN_POINT('',(160.5821565675,0.461538461538));
#1392 = CARTESIAN_POINT('',(160.0536071452,0.461538461538));
#1393 = CARTESIAN_POINT('',(158.99650839658,0.461538461538));
#1394 = CARTESIAN_POINT('',(158.46796480894,0.461538461538));
#1395 = CARTESIAN_POINT('',(157.93942445318,0.461538461538));
#1396 = CARTESIAN_POINT('',(157.41087248189,0.461538461538));
#1397 = CARTESIAN_POINT('',(156.88231750907,0.461538461538));
#1398 = CARTESIAN_POINT('',(156.35377421558,0.461538461538));
#1399 = CARTESIAN_POINT('',(155.82523645315,0.461538461538));
#1400 = CARTESIAN_POINT('',(154.91228587915,0.461538461538));
#1401 = CARTESIAN_POINT('',(154.52788813987,0.461538461538));
#1402 = CARTESIAN_POINT('',(154.14349040217,0.461538461538));
#1403 = CARTESIAN_POINT('',(153.75909267225,0.461538461538));
#1404 = CARTESIAN_POINT('',(153.37469495061,0.461538461538));
#1405 = CARTESIAN_POINT('',(152.99029723201,0.461538461538));
#1406 = CARTESIAN_POINT('',(152.60589950552,0.461538461538));
#1407 = CARTESIAN_POINT('',(151.64489692917,0.461538461538));
#1408 = CARTESIAN_POINT('',(151.06829586271,0.461538461538));
#1409 = CARTESIAN_POINT('',(150.4917232798,0.461538461538));
#1410 = CARTESIAN_POINT('',(149.91513944552,0.461538461538));
#1411 = CARTESIAN_POINT('',(149.33854599899,0.461538461538));
#1412 = CARTESIAN_POINT('',(148.76193884695,0.461538461538));
#1413 = CARTESIAN_POINT('',(148.18533187909,0.461538461538));
#1414 = CARTESIAN_POINT('',(147.3204311956,0.461538461538));
#1415 = CARTESIAN_POINT('',(147.03213293583,0.461538461538));
#1416 = CARTESIAN_POINT('',(146.74383439281,0.461538461538));
#1417 = CARTESIAN_POINT('',(146.45553573923,0.461538461538));
#1418 = CARTESIAN_POINT('',(146.16723712237,0.461538461538));
#1419 = CARTESIAN_POINT('',(145.8789386641,0.461538461538));
#1420 = CARTESIAN_POINT('',(145.59064046089,0.461538461538));
#1421 = CARTESIAN_POINT('',(144.96599474117,0.461538461538));
#1422 = CARTESIAN_POINT('',(144.62964658215,0.461538461538));
#1423 = CARTESIAN_POINT('',(144.29329839177,0.461538461538));
#1424 = CARTESIAN_POINT('',(143.95695033388,0.461538461538));
#1425 = CARTESIAN_POINT('',(143.62060245111,0.461538461538));
#1426 = CARTESIAN_POINT('',(143.2842546649,0.461538461538));
#1427 = CARTESIAN_POINT('',(142.94790677547,0.461538461538));
#1428 = CARTESIAN_POINT('',(142.03496614443,0.461538461538));
#1429 = CARTESIAN_POINT('',(141.45836666326,0.461538461538));
#1430 = CARTESIAN_POINT('',(140.88176344925,0.461538461538));
#1431 = CARTESIAN_POINT('',(140.30516908988,0.461538461538));
#1432 = CARTESIAN_POINT('',(139.72857811253,0.461538461538));
#1433 = CARTESIAN_POINT('',(139.15198092288,0.461538461538));
#1434 = CARTESIAN_POINT('',(138.57538202901,0.461538461538));
#1435 = CARTESIAN_POINT('',(137.56633905153,0.461538461538));
#1436 = CARTESIAN_POINT('',(137.13389003819,0.461538461538));
#1437 = CARTESIAN_POINT('',(136.70144234067,0.461538461538));
#1438 = CARTESIAN_POINT('',(136.2689960712,0.461538461538));
#1439 = CARTESIAN_POINT('',(135.83654961433,0.461538461538));
#1440 = CARTESIAN_POINT('',(135.40410148628,0.461538461538));
#1441 = CARTESIAN_POINT('',(134.97165219433,0.461538461538));
#1442 = CARTESIAN_POINT('',(134.20285793467,0.461538461538));
#1443 = CARTESIAN_POINT('',(133.86650995727,0.461538461538));
#1444 = CARTESIAN_POINT('',(133.53016203996,0.461538461538));
#1445 = CARTESIAN_POINT('',(133.19381410103,0.461538461538));
#1446 = CARTESIAN_POINT('',(132.85746610104,0.461538461538));
#1447 = CARTESIAN_POINT('',(132.52111804281,0.461538461538));
#1448 = CARTESIAN_POINT('',(132.18476997141,0.461538461538));
#1449 = CARTESIAN_POINT('',(131.36793437989,0.461538461538));
#1450 = CARTESIAN_POINT('',(130.88744973321,0.461538461538));
#1451 = CARTESIAN_POINT('',(130.40696321252,0.461538461538));
#1452 = CARTESIAN_POINT('',(129.92646411195,0.461538461538));
#1453 = CARTESIAN_POINT('',(129.44595192298,0.461538461538));
#1454 = CARTESIAN_POINT('',(128.96543892472,0.461538461538));
#1455 = CARTESIAN_POINT('',(128.48493928284,0.461538461538));
#1456 = CARTESIAN_POINT('',(127.47590125529,0.461538461538));
#1457 = CARTESIAN_POINT('',(126.94736468517,0.461538461538));
#1458 = CARTESIAN_POINT('',(126.41883539365,0.461538461538));
#1459 = CARTESIAN_POINT('',(125.89031167626,0.461538461538));
#1460 = CARTESIAN_POINT('',(125.36176422458,0.461538461538));
#1461 = CARTESIAN_POINT('',(124.83318812248,0.461538461538));
#1462 = CARTESIAN_POINT('',(124.30462769432,0.461538461538));
#1463 = CARTESIAN_POINT('',(123.39167189322,0.461538461538));
#1464 = CARTESIAN_POINT('',(123.00727427602,0.461538461538));
#1465 = CARTESIAN_POINT('',(122.62287660457,0.461538461538));
#1466 = CARTESIAN_POINT('',(122.23847880733,0.461538461538));
#1467 = CARTESIAN_POINT('',(121.85408089348,0.461538461538));
#1468 = CARTESIAN_POINT('',(121.46968295292,0.461538461538));
#1469 = CARTESIAN_POINT('',(121.08528515625,0.461538461538));
#1470 = CARTESIAN_POINT('',(120.41259830708,0.461538461538));
#1471 = CARTESIAN_POINT('',(120.12430400858,0.461538461538));
#1472 = CARTESIAN_POINT('',(119.8360060753,0.461538461538));
#1473 = CARTESIAN_POINT('',(119.54770567922,0.461538461538));
#1474 = CARTESIAN_POINT('',(119.25940394825,0.461538461538));
#1475 = CARTESIAN_POINT('',(118.97110196627,0.461538461538));
#1476 = CARTESIAN_POINT('',(118.68280077311,0.461538461538));
#1477 = CARTESIAN_POINT('',(117.91400439241,0.461538461538));
#1478 = CARTESIAN_POINT('',(117.43350746667,0.461538461538));
#1479 = CARTESIAN_POINT('',(116.95300921848,0.461538461538));
#1480 = CARTESIAN_POINT('',(116.47251198395,0.461538461538));
#1481 = CARTESIAN_POINT('',(115.99201624023,0.461538461538));
#1482 = CARTESIAN_POINT('',(115.51151954327,0.461538461538));
#1483 = CARTESIAN_POINT('',(115.03101996756,0.461538461538));
#1484 = CARTESIAN_POINT('',(114.07002688291,0.461538461538));
#1485 = CARTESIAN_POINT('',(113.58952971828,0.461538461538));
#1486 = CARTESIAN_POINT('',(113.10903255365,0.461538461538));
#1487 = CARTESIAN_POINT('',(112.62853538902,0.461538461538));
#1488 = CARTESIAN_POINT('',(112.1480382244,0.461538461538));
#1489 = CARTESIAN_POINT('',(111.66754105977,0.461538461538));
#1490 = CARTESIAN_POINT('',(111.18704389514,0.461538461538));
#1491 = CARTESIAN_POINT('',(110.41824843173,0.461538461538));
#1492 = CARTESIAN_POINT('',(110.12995013295,0.461538461538));
#1493 = CARTESIAN_POINT('',(109.84165183418,0.461538461538));
#1494 = CARTESIAN_POINT('',(109.5533535354,0.461538461538));
#1495 = CARTESIAN_POINT('',(109.26505523662,0.461538461538));
#1496 = CARTESIAN_POINT('',(108.97675693784,0.461538461538));
#1497 = CARTESIAN_POINT('',(108.68845863907,0.461538461538));
#1498 = CARTESIAN_POINT('',(107.91970094738,0.461538461538));
#1499 = CARTESIAN_POINT('',(107.43922746233,0.461538461538));
#1500 = CARTESIAN_POINT('',(106.95873297319,0.461538461538));
#1501 = CARTESIAN_POINT('',(106.47822589692,0.461538461538));
#1502 = CARTESIAN_POINT('',(105.99771521134,0.461538461538));
#1503 = CARTESIAN_POINT('',(105.51720402501,0.461538461538));
#1504 = CARTESIAN_POINT('',(105.03669148512,0.461538461538));
#1505 = CARTESIAN_POINT('',(104.07568585863,0.461538461538));
#1506 = CARTESIAN_POINT('',(103.595188694,0.461538461538));
#1507 = CARTESIAN_POINT('',(103.11469152937,0.461538461538));
#1508 = CARTESIAN_POINT('',(102.63419436474,0.461538461538));
#1509 = CARTESIAN_POINT('',(102.15369720011,0.461538461538));
#1510 = CARTESIAN_POINT('',(101.67320003548,0.461538461538));
#1511 = CARTESIAN_POINT('',(101.19270287085,0.461538461538));
#1512 = CARTESIAN_POINT('',(100.2317085416,0.461538461538));
#1513 = CARTESIAN_POINT('',(99.751211376972,0.461538461538));
#1514 = CARTESIAN_POINT('',(99.270714212343,0.461538461538));
#1515 = CARTESIAN_POINT('',(98.790217047714,0.461538461538));
#1516 = CARTESIAN_POINT('',(98.309719883085,0.461538461538));
#1517 = CARTESIAN_POINT('',(97.829222718456,0.461538461538));
#1518 = CARTESIAN_POINT('',(97.348725553827,0.461538461538));
#1519 = CARTESIAN_POINT('',(96.339687914428,0.461538461538));
#1520 = CARTESIAN_POINT('',(95.811149517463,0.461538461538));
#1521 = CARTESIAN_POINT('',(95.282611286702,0.461538461538));
#1522 = CARTESIAN_POINT('',(94.754071224971,0.461538461538));
#1523 = CARTESIAN_POINT('',(94.225527221627,0.461538461538));
#1524 = CARTESIAN_POINT('',(93.696977334738,0.461538461538));
#1525 = CARTESIAN_POINT('',(93.16841994468,0.461538461538));
#1526 = CARTESIAN_POINT('',(91.775039712126,0.461538461538));
#1527 = CARTESIAN_POINT('',(90.910204823994,0.461538461538));
#1528 = CARTESIAN_POINT('',(90.045340010004,0.461538461538));
#1529 = CARTESIAN_POINT('',(89.18044275253,0.461538461538));
#1530 = CARTESIAN_POINT('',(88.315516683078,0.461538461538));
#1531 = CARTESIAN_POINT('',(87.450571583001,0.461538461538));
#1532 = CARTESIAN_POINT('',(86.585623384194,0.461538461538));
#1533 = CARTESIAN_POINT('',(85.192150288494,0.461538461538));
#1534 = CARTESIAN_POINT('',(84.663602643119,0.461538461538));
#1535 = CARTESIAN_POINT('',(84.135044004692,0.461538461538));
#1536 = CARTESIAN_POINT('',(83.606506069463,0.461538461538));
#1537 = CARTESIAN_POINT('',(83.077969276436,0.461538461538));
#1538 = CARTESIAN_POINT('',(82.549411862042,0.461538461538));
#1539 = CARTESIAN_POINT('',(82.020862280838,0.461538461538));
#1540 = CARTESIAN_POINT('',(81.059871672904,0.461538461538));
#1541 = CARTESIAN_POINT('',(80.627424224738,0.461538461538));
#1542 = CARTESIAN_POINT('',(80.194976776572,0.461538461538));
#1543 = CARTESIAN_POINT('',(79.762529328406,0.461538461538));
#1544 = CARTESIAN_POINT('',(79.33008188024,0.461538461538));
#1545 = CARTESIAN_POINT('',(78.897634432074,0.461538461538));
#1546 = CARTESIAN_POINT('',(78.465186983908,0.461538461538));
#1547 = CARTESIAN_POINT('',(77.408075585579,0.461538461538));
#1548 = CARTESIAN_POINT('',(76.783421208676,0.461538461538));
#1549 = CARTESIAN_POINT('',(76.15880704543,0.461538461538));
#1550 = CARTESIAN_POINT('',(75.534172774319,0.461538461538));
#1551 = CARTESIAN_POINT('',(74.909538992163,0.461538461538));
#1552 = CARTESIAN_POINT('',(74.284888576373,0.461538461538));
#1553 = CARTESIAN_POINT('',(73.660229107656,0.461538461538));
#1554 = CARTESIAN_POINT('',(72.699220300417,0.461538461538));
#1555 = CARTESIAN_POINT('',(72.362872637672,0.461538461538));
#1556 = CARTESIAN_POINT('',(72.026525198267,0.461538461538));
#1557 = CARTESIAN_POINT('',(71.690177471515,0.461538461538));
#1558 = CARTESIAN_POINT('',(71.353829273141,0.461538461538));
#1559 = CARTESIAN_POINT('',(71.017480745278,0.461538461538));
#1560 = CARTESIAN_POINT('',(70.681132356472,0.461538461538));
#1561 = CARTESIAN_POINT('',(70.008436886438,0.461538461538));
#1562 = CARTESIAN_POINT('',(69.672088871197,0.461538461538));
#1563 = CARTESIAN_POINT('',(69.335740855957,0.461538461538));
#1564 = CARTESIAN_POINT('',(68.999392840717,0.461538461538));
#1565 = CARTESIAN_POINT('',(68.663044825476,0.461538461538));
#1566 = CARTESIAN_POINT('',(68.326696810236,0.461538461538));
#1567 = CARTESIAN_POINT('',(67.990348794996,0.461538461538));
#1568 = CARTESIAN_POINT('',(67.125460001183,0.461538461538));
#1569 = CARTESIAN_POINT('',(66.596903823747,0.461538461538));
#1570 = CARTESIAN_POINT('',(66.068351938514,0.461538461538));
#1571 = CARTESIAN_POINT('',(65.539815133829,0.461538461538));
#1572 = CARTESIAN_POINT('',(65.011274859565,0.461538461538));
#1573 = CARTESIAN_POINT('',(64.482718982601,0.461538461538));
#1574 = CARTESIAN_POINT('',(63.954167969332,0.461538461538));
#1575 = CARTESIAN_POINT('',(62.993177872455,0.461538461538));
#1576 = CARTESIAN_POINT('',(62.560729726014,0.461538461538));
#1577 = CARTESIAN_POINT('',(62.12828303327,0.461538461538));
#1578 = CARTESIAN_POINT('',(61.695837024321,0.461538461538));
#1579 = CARTESIAN_POINT('',(61.26339001813,0.461538461538));
#1580 = CARTESIAN_POINT('',(60.830941022856,0.461538461538));
#1581 = CARTESIAN_POINT('',(60.398491336191,0.461538461538));
#1582 = CARTESIAN_POINT('',(59.677747859931,0.461538461538));
#1583 = CARTESIAN_POINT('',(59.389449514895,0.461538461538));
#1584 = CARTESIAN_POINT('',(59.101151181623,0.461538461538));
#1585 = CARTESIAN_POINT('',(58.812852896545,0.461538461538));
#1586 = CARTESIAN_POINT('',(58.524554661482,0.461538461538));
#1587 = CARTESIAN_POINT('',(58.236256443648,0.461538461538));
#1588 = CARTESIAN_POINT('',(57.947958175646,0.461538461538));
#1589 = CARTESIAN_POINT('',(57.17916433356,0.461538461538));
#1590 = CARTESIAN_POINT('',(56.698663240435,0.461538461538));
#1591 = CARTESIAN_POINT('',(56.218167120948,0.461538461538));
#1592 = CARTESIAN_POINT('',(55.737672648391,0.461538461538));
#1593 = CARTESIAN_POINT('',(55.257175472271,0.461538461538));
#1594 = CARTESIAN_POINT('',(54.776676083022,0.461538461538));
#1595 = CARTESIAN_POINT('',(54.296178593668,0.461538461538));
#1596 = CARTESIAN_POINT('',(53.287136358123,0.461538461538));
#1597 = CARTESIAN_POINT('',(52.758586691143,0.461538461538));
#1598 = CARTESIAN_POINT('',(52.230040518585,0.461538461538));
#1599 = CARTESIAN_POINT('',(51.701496856154,0.461538461538));
#1600 = CARTESIAN_POINT('',(51.172950599061,0.461538461538));
#1601 = CARTESIAN_POINT('',(50.644400444601,0.461538461538));
#1602 = CARTESIAN_POINT('',(50.115852013318,0.461538461538));
#1603 = CARTESIAN_POINT('',(49.250959076088,0.461538461538));
#1604 = CARTESIAN_POINT('',(48.914611186628,0.461538461538));
#1605 = CARTESIAN_POINT('',(48.578263400401,0.461538461538));
#1606 = CARTESIAN_POINT('',(48.24191551766,0.461538461538));
#1607 = CARTESIAN_POINT('',(47.905567459834,0.461538461538));
#1608 = CARTESIAN_POINT('',(47.569219269527,0.461538461538));
#1609 = CARTESIAN_POINT('',(47.232871110524,0.461538461538));
#1610 = CARTESIAN_POINT('',(46.416028402917,0.461538461538));
#1611 = CARTESIAN_POINT('',(45.935526504404,0.461538461538));
#1612 = CARTESIAN_POINT('',(45.455030917339,0.461538461538));
#1613 = CARTESIAN_POINT('',(44.974536333882,0.461538461538));
#1614 = CARTESIAN_POINT('',(44.4940379456,0.461538461538));
#1615 = CARTESIAN_POINT('',(44.013538609843,0.461538461538));
#1616 = CARTESIAN_POINT('',(43.53304403016,0.461538461538));
#1617 = CARTESIAN_POINT('',(42.52399818159,0.461538461538));
#1618 = CARTESIAN_POINT('',(41.995454491458,0.461538461538));
#1619 = CARTESIAN_POINT('',(41.466916444373,0.461538461538));
#1620 = CARTESIAN_POINT('',(40.938389366483,0.461538461538));
#1621 = CARTESIAN_POINT('',(40.409847912589,0.461538461538));
#1622 = CARTESIAN_POINT('',(39.881281522732,0.461538461538));
#1623 = CARTESIAN_POINT('',(39.352723932662,0.461538461538));
#1624 = CARTESIAN_POINT('',(38.439765910962,0.461538461538));
#1625 = CARTESIAN_POINT('',(38.055364667817,0.461538461538));
#1626 = CARTESIAN_POINT('',(37.67096733036,0.461538461538));
#1627 = CARTESIAN_POINT('',(37.286573260621,0.461538461538));
#1628 = CARTESIAN_POINT('',(36.902181024887,0.461538461538));
#1629 = CARTESIAN_POINT('',(36.517788393698,0.461538461538));
#1630 = CARTESIAN_POINT('',(36.133392341849,0.461538461538));
#1631 = CARTESIAN_POINT('',(35.316540782771,0.461538461538));
#1632 = CARTESIAN_POINT('',(34.884094197159,0.461538461538));
#1633 = CARTESIAN_POINT('',(34.451647263253,0.461538461538));
#1634 = CARTESIAN_POINT('',(34.019199562481,0.461538461538));
#1635 = CARTESIAN_POINT('',(33.586751578913,0.461538461538));
#1636 = CARTESIAN_POINT('',(33.154303992183,0.461538461538));
#1637 = CARTESIAN_POINT('',(32.721856970399,0.461538461538));
#1638 = CARTESIAN_POINT('',(31.856976281439,0.461538461538));
#1639 = CARTESIAN_POINT('',(31.424545864249,0.461538461538));
#1640 = CARTESIAN_POINT('',(30.992106704525,0.461538461538));
#1641 = CARTESIAN_POINT('',(30.559656458192,0.461538461538));
#1642 = CARTESIAN_POINT('',(30.127198577122,0.461538461538));
#1643 = CARTESIAN_POINT('',(29.6947389422,0.461538461538));
#1644 = CARTESIAN_POINT('',(29.262282496377,0.461538461538));
#1645 = CARTESIAN_POINT('',(28.493481862494,0.461538461538));
#1646 = CARTESIAN_POINT('',(28.157133847254,0.461538461538));
#1647 = CARTESIAN_POINT('',(27.820785832013,0.461538461538));
#1648 = CARTESIAN_POINT('',(27.484437816773,0.461538461538));
#1649 = CARTESIAN_POINT('',(27.148089801533,0.461538461538));
#1650 = CARTESIAN_POINT('',(26.811741786292,0.461538461538));
#1651 = CARTESIAN_POINT('',(26.475393771052,0.461538461538));
#1652 = CARTESIAN_POINT('',(25.61049641369,0.461538461538));
#1653 = CARTESIAN_POINT('',(25.081955392717,0.461538461538));
#1654 = CARTESIAN_POINT('',(24.553405023588,0.461538461538));
#1655 = CARTESIAN_POINT('',(24.024856757244,0.461538461538));
#1656 = CARTESIAN_POINT('',(23.496311419821,0.461538461538));
#1657 = CARTESIAN_POINT('',(22.967764205788,0.461538461538));
#1658 = CARTESIAN_POINT('',(22.439218260962,0.461538461538));
#1659 = CARTESIAN_POINT('',(21.382127703818,0.461538461538));
#1660 = CARTESIAN_POINT('',(20.853572743394,0.461538461538));
#1661 = CARTESIAN_POINT('',(20.325026392082,0.461538461538));
#1662 = CARTESIAN_POINT('',(19.796488055467,0.461538461538));
#1663 = CARTESIAN_POINT('',(19.267940104563,0.461538461538));
#1664 = CARTESIAN_POINT('',(18.739383316933,0.461538461538));
#1665 = CARTESIAN_POINT('',(18.210844311832,0.461538461538));
#1666 = CARTESIAN_POINT('',(16.961431107424,0.461538461538));
#1667 = CARTESIAN_POINT('',(16.240572226706,0.461538461538));
#1668 = CARTESIAN_POINT('',(15.519740994481,0.461538461538));
#1669 = CARTESIAN_POINT('',(14.798945094896,0.461538461538));
#1670 = CARTESIAN_POINT('',(14.078210359704,0.461538461538));
#1671 = CARTESIAN_POINT('',(13.357521306965,0.461538461538));
#1672 = CARTESIAN_POINT('',(12.636900689522,0.461538461538));
#1673 = CARTESIAN_POINT('',(11.195529170976,0.461538461538));
#1674 = CARTESIAN_POINT('',(10.474779889576,0.461538461538));
#1675 = CARTESIAN_POINT('',(9.754067528593,0.461538461538));
#1676 = CARTESIAN_POINT('',(9.033374992701,0.461538461538));
#1677 = CARTESIAN_POINT('',(8.312682401254,0.461538461538));
#1678 = CARTESIAN_POINT('',(7.591967088279,0.461538461538));
#1679 = CARTESIAN_POINT('',(6.871203602482,0.461538461538));
#1680 = CARTESIAN_POINT('',(5.382115763284,0.461538461538));
#1681 = CARTESIAN_POINT('',(4.613782847873,0.461538461538));
#1682 = CARTESIAN_POINT('',(3.845330581563,0.461538461538));
#1683 = CARTESIAN_POINT('',(3.07672353641,0.461538461538));
#1684 = CARTESIAN_POINT('',(2.307925194704,0.461538461538));
#1685 = CARTESIAN_POINT('',(1.5388979077,0.461538461538));
#1686 = CARTESIAN_POINT('',(0.769602854343,0.461538461538));
#1687 = CARTESIAN_POINT('',(0.,0.461538461538));
#1688 = ( GEOMETRIC_REPRESENTATION_CONTEXT(2) 
PARAMETRIC_REPRESENTATION_CONTEXT() REPRESENTATION_CONTEXT('2D SPACE',''
  ) );
#1689 = PCURVE('',#1690,#1695);
#1690 = PLANE('',#1691);
#1691 = AXIS2_PLACEMENT_3D('',#1692,#1693,#1694);
#1692 = CARTESIAN_POINT('',(255.,-200.,-200.));
#1693 = DIRECTION('',(1.,0.,0.));
#1694 = DIRECTION('',(0.,0.,1.));
#1695 = DEFINITIONAL_REPRESENTATION('',(#1696),#2399);
#1696 = B_SPLINE_CURVE_WITH_KNOTS('',8,(#1697,#1698,#1699,#1700,#1701,
    #1702,#1703,#1704,#1705,#1706,#1707,#1708,#1709,#1710,#1711,#1712,
    #1713,#1714,#1715,#1716,#1717,#1718,#1719,#1720,#1721,#1722,#1723,
    #1724,#1725,#1726,#1727,#1728,#1729,#1730,#1731,#1732,#1733,#1734,
    #1735,#1736,#1737,#1738,#1739,#1740,#1741,#1742,#1743,#1744,#1745,
    #1746,#1747,#1748,#1749,#1750,#1751,#1752,#1753,#1754,#1755,#1756,
    #1757,#1758,#1759,#1760,#1761,#1762,#1763,#1764,#1765,#1766,#1767,
    #1768,#1769,#1770,#1771,#1772,#1773,#1774,#1775,#1776,#1777,#1778,
    #1779,#1780,#1781,#1782,#1783,#1784,#1785,#1786,#1787,#1788,#1789,
    #1790,#1791,#1792,#1793,#1794,#1795,#1796,#1797,#1798,#1799,#1800,
    #1801,#1802,#1803,#1804,#1805,#1806,#1807,#1808,#1809,#1810,#1811,
    #1812,#1813,#1814,#1815,#1816,#1817,#1818,#1819,#1820,#1821,#1822,
    #1823,#1824,#1825,#1826,#1827,#1828,#1829,#1830,#1831,#1832,#1833,
    #1834,#1835,#1836,#1837,#1838,#1839,#1840,#1841,#1842,#1843,#1844,
    #1845,#1846,#1847,#1848,#1849,#1850,#1851,#1852,#1853,#1854,#1855,
    #1856,#1857,#1858,#1859,#1860,#1861,#1862,#1863,#1864,#1865,#1866,
    #1867,#1868,#1869,#1870,#1871,#1872,#1873,#1874,#1875,#1876,#1877,
    #1878,#1879,#1880,#1881,#1882,#1883,#1884,#1885,#1886,#1887,#1888,
    #1889,#1890,#1891,#1892,#1893,#1894,#1895,#1896,#1897,#1898,#1899,
    #1900,#1901,#1902,#1903,#1904,#1905,#1906,#1907,#1908,#1909,#1910,
    #1911,#1912,#1913,#1914,#1915,#1916,#1917,#1918,#1919,#1920,#1921,
    #1922,#1923,#1924,#1925,#1926,#1927,#1928,#1929,#1930,#1931,#1932,
    #1933,#1934,#1935,#1936,#1937,#1938,#1939,#1940,#1941,#1942,#1943,
    #1944,#1945,#1946,#1947,#1948,#1949,#1950,#1951,#1952,#1953,#1954,
    #1955,#1956,#1957,#1958,#1959,#1960,#1961,#1962,#1963,#1964,#1965,
    #1966,#1967,#1968,#1969,#1970,#1971,#1972,#1973,#1974,#1975,#1976,
    #1977,#1978,#1979,#1980,#1981,#1982,#1983,#1984,#1985,#1986,#1987,
    #1988,#1989,#1990,#1991,#1992,#1993,#1994,#1995,#1996,#1997,#1998,
    #1999,#2000,#2001,#2002,#2003,#2004,#2005,#2006,#2007,#2008,#2009,
    #2010,#2011,#2012,#2013,#2014,#2015,#2016,#2017,#2018,#2019,#2020,
    #2021,#2022,#2023,#2024,#2025,#2026,#2027,#2028,#2029,#2030,#2031,
    #2032,#2033,#2034,#2035,#2036,#2037,#2038,#2039,#2040,#2041,#2042,
    #2043,#2044,#2045,#2046,#2047,#2048,#2049,#2050,#2051,#2052,#2053,
    #2054,#2055,#2056,#2057,#2058,#2059,#2060,#2061,#2062,#2063,#2064,
    #2065,#2066,#2067,#2068,#2069,#2070,#2071,#2072,#2073,#2074,#2075,
    #2076,#2077,#2078,#2079,#2080,#2081,#2082,#2083,#2084,#2085,#2086,
    #2087,#2088,#2089,#2090,#2091,#2092,#2093,#2094,#2095,#2096,#2097,
    #2098,#2099,#2100,#2101,#2102,#2103,#2104,#2105,#2106,#2107,#2108,
    #2109,#2110,#2111,#2112,#2113,#2114,#2115,#2116,#2117,#2118,#2119,
    #2120,#2121,#2122,#2123,#2124,#2125,#2126,#2127,#2128,#2129,#2130,
    #2131,#2132,#2133,#2134,#2135,#2136,#2137,#2138,#2139,#2140,#2141,
    #2142,#2143,#2144,#2145,#2146,#2147,#2148,#2149,#2150,#2151,#2152,
    #2153,#2154,#2155,#2156,#2157,#2158,#2159,#2160,#2161,#2162,#2163,
    #2164,#2165,#2166,#2167,#2168,#2169,#2170,#2171,#2172,#2173,#2174,
    #2175,#2176,#2177,#2178,#2179,#2180,#2181,#2182,#2183,#2184,#2185,
    #2186,#2187,#2188,#2189,#2190,#2191,#2192,#2193,#2194,#2195,#2196,
    #2197,#2198,#2199,#2200,#2201,#2202,#2203,#2204,#2205,#2206,#2207,
    #2208,#2209,#2210,#2211,#2212,#2213,#2214,#2215,#2216,#2217,#2218,
    #2219,#2220,#2221,#2222,#2223,#2224,#2225,#2226,#2227,#2228,#2229,
    #2230,#2231,#2232,#2233,#2234,#2235,#2236,#2237,#2238,#2239,#2240,
    #2241,#2242,#2243,#2244,#2245,#2246,#2247,#2248,#2249,#2250,#2251,
    #2252,#2253,#2254,#2255,#2256,#2257,#2258,#2259,#2260,#2261,#2262,
    #2263,#2264,#2265,#2266,#2267,#2268,#2269,#2270,#2271,#2272,#2273,
    #2274,#2275,#2276,#2277,#2278,#2279,#2280,#2281,#2282,#2283,#2284,
    #2285,#2286,#2287,#2288,#2289,#2290,#2291,#2292,#2293,#2294,#2295,
    #2296,#2297,#2298,#2299,#2300,#2301,#2302,#2303,#2304,#2305,#2306,
    #2307,#2308,#2309,#2310,#2311,#2312,#2313,#2314,#2315,#2316,#2317,
    #2318,#2319,#2320,#2321,#2322,#2323,#2324,#2325,#2326,#2327,#2328,
    #2329,#2330,#2331,#2332,#2333,#2334,#2335,#2336,#2337,#2338,#2339,
    #2340,#2341,#2342,#2343,#2344,#2345,#2346,#2347,#2348,#2349,#2350,
    #2351,#2352,#2353,#2354,#2355,#2356,#2357,#2358,#2359,#2360,#2361,
    #2362,#2363,#2364,#2365,#2366,#2367,#2368,#2369,#2370,#2371,#2372,
    #2373,#2374,#2375,#2376,#2377,#2378,#2379,#2380,#2381,#2382,#2383,
    #2384,#2385,#2386,#2387,#2388,#2389,#2390,#2391,#2392,#2393,#2394,
    #2395,#2396,#2397,#2398),.UNSPECIFIED.,.T.,.F.,(9,7,7,7,7,7,7,7,7,7,
    7,7,7,7,7,7,7,7,7,7,7,7,7,7,7,7,7,7,7,7,7,7,7,7,7,7,7,7,7,7,7,7,7,7,
    7,7,7,7,7,7,7,7,7,7,7,7,7,7,7,7,7,7,7,7,7,7,7,7,7,7,7,7,7,7,7,7,7,7,
    7,7,7,7,7,7,7,7,7,7,7,7,7,7,7,7,7,7,7,7,7,7,9),(0.,
    1.900092063408E-02,2.900850758218E-02,3.901439210112E-02,
    4.601727005449E-02,5.201974237643E-02,6.40246624682E-02,
    7.3028549973E-02,7.903109639091E-02,8.903566816338E-02,
    0.100040751566,0.107043932692,0.118049166525,0.129054311876,
    0.141059805416,0.150063912443,0.157067131703,0.167071531912,
    0.178076357847,0.18607969761,0.192082023306,0.20208585695,
    0.212089716506,0.21809203224,0.228095105396,0.23809794337,
    0.248100781344,0.259103769751,0.277106296302,0.288107341357,
    0.297108259775,0.310109953455,0.317110725843,0.324111509897,
    0.335112614962,0.344113606714,0.350114298938,0.360115412161,
    0.371116643151,0.378117462619,0.38811859053,0.39911983093,
    0.407120788083,0.416121744402,0.425122432137,0.432122885617,
    0.443123656692,0.454124241964,0.469124524186,0.485123427576,
    0.497123164489,0.509122831067,0.527120446762,0.538119193432,
    0.547118693388,0.553118368696,0.5631178146,0.574117143763,
    0.585116663441,0.596116219991,0.60411580716,0.616115358533,
    0.622115057758,0.6291147135,0.641114023627,0.650113493096,
    0.657113105353,0.667112352805,0.678111510718,0.68611072837,
    0.692109962575,0.702108643756,0.712107350837,0.718106575085,
    0.72810449617,0.738102182195,0.748099868219,0.75909718955,
    0.777090443921,0.788085822901,0.797082105407,0.81007710258,
    0.817074269229,0.824071447537,0.835066886496,0.844063242298,
    0.850060843873,0.860056806034,0.871052370852,0.878049584557,
    0.888045561418,0.899041133507,0.907037971185,0.916034300413,
    0.92503033162,0.932027161124,0.943022230112,0.954017204436,
    0.969012772348,0.984013116415,1.),.UNSPECIFIED.);
#1697 = CARTESIAN_POINT('',(174.6923076923,-251.3076923076));
#1698 = CARTESIAN_POINT('',(173.85129253892,-251.3087261111));
#1699 = CARTESIAN_POINT('',(173.00980837727,-251.3094620858));
#1700 = CARTESIAN_POINT('',(172.16792384388,-251.3093358748));
#1701 = CARTESIAN_POINT('',(171.32570959035,-251.3077851243));
#1702 = CARTESIAN_POINT('',(170.48323838873,-251.3042487546));
#1703 = CARTESIAN_POINT('',(169.64058523692,-251.2981662313));
#1704 = CARTESIAN_POINT('',(168.79782746408,-251.2889768355));
#1705 = CARTESIAN_POINT('',(167.51116000582,-251.2693468137));
#1706 = CARTESIAN_POINT('',(167.0672500069,-251.2615567687));
#1707 = CARTESIAN_POINT('',(166.62333369482,-251.2526667168));
#1708 = CARTESIAN_POINT('',(166.17942992517,-251.2425945739));
#1709 = CARTESIAN_POINT('',(165.73555755353,-251.2312582561));
#1710 = CARTESIAN_POINT('',(165.2917354355,-251.2185756795));
#1711 = CARTESIAN_POINT('',(164.84798242664,-251.20446476));
#1712 = CARTESIAN_POINT('',(163.96072781205,-251.1732247249));
#1713 = CARTESIAN_POINT('',(163.51720973041,-251.156092624));
#1714 = CARTESIAN_POINT('',(163.07377915237,-251.1373746325));
#1715 = CARTESIAN_POINT('',(162.63045016013,-251.1169845029));
#1716 = CARTESIAN_POINT('',(162.18723534306,-251.0948250842));
#1717 = CARTESIAN_POINT('',(161.74414672389,-251.070793154));
#1718 = CARTESIAN_POINT('',(161.30119717158,-251.0447862184));
#1719 = CARTESIAN_POINT('',(160.54850081871,-250.9970623029));
#1720 = CARTESIAN_POINT('',(160.23868476241,-250.9764002157));
#1721 = CARTESIAN_POINT('',(159.92895832031,-250.9546913384));
#1722 = CARTESIAN_POINT('',(159.61932568104,-250.9319019931));
#1723 = CARTESIAN_POINT('',(159.30979103321,-250.9079985014));
#1724 = CARTESIAN_POINT('',(159.00035856545,-250.8829471854));
#1725 = CARTESIAN_POINT('',(158.69103246638,-250.8567143667));
#1726 = CARTESIAN_POINT('',(158.11677478862,-250.805739489));
#1727 = CARTESIAN_POINT('',(157.85181488197,-250.7813197513));
#1728 = CARTESIAN_POINT('',(157.58693855204,-250.7559860775));
#1729 = CARTESIAN_POINT('',(157.32214785024,-250.7297173135));
#1730 = CARTESIAN_POINT('',(157.057445532,-250.7024922282));
#1731 = CARTESIAN_POINT('',(156.79283505679,-250.6742895133));
#1732 = CARTESIAN_POINT('',(156.52832058812,-250.6450877833));
#1733 = CARTESIAN_POINT('',(155.73508088582,-250.5544212828));
#1734 = CARTESIAN_POINT('',(155.20666897407,-250.4898944877));
#1735 = CARTESIAN_POINT('',(154.67875263739,-250.4211092256));
#1736 = CARTESIAN_POINT('',(154.15141325495,-250.3478895323));
#1737 = CARTESIAN_POINT('',(153.6247322059,-250.2700594433));
#1738 = CARTESIAN_POINT('',(153.0987908694,-250.1874429944));
#1739 = CARTESIAN_POINT('',(152.57367062459,-250.0998642212));
#1740 = CARTESIAN_POINT('',(151.65628089877,-249.9376078383));
#1741 = CARTESIAN_POINT('',(151.26361995613,-249.8651774399));
#1742 = CARTESIAN_POINT('',(150.87149986554,-249.7897852413));
#1743 = CARTESIAN_POINT('',(150.47996207029,-249.7113562029));
#1744 = CARTESIAN_POINT('',(150.08905599999,-249.6298124742));
#1745 = CARTESIAN_POINT('',(149.69883545631,-249.5450748993));
#1746 = CARTESIAN_POINT('',(149.30935499883,-249.4570645224));
#1747 = CARTESIAN_POINT('',(148.6615425057,-249.3047975999));
#1748 = CARTESIAN_POINT('',(148.4027728458,-249.2424026257));
#1749 = CARTESIAN_POINT('',(148.14437351255,-249.1784961631));
#1750 = CARTESIAN_POINT('',(147.88636066733,-249.1130552045));
#1751 = CARTESIAN_POINT('',(147.62875047153,-249.0460567422));
#1752 = CARTESIAN_POINT('',(147.37155908653,-248.9774777686));
#1753 = CARTESIAN_POINT('',(147.1148026737,-248.907295276));
#1754 = CARTESIAN_POINT('',(146.43130793458,-248.7158006369));
#1755 = CARTESIAN_POINT('',(146.00537840786,-248.5915978162));
#1756 = CARTESIAN_POINT('',(145.58078385026,-248.4627742448));
#1757 = CARTESIAN_POINT('',(145.15762813422,-248.3292318737));
#1758 = CARTESIAN_POINT('',(144.73602328363,-248.1908738065));
#1759 = CARTESIAN_POINT('',(144.31607924201,-248.0476024134));
#1760 = CARTESIAN_POINT('',(143.89790409414,-247.8993199077));
#1761 = CARTESIAN_POINT('',(143.02369418646,-247.5772031718));
#1762 = CARTESIAN_POINT('',(142.56805365273,-247.4022953387));
#1763 = CARTESIAN_POINT('',(142.11485553136,-247.2210899538));
#1764 = CARTESIAN_POINT('',(141.6642350018,-247.0334324155));
#1765 = CARTESIAN_POINT('',(141.21636817636,-246.8392319867));
#1766 = CARTESIAN_POINT('',(140.77145378635,-246.6384197352));
#1767 = CARTESIAN_POINT('',(140.32967842114,-246.4308915105));
#1768 = CARTESIAN_POINT('',(139.6122282356,-246.0801741416));
#1769 = CARTESIAN_POINT('',(139.33457035243,-245.9410334504));
#1770 = CARTESIAN_POINT('',(139.0583120578,-245.7991142462));
#1771 = CARTESIAN_POINT('',(138.78350420912,-245.6543928835));
#1772 = CARTESIAN_POINT('',(138.51019814586,-245.5068493407));
#1773 = CARTESIAN_POINT('',(138.23844568962,-245.3564672206));
#1774 = CARTESIAN_POINT('',(137.96829914407,-245.2032337502));
#1775 = CARTESIAN_POINT('',(137.27789281149,-244.8018440204));
#1776 = CARTESIAN_POINT('',(136.86006655708,-244.5494906371));
#1777 = CARTESIAN_POINT('',(136.44655308022,-244.290050885));
#1778 = CARTESIAN_POINT('',(136.03755424567,-244.0235285892));
#1779 = CARTESIAN_POINT('',(135.63329154904,-243.749898372));
#1780 = CARTESIAN_POINT('',(135.23399145192,-243.4691234402));
#1781 = CARTESIAN_POINT('',(134.83985914285,-243.1812019516));
#1782 = CARTESIAN_POINT('',(134.06230824081,-242.5911823815));
#1783 = CARTESIAN_POINT('',(133.67889203391,-242.2890909328));
#1784 = CARTESIAN_POINT('',(133.30104247006,-241.9799805694));
#1785 = CARTESIAN_POINT('',(132.92893472041,-241.6639453883));
#1786 = CARTESIAN_POINT('',(132.5627760391,-241.3410511777));
#1787 = CARTESIAN_POINT('',(132.20278182687,-241.0113522924));
#1788 = CARTESIAN_POINT('',(131.84912936622,-240.6749357769));
#1789 = CARTESIAN_POINT('',(131.12322667351,-239.9577762095));
#1790 = CARTESIAN_POINT('',(130.75220072257,-239.5757842162));
#1791 = CARTESIAN_POINT('',(130.38907308821,-239.1861703006));
#1792 = CARTESIAN_POINT('',(130.03398323395,-238.7891590874));
#1793 = CARTESIAN_POINT('',(129.68712636642,-238.3849479904));
#1794 = CARTESIAN_POINT('',(129.34870569979,-237.973721087));
#1795 = CARTESIAN_POINT('',(129.01884281563,-237.5556951951));
#1796 = CARTESIAN_POINT('',(128.4566025458,-236.8127700763));
#1797 = CARTESIAN_POINT('',(128.22047293186,-236.4907117904));
#1798 = CARTESIAN_POINT('',(127.98918986234,-236.1651078543));
#1799 = CARTESIAN_POINT('',(127.76277793418,-235.8360724601));
#1800 = CARTESIAN_POINT('',(127.54126429514,-235.5037186592));
#1801 = CARTESIAN_POINT('',(127.32467284116,-235.1681594497));
#1802 = CARTESIAN_POINT('',(127.11301841371,-234.829508865));
#1803 = CARTESIAN_POINT('',(126.7455202125,-234.2221731587));
#1804 = CARTESIAN_POINT('',(126.58772814662,-233.9546616864));
#1805 = CARTESIAN_POINT('',(126.43291187654,-233.6854031403));
#1806 = CARTESIAN_POINT('',(126.28105832297,-233.4144520681));
#1807 = CARTESIAN_POINT('',(126.13215425028,-233.1418630688));
#1808 = CARTESIAN_POINT('',(125.98618626653,-232.8676907936));
#1809 = CARTESIAN_POINT('',(125.84314082346,-232.591989945));
#1810 = CARTESIAN_POINT('',(125.50281304039,-231.9188593329));
#1811 = CARTESIAN_POINT('',(125.3085586765,-231.5198965607));
#1812 = CARTESIAN_POINT('',(125.12020052245,-231.118086836));
#1813 = CARTESIAN_POINT('',(124.93770831796,-230.7135819326));
#1814 = CARTESIAN_POINT('',(124.76102251799,-230.3065264215));
#1815 = CARTESIAN_POINT('',(124.59004612616,-229.8970593879));
#1816 = CARTESIAN_POINT('',(124.42466798844,-229.485316968));
#1817 = CARTESIAN_POINT('',(124.08898228981,-228.6161669058));
#1818 = CARTESIAN_POINT('',(123.91982932395,-228.1583091724));
#1819 = CARTESIAN_POINT('',(123.75724228458,-227.698038089));
#1820 = CARTESIAN_POINT('',(123.60108779742,-227.2355277938));
#1821 = CARTESIAN_POINT('',(123.45126610344,-226.7709612541));
#1822 = CARTESIAN_POINT('',(123.30765167752,-226.3044908395));
#1823 = CARTESIAN_POINT('',(123.17005582917,-225.8362234391));
#1824 = CARTESIAN_POINT('',(122.94255435859,-225.0245523022));
#1825 = CARTESIAN_POINT('',(122.84987498262,-224.6819227486));
#1826 = CARTESIAN_POINT('',(122.76024642648,-224.3384653701));
#1827 = CARTESIAN_POINT('',(122.67360997417,-223.9942296998));
#1828 = CARTESIAN_POINT('',(122.58990691276,-223.6492651408));
#1829 = CARTESIAN_POINT('',(122.50907853236,-223.303620966));
#1830 = CARTESIAN_POINT('',(122.43106612614,-222.9573463181));
#1831 = CARTESIAN_POINT('',(122.29937132283,-222.3503558917));
#1832 = CARTESIAN_POINT('',(122.24448183998,-222.0898906613));
#1833 = CARTESIAN_POINT('',(122.19111728629,-221.8291098767));
#1834 = CARTESIAN_POINT('',(122.13925226239,-221.5680283012));
#1835 = CARTESIAN_POINT('',(122.08886122504,-221.3066601037));
#1836 = CARTESIAN_POINT('',(122.03991848708,-221.0450188582));
#1837 = CARTESIAN_POINT('',(121.99239821749,-220.7831175441));
#1838 = CARTESIAN_POINT('',(121.86940180784,-220.0840554068));
#1839 = CARTESIAN_POINT('',(121.79640806515,-219.6464508173));
#1840 = CARTESIAN_POINT('',(121.72717230621,-219.208215102));
#1841 = CARTESIAN_POINT('',(121.66157586677,-218.7694038814));
#1842 = CARTESIAN_POINT('',(121.59949907508,-218.330074485));
#1843 = CARTESIAN_POINT('',(121.54082064607,-217.8902871744));
#1844 = CARTESIAN_POINT('',(121.48541971964,-217.4501011771));
#1845 = CARTESIAN_POINT('',(121.38094123178,-216.5690287436));
#1846 = CARTESIAN_POINT('',(121.33186360927,-216.1281369302));
#1847 = CARTESIAN_POINT('',(121.28583315529,-215.6869187596));
#1848 = CARTESIAN_POINT('',(121.24273534925,-215.2454029002));
#1849 = CARTESIAN_POINT('',(121.20245567059,-214.8036180209));
#1850 = CARTESIAN_POINT('',(121.16487959874,-214.3615927901));
#1851 = CARTESIAN_POINT('',(121.12989261312,-213.9193558766));
#1852 = CARTESIAN_POINT('',(121.07787274121,-213.2114839926));
#1853 = CARTESIAN_POINT('',(121.05925613288,-212.945966151));
#1854 = CARTESIAN_POINT('',(121.04150563174,-212.6803886168));
#1855 = CARTESIAN_POINT('',(121.02459650136,-212.4147575823));
#1856 = CARTESIAN_POINT('',(121.0085040053,-212.1490792401));
#1857 = CARTESIAN_POINT('',(120.99320340709,-211.8833597825));
#1858 = CARTESIAN_POINT('',(120.97866997032,-211.617605402));
#1859 = CARTESIAN_POINT('',(120.94189574571,-210.9088852613));
#1860 = CARTESIAN_POINT('',(120.92097339055,-210.4658567824));
#1861 = CARTESIAN_POINT('',(120.90199701856,-210.0227611817));
#1862 = CARTESIAN_POINT('',(120.88486134075,-209.5796038471));
#1863 = CARTESIAN_POINT('',(120.8694617539,-209.1363877303));
#1864 = CARTESIAN_POINT('',(120.85569049665,-208.6931205327));
#1865 = CARTESIAN_POINT('',(120.84343786117,-208.2498125727));
#1866 = CARTESIAN_POINT('',(120.82175931502,-207.3631285226));
#1867 = CARTESIAN_POINT('',(120.81233276421,-206.9197503417));
#1868 = CARTESIAN_POINT('',(120.80421142123,-206.4763339272));
#1869 = CARTESIAN_POINT('',(120.79728789909,-206.0328824129));
#1870 = CARTESIAN_POINT('',(120.79145481079,-205.5893989328));
#1871 = CARTESIAN_POINT('',(120.78660476931,-205.1458866207));
#1872 = CARTESIAN_POINT('',(120.78263038767,-204.7023486106));
#1873 = CARTESIAN_POINT('',(120.77621817003,-203.8152274621));
#1874 = CARTESIAN_POINT('',(120.77378033404,-203.3716443238));
#1875 = CARTESIAN_POINT('',(120.77200338387,-202.9280417552));
#1876 = CARTESIAN_POINT('',(120.77077993253,-202.4844228903));
#1877 = CARTESIAN_POINT('',(120.77000259302,-202.040790863));
#1878 = CARTESIAN_POINT('',(120.76956397832,-201.5971488072));
#1879 = CARTESIAN_POINT('',(120.76935670144,-201.1534998568));
#1880 = CARTESIAN_POINT('',(120.76918171783,-200.2218350786));
#1881 = CARTESIAN_POINT('',(120.76928956465,-199.7338203796));
#1882 = CARTESIAN_POINT('',(120.76915241224,-199.2458054549));
#1883 = CARTESIAN_POINT('',(120.76918045115,-198.7577926314));
#1884 = CARTESIAN_POINT('',(120.76953836664,-198.2697841312));
#1885 = CARTESIAN_POINT('',(120.77024446214,-197.7817823328));
#1886 = CARTESIAN_POINT('',(120.77152795533,-197.2937899129));
#1887 = CARTESIAN_POINT('',(120.77673524754,-196.0074008281));
#1888 = CARTESIAN_POINT('',(120.7818299045,-195.2090273862));
#1889 = CARTESIAN_POINT('',(120.78941339397,-194.4106994099));
#1890 = CARTESIAN_POINT('',(120.80011235572,-193.6124328621));
#1891 = CARTESIAN_POINT('',(120.81455360739,-192.8142493886));
#1892 = CARTESIAN_POINT('',(120.83336380974,-192.0161763087));
#1893 = CARTESIAN_POINT('',(120.85716913182,-191.2182466065));
#1894 = CARTESIAN_POINT('',(120.90457652439,-189.9330085568));
#1895 = CARTESIAN_POINT('',(120.9246567929,-189.4455746935));
#1896 = CARTESIAN_POINT('',(120.94698358487,-188.9582096548));
#1897 = CARTESIAN_POINT('',(120.97168309883,-188.4708937083));
#1898 = CARTESIAN_POINT('',(120.99891612511,-187.9836744482));
#1899 = CARTESIAN_POINT('',(121.02884814249,-187.4966123074));
#1900 = CARTESIAN_POINT('',(121.06161678301,-187.0097225447));
#1901 = CARTESIAN_POINT('',(121.1266413711,-186.124886116));
#1902 = CARTESIAN_POINT('',(121.15790694724,-185.7268564226));
#1903 = CARTESIAN_POINT('',(121.19126040707,-185.3289958701));
#1904 = CARTESIAN_POINT('',(121.22678523609,-184.9313253578));
#1905 = CARTESIAN_POINT('',(121.26456491978,-184.5338657853));
#1906 = CARTESIAN_POINT('',(121.30468294364,-184.136638052));
#1907 = CARTESIAN_POINT('',(121.34722279317,-183.7396630573));
#1908 = CARTESIAN_POINT('',(121.45733502304,-182.7699324517));
#1909 = CARTESIAN_POINT('',(121.52762953417,-182.1974874545));
#1910 = CARTESIAN_POINT('',(121.60339103275,-181.6256741097));
#1911 = CARTESIAN_POINT('',(121.68490316382,-181.0546585918));
#1912 = CARTESIAN_POINT('',(121.77242154699,-180.4845243165));
#1913 = CARTESIAN_POINT('',(121.86621307649,-179.9154131721));
#1914 = CARTESIAN_POINT('',(121.96654155343,-179.3474492851));
#1915 = CARTESIAN_POINT('',(122.13135120454,-178.4756403288));
#1916 = CARTESIAN_POINT('',(122.1910045192,-178.1708866977));
#1917 = CARTESIAN_POINT('',(122.2526704287,-177.8665226507));
#1918 = CARTESIAN_POINT('',(122.31639013997,-177.5625670597));
#1919 = CARTESIAN_POINT('',(122.3822041564,-177.2590436331));
#1920 = CARTESIAN_POINT('',(122.45015227788,-176.9559809158));
#1921 = CARTESIAN_POINT('',(122.52027360073,-176.6534122893));
#1922 = CARTESIAN_POINT('',(122.66493955538,-176.0493391506));
#1923 = CARTESIAN_POINT('',(122.7394847599,-175.7478321432));
#1924 = CARTESIAN_POINT('',(122.81628146498,-175.4468880531));
#1925 = CARTESIAN_POINT('',(122.89536900428,-175.1465399841));
#1926 = CARTESIAN_POINT('',(122.97678671142,-174.84682104));
#1927 = CARTESIAN_POINT('',(123.06057392007,-174.5477643244));
#1928 = CARTESIAN_POINT('',(123.14676996384,-174.2494029413));
#1929 = CARTESIAN_POINT('',(123.37471061639,-173.4840664779));
#1930 = CARTESIAN_POINT('',(123.52005353204,-173.018151063));
#1931 = CARTESIAN_POINT('',(123.67160603441,-172.554155845));
#1932 = CARTESIAN_POINT('',(123.82950128479,-172.0922244513));
#1933 = CARTESIAN_POINT('',(123.99385106941,-171.6325405891));
#1934 = CARTESIAN_POINT('',(124.16476946027,-171.1752941213));
#1935 = CARTESIAN_POINT('',(124.34238351952,-170.720653562));
#1936 = CARTESIAN_POINT('',(124.67769314293,-169.8991232591));
#1937 = CARTESIAN_POINT('',(124.83313562675,-169.5313036917));
#1938 = CARTESIAN_POINT('',(124.99321305914,-169.1654468656));
#1939 = CARTESIAN_POINT('',(125.15798801516,-168.801650766));
#1940 = CARTESIAN_POINT('',(125.32750681419,-168.4400198708));
#1941 = CARTESIAN_POINT('',(125.50180329208,-168.0806653519));
#1942 = CARTESIAN_POINT('',(125.68090257334,-167.7237052769));
#1943 = CARTESIAN_POINT('',(125.98744032466,-167.1329699429));
#1944 = CARTESIAN_POINT('',(126.11220132987,-166.8977922899));
#1945 = CARTESIAN_POINT('',(126.23911655403,-166.6637663525));
#1946 = CARTESIAN_POINT('',(126.36819455947,-166.4309265889));
#1947 = CARTESIAN_POINT('',(126.49944377585,-166.1993074145));
#1948 = CARTESIAN_POINT('',(126.6328725001,-165.968943202));
#1949 = CARTESIAN_POINT('',(126.76848889649,-165.739868281));
#1950 = CARTESIAN_POINT('',(127.13598690029,-165.1325329038));
#1951 = CARTESIAN_POINT('',(127.37176471809,-164.7566207973));
#1952 = CARTESIAN_POINT('',(127.61364614636,-164.3845430025));
#1953 = CARTESIAN_POINT('',(127.86159721822,-164.0164535073));
#1954 = CARTESIAN_POINT('',(128.11557748745,-163.6525059017));
#1955 = CARTESIAN_POINT('',(128.37555786574,-163.2928569502));
#1956 = CARTESIAN_POINT('',(128.64151711347,-162.9376657401));
#1957 = CARTESIAN_POINT('',(129.21250701634,-162.2014531057));
#1958 = CARTESIAN_POINT('',(129.51879254155,-161.821398672));
#1959 = CARTESIAN_POINT('',(129.83222152937,-161.4471311552));
#1960 = CARTESIAN_POINT('',(130.15268186386,-161.0788114519));
#1961 = CARTESIAN_POINT('',(130.48001969166,-160.7165846312));
#1962 = CARTESIAN_POINT('',(130.81409143784,-160.360605504));
#1963 = CARTESIAN_POINT('',(131.15478638234,-160.0110441812));
#1964 = CARTESIAN_POINT('',(131.72288438924,-159.4497886373));
#1965 = CARTESIAN_POINT('',(131.94643858616,-159.2341869352));
#1966 = CARTESIAN_POINT('',(132.17257958393,-159.0212814045));
#1967 = CARTESIAN_POINT('',(132.40126457887,-158.8110997662));
#1968 = CARTESIAN_POINT('',(132.63244766069,-158.6036663215));
#1969 = CARTESIAN_POINT('',(132.8660798124,-158.3990019523));
#1970 = CARTESIAN_POINT('',(133.10210891038,-158.1971241209));
#1971 = CARTESIAN_POINT('',(133.68100800274,-157.713652013));
#1972 = CARTESIAN_POINT('',(134.02632679793,-157.4349781969));
#1973 = CARTESIAN_POINT('',(134.37627536465,-157.1620685286));
#1974 = CARTESIAN_POINT('',(134.73071501279,-156.8950083187));
#1975 = CARTESIAN_POINT('',(135.08950371124,-156.6338562766));
#1976 = CARTESIAN_POINT('',(135.45248532158,-156.3786180211));
#1977 = CARTESIAN_POINT('',(135.8194934614,-156.1292619094));
#1978 = CARTESIAN_POINT('',(136.59833417607,-155.6179439883));
#1979 = CARTESIAN_POINT('',(137.01097333941,-155.3572186217));
#1980 = CARTESIAN_POINT('',(137.42807311701,-155.1035893434));
#1981 = CARTESIAN_POINT('',(137.84941674873,-154.8570181093));
#1982 = CARTESIAN_POINT('',(138.27479544329,-154.6175221562));
#1983 = CARTESIAN_POINT('',(138.70400907061,-154.3850787791));
#1984 = CARTESIAN_POINT('',(139.13686094589,-154.1595578952));
#1985 = CARTESIAN_POINT('',(139.89045411411,-153.7818525151));
#1986 = CARTESIAN_POINT('',(140.20957728735,-153.6264395315));
#1987 = CARTESIAN_POINT('',(140.53044360115,-153.4746154913));
#1988 = CARTESIAN_POINT('',(140.85297840748,-153.3263468385));
#1989 = CARTESIAN_POINT('',(141.17710879248,-153.1815990117));
#1990 = CARTESIAN_POINT('',(141.50276357645,-153.0403364438));
#1991 = CARTESIAN_POINT('',(141.8298733139,-152.9025225626));
#1992 = CARTESIAN_POINT('',(142.52792444899,-152.6169186954));
#1993 = CARTESIAN_POINT('',(142.89922789818,-152.4700371107));
#1994 = CARTESIAN_POINT('',(143.27219747655,-152.3274077302));
#1995 = CARTESIAN_POINT('',(143.64675108426,-152.1889610271));
#1996 = CARTESIAN_POINT('',(144.02280726194,-152.0546261822));
#1997 = CARTESIAN_POINT('',(144.40028476637,-151.9243320103));
#1998 = CARTESIAN_POINT('',(144.7791021463,-151.7980078885));
#1999 = CARTESIAN_POINT('',(145.53924114873,-151.5531651306));
#2000 = CARTESIAN_POINT('',(145.92056444108,-151.4346453109));
#2001 = CARTESIAN_POINT('',(146.30306088904,-151.3199558475));
#2002 = CARTESIAN_POINT('',(146.68665725273,-151.2090248679));
#2003 = CARTESIAN_POINT('',(147.07128974942,-151.1017783754));
#2004 = CARTESIAN_POINT('',(147.45690044459,-150.9981406197));
#2005 = CARTESIAN_POINT('',(147.84343364292,-150.8980344688));
#2006 = CARTESIAN_POINT('',(148.53213882502,-150.7262083415));
#2007 = CARTESIAN_POINT('',(148.83397063311,-150.6531238135));
#2008 = CARTESIAN_POINT('',(149.13630168917,-150.5820917871));
#2009 = CARTESIAN_POINT('',(149.43910597889,-150.5130758535));
#2010 = CARTESIAN_POINT('',(149.74235748798,-150.4460396034));
#2011 = CARTESIAN_POINT('',(150.04603020212,-150.3809466278));
#2012 = CARTESIAN_POINT('',(150.35009810703,-150.3177605175));
#2013 = CARTESIAN_POINT('',(151.13293885874,-150.160091181));
#2014 = CARTESIAN_POINT('',(151.61224596875,-150.0683578258));
#2015 = CARTESIAN_POINT('',(152.09236953922,-149.9811012628));
#2016 = CARTESIAN_POINT('',(152.57326316278,-149.8981887793));
#2017 = CARTESIAN_POINT('',(153.05486783381,-149.8194831909));
#2018 = CARTESIAN_POINT('',(153.53711872393,-149.7448454141));
#2019 = CARTESIAN_POINT('',(154.01996338498,-149.6741400502));
#2020 = CARTESIAN_POINT('',(154.98671417389,-149.5403193219));
#2021 = CARTESIAN_POINT('',(155.47061389063,-149.4772037592));
#2022 = CARTESIAN_POINT('',(155.95499024641,-149.4177491735));
#2023 = CARTESIAN_POINT('',(156.43978555156,-149.3618133296));
#2024 = CARTESIAN_POINT('',(156.92493715593,-149.3092527141));
#2025 = CARTESIAN_POINT('',(157.41040561549,-149.2599394034));
#2026 = CARTESIAN_POINT('',(157.8961815084,-149.2137620869));
#2027 = CARTESIAN_POINT('',(159.04498251642,-149.1117120809));
#2028 = CARTESIAN_POINT('',(159.70823924941,-149.0584226126));
#2029 = CARTESIAN_POINT('',(160.37190945801,-149.0103931059));
#2030 = CARTESIAN_POINT('',(161.03594408057,-148.9673192735));
#2031 = CARTESIAN_POINT('',(161.70022756715,-148.9288468303));
#2032 = CARTESIAN_POINT('',(162.3647640378,-148.8947024039));
#2033 = CARTESIAN_POINT('',(163.0294268625,-148.8645179957));
#2034 = CARTESIAN_POINT('',(164.40325101062,-148.8097331612));
#2035 = CARTESIAN_POINT('',(165.11242716341,-148.785637928));
#2036 = CARTESIAN_POINT('',(165.82171510761,-148.7653627661));
#2037 = CARTESIAN_POINT('',(166.53109406767,-148.7485475369));
#2038 = CARTESIAN_POINT('',(167.24054630229,-148.7348316944));
#2039 = CARTESIAN_POINT('',(167.95005710941,-148.723854473));
#2040 = CARTESIAN_POINT('',(168.65961483123,-148.7152550756));
#2041 = CARTESIAN_POINT('',(169.90143268983,-148.7037359705));
#2042 = CARTESIAN_POINT('',(170.4336846414,-148.699933761));
#2043 = CARTESIAN_POINT('',(170.96596269775,-148.6971141088));
#2044 = CARTESIAN_POINT('',(171.49826284277,-148.6951248898));
#2045 = CARTESIAN_POINT('',(172.03058106034,-148.69381398));
#2046 = CARTESIAN_POINT('',(172.56291333434,-148.6930292553));
#2047 = CARTESIAN_POINT('',(173.09525564864,-148.6926185916));
#2048 = CARTESIAN_POINT('',(174.15994920523,-148.6922411391));
#2049 = CARTESIAN_POINT('',(174.69229762477,-148.6922711666));
#2050 = CARTESIAN_POINT('',(175.22464779529,-148.6924794831));
#2051 = CARTESIAN_POINT('',(175.7569959403,-148.6919765901));
#2052 = CARTESIAN_POINT('',(176.28934162887,-148.6925144212));
#2053 = CARTESIAN_POINT('',(176.82168114254,-148.6929241345));
#2054 = CARTESIAN_POINT('',(177.35401305047,-148.694038991));
#2055 = CARTESIAN_POINT('',(178.68473301316,-148.698449234));
#2056 = CARTESIAN_POINT('',(179.48310584798,-148.7026213112));
#2057 = CARTESIAN_POINT('',(180.28144538735,-148.7088327586));
#2058 = CARTESIAN_POINT('',(181.07974022372,-148.717597202));
#2059 = CARTESIAN_POINT('',(181.87797513253,-148.7294283891));
#2060 = CARTESIAN_POINT('',(182.6761310765,-148.7448400133));
#2061 = CARTESIAN_POINT('',(183.47418520978,-148.7643455367));
#2062 = CARTESIAN_POINT('',(184.75974115959,-148.8031936907));
#2063 = CARTESIAN_POINT('',(185.24732483978,-148.8196484675));
#2064 = CARTESIAN_POINT('',(185.73484507298,-148.8379464553));
#2065 = CARTESIAN_POINT('',(186.22231226418,-148.8581930436));
#2066 = CARTESIAN_POINT('',(186.70971618099,-148.8805057064));
#2067 = CARTESIAN_POINT('',(187.19702650315,-148.9050151436));
#2068 = CARTESIAN_POINT('',(187.68421290264,-148.931852816));
#2069 = CARTESIAN_POINT('',(188.56976860645,-148.9851053442));
#2070 = CARTESIAN_POINT('',(188.96818566853,-149.010711039));
#2071 = CARTESIAN_POINT('',(189.36649135643,-149.0380271985));
#2072 = CARTESIAN_POINT('',(189.76467009684,-149.0671229997));
#2073 = CARTESIAN_POINT('',(190.16270631646,-149.0980676195));
#2074 = CARTESIAN_POINT('',(190.56058444197,-149.1309302349));
#2075 = CARTESIAN_POINT('',(190.95828890007,-149.1657800229));
#2076 = CARTESIAN_POINT('',(191.62081464536,-149.2272902877));
#2077 = CARTESIAN_POINT('',(191.88573954497,-149.2528087338));
#2078 = CARTESIAN_POINT('',(192.15057629461,-149.2792613208));
#2079 = CARTESIAN_POINT('',(192.41532110964,-149.3066683022));
#2080 = CARTESIAN_POINT('',(192.6799689424,-149.3350503628));
#2081 = CARTESIAN_POINT('',(192.94451348226,-149.3644286187));
#2082 = CARTESIAN_POINT('',(193.20894715558,-149.3948246176));
#2083 = CARTESIAN_POINT('',(193.9137838391,-149.478653138));
#2084 = CARTESIAN_POINT('',(194.35397085066,-149.5339349424));
#2085 = CARTESIAN_POINT('',(194.79377825935,-149.592208732));
#2086 = CARTESIAN_POINT('',(195.23316216411,-149.6535774877));
#2087 = CARTESIAN_POINT('',(195.67207866392,-149.7181441903));
#2088 = CARTESIAN_POINT('',(196.11048385773,-149.7860118205));
#2089 = CARTESIAN_POINT('',(196.54833384451,-149.8572833592));
#2090 = CARTESIAN_POINT('',(197.46655800788,-150.0143175991));
#2091 = CARTESIAN_POINT('',(197.94681141156,-150.1008165878));
#2092 = CARTESIAN_POINT('',(198.42627761918,-150.1917010607));
#2093 = CARTESIAN_POINT('',(198.90492346637,-150.2870942817));
#2094 = CARTESIAN_POINT('',(199.38264329567,-150.3871420433));
#2095 = CARTESIAN_POINT('',(199.85931284332,-150.4919950649));
#2096 = CARTESIAN_POINT('',(200.33485100946,-150.6017862706));
#2097 = CARTESIAN_POINT('',(201.28343093481,-150.8315297146));
#2098 = CARTESIAN_POINT('',(201.75647142693,-150.9514815556));
#2099 = CARTESIAN_POINT('',(202.22817632199,-151.0766551706));
#2100 = CARTESIAN_POINT('',(202.69843312712,-151.2071944242));
#2101 = CARTESIAN_POINT('',(203.16716090615,-151.3432440735));
#2102 = CARTESIAN_POINT('',(203.63425139406,-151.4849388078));
#2103 = CARTESIAN_POINT('',(204.09952550157,-151.6324000615));
#2104 = CARTESIAN_POINT('',(205.02615908388,-151.9391184721));
#2105 = CARTESIAN_POINT('',(205.48750908341,-152.0983709938));
#2106 = CARTESIAN_POINT('',(205.94675270281,-152.2636553306));
#2107 = CARTESIAN_POINT('',(206.40373880742,-152.4350831867));
#2108 = CARTESIAN_POINT('',(206.85832062911,-152.6127972906));
#2109 = CARTESIAN_POINT('',(207.31035026115,-152.7969370765));
#2110 = CARTESIAN_POINT('',(207.75966400477,-152.9875977871));
#2111 = CARTESIAN_POINT('',(208.53072802751,-153.3283370308));
#2112 = CARTESIAN_POINT('',(208.85384174028,-153.4752991372));
#2113 = CARTESIAN_POINT('',(209.17533847625,-153.6257889841));
#2114 = CARTESIAN_POINT('',(209.49514396144,-153.7798404114));
#2115 = CARTESIAN_POINT('',(209.81318392378,-153.9374872476));
#2116 = CARTESIAN_POINT('',(210.12938409312,-154.0987633096));
#2117 = CARTESIAN_POINT('',(210.44367020127,-154.2637024029));
#2118 = CARTESIAN_POINT('',(211.22442131375,-154.6852957957));
#2119 = CARTESIAN_POINT('',(211.68839468683,-154.9465582396));
#2120 = CARTESIAN_POINT('',(212.14762446932,-155.21624489));
#2121 = CARTESIAN_POINT('',(212.60186308526,-155.4943232506));
#2122 = CARTESIAN_POINT('',(213.05079593201,-155.7808630252));
#2123 = CARTESIAN_POINT('',(213.49419596293,-156.0758357296));
#2124 = CARTESIAN_POINT('',(213.93173244919,-156.3793187906));
#2125 = CARTESIAN_POINT('',(214.57885190639,-156.8472583834));
#2126 = CARTESIAN_POINT('',(214.79302681913,-157.0053592923));
#2127 = CARTESIAN_POINT('',(215.00563924582,-157.1655759746));
#2128 = CARTESIAN_POINT('',(215.21665669322,-157.3279001448));
#2129 = CARTESIAN_POINT('',(215.42604692051,-157.4923218279));
#2130 = CARTESIAN_POINT('',(215.63377793931,-157.6588293601));
#2131 = CARTESIAN_POINT('',(215.83981801373,-157.8274093883));
#2132 = CARTESIAN_POINT('',(216.28250647423,-158.1971241209));
#2133 = CARTESIAN_POINT('',(216.51853557221,-158.3990019523));
#2134 = CARTESIAN_POINT('',(216.75216772392,-158.6036663215));
#2135 = CARTESIAN_POINT('',(216.98335080574,-158.8110997662));
#2136 = CARTESIAN_POINT('',(217.21203580069,-159.0212814045));
#2137 = CARTESIAN_POINT('',(217.43817679845,-159.2341869352));
#2138 = CARTESIAN_POINT('',(217.66173099537,-159.4497886373));
#2139 = CARTESIAN_POINT('',(218.26138874553,-160.0422238028));
#2140 = CARTESIAN_POINT('',(218.63241469938,-160.4242157973));
#2141 = CARTESIAN_POINT('',(218.99554232856,-160.8138297108));
#2142 = CARTESIAN_POINT('',(219.350632172,-161.2108409203));
#2143 = CARTESIAN_POINT('',(219.69748902729,-161.6150520133));
#2144 = CARTESIAN_POINT('',(220.03590968451,-162.0262789131));
#2145 = CARTESIAN_POINT('',(220.36577256347,-162.4443048027));
#2146 = CARTESIAN_POINT('',(220.92801282956,-163.1872299203));
#2147 = CARTESIAN_POINT('',(221.16414244332,-163.5092882061));
#2148 = CARTESIAN_POINT('',(221.39542551385,-163.8348921426));
#2149 = CARTESIAN_POINT('',(221.62183744379,-164.1639275373));
#2150 = CARTESIAN_POINT('',(221.84335108497,-164.496281339));
#2151 = CARTESIAN_POINT('',(222.05994254105,-164.8318405493));
#2152 = CARTESIAN_POINT('',(222.27159697024,-165.1704911347));
#2153 = CARTESIAN_POINT('',(222.63909517365,-165.7778268417));
#2154 = CARTESIAN_POINT('',(222.79688724017,-166.0453383143));
#2155 = CARTESIAN_POINT('',(222.95170351062,-166.3145968605));
#2156 = CARTESIAN_POINT('',(223.10355706433,-166.5855479328));
#2157 = CARTESIAN_POINT('',(223.25246113695,-166.858136932));
#2158 = CARTESIAN_POINT('',(223.39842912049,-167.1323092072));
#2159 = CARTESIAN_POINT('',(223.54147456324,-167.4080100556));
#2160 = CARTESIAN_POINT('',(223.88180234545,-168.0811406676));
#2161 = CARTESIAN_POINT('',(224.07605670875,-168.4801034396));
#2162 = CARTESIAN_POINT('',(224.26441486222,-168.8819131642));
#2163 = CARTESIAN_POINT('',(224.44690706629,-169.2864180674));
#2164 = CARTESIAN_POINT('',(224.62359286603,-169.6934735784));
#2165 = CARTESIAN_POINT('',(224.79456925776,-170.1029406119));
#2166 = CARTESIAN_POINT('',(224.95994739544,-170.5146830318));
#2167 = CARTESIAN_POINT('',(225.2956330942,-171.3838330939));
#2168 = CARTESIAN_POINT('',(225.46478606021,-171.8416908274));
#2169 = CARTESIAN_POINT('',(225.62737309979,-172.3019619108));
#2170 = CARTESIAN_POINT('',(225.78352758715,-172.7644722061));
#2171 = CARTESIAN_POINT('',(225.93334928127,-173.2290387458));
#2172 = CARTESIAN_POINT('',(226.07696370727,-173.6955091604));
#2173 = CARTESIAN_POINT('',(226.21455955566,-174.1637765608));
#2174 = CARTESIAN_POINT('',(226.44206102625,-174.9754476978));
#2175 = CARTESIAN_POINT('',(226.53474040221,-175.3180772513));
#2176 = CARTESIAN_POINT('',(226.62436895832,-175.6615346298));
#2177 = CARTESIAN_POINT('',(226.71100541059,-176.0057703001));
#2178 = CARTESIAN_POINT('',(226.79470847197,-176.3507348591));
#2179 = CARTESIAN_POINT('',(226.87553685233,-176.696379034));
#2180 = CARTESIAN_POINT('',(226.95354925851,-177.0426536818));
#2181 = CARTESIAN_POINT('',(227.08524406176,-177.6496441082));
#2182 = CARTESIAN_POINT('',(227.1401335446,-177.9101093386));
#2183 = CARTESIAN_POINT('',(227.19349809827,-178.1708901232));
#2184 = CARTESIAN_POINT('',(227.24536312215,-178.4319716986));
#2185 = CARTESIAN_POINT('',(227.2957541595,-178.6933398962));
#2186 = CARTESIAN_POINT('',(227.34469689745,-178.9549811417));
#2187 = CARTESIAN_POINT('',(227.39221716704,-179.2168824557));
#2188 = CARTESIAN_POINT('',(227.51521357669,-179.9159445931));
#2189 = CARTESIAN_POINT('',(227.58820731939,-180.3535491825));
#2190 = CARTESIAN_POINT('',(227.65744307833,-180.7917848978));
#2191 = CARTESIAN_POINT('',(227.72303951779,-181.2305961185));
#2192 = CARTESIAN_POINT('',(227.78511630949,-181.6699255149));
#2193 = CARTESIAN_POINT('',(227.84379473852,-182.1097128255));
#2194 = CARTESIAN_POINT('',(227.89919566496,-182.5498988228));
#2195 = CARTESIAN_POINT('',(228.00367415285,-183.4309712564));
#2196 = CARTESIAN_POINT('',(228.05275177535,-183.8718630697));
#2197 = CARTESIAN_POINT('',(228.09878222934,-184.3130812403));
#2198 = CARTESIAN_POINT('',(228.14188003538,-184.7545970997));
#2199 = CARTESIAN_POINT('',(228.18215971404,-185.196381979));
#2200 = CARTESIAN_POINT('',(228.21973578589,-185.6384072098));
#2201 = CARTESIAN_POINT('',(228.25472277151,-186.0806441233));
#2202 = CARTESIAN_POINT('',(228.30674264342,-186.7885160073));
#2203 = CARTESIAN_POINT('',(228.32535925175,-187.0540338489));
#2204 = CARTESIAN_POINT('',(228.34310975288,-187.3196113832));
#2205 = CARTESIAN_POINT('',(228.36001888326,-187.5852424176));
#2206 = CARTESIAN_POINT('',(228.37611137932,-187.8509207598));
#2207 = CARTESIAN_POINT('',(228.39141197752,-188.1166402174));
#2208 = CARTESIAN_POINT('',(228.4059454143,-188.3823945979));
#2209 = CARTESIAN_POINT('',(228.4427196389,-189.0911147386));
#2210 = CARTESIAN_POINT('',(228.46364199405,-189.5341432175));
#2211 = CARTESIAN_POINT('',(228.48261836604,-189.9772388182));
#2212 = CARTESIAN_POINT('',(228.49975404385,-190.4203961528));
#2213 = CARTESIAN_POINT('',(228.51515363069,-190.8636122696));
#2214 = CARTESIAN_POINT('',(228.52892488794,-191.3068794672));
#2215 = CARTESIAN_POINT('',(228.54117752342,-191.7501874272));
#2216 = CARTESIAN_POINT('',(228.56285606956,-192.6368714773));
#2217 = CARTESIAN_POINT('',(228.57228262038,-193.0802496582));
#2218 = CARTESIAN_POINT('',(228.58040396335,-193.5236660727));
#2219 = CARTESIAN_POINT('',(228.58732748549,-193.967117587));
#2220 = CARTESIAN_POINT('',(228.5931605738,-194.4106010671));
#2221 = CARTESIAN_POINT('',(228.59801061527,-194.8541133792));
#2222 = CARTESIAN_POINT('',(228.60198499692,-195.2976513893));
#2223 = CARTESIAN_POINT('',(228.60839721456,-196.1847725378));
#2224 = CARTESIAN_POINT('',(228.61083505055,-196.6283556761));
#2225 = CARTESIAN_POINT('',(228.61261200072,-197.0719582447));
#2226 = CARTESIAN_POINT('',(228.61383545206,-197.5155771096));
#2227 = CARTESIAN_POINT('',(228.61461279158,-197.9592091369));
#2228 = CARTESIAN_POINT('',(228.61505140628,-198.4028511927));
#2229 = CARTESIAN_POINT('',(228.61525868316,-198.8465001431));
#2230 = CARTESIAN_POINT('',(228.61543366678,-199.7781649213));
#2231 = CARTESIAN_POINT('',(228.61532581996,-200.2661796203));
#2232 = CARTESIAN_POINT('',(228.61546297237,-200.754194545));
#2233 = CARTESIAN_POINT('',(228.61543493346,-201.2422073685));
#2234 = CARTESIAN_POINT('',(228.61507701798,-201.7302158687));
#2235 = CARTESIAN_POINT('',(228.61437092248,-202.2182176671));
#2236 = CARTESIAN_POINT('',(228.61308742929,-202.706210087));
#2237 = CARTESIAN_POINT('',(228.60788013708,-203.9925991718));
#2238 = CARTESIAN_POINT('',(228.60278548013,-204.7909726137));
#2239 = CARTESIAN_POINT('',(228.59520199065,-205.58930059));
#2240 = CARTESIAN_POINT('',(228.58450302891,-206.3875671378));
#2241 = CARTESIAN_POINT('',(228.57006177724,-207.1857506113));
#2242 = CARTESIAN_POINT('',(228.55125157489,-207.9838236912));
#2243 = CARTESIAN_POINT('',(228.5274462528,-208.7817533934));
#2244 = CARTESIAN_POINT('',(228.48003886023,-210.0669914431));
#2245 = CARTESIAN_POINT('',(228.45995859171,-210.5544253064));
#2246 = CARTESIAN_POINT('',(228.43763179974,-211.0417903451));
#2247 = CARTESIAN_POINT('',(228.41293228577,-211.5291062916));
#2248 = CARTESIAN_POINT('',(228.38569925948,-212.0163255517));
#2249 = CARTESIAN_POINT('',(228.3557672421,-212.5033876924));
#2250 = CARTESIAN_POINT('',(228.32299860158,-212.9902774552));
#2251 = CARTESIAN_POINT('',(228.25797401348,-213.8751138839));
#2252 = CARTESIAN_POINT('',(228.22670843733,-214.2731435773));
#2253 = CARTESIAN_POINT('',(228.1933549775,-214.6710041298));
#2254 = CARTESIAN_POINT('',(228.15783014849,-215.0686746421));
#2255 = CARTESIAN_POINT('',(228.1200504648,-215.4661342146));
#2256 = CARTESIAN_POINT('',(228.07993244094,-215.8633619479));
#2257 = CARTESIAN_POINT('',(228.03739259141,-216.2603369426));
#2258 = CARTESIAN_POINT('',(227.92728036157,-217.2300675482));
#2259 = CARTESIAN_POINT('',(227.85698585045,-217.8025125455));
#2260 = CARTESIAN_POINT('',(227.78122435191,-218.3743258902));
#2261 = CARTESIAN_POINT('',(227.69971222082,-218.9453414082));
#2262 = CARTESIAN_POINT('',(227.6121938377,-219.5154756834));
#2263 = CARTESIAN_POINT('',(227.51840230819,-220.0845868278));
#2264 = CARTESIAN_POINT('',(227.41807383126,-220.6525507148));
#2265 = CARTESIAN_POINT('',(227.25326418013,-221.5243596711));
#2266 = CARTESIAN_POINT('',(227.19361086545,-221.8291133022));
#2267 = CARTESIAN_POINT('',(227.13194495593,-222.1334773492));
#2268 = CARTESIAN_POINT('',(227.06822524464,-222.4374329402));
#2269 = CARTESIAN_POINT('',(227.00241122818,-222.7409563668));
#2270 = CARTESIAN_POINT('',(226.93446310668,-223.044019084));
#2271 = CARTESIAN_POINT('',(226.86434178379,-223.3465877106));
#2272 = CARTESIAN_POINT('',(226.71967582907,-223.9506608492));
#2273 = CARTESIAN_POINT('',(226.64513062453,-224.2521678566));
#2274 = CARTESIAN_POINT('',(226.56833391942,-224.5531119467));
#2275 = CARTESIAN_POINT('',(226.4892463801,-224.8534600157));
#2276 = CARTESIAN_POINT('',(226.40782867294,-225.1531789599));
#2277 = CARTESIAN_POINT('',(226.3240414643,-225.4522356754));
#2278 = CARTESIAN_POINT('',(226.23784542054,-225.7505970585));
#2279 = CARTESIAN_POINT('',(226.00990476807,-226.515933522));
#2280 = CARTESIAN_POINT('',(225.86456185251,-226.9818489369));
#2281 = CARTESIAN_POINT('',(225.71300935029,-227.445844155));
#2282 = CARTESIAN_POINT('',(225.55511410012,-227.9077755487));
#2283 = CARTESIAN_POINT('',(225.39076431573,-228.367459411));
#2284 = CARTESIAN_POINT('',(225.21984592503,-228.8247058788));
#2285 = CARTESIAN_POINT('',(225.04223186587,-229.2793464382));
#2286 = CARTESIAN_POINT('',(224.70692224238,-230.1008767411));
#2287 = CARTESIAN_POINT('',(224.55147975844,-230.4686963085));
#2288 = CARTESIAN_POINT('',(224.39140232581,-230.8345531344));
#2289 = CARTESIAN_POINT('',(224.22662736938,-231.1983492338));
#2290 = CARTESIAN_POINT('',(224.05710856982,-231.5599801289));
#2291 = CARTESIAN_POINT('',(223.88281209134,-231.9193346476));
#2292 = CARTESIAN_POINT('',(223.70371280953,-232.2762947223));
#2293 = CARTESIAN_POINT('',(223.39717505758,-232.8670300562));
#2294 = CARTESIAN_POINT('',(223.27241405219,-233.1022077091));
#2295 = CARTESIAN_POINT('',(223.14549882795,-233.3362336465));
#2296 = CARTESIAN_POINT('',(223.01642082255,-233.5690734101));
#2297 = CARTESIAN_POINT('',(222.88517160638,-233.8006925845));
#2298 = CARTESIAN_POINT('',(222.75174288251,-234.0310567972));
#2299 = CARTESIAN_POINT('',(222.61612648671,-234.2601317184));
#2300 = CARTESIAN_POINT('',(222.24862848512,-234.8674670964));
#2301 = CARTESIAN_POINT('',(222.01285066927,-235.2433792036));
#2302 = CARTESIAN_POINT('',(221.77096924346,-235.6154569993));
#2303 = CARTESIAN_POINT('',(221.52301817401,-235.9835464954));
#2304 = CARTESIAN_POINT('',(221.26903790652,-236.3474941017));
#2305 = CARTESIAN_POINT('',(221.00905752876,-236.7071430532));
#2306 = CARTESIAN_POINT('',(220.74309827994,-237.0623342629));
#2307 = CARTESIAN_POINT('',(220.17210837016,-237.7985468947));
#2308 = CARTESIAN_POINT('',(219.86582283852,-238.1786013261));
#2309 = CARTESIAN_POINT('',(219.55239384122,-238.5528688395));
#2310 = CARTESIAN_POINT('',(219.23193349595,-238.9211885388));
#2311 = CARTESIAN_POINT('',(218.90459565953,-239.2834153564));
#2312 = CARTESIAN_POINT('',(218.57052391002,-239.6393944826));
#2313 = CARTESIAN_POINT('',(218.22982896922,-239.9889558069));
#2314 = CARTESIAN_POINT('',(217.66173098522,-240.5502113594));
#2315 = CARTESIAN_POINT('',(217.43817680174,-240.7658130664));
#2316 = CARTESIAN_POINT('',(217.21203582151,-240.9787186036));
#2317 = CARTESIAN_POINT('',(216.98335084708,-241.1889002494));
#2318 = CARTESIAN_POINT('',(216.75216778713,-241.396333702));
#2319 = CARTESIAN_POINT('',(216.51853565635,-241.6009980786));
#2320 = CARTESIAN_POINT('',(216.28250657554,-241.802875916));
#2321 = CARTESIAN_POINT('',(215.70360750675,-242.286348033));
#2322 = CARTESIAN_POINT('',(215.35828871226,-242.5650218468));
#2323 = CARTESIAN_POINT('',(215.00834013056,-242.8379315102));
#2324 = CARTESIAN_POINT('',(214.65390043093,-243.1049917021));
#2325 = CARTESIAN_POINT('',(214.29511163609,-243.3661437079));
#2326 = CARTESIAN_POINT('',(213.93212990061,-243.6213819164));
#2327 = CARTESIAN_POINT('',(213.56512164109,-243.8707379861));
#2328 = CARTESIAN_POINT('',(212.78628082365,-244.3820557899));
#2329 = CARTESIAN_POINT('',(212.37364167972,-244.6427810913));
#2330 = CARTESIAN_POINT('',(211.95654198542,-244.8964103472));
#2331 = CARTESIAN_POINT('',(211.53519848694,-245.1429816014));
#2332 = CARTESIAN_POINT('',(211.10982007131,-245.3824776842));
#2333 = CARTESIAN_POINT('',(210.68060688759,-245.6149213076));
#2334 = CARTESIAN_POINT('',(210.24775543608,-245.8404424212));
#2335 = CARTESIAN_POINT('',(209.49416275219,-246.2181481664));
#2336 = CARTESIAN_POINT('',(209.17503968059,-246.373561313));
#2337 = CARTESIAN_POINT('',(208.85417338903,-246.5253854561));
#2338 = CARTESIAN_POINT('',(208.53163848872,-246.6736541233));
#2339 = CARTESIAN_POINT('',(208.2075078649,-246.8184018545));
#2340 = CARTESIAN_POINT('',(207.8818526769,-246.9596642016));
#2341 = CARTESIAN_POINT('',(207.5547423581,-247.0974777288));
#2342 = CARTESIAN_POINT('',(206.85668930447,-247.3830806798));
#2343 = CARTESIAN_POINT('',(206.48538436034,-247.5299617258));
#2344 = CARTESIAN_POINT('',(206.11241314391,-247.6725905181));
#2345 = CARTESIAN_POINT('',(205.73785797424,-247.8110366606));
#2346 = CARTESIAN_POINT('',(205.36180054373,-247.945371059));
#2347 = CARTESIAN_POINT('',(204.98432233276,-248.0756649867));
#2348 = CARTESIAN_POINT('',(204.60550502432,-248.2019891508));
#2349 = CARTESIAN_POINT('',(203.84536940381,-248.4468323094));
#2350 = CARTESIAN_POINT('',(203.46404896533,-248.56535256));
#2351 = CARTESIAN_POINT('',(203.08155636361,-248.6800432373));
#2352 = CARTESIAN_POINT('',(202.69796482875,-248.7909761935));
#2353 = CARTESIAN_POINT('',(202.31333781331,-248.8982251552));
#2354 = CARTESIAN_POINT('',(201.92773274506,-249.001865474));
#2355 = CARTESIAN_POINT('',(201.54120477967,-249.1019738755));
#2356 = CARTESIAN_POINT('',(200.85250753552,-249.2738029049));
#2357 = CARTESIAN_POINT('',(200.55067846444,-249.3468883976));
#2358 = CARTESIAN_POINT('',(200.24834900388,-249.4179209711));
#2359 = CARTESIAN_POINT('',(199.94554481752,-249.4869369082));
#2360 = CARTESIAN_POINT('',(199.64229156904,-249.5539724919));
#2361 = CARTESIAN_POINT('',(199.33861492211,-249.6190640048));
#2362 = CARTESIAN_POINT('',(199.0345405404,-249.68224773));
#2363 = CARTESIAN_POINT('',(198.2516760056,-249.8399081736));
#2364 = CARTESIAN_POINT('',(197.77234632781,-249.931633705));
#2365 = CARTESIAN_POINT('',(197.29219231489,-250.0188789864));
#2366 = CARTESIAN_POINT('',(196.81126629524,-250.1017797013));
#2367 = CARTESIAN_POINT('',(196.32963146491,-250.180474578));
#2368 = CARTESIAN_POINT('',(195.84735602369,-250.255103554));
#2369 = CARTESIAN_POINT('',(195.3644974816,-250.325804096));
#2370 = CARTESIAN_POINT('',(194.39774462019,-250.4596262775));
#2371 = CARTESIAN_POINT('',(193.91384341662,-250.5227505151));
#2372 = CARTESIAN_POINT('',(193.42948430706,-250.5822183477));
#2373 = CARTESIAN_POINT('',(192.94473944541,-250.6381748429));
#2374 = CARTESIAN_POINT('',(192.45968283806,-250.6907687763));
#2375 = CARTESIAN_POINT('',(191.97434659379,-250.7401254993));
#2376 = CARTESIAN_POINT('',(191.48871022645,-250.7863443621));
#2377 = CARTESIAN_POINT('',(190.34008450733,-250.888502714));
#2378 = CARTESIAN_POINT('',(189.67686854489,-250.9418541083));
#2379 = CARTESIAN_POINT('',(189.01320762538,-250.9899215306));
#2380 = CARTESIAN_POINT('',(188.34916499577,-251.0330197086));
#2381 = CARTESIAN_POINT('',(187.68477500928,-251.0714466641));
#2382 = CARTESIAN_POINT('',(187.0201079941,-251.1055291181));
#2383 = CARTESIAN_POINT('',(186.3551828917,-251.1355605197));
#2384 = CARTESIAN_POINT('',(185.02471547158,-251.1881742025));
#2385 = CARTESIAN_POINT('',(184.35917429293,-251.2107539899));
#2386 = CARTESIAN_POINT('',(183.69348200827,-251.2299210996));
#2387 = CARTESIAN_POINT('',(183.02768647871,-251.2459937165));
#2388 = CARTESIAN_POINT('',(182.36183298701,-251.2592896458));
#2389 = CARTESIAN_POINT('',(181.69596423755,-251.2701263124));
#2390 = CARTESIAN_POINT('',(181.03012035635,-251.2788207615));
#2391 = CARTESIAN_POINT('',(179.65477044843,-251.2930103065));
#2392 = CARTESIAN_POINT('',(178.94527462615,-251.2982574903));
#2393 = CARTESIAN_POINT('',(178.23589680146,-251.3018148983));
#2394 = CARTESIAN_POINT('',(177.52668148447,-251.304066029));
#2395 = CARTESIAN_POINT('',(176.8176723636,-251.3053945692));
#2396 = CARTESIAN_POINT('',(176.10891235112,-251.3061847736));
#2397 = CARTESIAN_POINT('',(175.40044362857,-251.3068218437));
#2398 = CARTESIAN_POINT('',(174.6923076923,-251.3076923076));
#2399 = ( GEOMETRIC_REPRESENTATION_CONTEXT(2) 
PARAMETRIC_REPRESENTATION_CONTEXT() REPRESENTATION_CONTEXT('2D SPACE',''
  ) );
#2400 = ORIENTED_EDGE('',*,*,#2401,.T.);
#2401 = EDGE_CURVE('',#22,#2402,#2404,.T.);
#2402 = VERTEX_POINT('',#2403);
#2403 = CARTESIAN_POINT('',(290.,47.,-21.));
#2404 = SEAM_CURVE('',#2405,(#2408,#2415),.PCURVE_S1.);
#2405 = B_SPLINE_CURVE_WITH_KNOTS('',1,(#2406,#2407),.UNSPECIFIED.,.F.,
  .F.,(2,2),(0.,1.),.PIECEWISE_BEZIER_KNOTS.);
#2406 = CARTESIAN_POINT('',(225.,55.,-29.));
#2407 = CARTESIAN_POINT('',(290.,47.,-21.));
#2408 = PCURVE('',#729,#2409);
#2409 = DEFINITIONAL_REPRESENTATION('',(#2410),#2414);
#2410 = LINE('',#2411,#2412);
#2411 = CARTESIAN_POINT('',(0.,0.));
#2412 = VECTOR('',#2413,1.);
#2413 = DIRECTION('',(0.,1.));
#2414 = ( GEOMETRIC_REPRESENTATION_CONTEXT(2) 
PARAMETRIC_REPRESENTATION_CONTEXT() REPRESENTATION_CONTEXT('2D SPACE',''
  ) );
#2415 = PCURVE('',#729,#2416);
#2416 = DEFINITIONAL_REPRESENTATION('',(#2417),#2421);
#2417 = LINE('',#2418,#2419);
#2418 = CARTESIAN_POINT('',(384.39773170318,0.));
#2419 = VECTOR('',#2420,1.);
#2420 = DIRECTION('',(0.,1.));
#2421 = ( GEOMETRIC_REPRESENTATION_CONTEXT(2) 
PARAMETRIC_REPRESENTATION_CONTEXT() REPRESENTATION_CONTEXT('2D SPACE',''
  ) );
#2422 = ORIENTED_EDGE('',*,*,#2423,.F.);
#2423 = EDGE_CURVE('',#2402,#2402,#2424,.T.);
#2424 = SURFACE_CURVE('',#2425,(#2493,#2499),.PCURVE_S1.);
#2425 = B_SPLINE_CURVE_WITH_KNOTS('',3,(#2426,#2427,#2428,#2429,#2430,
    #2431,#2432,#2433,#2434,#2435,#2436,#2437,#2438,#2439,#2440,#2441,
    #2442,#2443,#2444,#2445,#2446,#2447,#2448,#2449,#2450,#2451,#2452,
    #2453,#2454,#2455,#2456,#2457,#2458,#2459,#2460,#2461,#2462,#2463,
    #2464,#2465,#2466,#2467,#2468,#2469,#2470,#2471,#2472,#2473,#2474,
    #2475,#2476,#2477,#2478,#2479,#2480,#2481,#2482,#2483,#2484,#2485,
    #2486,#2487,#2488,#2489,#2490,#2491,#2492),.UNSPECIFIED.,.T.,.F.,(1,
    1,2,1,1,1,1,1,1,1,1,1,1,1,1,1,1,1,1,1,1,1,1,1,1,1,1,1,1,1,1,1,1,1,1,
    1,1,1,1,1,1,1,1,1,1,1,1,1,1,1,1,1,1,1,1,1,1,1,1,1,1,1,1,1,1,1,2,1,1)
  ,(-16.16436460464,-10.20524576388,0.,10.205245763886,16.164364604649,
    21.120012661734,25.506376547926,29.516914188758,33.271446518662,
    36.861211561041,40.365799304074,43.860777760488,47.422027132916,
    51.129948795817,55.076729901489,59.382661219383,64.24001286292,
    70.076464530479,80.06919711321,90.061929697401,95.898381364959,
    100.75573300849,105.06166432639,109.00844543206,112.71636709496,
    116.27761646739,119.7725949238,123.27718266683,126.86694770921,
    130.62148003912,134.63201767995,139.01838156614,143.97402962323,
    149.93314846399,160.13839422669,170.34363999176,176.30275883252,
    181.25840688961,185.6447707758,189.65530841663,193.40984074654,
    196.99960578892,200.50419353195,203.99917198836,207.56042136079,
    211.26834302369,215.21512412936,219.52105544726,224.37840709079,
    230.21485875835,240.2075913403,250.20032392528,256.03677559283,
    260.89412723637,265.20005855427,269.14683965994,272.85476132284,
    276.41601069527,279.91098915168,283.41557689471,287.00534193709,
    290.759874267,294.77041190783,299.15677579402,304.1124238511,
    310.07154269187,320.27678845575,330.48203421964,336.4411530604),
  .UNSPECIFIED.);
#2426 = CARTESIAN_POINT('',(290.,47.00406462667,-24.39055357572));
#2427 = CARTESIAN_POINT('',(290.,46.99593537333,-17.60944642427));
#2428 = CARTESIAN_POINT('',(290.,47.001697107631,-12.20427153858));
#2429 = CARTESIAN_POINT('',(290.,46.503726704137,-5.179535555639));
#2430 = CARTESIAN_POINT('',(290.,45.747561827388,-0.128903809187));
#2431 = CARTESIAN_POINT('',(290.,44.688948192842,4.201250039161));
#2432 = CARTESIAN_POINT('',(290.,43.32468829154,8.023505919587));
#2433 = CARTESIAN_POINT('',(290.,41.651531773703,11.428415856106));
#2434 = CARTESIAN_POINT('',(290.,39.665532905866,14.462065243954));
#2435 = CARTESIAN_POINT('',(290.,37.361279599335,17.149262719556));
#2436 = CARTESIAN_POINT('',(290.,34.730620722781,19.503762878364));
#2437 = CARTESIAN_POINT('',(290.,31.759951929488,21.533560299655));
#2438 = CARTESIAN_POINT('',(290.,28.425063353836,23.243815267449));
#2439 = CARTESIAN_POINT('',(290.,24.681130851033,24.638322208369));
#2440 = CARTESIAN_POINT('',(290.,20.439549047925,25.720229145217));
#2441 = CARTESIAN_POINT('',(290.,15.493370982046,26.493165200689));
#2442 = CARTESIAN_POINT('',(290.,8.610069453121,27.000615833269));
#2443 = CARTESIAN_POINT('',(290.,2.389310725769E-10,26.999611233464));
#2444 = CARTESIAN_POINT('',(290.,-8.610069452621,27.000615833262));
#2445 = CARTESIAN_POINT('',(290.,-15.49337098207,26.493165200768));
#2446 = CARTESIAN_POINT('',(290.,-20.43954904784,25.720229144984));
#2447 = CARTESIAN_POINT('',(290.,-24.68113085128,24.638322209109));
#2448 = CARTESIAN_POINT('',(290.,-28.42506335301,23.243815264995));
#2449 = CARTESIAN_POINT('',(290.,-31.75995193229,21.533560308083));
#2450 = CARTESIAN_POINT('',(290.,-34.73062071281,19.503762848461));
#2451 = CARTESIAN_POINT('',(290.,-37.36127963584,17.149262829135));
#2452 = CARTESIAN_POINT('',(290.,-39.66553276767,14.462064829228));
#2453 = CARTESIAN_POINT('',(290.,-41.65153231367,11.42841747667));
#2454 = CARTESIAN_POINT('',(290.,-43.32468611357,8.02349938306));
#2455 = CARTESIAN_POINT('',(290.,-44.68895727457,4.201277295306));
#2456 = CARTESIAN_POINT('',(290.,-45.74752240305,-0.129022129745));
#2457 = CARTESIAN_POINT('',(290.,-46.50390923045,-5.178987756563));
#2458 = CARTESIAN_POINT('',(290.,-47.00060932093,-12.20753620999));
#2459 = CARTESIAN_POINT('',(290.,-46.99961530995,-20.9999999996));
#2460 = CARTESIAN_POINT('',(290.,-47.00060932098,-29.79246378921));
#2461 = CARTESIAN_POINT('',(290.,-46.50390923046,-36.82101224343));
#2462 = CARTESIAN_POINT('',(290.,-45.74752240304,-41.87097787025));
#2463 = CARTESIAN_POINT('',(290.,-44.68895727457,-46.2012772953));
#2464 = CARTESIAN_POINT('',(290.,-43.32468611357,-50.02349938306));
#2465 = CARTESIAN_POINT('',(290.,-41.65153231367,-53.42841747667));
#2466 = CARTESIAN_POINT('',(290.,-39.66553276767,-56.46206482922));
#2467 = CARTESIAN_POINT('',(290.,-37.36127963584,-59.14926282913));
#2468 = CARTESIAN_POINT('',(290.,-34.73062071281,-61.50376284846));
#2469 = CARTESIAN_POINT('',(290.,-31.75995193229,-63.53356030808));
#2470 = CARTESIAN_POINT('',(290.,-28.42506335301,-65.24381526499));
#2471 = CARTESIAN_POINT('',(290.,-24.68113085128,-66.6383222091));
#2472 = CARTESIAN_POINT('',(290.,-20.43954904784,-67.72022914498));
#2473 = CARTESIAN_POINT('',(290.,-15.49337098207,-68.49316520076));
#2474 = CARTESIAN_POINT('',(290.,-8.610069453371,-69.00061583321));
#2475 = CARTESIAN_POINT('',(290.,-5.019260871351E-10,-68.99961123346));
#2476 = CARTESIAN_POINT('',(290.,8.610069452345,-69.00061583331));
#2477 = CARTESIAN_POINT('',(290.,15.493370982099,-68.49316520069));
#2478 = CARTESIAN_POINT('',(290.,20.439549047769,-67.72022914521));
#2479 = CARTESIAN_POINT('',(290.,24.681130851526,-66.63832220836));
#2480 = CARTESIAN_POINT('',(290.,28.425063352201,-65.24381526744));
#2481 = CARTESIAN_POINT('',(290.,31.759951935104,-63.53356029965));
#2482 = CARTESIAN_POINT('',(290.,34.730620702854,-61.50376287836));
#2483 = CARTESIAN_POINT('',(290.,37.361279672358,-59.14926271955));
#2484 = CARTESIAN_POINT('',(290.,39.665532629493,-56.46206524395));
#2485 = CARTESIAN_POINT('',(290.,41.651532853645,-53.4284158561));
#2486 = CARTESIAN_POINT('',(290.,43.324683935607,-50.02350591958));
#2487 = CARTESIAN_POINT('',(290.,44.688966356304,-46.20125003916));
#2488 = CARTESIAN_POINT('',(290.,45.747482978711,-41.87109619081));
#2489 = CARTESIAN_POINT('',(290.,46.504091756781,-36.82046444436));
#2490 = CARTESIAN_POINT('',(290.,46.999521534281,-29.79572846141));
#2491 = CARTESIAN_POINT('',(290.,47.00406462667,-24.39055357572));
#2492 = CARTESIAN_POINT('',(290.,46.99593537333,-17.60944642427));
#2493 = PCURVE('',#729,#2494);
#2494 = DEFINITIONAL_REPRESENTATION('',(#2495),#2498);
#2495 = B_SPLINE_CURVE_WITH_KNOTS('',1,(#2496,#2497),.UNSPECIFIED.,.F.,
  .F.,(2,2),(0.,320.27678845575),.PIECEWISE_BEZIER_KNOTS.);
#2496 = CARTESIAN_POINT('',(0.,1.));
#2497 = CARTESIAN_POINT('',(384.39773170318,1.));
#2498 = ( GEOMETRIC_REPRESENTATION_CONTEXT(2) 
PARAMETRIC_REPRESENTATION_CONTEXT() REPRESENTATION_CONTEXT('2D SPACE',''
  ) );
#2499 = PCURVE('',#2500,#2755);
#2500 = B_SPLINE_SURFACE_WITH_KNOTS('',3,1,(
    (#2501,#2502)
    ,(#2503,#2504)
    ,(#2505,#2506)
    ,(#2507,#2508)
    ,(#2509,#2510)
    ,(#2511,#2512)
    ,(#2513,#2514)
    ,(#2515,#2516)
    ,(#2517,#2518)
    ,(#2519,#2520)
    ,(#2521,#2522)
    ,(#2523,#2524)
    ,(#2525,#2526)
    ,(#2527,#2528)
    ,(#2529,#2530)
    ,(#2531,#2532)
    ,(#2533,#2534)
    ,(#2535,#2536)
    ,(#2537,#2538)
    ,(#2539,#2540)
    ,(#2541,#2542)
    ,(#2543,#2544)
    ,(#2545,#2546)
    ,(#2547,#2548)
    ,(#2549,#2550)
    ,(#2551,#2552)
    ,(#2553,#2554)
    ,(#2555,#2556)
    ,(#2557,#2558)
    ,(#2559,#2560)
    ,(#2561,#2562)
    ,(#2563,#2564)
    ,(#2565,#2566)
    ,(#2567,#2568)
    ,(#2569,#2570)
    ,(#2571,#2572)
    ,(#2573,#2574)
    ,(#2575,#2576)
    ,(#2577,#2578)
    ,(#2579,#2580)
    ,(#2581,#2582)
    ,(#2583,#2584)
    ,(#2585,#2586)
    ,(#2587,#2588)
    ,(#2589,#2590)
    ,(#2591,#2592)
    ,(#2593,#2594)
    ,(#2595,#2596)
    ,(#2597,#2598)
    ,(#2599,#2600)
    ,(#2601,#2602)
    ,(#2603,#2604)
    ,(#2605,#2606)
    ,(#2607,#2608)
    ,(#2609,#2610)
    ,(#2611,#2612)
    ,(#2613,#2614)
    ,(#2615,#2616)
    ,(#2617,#2618)
    ,(#2619,#2620)
    ,(#2621,#2622)
    ,(#2623,#2624)
    ,(#2625,#2626)
    ,(#2627,#2628)
    ,(#2629,#2630)
    ,(#2631,#2632)
    ,(#2633,#2634)
    ,(#2635,#2636)
    ,(#2637,#2638)
    ,(#2639,#2640)
    ,(#2641,#2642)
    ,(#2643,#2644)
    ,(#2645,#2646)
    ,(#2647,#2648)
    ,(#2649,#2650)
    ,(#2651,#2652)
    ,(#2653,#2654)
    ,(#2655,#2656)
    ,(#2657,#2658)
    ,(#2659,#2660)
    ,(#2661,#2662)
    ,(#2663,#2664)
    ,(#2665,#2666)
    ,(#2667,#2668)
    ,(#2669,#2670)
    ,(#2671,#2672)
    ,(#2673,#2674)
    ,(#2675,#2676)
    ,(#2677,#2678)
    ,(#2679,#2680)
    ,(#2681,#2682)
    ,(#2683,#2684)
    ,(#2685,#2686)
    ,(#2687,#2688)
    ,(#2689,#2690)
    ,(#2691,#2692)
    ,(#2693,#2694)
    ,(#2695,#2696)
    ,(#2697,#2698)
    ,(#2699,#2700)
    ,(#2701,#2702)
    ,(#2703,#2704)
    ,(#2705,#2706)
    ,(#2707,#2708)
    ,(#2709,#2710)
    ,(#2711,#2712)
    ,(#2713,#2714)
    ,(#2715,#2716)
    ,(#2717,#2718)
    ,(#2719,#2720)
    ,(#2721,#2722)
    ,(#2723,#2724)
    ,(#2725,#2726)
    ,(#2727,#2728)
    ,(#2729,#2730)
    ,(#2731,#2732)
    ,(#2733,#2734)
    ,(#2735,#2736)
    ,(#2737,#2738)
    ,(#2739,#2740)
    ,(#2741,#2742)
    ,(#2743,#2744)
    ,(#2745,#2746)
    ,(#2747,#2748)
    ,(#2749,#2750)
    ,(#2751,#2752)
    ,(#2753,#2754
    )),.UNSPECIFIED.,.T.,.F.,.F.,(1,1,2,1,1,1,1,1,1,1,1,1,1,1,1,1,1,1,1,
    1,1,1,1,1,1,1,1,1,1,1,1,1,1,1,1,1,1,1,1,1,1,1,1,1,1,1,1,1,1,1,1,1,1,
    1,1,1,1,1,1,1,1,1,1,1,1,1,1,1,1,1,1,1,1,1,1,1,1,1,1,1,1,1,1,1,1,1,1,
    1,1,1,1,1,1,1,1,1,1,1,1,1,1,1,1,1,1,1,1,1,1,1,1,1,1,1,1,1,1,1,1,1,1,
    1,1,1,1,1,2,1,1),(2,2),(-10.20524576388,-9.933269400364,0.,
    9.933269400364,10.205245763886,15.735406911025,16.164364604649,
    20.565285459142,21.120012661734,24.848777231879,25.506376547926,
    28.77782942277,29.516914188758,32.472865106405,33.271446518662,
    36.026325327889,36.861211561041,39.518813997673,40.365799304074,
    43.026266428492,43.860777760488,46.624132228501,47.422027132916,
    50.391752835378,51.129948795817,54.420092304393,55.076729901489,
    58.828842651882,59.382661219383,63.811800954433,64.24001286292,
    69.804972548539,70.076464530479,80.06919711321,90.061929697401,
    90.333421679341,95.898381364959,96.326593273446,100.75573300849,
    101.30955157599,105.06166432639,105.71830192348,109.00844543206,
    109.7466413925,112.71636709496,113.51426199937,116.27761646739,
    117.11212779938,119.7725949238,120.6195802302,123.27718266683,
    124.11206889999,126.86694770921,127.66552912147,130.62148003912,
    131.3605648051,134.63201767995,135.289616996,139.01838156614,
    139.57310876873,143.97402962323,144.40298731685,149.93314846399,
    150.20512482751,160.13839422669,170.07166362824,170.34363999176,
    175.8738011389,176.30275883252,180.70367968702,181.25840688961,
    184.98717145975,185.6447707758,188.91622365065,189.65530841663,
    192.61125933428,193.40984074654,196.16471955576,196.99960578892,
    199.65720822555,200.50419353195,203.16466065637,203.99917198836,
    206.76252645638,207.56042136079,210.53014706325,211.26834302369,
    214.55848653227,215.21512412936,218.96723687976,219.52105544726,
    223.95019518231,224.37840709079,229.94336677641,230.21485875835,
    240.2075913403,250.20032392528,250.47181590722,256.03677559283,
    256.46498750132,260.89412723637,261.44794580387,265.20005855427,
    265.85669615136,269.14683965994,269.88503562038,272.85476132284,
    273.65265622725,276.41601069527,277.25052202726,279.91098915168,
    280.75797445808,283.41557689471,284.25046312786,287.00534193709,
    287.80392334935,290.759874267,291.49895903298,294.77041190783,
    295.42801122388,299.15677579402,299.71150299661,304.1124238511,
    304.54138154473,310.07154269187,310.34351905539,320.27678845575,
    330.21005785612,330.48203421964),(0.,1.),.UNSPECIFIED.);
#2501 = CARTESIAN_POINT('',(290.,47.003956301755,-24.30019314216));
#2502 = CARTESIAN_POINT('',(340.,31.002369012991,-11.11837355457));
#2503 = CARTESIAN_POINT('',(290.,46.996043698245,-17.69980685783));
#2504 = CARTESIAN_POINT('',(340.,30.997630987009,-6.881626445426));
#2505 = CARTESIAN_POINT('',(290.,46.999476054354,-14.28787705802));
#2506 = CARTESIAN_POINT('',(340.,30.999835863099,-4.689632099217));
#2507 = CARTESIAN_POINT('',(290.,46.77364548278,-9.043332555094));
#2508 = CARTESIAN_POINT('',(340.,30.838015048428,-1.32274084667));
#2509 = CARTESIAN_POINT('',(290.,46.630685638362,-6.970511459718));
#2510 = CARTESIAN_POINT('',(340.,30.735693322301,7.458154038514E-03));
#2511 = CARTESIAN_POINT('',(290.,46.250774583078,-3.537924967797));
#2512 = CARTESIAN_POINT('',(340.,30.46400443826,2.208600736496));
#2513 = CARTESIAN_POINT('',(290.,45.99174505717,-1.759870295739));
#2514 = CARTESIAN_POINT('',(340.,30.278709564814,3.347567338639));
#2515 = CARTESIAN_POINT('',(290.,45.440398059938,1.083020338659));
#2516 = CARTESIAN_POINT('',(340.,29.884833549589,5.165063121612));
#2517 = CARTESIAN_POINT('',(290.,45.059046307764,2.687400486975));
#2518 = CARTESIAN_POINT('',(340.,29.612687605721,6.188520928854));
#2519 = CARTESIAN_POINT('',(290.,44.339737359945,5.137656363982));
#2520 = CARTESIAN_POINT('',(340.,29.100663446854,7.746544332054));
#2521 = CARTESIAN_POINT('',(290.,43.829193495445,6.610030393045));
#2522 = CARTESIAN_POINT('',(340.,28.738170741228,8.679369831609));
#2523 = CARTESIAN_POINT('',(290.,42.94409407039,8.758244220626));
#2524 = CARTESIAN_POINT('',(340.,28.11222308138,10.033871995021));
#2525 = CARTESIAN_POINT('',(290.,42.298162963379,10.112507308688));
#2526 = CARTESIAN_POINT('',(340.,27.657419932501,10.883320197688));
#2527 = CARTESIAN_POINT('',(290.,41.245435886878,12.011429213383));
#2528 = CARTESIAN_POINT('',(340.,26.920269765016,12.06690616198));
#2529 = CARTESIAN_POINT('',(290.,40.459917795383,13.248627878593));
#2530 = CARTESIAN_POINT('',(340.,26.373612771305,12.832943485157));
#2531 = CARTESIAN_POINT('',(290.,39.232477354581,14.932821804456));
#2532 = CARTESIAN_POINT('',(340.,25.525244415087,13.867983860778));
#2533 = CARTESIAN_POINT('',(290.,38.306096994203,16.04742599388));
#2534 = CARTESIAN_POINT('',(340.,24.889720543585,14.547860486775));
#2535 = CARTESIAN_POINT('',(290.,36.890850867093,17.53976182953));
#2536 = CARTESIAN_POINT('',(340.,23.926156507351,15.450986566038));
#2537 = CARTESIAN_POINT('',(290.,35.825587947386,18.523742045104));
#2538 = CARTESIAN_POINT('',(340.,23.206589129879,16.041996726168));
#2539 = CARTESIAN_POINT('',(290.,34.203229867996,19.837901233887));
#2540 = CARTESIAN_POINT('',(340.,22.11888176529,16.82551931341));
#2541 = CARTESIAN_POINT('',(290.,33.00345831846,20.683897736332));
#2542 = CARTESIAN_POINT('',(340.,21.320444886602,17.32652161752));
#2543 = CARTESIAN_POINT('',(290.,31.148030505934,21.825852900877));
#2544 = CARTESIAN_POINT('',(340.,20.09376286053,17.998716512564));
#2545 = CARTESIAN_POINT('',(290.,29.818068272059,22.529430505407));
#2546 = CARTESIAN_POINT('',(340.,19.219940647507,18.410636191126));
#2547 = CARTESIAN_POINT('',(290.,27.694713304956,23.499076556247));
#2548 = CARTESIAN_POINT('',(340.,17.83198814471,18.975919325531));
#2549 = CARTESIAN_POINT('',(290.,26.234520322186,24.059729405787));
#2550 = CARTESIAN_POINT('',(340.,16.881986213979,19.301509861846));
#2551 = CARTESIAN_POINT('',(290.,23.792328579089,24.852792193921));
#2552 = CARTESIAN_POINT('',(340.,15.298741382278,19.760943850704));
#2553 = CARTESIAN_POINT('',(290.,22.190259111825,25.273672777695));
#2554 = CARTESIAN_POINT('',(340.,14.263423270432,20.004172288067));
#2555 = CARTESIAN_POINT('',(290.,19.341917771741,25.883671979196));
#2556 = CARTESIAN_POINT('',(340.,12.426648701608,20.356361267962));
#2557 = CARTESIAN_POINT('',(290.,17.559150299905,26.170347199364));
#2558 = CARTESIAN_POINT('',(340.,11.279152588752,20.521653398839));
#2559 = CARTESIAN_POINT('',(290.,14.10946662002,26.590860130062));
#2560 = CARTESIAN_POINT('',(340.,9.061027491359,20.764139272532));
#2561 = CARTESIAN_POINT('',(290.,12.025419079653,26.748829489));
#2562 = CARTESIAN_POINT('',(340.,7.722202254439,20.855172726663));
#2563 = CARTESIAN_POINT('',(290.,6.7544872474,27.000399328915));
#2564 = CARTESIAN_POINT('',(340.,4.337053490584,21.000239711792));
#2565 = CARTESIAN_POINT('',(290.,2.389310725769E-10,26.999611233464));
#2566 = CARTESIAN_POINT('',(340.,1.578683156422E-10,20.999766628664));
#2567 = CARTESIAN_POINT('',(290.,-6.754487246905,27.00039932891));
#2568 = CARTESIAN_POINT('',(340.,-4.337053490258,21.000239711785));
#2569 = CARTESIAN_POINT('',(290.,-12.02541907965,26.748829489018));
#2570 = CARTESIAN_POINT('',(340.,-7.722202254441,20.855172726673));
#2571 = CARTESIAN_POINT('',(290.,-14.10946662003,26.590860130113));
#2572 = CARTESIAN_POINT('',(340.,-9.061027491369,20.764139272569));
#2573 = CARTESIAN_POINT('',(290.,-17.55915029988,26.170347199313));
#2574 = CARTESIAN_POINT('',(340.,-11.27915258874,20.521653398816));
#2575 = CARTESIAN_POINT('',(290.,-19.34191777169,25.883671979056));
#2576 = CARTESIAN_POINT('',(340.,-12.42664870158,20.356361267863));
#2577 = CARTESIAN_POINT('',(290.,-22.19025911188,25.273672777863));
#2578 = CARTESIAN_POINT('',(340.,-14.26342327044,20.004172288121));
#2579 = CARTESIAN_POINT('',(290.,-23.79232857923,24.852792194344));
#2580 = CARTESIAN_POINT('',(340.,-15.29874138236,19.760943851003));
#2581 = CARTESIAN_POINT('',(290.,-26.23452032199,24.059729405202));
#2582 = CARTESIAN_POINT('',(340.,-16.88198621394,19.301509861711));
#2583 = CARTESIAN_POINT('',(290.,-27.69471330451,23.499076554908));
#2584 = CARTESIAN_POINT('',(340.,-17.83198814444,18.975919324586));
#2585 = CARTESIAN_POINT('',(290.,-29.81806827275,22.529430507499));
#2586 = CARTESIAN_POINT('',(340.,-19.2199406476,18.410636191476));
#2587 = CARTESIAN_POINT('',(290.,-31.14803050739,21.825852905267));
#2588 = CARTESIAN_POINT('',(340.,-20.0937628614,17.998716515676));
#2589 = CARTESIAN_POINT('',(290.,-33.00345831592,20.683897728714));
#2590 = CARTESIAN_POINT('',(340.,-21.32044488634,17.326521616586));
#2591 = CARTESIAN_POINT('',(290.,-34.20322986301,19.837901218951));
#2592 = CARTESIAN_POINT('',(340.,-22.1188817623,16.825519302775));
#2593 = CARTESIAN_POINT('',(290.,-35.82558795676,18.523742073258));
#2594 = CARTESIAN_POINT('',(340.,-23.20658913063,16.041996728873));
#2595 = CARTESIAN_POINT('',(290.,-36.89085088476,17.539761882563));
#2596 = CARTESIAN_POINT('',(340.,-23.92615651796,15.450986603867));
#2597 = CARTESIAN_POINT('',(290.,-38.30609695908,16.047425888477));
#2598 = CARTESIAN_POINT('',(340.,-24.88972054101,14.547860477596));
#2599 = CARTESIAN_POINT('',(290.,-39.2324772888,14.932821607041));
#2600 = CARTESIAN_POINT('',(340.,-25.52524437571,13.867983720431));
#2601 = CARTESIAN_POINT('',(290.,-40.45991792845,13.248628277967));
#2602 = CARTESIAN_POINT('',(340.,-26.37361278195,12.832943523135));
#2603 = CARTESIAN_POINT('',(290.,-41.24543614367,12.011429984069));
#2604 = CARTESIAN_POINT('',(340.,-26.92026991749,12.0669067055));
#2605 = CARTESIAN_POINT('',(290.,-42.29816245293,10.11250577675));
#2606 = CARTESIAN_POINT('',(340.,-27.65741988083,10.883320013527));
#2607 = CARTESIAN_POINT('',(290.,-42.94409302318,8.758241077734));
#2608 = CARTESIAN_POINT('',(340.,-28.1122224657,10.033869800326));
#2609 = CARTESIAN_POINT('',(290.,-43.82919548133,6.610036353096));
#2610 = CARTESIAN_POINT('',(340.,-28.73817101399,8.679370803948));
#2611 = CARTESIAN_POINT('',(290.,-44.33974179803,5.137669683617));
#2612 = CARTESIAN_POINT('',(340.,-29.10066603504,7.746553558103));
#2613 = CARTESIAN_POINT('',(290.,-45.05903843146,2.687376848572));
#2614 = CARTESIAN_POINT('',(340.,-29.6126861131,6.188515608174));
#2615 = CARTESIAN_POINT('',(290.,-45.44037854271,1.082961763466));
#2616 = CARTESIAN_POINT('',(340.,-29.88482220716,5.165022689567));
#2617 = CARTESIAN_POINT('',(290.,-45.99177730586,-1.759773510771));
#2618 = CARTESIAN_POINT('',(340.,-30.2787179229,3.347597132504));
#2619 = CARTESIAN_POINT('',(290.,-46.25086450834,-3.537655083547));
#2620 = CARTESIAN_POINT('',(340.,-30.46405683289,2.208787506346));
#2621 = CARTESIAN_POINT('',(290.,-46.63054429486,-6.970935660655));
#2622 = CARTESIAN_POINT('',(340.,-30.73564402246,7.282416152659E-03));
#2623 = CARTESIAN_POINT('',(290.,-46.77319200857,-9.044693524562));
#2624 = CARTESIAN_POINT('',(340.,-30.83774844515,-1.323691200665));
#2625 = CARTESIAN_POINT('',(290.,-47.00037443778,-14.28518082391));
#2626 = CARTESIAN_POINT('',(340.,-31.00025715092,-4.688130344795));
#2627 = CARTESIAN_POINT('',(290.,-46.9996355412,-20.9999999996));
#2628 = CARTESIAN_POINT('',(340.,-30.9997497023,-8.999999999753));
#2629 = CARTESIAN_POINT('',(290.,-47.00037443782,-27.7148191753));
#2630 = CARTESIAN_POINT('',(340.,-31.00025715095,-13.31186965471));
#2631 = CARTESIAN_POINT('',(290.,-46.77319200857,-32.95530647543));
#2632 = CARTESIAN_POINT('',(340.,-30.83774844515,-16.67630879933));
#2633 = CARTESIAN_POINT('',(290.,-46.63054429486,-35.02906433934));
#2634 = CARTESIAN_POINT('',(340.,-30.73564402246,-18.00728241615));
#2635 = CARTESIAN_POINT('',(290.,-46.25086450834,-38.46234491645));
#2636 = CARTESIAN_POINT('',(340.,-30.46405683289,-20.20878750634));
#2637 = CARTESIAN_POINT('',(290.,-45.99177730586,-40.24022648922));
#2638 = CARTESIAN_POINT('',(340.,-30.2787179229,-21.3475971325));
#2639 = CARTESIAN_POINT('',(290.,-45.44037854271,-43.08296176346));
#2640 = CARTESIAN_POINT('',(340.,-29.88482220716,-23.16502268956));
#2641 = CARTESIAN_POINT('',(290.,-45.05903843146,-44.68737684857));
#2642 = CARTESIAN_POINT('',(340.,-29.6126861131,-24.18851560817));
#2643 = CARTESIAN_POINT('',(290.,-44.33974179803,-47.13766968361));
#2644 = CARTESIAN_POINT('',(340.,-29.10066603504,-25.7465535581));
#2645 = CARTESIAN_POINT('',(290.,-43.82919548133,-48.61003635309));
#2646 = CARTESIAN_POINT('',(340.,-28.73817101399,-26.67937080394));
#2647 = CARTESIAN_POINT('',(290.,-42.94409302318,-50.75824107773));
#2648 = CARTESIAN_POINT('',(340.,-28.1122224657,-28.03386980032));
#2649 = CARTESIAN_POINT('',(290.,-42.29816245293,-52.11250577675));
#2650 = CARTESIAN_POINT('',(340.,-27.65741988083,-28.88332001352));
#2651 = CARTESIAN_POINT('',(290.,-41.24543614367,-54.01142998406));
#2652 = CARTESIAN_POINT('',(340.,-26.92026991749,-30.0669067055));
#2653 = CARTESIAN_POINT('',(290.,-40.45991792845,-55.24862827796));
#2654 = CARTESIAN_POINT('',(340.,-26.37361278195,-30.83294352313));
#2655 = CARTESIAN_POINT('',(290.,-39.2324772888,-56.93282160704));
#2656 = CARTESIAN_POINT('',(340.,-25.52524437571,-31.86798372043));
#2657 = CARTESIAN_POINT('',(290.,-38.30609695908,-58.04742588847));
#2658 = CARTESIAN_POINT('',(340.,-24.88972054101,-32.54786047759));
#2659 = CARTESIAN_POINT('',(290.,-36.89085088476,-59.53976188256));
#2660 = CARTESIAN_POINT('',(340.,-23.92615651796,-33.45098660386));
#2661 = CARTESIAN_POINT('',(290.,-35.82558795676,-60.52374207325));
#2662 = CARTESIAN_POINT('',(340.,-23.20658913063,-34.04199672887));
#2663 = CARTESIAN_POINT('',(290.,-34.20322986301,-61.83790121895));
#2664 = CARTESIAN_POINT('',(340.,-22.1188817623,-34.82551930277));
#2665 = CARTESIAN_POINT('',(290.,-33.00345831592,-62.68389772871));
#2666 = CARTESIAN_POINT('',(340.,-21.32044488634,-35.32652161658));
#2667 = CARTESIAN_POINT('',(290.,-31.14803050739,-63.82585290526));
#2668 = CARTESIAN_POINT('',(340.,-20.0937628614,-35.99871651567));
#2669 = CARTESIAN_POINT('',(290.,-29.81806827275,-64.52943050749));
#2670 = CARTESIAN_POINT('',(340.,-19.2199406476,-36.41063619147));
#2671 = CARTESIAN_POINT('',(290.,-27.69471330451,-65.4990765549));
#2672 = CARTESIAN_POINT('',(340.,-17.83198814444,-36.97591932458));
#2673 = CARTESIAN_POINT('',(290.,-26.23452032199,-66.0597294052));
#2674 = CARTESIAN_POINT('',(340.,-16.88198621394,-37.30150986171));
#2675 = CARTESIAN_POINT('',(290.,-23.79232857923,-66.85279219434));
#2676 = CARTESIAN_POINT('',(340.,-15.29874138236,-37.760943851));
#2677 = CARTESIAN_POINT('',(290.,-22.19025911188,-67.27367277786));
#2678 = CARTESIAN_POINT('',(340.,-14.26342327044,-38.00417228812));
#2679 = CARTESIAN_POINT('',(290.,-19.34191777169,-67.88367197905));
#2680 = CARTESIAN_POINT('',(340.,-12.42664870158,-38.35636126786));
#2681 = CARTESIAN_POINT('',(290.,-17.55915029988,-68.17034719931));
#2682 = CARTESIAN_POINT('',(340.,-11.27915258874,-38.52165339881));
#2683 = CARTESIAN_POINT('',(290.,-14.10946662003,-68.59086013011));
#2684 = CARTESIAN_POINT('',(340.,-9.061027491369,-38.76413927256));
#2685 = CARTESIAN_POINT('',(290.,-12.02541907966,-68.74882948902));
#2686 = CARTESIAN_POINT('',(340.,-7.722202254442,-38.85517272667));
#2687 = CARTESIAN_POINT('',(290.,-6.754487247653,-69.00039932887));
#2688 = CARTESIAN_POINT('',(340.,-4.337053490751,-39.00023971176));
#2689 = CARTESIAN_POINT('',(290.,-5.019260871351E-10,-68.99961123346));
#2690 = CARTESIAN_POINT('',(340.,-3.312884411244E-10,-38.99976662866));
#2691 = CARTESIAN_POINT('',(290.,6.754487246632,-69.00039932895));
#2692 = CARTESIAN_POINT('',(340.,4.337053490079,-39.00023971181));
#2693 = CARTESIAN_POINT('',(290.,12.025419079666,-68.74882948899));
#2694 = CARTESIAN_POINT('',(340.,7.722202254444,-38.85517272666));
#2695 = CARTESIAN_POINT('',(290.,14.109466620054,-68.59086013006));
#2696 = CARTESIAN_POINT('',(340.,9.061027491379,-38.76413927253));
#2697 = CARTESIAN_POINT('',(290.,17.559150299871,-68.17034719936));
#2698 = CARTESIAN_POINT('',(340.,11.279152588739,-38.52165339883));
#2699 = CARTESIAN_POINT('',(290.,19.341917771647,-67.88367197919));
#2700 = CARTESIAN_POINT('',(340.,12.426648701553,-38.35636126796));
#2701 = CARTESIAN_POINT('',(290.,22.190259111938,-67.27367277769));
#2702 = CARTESIAN_POINT('',(340.,14.263423270462,-38.00417228806));
#2703 = CARTESIAN_POINT('',(290.,23.792328579371,-66.85279219392));
#2704 = CARTESIAN_POINT('',(340.,15.298741382446,-37.7609438507));
#2705 = CARTESIAN_POINT('',(290.,26.234520321796,-66.05972940578));
#2706 = CARTESIAN_POINT('',(340.,16.881986213903,-37.30150986184));
#2707 = CARTESIAN_POINT('',(290.,27.694713304063,-65.49907655624));
#2708 = CARTESIAN_POINT('',(340.,17.831988144179,-36.97591932553));
#2709 = CARTESIAN_POINT('',(290.,29.818068273453,-64.5294305054));
#2710 = CARTESIAN_POINT('',(340.,19.219940647704,-36.41063619112));
#2711 = CARTESIAN_POINT('',(290.,31.148030508859,-63.82585290087));
#2712 = CARTESIAN_POINT('',(340.,20.093762862275,-35.99871651256));
#2713 = CARTESIAN_POINT('',(290.,33.003458313384,-62.68389773633));
#2714 = CARTESIAN_POINT('',(340.,21.320444886079,-35.32652161752));
#2715 = CARTESIAN_POINT('',(290.,34.203229858043,-61.83790123388));
#2716 = CARTESIAN_POINT('',(340.,22.118881759323,-34.82551931341));
#2717 = CARTESIAN_POINT('',(290.,35.825587966148,-60.5237420451));
#2718 = CARTESIAN_POINT('',(340.,23.206589131397,-34.04199672616));
#2719 = CARTESIAN_POINT('',(290.,36.890850902433,-59.53976182953));
#2720 = CARTESIAN_POINT('',(340.,23.926156528575,-33.45098656603));
#2721 = CARTESIAN_POINT('',(290.,38.306096923963,-58.04742599388));
#2722 = CARTESIAN_POINT('',(340.,24.889720538435,-32.54786048677));
#2723 = CARTESIAN_POINT('',(290.,39.232477223024,-56.93282180445));
#2724 = CARTESIAN_POINT('',(340.,25.525244336344,-31.86798386077));
#2725 = CARTESIAN_POINT('',(290.,40.459918061526,-55.24862787859));
#2726 = CARTESIAN_POINT('',(340.,26.373612792613,-30.83294348515));
#2727 = CARTESIAN_POINT('',(290.,41.245436400462,-54.01142921338));
#2728 = CARTESIAN_POINT('',(340.,26.920270069964,-30.06690616198));
#2729 = CARTESIAN_POINT('',(290.,42.298161942497,-52.11250730868));
#2730 = CARTESIAN_POINT('',(340.,27.657419829175,-28.88332019768));
#2731 = CARTESIAN_POINT('',(290.,42.944091975971,-50.75824422062));
#2732 = CARTESIAN_POINT('',(340.,28.112221850023,-28.03387199502));
#2733 = CARTESIAN_POINT('',(290.,43.829197467216,-48.61003039304));
#2734 = CARTESIAN_POINT('',(340.,28.73817128677,-26.6793698316));
#2735 = CARTESIAN_POINT('',(290.,44.339746236133,-47.13765636398));
#2736 = CARTESIAN_POINT('',(340.,29.100668623231,-25.74654433205));
#2737 = CARTESIAN_POINT('',(290.,45.05903055516,-44.68740048697));
#2738 = CARTESIAN_POINT('',(340.,29.612684620496,-24.18852092885));
#2739 = CARTESIAN_POINT('',(290.,45.4403590255,-43.08302033865));
#2740 = CARTESIAN_POINT('',(340.,29.884810864746,-23.16506312161));
#2741 = CARTESIAN_POINT('',(290.,45.991809554556,-40.24012970426));
#2742 = CARTESIAN_POINT('',(340.,30.278726280989,-21.34756733863));
#2743 = CARTESIAN_POINT('',(290.,46.250954433617,-38.4620750322));
#2744 = CARTESIAN_POINT('',(340.,30.464109227536,-20.20860073649));
#2745 = CARTESIAN_POINT('',(290.,46.630402951368,-35.02948854028));
#2746 = CARTESIAN_POINT('',(340.,30.735594722629,-18.00745815403));
#2747 = CARTESIAN_POINT('',(290.,46.772738534368,-32.9566674449));
#2748 = CARTESIAN_POINT('',(340.,30.837481841879,-16.67725915333));
#2749 = CARTESIAN_POINT('',(290.,47.001272821256,-27.71212294197));
#2750 = CARTESIAN_POINT('',(340.,31.000678438776,-13.31036790078));
#2751 = CARTESIAN_POINT('',(290.,47.003956301755,-24.30019314216));
#2752 = CARTESIAN_POINT('',(340.,31.002369012991,-11.11837355457));
#2753 = CARTESIAN_POINT('',(290.,46.996043698245,-17.69980685783));
#2754 = CARTESIAN_POINT('',(340.,30.997630987009,-6.881626445426));
#2755 = DEFINITIONAL_REPRESENTATION('',(#2756),#2760);
#2756 = LINE('',#2757,#2758);
#2757 = CARTESIAN_POINT('',(0.,0.));
#2758 = VECTOR('',#2759,1.);
#2759 = DIRECTION('',(1.,0.));
#2760 = ( GEOMETRIC_REPRESENTATION_CONTEXT(2) 
PARAMETRIC_REPRESENTATION_CONTEXT() REPRESENTATION_CONTEXT('2D SPACE',''
  ) );
#2761 = ORIENTED_EDGE('',*,*,#2401,.F.);
#2762 = ADVANCED_FACE('',(#2763,#2766),#1690,.F.);
#2763 = FACE_BOUND('',#2764,.F.);
#2764 = EDGE_LOOP('',(#2765));
#2765 = ORIENTED_EDGE('',*,*,#21,.F.);
#2766 = FACE_BOUND('',#2767,.F.);
#2767 = EDGE_LOOP('',(#2768));
#2768 = ORIENTED_EDGE('',*,*,#2769,.T.);
#2769 = EDGE_CURVE('',#2770,#2770,#2772,.T.);
#2770 = VERTEX_POINT('',#2771);
#2771 = CARTESIAN_POINT('',(255.,50.307692307692,-25.30769230769));
#2772 = SURFACE_CURVE('',#2773,(#3476,#4182),.PCURVE_S1.);
#2773 = B_SPLINE_CURVE_WITH_KNOTS('',8,(#2774,#2775,#2776,#2777,#2778,
    #2779,#2780,#2781,#2782,#2783,#2784,#2785,#2786,#2787,#2788,#2789,
    #2790,#2791,#2792,#2793,#2794,#2795,#2796,#2797,#2798,#2799,#2800,
    #2801,#2802,#2803,#2804,#2805,#2806,#2807,#2808,#2809,#2810,#2811,
    #2812,#2813,#2814,#2815,#2816,#2817,#2818,#2819,#2820,#2821,#2822,
    #2823,#2824,#2825,#2826,#2827,#2828,#2829,#2830,#2831,#2832,#2833,
    #2834,#2835,#2836,#2837,#2838,#2839,#2840,#2841,#2842,#2843,#2844,
    #2845,#2846,#2847,#2848,#2849,#2850,#2851,#2852,#2853,#2854,#2855,
    #2856,#2857,#2858,#2859,#2860,#2861,#2862,#2863,#2864,#2865,#2866,
    #2867,#2868,#2869,#2870,#2871,#2872,#2873,#2874,#2875,#2876,#2877,
    #2878,#2879,#2880,#2881,#2882,#2883,#2884,#2885,#2886,#2887,#2888,
    #2889,#2890,#2891,#2892,#2893,#2894,#2895,#2896,#2897,#2898,#2899,
    #2900,#2901,#2902,#2903,#2904,#2905,#2906,#2907,#2908,#2909,#2910,
    #2911,#2912,#2913,#2914,#2915,#2916,#2917,#2918,#2919,#2920,#2921,
    #2922,#2923,#2924,#2925,#2926,#2927,#2928,#2929,#2930,#2931,#2932,
    #2933,#2934,#2935,#2936,#2937,#2938,#2939,#2940,#2941,#2942,#2943,
    #2944,#2945,#2946,#2947,#2948,#2949,#2950,#2951,#2952,#2953,#2954,
    #2955,#2956,#2957,#2958,#2959,#2960,#2961,#2962,#2963,#2964,#2965,
    #2966,#2967,#2968,#2969,#2970,#2971,#2972,#2973,#2974,#2975,#2976,
    #2977,#2978,#2979,#2980,#2981,#2982,#2983,#2984,#2985,#2986,#2987,
    #2988,#2989,#2990,#2991,#2992,#2993,#2994,#2995,#2996,#2997,#2998,
    #2999,#3000,#3001,#3002,#3003,#3004,#3005,#3006,#3007,#3008,#3009,
    #3010,#3011,#3012,#3013,#3014,#3015,#3016,#3017,#3018,#3019,#3020,
    #3021,#3022,#3023,#3024,#3025,#3026,#3027,#3028,#3029,#3030,#3031,
    #3032,#3033,#3034,#3035,#3036,#3037,#3038,#3039,#3040,#3041,#3042,
    #3043,#3044,#3045,#3046,#3047,#3048,#3049,#3050,#3051,#3052,#3053,
    #3054,#3055,#3056,#3057,#3058,#3059,#3060,#3061,#3062,#3063,#3064,
    #3065,#3066,#3067,#3068,#3069,#3070,#3071,#3072,#3073,#3074,#3075,
    #3076,#3077,#3078,#3079,#3080,#3081,#3082,#3083,#3084,#3085,#3086,
    #3087,#3088,#3089,#3090,#3091,#3092,#3093,#3094,#3095,#3096,#3097,
    #3098,#3099,#3100,#3101,#3102,#3103,#3104,#3105,#3106,#3107,#3108,
    #3109,#3110,#3111,#3112,#3113,#3114,#3115,#3116,#3117,#3118,#3119,
    #3120,#3121,#3122,#3123,#3124,#3125,#3126,#3127,#3128,#3129,#3130,
    #3131,#3132,#3133,#3134,#3135,#3136,#3137,#3138,#3139,#3140,#3141,
    #3142,#3143,#3144,#3145,#3146,#3147,#3148,#3149,#3150,#3151,#3152,
    #3153,#3154,#3155,#3156,#3157,#3158,#3159,#3160,#3161,#3162,#3163,
    #3164,#3165,#3166,#3167,#3168,#3169,#3170,#3171,#3172,#3173,#3174,
    #3175,#3176,#3177,#3178,#3179,#3180,#3181,#3182,#3183,#3184,#3185,
    #3186,#3187,#3188,#3189,#3190,#3191,#3192,#3193,#3194,#3195,#3196,
    #3197,#3198,#3199,#3200,#3201,#3202,#3203,#3204,#3205,#3206,#3207,
    #3208,#3209,#3210,#3211,#3212,#3213,#3214,#3215,#3216,#3217,#3218,
    #3219,#3220,#3221,#3222,#3223,#3224,#3225,#3226,#3227,#3228,#3229,
    #3230,#3231,#3232,#3233,#3234,#3235,#3236,#3237,#3238,#3239,#3240,
    #3241,#3242,#3243,#3244,#3245,#3246,#3247,#3248,#3249,#3250,#3251,
    #3252,#3253,#3254,#3255,#3256,#3257,#3258,#3259,#3260,#3261,#3262,
    #3263,#3264,#3265,#3266,#3267,#3268,#3269,#3270,#3271,#3272,#3273,
    #3274,#3275,#3276,#3277,#3278,#3279,#3280,#3281,#3282,#3283,#3284,
    #3285,#3286,#3287,#3288,#3289,#3290,#3291,#3292,#3293,#3294,#3295,
    #3296,#3297,#3298,#3299,#3300,#3301,#3302,#3303,#3304,#3305,#3306,
    #3307,#3308,#3309,#3310,#3311,#3312,#3313,#3314,#3315,#3316,#3317,
    #3318,#3319,#3320,#3321,#3322,#3323,#3324,#3325,#3326,#3327,#3328,
    #3329,#3330,#3331,#3332,#3333,#3334,#3335,#3336,#3337,#3338,#3339,
    #3340,#3341,#3342,#3343,#3344,#3345,#3346,#3347,#3348,#3349,#3350,
    #3351,#3352,#3353,#3354,#3355,#3356,#3357,#3358,#3359,#3360,#3361,
    #3362,#3363,#3364,#3365,#3366,#3367,#3368,#3369,#3370,#3371,#3372,
    #3373,#3374,#3375,#3376,#3377,#3378,#3379,#3380,#3381,#3382,#3383,
    #3384,#3385,#3386,#3387,#3388,#3389,#3390,#3391,#3392,#3393,#3394,
    #3395,#3396,#3397,#3398,#3399,#3400,#3401,#3402,#3403,#3404,#3405,
    #3406,#3407,#3408,#3409,#3410,#3411,#3412,#3413,#3414,#3415,#3416,
    #3417,#3418,#3419,#3420,#3421,#3422,#3423,#3424,#3425,#3426,#3427,
    #3428,#3429,#3430,#3431,#3432,#3433,#3434,#3435,#3436,#3437,#3438,
    #3439,#3440,#3441,#3442,#3443,#3444,#3445,#3446,#3447,#3448,#3449,
    #3450,#3451,#3452,#3453,#3454,#3455,#3456,#3457,#3458,#3459,#3460,
    #3461,#3462,#3463,#3464,#3465,#3466,#3467,#3468,#3469,#3470,#3471,
    #3472,#3473,#3474,#3475),.UNSPECIFIED.,.T.,.F.,(9,7,7,7,7,7,7,7,7,7,
    7,7,7,7,7,7,7,7,7,7,7,7,7,7,7,7,7,7,7,7,7,7,7,7,7,7,7,7,7,7,7,7,7,7,
    7,7,7,7,7,7,7,7,7,7,7,7,7,7,7,7,7,7,7,7,7,7,7,7,7,7,7,7,7,7,7,7,7,7,
    7,7,7,7,7,7,7,7,7,7,7,7,7,7,7,7,7,7,7,7,7,7,9),(0.,
    1.900022859135E-02,2.900742751827E-02,3.901293168706E-02,
    4.601554759459E-02,5.201779517471E-02,6.402226650679E-02,
    7.302581537757E-02,7.90281368858E-02,8.903233071556E-02,
    0.100036988764,0.107039893052,0.118044684685,0.129049390923,
    0.141054409306,0.150058160298,0.157061103456,0.167065118051,
    0.178069531334,0.186072572521,0.192074673455,0.202078130144,
    0.212081612077,0.218083701237,0.228086395218,0.238088851923,
    0.248091308628,0.25909387746,0.277095715856,0.288096341229,
    0.297096916057,0.310098107918,0.317098607768,0.324099119869,
    0.335100272185,0.344101085905,0.350101659597,0.360102574359,
    0.371103586272,0.378104265148,0.388105194926,0.399106217914,
    0.407107024453,0.416107810985,0.4251083311,0.432108658858,
    0.443109230745,0.454109735787,0.469110305181,0.485109521963,
    0.497109492805,0.509109393613,0.527107367816,0.538106330306,
    0.547106005755,0.553105797866,0.563105438358,0.574104983965,
    0.585104718962,0.596104486584,0.604104228661,0.616104007788,
    0.622103817385,0.629103602794,0.641103138173,0.650102776914,
    0.657102521642,0.66710196714,0.678101354421,0.68610074041,
    0.692100100028,0.702098987877,0.712097900959,0.718097248808,
    0.728095374298,0.73809326262,0.748091150942,0.759088694613,
    0.7770823111,0.7880779122,0.797074376231,0.810069630107,
    0.817066932644,0.824064247428,0.835060375229,0.844057078042,
    0.850054911113,0.860051258195,0.871047245656,0.878044727139,
    0.888041089249,0.899037085648,0.907034239471,0.916030923993,
    0.925027312895,0.932024425602,0.943019938199,0.954015358155,
    0.969011529697,0.984012455442,1.),.UNSPECIFIED.);
#2774 = CARTESIAN_POINT('',(255.,50.307692307692,-25.30769230769));
#2775 = CARTESIAN_POINT('',(255.,50.308707228597,-26.1327279622));
#2776 = CARTESIAN_POINT('',(255.,50.309429877168,-26.95822330822));
#2777 = CARTESIAN_POINT('',(255.,50.309307717582,-27.78411109732));
#2778 = CARTESIAN_POINT('',(255.,50.307790167667,-28.61032211456));
#2779 = CARTESIAN_POINT('',(255.,50.304327888065,-29.43678507571));
#2780 = CARTESIAN_POINT('',(255.,50.2983720714,-30.26342652442));
#2781 = CARTESIAN_POINT('',(255.,50.289373731444,-31.09017072943));
#2782 = CARTESIAN_POINT('',(255.,50.270151596728,-32.35238909924));
#2783 = CARTESIAN_POINT('',(255.,50.262523400671,-32.78786334618));
#2784 = CARTESIAN_POINT('',(255.,50.253818038644,-33.22334387514));
#2785 = CARTESIAN_POINT('',(255.,50.243955145179,-33.65881223868));
#2786 = CARTESIAN_POINT('',(255.,50.232854354807,-34.09424998936));
#2787 = CARTESIAN_POINT('',(255.,50.22043530206,-34.52963867974));
#2788 = CARTESIAN_POINT('',(255.,50.206617621471,-34.96495986237));
#2789 = CARTESIAN_POINT('',(255.,50.176026864223,-35.83535660845));
#2790 = CARTESIAN_POINT('',(255.,50.159250896583,-36.27044823347));
#2791 = CARTESIAN_POINT('',(255.,50.140921929274,-36.70545432453));
#2792 = CARTESIAN_POINT('',(255.,50.120955732393,-37.14036106271));
#2793 = CARTESIAN_POINT('',(255.,50.099257333276,-37.57515610452));
#2794 = CARTESIAN_POINT('',(255.,50.075725590811,-38.00982770631));
#2795 = CARTESIAN_POINT('',(255.,50.050259972299,-38.44436331901));
#2796 = CARTESIAN_POINT('',(255.,50.003529623986,-39.18276298291));
#2797 = CARTESIAN_POINT('',(255.,49.983297740587,-39.48669476253));
#2798 = CARTESIAN_POINT('',(255.,49.962040900906,-39.79053889444));
#2799 = CARTESIAN_POINT('',(255.,49.939726123184,-40.09429128102));
#2800 = CARTESIAN_POINT('',(255.,49.91632042566,-40.39794782463));
#2801 = CARTESIAN_POINT('',(255.,49.891790826574,-40.70150442764));
#2802 = CARTESIAN_POINT('',(255.,49.866104344166,-41.00495699242));
#2803 = CARTESIAN_POINT('',(255.,49.816191106773,-41.56831116463));
#2804 = CARTESIAN_POINT('',(255.,49.792279960158,-41.82824050046));
#2805 = CARTESIAN_POINT('',(255.,49.767473912551,-42.08808808333));
#2806 = CARTESIAN_POINT('',(255.,49.741752246006,-42.34785189415));
#2807 = CARTESIAN_POINT('',(255.,49.715094168913,-42.60752924031));
#2808 = CARTESIAN_POINT('',(255.,49.687478815996,-42.86711675563));
#2809 = CARTESIAN_POINT('',(255.,49.658885248314,-43.12661040037));
#2810 = CARTESIAN_POINT('',(255.,49.570106980637,-43.90479455325));
#2811 = CARTESIAN_POINT('',(255.,49.506924040546,-44.42317916065));
#2812 = CARTESIAN_POINT('',(255.,49.439571269094,-44.94107965773));
#2813 = CARTESIAN_POINT('',(255.,49.367876302388,-45.45841641873));
#2814 = CARTESIAN_POINT('',(255.,49.291666776533,-45.97510981792));
#2815 = CARTESIAN_POINT('',(255.,49.210770327636,-46.49108022954));
#2816 = CARTESIAN_POINT('',(255.,49.125014591803,-47.00624802786));
#2817 = CARTESIAN_POINT('',(255.,48.966135187586,-47.90625612654));
#2818 = CARTESIAN_POINT('',(255.,48.895212066261,-48.29147912138));
#2819 = CARTESIAN_POINT('',(255.,48.82138858486,-48.67617343636));
#2820 = CARTESIAN_POINT('',(255.,48.744591267456,-49.0602986296));
#2821 = CARTESIAN_POINT('',(255.,48.664743875659,-49.44380645043));
#2822 = CARTESIAN_POINT('',(255.,48.581768865781,-49.8266443372));
#2823 = CARTESIAN_POINT('',(255.,48.495588845991,-50.20875891511));
#2824 = CARTESIAN_POINT('',(255.,48.346487933029,-50.84432466582));
#2825 = CARTESIAN_POINT('',(255.,48.285390136054,-51.09820364418));
#2826 = CARTESIAN_POINT('',(255.,48.222812091668,-51.35172061126));
#2827 = CARTESIAN_POINT('',(255.,48.158731248978,-51.6048597492));
#2828 = CARTESIAN_POINT('',(255.,48.093125057097,-51.85760524016));
#2829 = CARTESIAN_POINT('',(255.,48.025970965133,-52.1099412663));
#2830 = CARTESIAN_POINT('',(255.,47.957246422198,-52.36185200977));
#2831 = CARTESIAN_POINT('',(255.,47.769729166118,-53.03245132563));
#2832 = CARTESIAN_POINT('',(255.,47.648105312069,-53.45034917306));
#2833 = CARTESIAN_POINT('',(255.,47.521955770121,-53.86694201396));
#2834 = CARTESIAN_POINT('',(255.,47.391184302439,-54.28212850931));
#2835 = CARTESIAN_POINT('',(255.,47.255695796615,-54.69579912756));
#2836 = CARTESIAN_POINT('',(255.,47.115394448488,-55.10784612156));
#2837 = CARTESIAN_POINT('',(255.,46.97018430967,-55.51816351685));
#2838 = CARTESIAN_POINT('',(255.,46.65473820569,-56.37595989637));
#2839 = CARTESIAN_POINT('',(255.,46.483450566911,-56.82305333345));
#2840 = CARTESIAN_POINT('',(255.,46.305993235181,-57.26775874378));
#2841 = CARTESIAN_POINT('',(255.,46.122215384004,-57.70994304449));
#2842 = CARTESIAN_POINT('',(255.,45.932026607541,-58.14943483684));
#2843 = CARTESIAN_POINT('',(255.,45.735358081288,-58.58604022057));
#2844 = CARTESIAN_POINT('',(255.,45.532108731766,-59.01957511598));
#2845 = CARTESIAN_POINT('',(255.,45.18861543403,-59.72366037925));
#2846 = CARTESIAN_POINT('',(255.,45.052339094322,-59.99615023153));
#2847 = CARTESIAN_POINT('',(255.,44.913339719699,-60.26727109522));
#2848 = CARTESIAN_POINT('',(255.,44.771594063546,-60.53697315559));
#2849 = CARTESIAN_POINT('',(255.,44.627082356208,-60.80520612015));
#2850 = CARTESIAN_POINT('',(255.,44.479788304992,-61.07191921864));
#2851 = CARTESIAN_POINT('',(255.,44.329699094167,-61.33706120305));
#2852 = CARTESIAN_POINT('',(255.,43.936538869462,-62.01469043072));
#2853 = CARTESIAN_POINT('',(255.,43.689352802954,-62.42479692366));
#2854 = CARTESIAN_POINT('',(255.,43.435218187266,-62.83068334915));
#2855 = CARTESIAN_POINT('',(255.,43.174138965487,-63.23215184053));
#2856 = CARTESIAN_POINT('',(255.,42.906089192241,-63.62898500651));
#2857 = CARTESIAN_POINT('',(255.,42.631032143664,-64.02096072771));
#2858 = CARTESIAN_POINT('',(255.,42.34896657245,-64.40787798452));
#2859 = CARTESIAN_POINT('',(255.,41.770926296971,-65.17122268486));
#2860 = CARTESIAN_POINT('',(255.,41.474957854287,-65.5476480582));
#2861 = CARTESIAN_POINT('',(255.,41.172101698825,-65.91862231487));
#2862 = CARTESIAN_POINT('',(255.,40.862450443616,-66.28397400249));
#2863 = CARTESIAN_POINT('',(255.,40.546067323281,-66.64349900702));
#2864 = CARTESIAN_POINT('',(255.,40.223004859552,-66.99698558146));
#2865 = CARTESIAN_POINT('',(255.,39.893349277396,-67.34426049833));
#2866 = CARTESIAN_POINT('',(255.,39.190573596085,-68.05710028949));
#2867 = CARTESIAN_POINT('',(255.,38.816226843633,-68.42146530558));
#2868 = CARTESIAN_POINT('',(255.,38.434394700776,-68.77809006261));
#2869 = CARTESIAN_POINT('',(255.,38.045296227121,-69.12683598666));
#2870 = CARTESIAN_POINT('',(255.,37.649124967531,-69.46751166844));
#2871 = CARTESIAN_POINT('',(255.,37.246061521518,-69.79991783248));
#2872 = CARTESIAN_POINT('',(255.,36.836317228606,-70.12393275822));
#2873 = CARTESIAN_POINT('',(255.,36.108078258941,-70.67622549041));
#2874 = CARTESIAN_POINT('',(255.,35.792376589487,-70.90818435238));
#2875 = CARTESIAN_POINT('',(255.,35.473189508709,-71.13538910942));
#2876 = CARTESIAN_POINT('',(255.,35.15062895104,-71.35781535094));
#2877 = CARTESIAN_POINT('',(255.,34.824805749017,-71.57543616375));
#2878 = CARTESIAN_POINT('',(255.,34.49583069294,-71.78822776621));
#2879 = CARTESIAN_POINT('',(255.,34.163815590525,-71.99617514239));
#2880 = CARTESIAN_POINT('',(255.,33.56836349784,-72.35724689373));
#2881 = CARTESIAN_POINT('',(255.,33.306080807896,-72.51228280138));
#2882 = CARTESIAN_POINT('',(255.,33.042079702432,-72.66439779809));
#2883 = CARTESIAN_POINT('',(255.,32.77641369533,-72.81360449061));
#2884 = CARTESIAN_POINT('',(255.,32.50913636866,-72.95991569345));
#2885 = CARTESIAN_POINT('',(255.,32.24030137268,-73.1033444289));
#2886 = CARTESIAN_POINT('',(255.,31.969962425839,-73.24390392703));
#2887 = CARTESIAN_POINT('',(255.,31.309910526885,-73.57832346068));
#2888 = CARTESIAN_POINT('',(255.,30.918689234752,-73.76921025063));
#2889 = CARTESIAN_POINT('',(255.,30.524666357633,-73.95430848841));
#2890 = CARTESIAN_POINT('',(255.,30.12799107231,-74.13364666258));
#2891 = CARTESIAN_POINT('',(255.,29.7288055334,-74.30728191756));
#2892 = CARTESIAN_POINT('',(255.,29.327246477388,-74.475308923));
#2893 = CARTESIAN_POINT('',(255.,28.923447710399,-74.63783695235));
#2894 = CARTESIAN_POINT('',(255.,28.071048938344,-74.9677431671));
#2895 = CARTESIAN_POINT('',(255.,27.622005758239,-75.13398722005));
#2896 = CARTESIAN_POINT('',(255.,27.170587030044,-75.29378071261));
#2897 = CARTESIAN_POINT('',(255.,26.716963131554,-75.44725538354));
#2898 = CARTESIAN_POINT('',(255.,26.261314262551,-75.59450848473));
#2899 = CARTESIAN_POINT('',(255.,25.803791067772,-75.73566207915));
#2900 = CARTESIAN_POINT('',(255.,25.344498735117,-75.8709014635));
#2901 = CARTESIAN_POINT('',(255.,24.548373355288,-76.09450916172));
#2902 = CARTESIAN_POINT('',(255.,24.212302736044,-76.18560301967));
#2903 = CARTESIAN_POINT('',(255.,23.87541692036,-76.27369891062));
#2904 = CARTESIAN_POINT('',(255.,23.537764608871,-76.3588544692));
#2905 = CARTESIAN_POINT('',(255.,23.199394380942,-76.44112732724));
#2906 = CARTESIAN_POINT('',(255.,22.860354694667,-76.52057511381));
#2907 = CARTESIAN_POINT('',(255.,22.520693886869,-76.5972554552));
#2908 = CARTESIAN_POINT('',(255.,21.925292538252,-76.72670220146));
#2909 = CARTESIAN_POINT('',(255.,21.669798950599,-76.78065490379));
#2910 = CARTESIAN_POINT('',(255.,21.413994590191,-76.83310887424));
#2911 = CARTESIAN_POINT('',(255.,21.157894031547,-76.88408905199));
#2912 = CARTESIAN_POINT('',(255.,20.901511243659,-76.9336205231));
#2913 = CARTESIAN_POINT('',(255.,20.644859589992,-76.98172852048));
#2914 = CARTESIAN_POINT('',(255.,20.387951828484,-77.02843842395));
#2915 = CARTESIAN_POINT('',(255.,19.702215838968,-77.14933764833));
#2916 = CARTESIAN_POINT('',(255.,19.272950644034,-77.22108708989));
#2917 = CARTESIAN_POINT('',(255.,18.843063806128,-77.28914284769));
#2918 = CARTESIAN_POINT('',(255.,18.412610095209,-77.35362153214));
#2919 = CARTESIAN_POINT('',(255.,17.981645920591,-77.41464071964));
#2920 = CARTESIAN_POINT('',(255.,17.550230503942,-77.47231953462));
#2921 = CARTESIAN_POINT('',(255.,17.118422076515,-77.52677669525));
#2922 = CARTESIAN_POINT('',(255.,16.254115034136,-77.62947547962));
#2923 = CARTESIAN_POINT('',(255.,15.821611405532,-77.67771718136));
#2924 = CARTESIAN_POINT('',(255.,15.388786422273,-77.72296368388));
#2925 = CARTESIAN_POINT('',(255.,14.955668291843,-77.76532754316));
#2926 = CARTESIAN_POINT('',(255.,14.522285221728,-77.80492131519));
#2927 = CARTESIAN_POINT('',(255.,14.088665419413,-77.84185755598));
#2928 = CARTESIAN_POINT('',(255.,13.654837092383,-77.8762488215));
#2929 = CARTESIAN_POINT('',(255.,12.960423261569,-77.92738297553));
#2930 = CARTESIAN_POINT('',(255.,12.699953160811,-77.94568261235));
#2931 = CARTESIAN_POINT('',(255.,12.439424238667,-77.96313089034));
#2932 = CARTESIAN_POINT('',(255.,12.178842587954,-77.97975212158));
#2933 = CARTESIAN_POINT('',(255.,11.918214301489,-77.99557061817));
#2934 = CARTESIAN_POINT('',(255.,11.657545472089,-78.0106106922));
#2935 = CARTESIAN_POINT('',(255.,11.396842192571,-78.02489665577));
#2936 = CARTESIAN_POINT('',(255.,10.701592056451,-78.06104465));
#2937 = CARTESIAN_POINT('',(255.,10.266983357848,-78.08161063965));
#2938 = CARTESIAN_POINT('',(255.,9.832308643587,-78.10026381352));
#2939 = CARTESIAN_POINT('',(255.,9.397573206212,-78.11710766544));
#2940 = CARTESIAN_POINT('',(255.,8.962779892884,-78.13224499275));
#2941 = CARTESIAN_POINT('',(255.,8.527936276206,-78.14578171709));
#2942 = CARTESIAN_POINT('',(255.,8.093052550132,-78.1578256928));
#2943 = CARTESIAN_POINT('',(255.,7.22321806873,-78.17913505989));
#2944 = CARTESIAN_POINT('',(255.,6.788265282117,-78.18840108232));
#2945 = CARTESIAN_POINT('',(255.,6.353274874807,-78.19638412764));
#2946 = CARTESIAN_POINT('',(255.,5.918249930463,-78.20318975349));
#2947 = CARTESIAN_POINT('',(255.,5.483193532749,-78.20892351749));
#2948 = CARTESIAN_POINT('',(255.,5.048108765328,-78.21369097729));
#2949 = CARTESIAN_POINT('',(255.,4.612998711865,-78.21759769051));
#2950 = CARTESIAN_POINT('',(255.,3.742734200181,-78.22390073906));
#2951 = CARTESIAN_POINT('',(255.,3.30757974196,-78.2262970744));
#2952 = CARTESIAN_POINT('',(255.,2.872406165023,-78.22804377842));
#2953 = CARTESIAN_POINT('',(255.,2.437216553036,-78.22924640877));
#2954 = CARTESIAN_POINT('',(255.,2.00201398966,-78.23001052308));
#2955 = CARTESIAN_POINT('',(255.,1.566801558561,-78.23044167898));
#2956 = CARTESIAN_POINT('',(255.,1.131582343401,-78.23064543411));
#2957 = CARTESIAN_POINT('',(255.,0.217620031421,-78.23081744818));
#2958 = CARTESIAN_POINT('',(255.,-0.261121957838,-78.23071143984));
#2959 = CARTESIAN_POINT('',(255.,-0.739864169505,-78.23084625241));
#2960 = CARTESIAN_POINT('',(255.,-1.218604310948,-78.23081868308));
#2961 = CARTESIAN_POINT('',(255.,-1.697340192553,-78.23046685208));
#2962 = CARTESIAN_POINT('',(255.,-2.176069471106,-78.22977276775));
#2963 = CARTESIAN_POINT('',(255.,-2.65478950995,-78.22851111715));
#2964 = CARTESIAN_POINT('',(255.,-3.916735613762,-78.22339246214));
#2965 = CARTESIAN_POINT('',(255.,-4.69993880597,-78.2183845379));
#2966 = CARTESIAN_POINT('',(255.,-5.483097211784,-78.21093016681));
#2967 = CARTESIAN_POINT('',(255.,-6.266195114565,-78.20041338341));
#2968 = CARTESIAN_POINT('',(255.,-7.049211209432,-78.18621804738));
#2969 = CARTESIAN_POINT('',(255.,-7.832118612296,-78.16772817352));
#2970 = CARTESIAN_POINT('',(255.,-8.614884868896,-78.14432826179));
#2971 = CARTESIAN_POINT('',(255.,-9.875697979579,-78.09772826222));
#2972 = CARTESIAN_POINT('',(255.,-10.35386842833,-78.07798994412));
#2973 = CARTESIAN_POINT('',(255.,-10.83197139944,-78.05604351616));
#2974 = CARTESIAN_POINT('',(255.,-11.31002571303,-78.03176462627));
#2975 = CARTESIAN_POINT('',(255.,-11.78798444947,-78.00499524577));
#2976 = CARTESIAN_POINT('',(255.,-12.26578833483,-77.97557287187));
#2977 = CARTESIAN_POINT('',(255.,-12.74342228958,-77.94336215199));
#2978 = CARTESIAN_POINT('',(255.,-13.61143622795,-77.87944470616));
#2979 = CARTESIAN_POINT('',(255.,-14.00189795083,-77.84871148492));
#2980 = CARTESIAN_POINT('',(255.,-14.39219305349,-77.81592595075));
#2981 = CARTESIAN_POINT('',(255.,-14.78230097269,-77.78100605035));
#2982 = CARTESIAN_POINT('',(255.,-15.17220114516,-77.74386973038));
#2983 = CARTESIAN_POINT('',(255.,-15.56187300764,-77.70443493753));
#2984 = CARTESIAN_POINT('',(255.,-15.95129599689,-77.66261961848));
#2985 = CARTESIAN_POINT('',(255.,-16.90257586923,-77.55438297666));
#2986 = CARTESIAN_POINT('',(255.,-17.46412698992,-77.48528602289));
#2987 = CARTESIAN_POINT('',(255.,-18.02505544542,-77.41081510635));
#2988 = CARTESIAN_POINT('',(255.,-18.58519779093,-77.33069165163));
#2989 = CARTESIAN_POINT('',(255.,-19.14447239418,-77.24466471004));
#2990 = CARTESIAN_POINT('',(255.,-19.70273899233,-77.15247182001));
#2991 = CARTESIAN_POINT('',(255.,-20.25987580681,-77.05385398909));
#2992 = CARTESIAN_POINT('',(255.,-21.1150577711,-76.89185542331));
#2993 = CARTESIAN_POINT('',(255.,-21.41399786226,-76.83321974988));
#2994 = CARTESIAN_POINT('',(255.,-21.71255434853,-76.77260599396));
#2995 = CARTESIAN_POINT('',(255.,-22.0107085415,-76.70997369471));
#2996 = CARTESIAN_POINT('',(255.,-22.30843701708,-76.64528309039));
#2997 = CARTESIAN_POINT('',(255.,-22.60571161546,-76.57849511835));
#2998 = CARTESIAN_POINT('',(255.,-22.90249944113,-76.50957141506));
#2999 = CARTESIAN_POINT('',(255.,-23.49502680312,-76.36737709263));
#3000 = CARTESIAN_POINT('',(255.,-23.79076886579,-76.29410589161));
#3001 = CARTESIAN_POINT('',(255.,-24.08595649951,-76.21862210366));
#3002 = CARTESIAN_POINT('',(255.,-24.38055715285,-76.14088711946));
#3003 = CARTESIAN_POINT('',(255.,-24.67453827441,-76.06086232968));
#3004 = CARTESIAN_POINT('',(255.,-24.96786731278,-75.97850912498));
#3005 = CARTESIAN_POINT('',(255.,-25.26051171656,-75.89378889603));
#3006 = CARTESIAN_POINT('',(255.,-26.01119619975,-75.66974663792));
#3007 = CARTESIAN_POINT('',(255.,-26.46817987104,-75.52689216081));
#3008 = CARTESIAN_POINT('',(255.,-26.92326315189,-75.37793889448));
#3009 = CARTESIAN_POINT('',(255.,-27.37630703056,-75.22275723886));
#3010 = CARTESIAN_POINT('',(255.,-27.82713534666,-75.06123619093));
#3011 = CARTESIAN_POINT('',(255.,-28.27556671864,-74.89326164867));
#3012 = CARTESIAN_POINT('',(255.,-28.72143990505,-74.71870775494));
#3013 = CARTESIAN_POINT('',(255.,-29.52712428224,-74.38917488439));
#3014 = CARTESIAN_POINT('',(255.,-29.88783798451,-74.23641457923));
#3015 = CARTESIAN_POINT('',(255.,-30.24661993196,-74.07910158077));
#3016 = CARTESIAN_POINT('',(255.,-30.60337364182,-73.91717501415));
#3017 = CARTESIAN_POINT('',(255.,-30.95799632201,-73.75059016639));
#3018 = CARTESIAN_POINT('',(255.,-31.31037869734,-73.57931451289));
#3019 = CARTESIAN_POINT('',(255.,-31.66040483585,-73.40332374393));
#3020 = CARTESIAN_POINT('',(255.,-32.23965127312,-73.10211319602));
#3021 = CARTESIAN_POINT('',(255.,-32.47025136707,-72.97952227844));
#3022 = CARTESIAN_POINT('',(255.,-32.69971835958,-72.85481649126));
#3023 = CARTESIAN_POINT('',(255.,-32.92801840948,-72.72798746323));
#3024 = CARTESIAN_POINT('',(255.,-33.15511773177,-72.59902699908));
#3025 = CARTESIAN_POINT('',(255.,-33.3809825977,-72.4679270795));
#3026 = CARTESIAN_POINT('',(255.,-33.6055793347,-72.33467986116));
#3027 = CARTESIAN_POINT('',(255.,-34.20103110575,-71.97360830316));
#3028 = CARTESIAN_POINT('',(255.,-34.56957648488,-71.74196075623));
#3029 = CARTESIAN_POINT('',(255.,-34.93435126765,-71.50432441048));
#3030 = CARTESIAN_POINT('',(255.,-35.2952044803,-71.26073318074));
#3031 = CARTESIAN_POINT('',(255.,-35.65198553705,-71.0112271843));
#3032 = CARTESIAN_POINT('',(255.,-36.00454074701,-70.75583533402));
#3033 = CARTESIAN_POINT('',(255.,-36.35271416235,-70.49457886206));
#3034 = CARTESIAN_POINT('',(255.,-37.07435542864,-69.93370422635));
#3035 = CARTESIAN_POINT('',(255.,-37.44687266471,-69.63285512201));
#3036 = CARTESIAN_POINT('',(255.,-37.81370498521,-69.32500370407));
#3037 = CARTESIAN_POINT('',(255.,-38.17469361691,-69.01025875847));
#3038 = CARTESIAN_POINT('',(255.,-38.52969688624,-68.68877208897));
#3039 = CARTESIAN_POINT('',(255.,-38.87856404269,-68.36068600538));
#3040 = CARTESIAN_POINT('',(255.,-39.22112787513,-68.02610847781));
#3041 = CARTESIAN_POINT('',(255.,-39.77112646569,-67.46823360987));
#3042 = CARTESIAN_POINT('',(255.,-39.98239859048,-67.24870795642));
#3043 = CARTESIAN_POINT('',(255.,-40.19102374369,-67.0266479408));
#3044 = CARTESIAN_POINT('',(255.,-40.39697509136,-66.8020958243));
#3045 = CARTESIAN_POINT('',(255.,-40.60022906891,-66.57509683733));
#3046 = CARTESIAN_POINT('',(255.,-40.80076538118,-66.34569917936));
#3047 = CARTESIAN_POINT('',(255.,-40.99856700241,-66.11395401902));
#3048 = CARTESIAN_POINT('',(255.,-41.47226645174,-65.54557608269));
#3049 = CARTESIAN_POINT('',(255.,-41.74529853805,-65.20654548305));
#3050 = CARTESIAN_POINT('',(255.,-42.0126734716,-64.86298108298));
#3051 = CARTESIAN_POINT('',(255.,-42.27430881692,-64.51501929696));
#3052 = CARTESIAN_POINT('',(255.,-42.53014866256,-64.1627999437));
#3053 = CARTESIAN_POINT('',(255.,-42.78018870936,-63.80647647911));
#3054 = CARTESIAN_POINT('',(255.,-43.02446045104,-63.44621208437));
#3055 = CARTESIAN_POINT('',(255.,-43.52533984872,-62.68170607825));
#3056 = CARTESIAN_POINT('',(255.,-43.78073475176,-62.27667536345));
#3057 = CARTESIAN_POINT('',(255.,-44.02917273665,-61.86727950318));
#3058 = CARTESIAN_POINT('',(255.,-44.27068849385,-61.45373139989));
#3059 = CARTESIAN_POINT('',(255.,-44.50526755267,-61.03623563446));
#3060 = CARTESIAN_POINT('',(255.,-44.73293528719,-60.61498813324));
#3061 = CARTESIAN_POINT('',(255.,-44.95381776973,-60.19018176371));
#3062 = CARTESIAN_POINT('',(255.,-45.32374773068,-59.45061498854));
#3063 = CARTESIAN_POINT('',(255.,-45.47595923157,-59.13743726154));
#3064 = CARTESIAN_POINT('',(255.,-45.62465353411,-58.82255464188));
#3065 = CARTESIAN_POINT('',(255.,-45.76986364648,-58.50604027965));
#3066 = CARTESIAN_POINT('',(255.,-45.91162359576,-58.18796558699));
#3067 = CARTESIAN_POINT('',(255.,-46.04996842794,-57.86840023809));
#3068 = CARTESIAN_POINT('',(255.,-46.18493420787,-57.54741216917));
#3069 = CARTESIAN_POINT('',(255.,-46.46463281951,-56.86243478195));
#3070 = CARTESIAN_POINT('',(255.,-46.60847572561,-56.49809125382));
#3071 = CARTESIAN_POINT('',(255.,-46.74815291659,-56.1321183714));
#3072 = CARTESIAN_POINT('',(255.,-46.88373265508,-55.76459650748));
#3073 = CARTESIAN_POINT('',(255.,-47.01528441631,-55.39560543168));
#3074 = CARTESIAN_POINT('',(255.,-47.14287801696,-55.02522471182));
#3075 = CARTESIAN_POINT('',(255.,-47.26658274405,-54.6535341152));
#3076 = CARTESIAN_POINT('',(255.,-47.50634667518,-53.90770494297));
#3077 = CARTESIAN_POINT('',(255.,-47.62240702449,-53.53356476449));
#3078 = CARTESIAN_POINT('',(255.,-47.73471565028,-53.15827782528));
#3079 = CARTESIAN_POINT('',(255.,-47.84334308367,-52.78191565655));
#3080 = CARTESIAN_POINT('',(255.,-47.94836190832,-52.4045405378));
#3081 = CARTESIAN_POINT('',(255.,-48.04984640044,-52.02620906466));
#3082 = CARTESIAN_POINT('',(255.,-48.14787216872,-51.64697571678));
#3083 = CARTESIAN_POINT('',(255.,-48.3161266958,-50.97128244123));
#3084 = CARTESIAN_POINT('',(255.,-48.38769183242,-50.67515497302));
#3085 = CARTESIAN_POINT('',(255.,-48.45724689033,-50.37853948218));
#3086 = CARTESIAN_POINT('',(255.,-48.52482755568,-50.08146142991));
#3087 = CARTESIAN_POINT('',(255.,-48.59046951464,-49.78394627745));
#3088 = CARTESIAN_POINT('',(255.,-48.65420845336,-49.48601948599));
#3089 = CARTESIAN_POINT('',(255.,-48.71608005799,-49.18770651677));
#3090 = CARTESIAN_POINT('',(255.,-48.87046900556,-48.41968604255));
#3091 = CARTESIAN_POINT('',(255.,-48.96029358257,-47.94945631913));
#3092 = CARTESIAN_POINT('',(255.,-49.04573412658,-47.47842808631));
#3093 = CARTESIAN_POINT('',(255.,-49.12692081918,-47.00664709074));
#3094 = CARTESIAN_POINT('',(255.,-49.20398801313,-46.53417101453));
#3095 = CARTESIAN_POINT('',(255.,-49.27707185937,-46.0610631062));
#3096 = CARTESIAN_POINT('',(255.,-49.34630508132,-45.58737488722));
#3097 = CARTESIAN_POINT('',(255.,-49.47734009525,-44.6389559809));
#3098 = CARTESIAN_POINT('',(255.,-49.53914344533,-44.16422154184));
#3099 = CARTESIAN_POINT('',(255.,-49.59736141488,-43.68902142364));
#3100 = CARTESIAN_POINT('',(255.,-49.652133167,-43.21341947836));
#3101 = CARTESIAN_POINT('',(255.,-49.70359884428,-42.73747945247));
#3102 = CARTESIAN_POINT('',(255.,-49.75188369522,-42.26123855123));
#3103 = CARTESIAN_POINT('',(255.,-49.79709781981,-41.78470196589));
#3104 = CARTESIAN_POINT('',(255.,-49.8970215093,-40.65772670451));
#3105 = CARTESIAN_POINT('',(255.,-49.94920116209,-40.00706547529));
#3106 = CARTESIAN_POINT('',(255.,-49.99623035015,-39.35600009259));
#3107 = CARTESIAN_POINT('',(255.,-50.03840709848,-38.70457854955));
#3108 = CARTESIAN_POINT('',(255.,-50.0760783249,-38.05291390039));
#3109 = CARTESIAN_POINT('',(255.,-50.10951163087,-37.40100188877));
#3110 = CARTESIAN_POINT('',(255.,-50.13906767093,-36.74896686244));
#3111 = CARTESIAN_POINT('',(255.,-50.19271189116,-35.40124412504));
#3112 = CARTESIAN_POINT('',(255.,-50.21630545414,-34.70554200276));
#3113 = CARTESIAN_POINT('',(255.,-50.23615847098,-34.00973058613));
#3114 = CARTESIAN_POINT('',(255.,-50.25262358692,-33.31383016753));
#3115 = CARTESIAN_POINT('',(255.,-50.2660538436,-32.61785807849));
#3116 = CARTESIAN_POINT('',(255.,-50.27680249615,-31.92182868484));
#3117 = CARTESIAN_POINT('',(255.,-50.28522283033,-31.22575338182));
#3118 = CARTESIAN_POINT('',(255.,-50.29650206647,-30.00753170559));
#3119 = CARTESIAN_POINT('',(255.,-50.30022509612,-29.48539335525));
#3120 = CARTESIAN_POINT('',(255.,-50.30298602593,-28.96322946712));
#3121 = CARTESIAN_POINT('',(255.,-50.30493381327,-28.44104397008));
#3122 = CARTESIAN_POINT('',(255.,-50.30621741551,-27.91884079303));
#3123 = CARTESIAN_POINT('',(255.,-50.30698579003,-27.39662386486));
#3124 = CARTESIAN_POINT('',(255.,-50.30738789419,-26.87439711446));
#3125 = CARTESIAN_POINT('',(255.,-50.30775747546,-25.8299348748));
#3126 = CARTESIAN_POINT('',(255.,-50.30772807001,-25.30770214234));
#3127 = CARTESIAN_POINT('',(255.,-50.30752409098,-24.78546769756));
#3128 = CARTESIAN_POINT('',(255.,-50.30801652038,-24.26323523265));
#3129 = CARTESIAN_POINT('',(255.,-50.30748989402,-23.74100517811));
#3130 = CARTESIAN_POINT('',(255.,-50.30708872238,-23.21878116893));
#3131 = CARTESIAN_POINT('',(255.,-50.30599709025,-22.69656461093));
#3132 = CARTESIAN_POINT('',(255.,-50.30167870523,-21.39113057977));
#3133 = CARTESIAN_POINT('',(255.,-50.29759351542,-20.60792800502));
#3134 = CARTESIAN_POINT('',(255.,-50.29151141632,-19.82475803179));
#3135 = CARTESIAN_POINT('',(255.,-50.2829294749,-19.04163181951));
#3136 = CARTESIAN_POINT('',(255.,-50.27134463926,-18.25856425216));
#3137 = CARTESIAN_POINT('',(255.,-50.2562539103,-17.47557393421));
#3138 = CARTESIAN_POINT('',(255.,-50.23715451343,-16.69268318649));
#3139 = CARTESIAN_POINT('',(255.,-50.19911520306,-15.43155284583));
#3140 = CARTESIAN_POINT('',(255.,-50.18300300625,-14.95323323126));
#3141 = CARTESIAN_POINT('',(255.,-50.1650860637,-14.47497552758));
#3142 = CARTESIAN_POINT('',(255.,-50.14526091455,-13.99676989542));
#3143 = CARTESIAN_POINT('',(255.,-50.12341274207,-13.51862603345));
#3144 = CARTESIAN_POINT('',(255.,-50.09941376559,-13.04057332194));
#3145 = CARTESIAN_POINT('',(255.,-50.07313496863,-12.56264182455));
#3146 = CARTESIAN_POINT('',(255.,-50.02099147051,-11.69390767512));
#3147 = CARTESIAN_POINT('',(255.,-49.99591905083,-11.30305837503));
#3148 = CARTESIAN_POINT('',(255.,-49.96917179462,-10.91231790473));
#3149 = CARTESIAN_POINT('',(255.,-49.94068195897,-10.52170149985));
#3150 = CARTESIAN_POINT('',(255.,-49.91038180097,-10.13122439604));
#3151 = CARTESIAN_POINT('',(255.,-49.87820357772,-9.740901828937));
#3152 = CARTESIAN_POINT('',(255.,-49.84407954631,-9.350749034179));
#3153 = CARTESIAN_POINT('',(255.,-49.78385020813,-8.700802355518));
#3154 = CARTESIAN_POINT('',(255.,-49.75886316639,-8.440907154403));
#3155 = CARTESIAN_POINT('',(255.,-49.73296142016,-8.18109814325));
#3156 = CARTESIAN_POINT('',(255.,-49.7061251341,-7.921379036316));
#3157 = CARTESIAN_POINT('',(255.,-49.67833405587,-7.661754762934));
#3158 = CARTESIAN_POINT('',(255.,-49.64956751625,-7.402231467513));
#3159 = CARTESIAN_POINT('',(255.,-49.61980442906,-7.142816509534));
#3160 = CARTESIAN_POINT('',(255.,-49.5377214615,-6.451355616594));
#3161 = CARTESIAN_POINT('',(255.,-49.48359081216,-6.019520742162));
#3162 = CARTESIAN_POINT('',(255.,-49.42653046793,-5.588056795585));
#3163 = CARTESIAN_POINT('',(255.,-49.36643955362,-5.157006732189));
#3164 = CARTESIAN_POINT('',(255.,-49.303217194,-4.726413507299));
#3165 = CARTESIAN_POINT('',(255.,-49.23676251389,-4.296320076241));
#3166 = CARTESIAN_POINT('',(255.,-49.16697463807,-3.866769394339));
#3167 = CARTESIAN_POINT('',(255.,-49.01320898148,-2.965945469917));
#3168 = CARTESIAN_POINT('',(255.,-48.92851026944,-2.494790439947));
#3169 = CARTESIAN_POINT('',(255.,-48.83951700413,-2.024405286505));
#3170 = CARTESIAN_POINT('',(255.,-48.74610851603,-1.554822004392));
#3171 = CARTESIAN_POINT('',(255.,-48.64814213293,-1.086143347122));
#3172 = CARTESIAN_POINT('',(255.,-48.54547013739,-0.618490823004));
#3173 = CARTESIAN_POINT('',(255.,-48.43796200433,-0.151944356286));
#3174 = CARTESIAN_POINT('',(255.,-48.21299477233,0.778708356694));
#3175 = CARTESIAN_POINT('',(255.,-48.09553601417,1.242813355202));
#3176 = CARTESIAN_POINT('',(255.,-47.97296327555,1.705612680708));
#3177 = CARTESIAN_POINT('',(255.,-47.84513559599,2.166996161225));
#3178 = CARTESIAN_POINT('',(255.,-47.71191112661,2.626884354949));
#3179 = CARTESIAN_POINT('',(255.,-47.57315771291,3.085171748426));
#3180 = CARTESIAN_POINT('',(255.,-47.42875598942,3.541684253535));
#3181 = CARTESIAN_POINT('',(255.,-47.12839792716,4.450882488928));
#3182 = CARTESIAN_POINT('',(255.,-46.97244613033,4.903558982317));
#3183 = CARTESIAN_POINT('',(255.,-46.81058588423,5.354175911101));
#3184 = CARTESIAN_POINT('',(255.,-46.6427071699,5.802585558662));
#3185 = CARTESIAN_POINT('',(255.,-46.46867031568,6.248643967537));
#3186 = CARTESIAN_POINT('',(255.,-46.28833870517,6.692206211421));
#3187 = CARTESIAN_POINT('',(255.,-46.10161794325,7.133112708336));
#3188 = CARTESIAN_POINT('',(255.,-45.76791343206,7.889766627397));
#3189 = CARTESIAN_POINT('',(255.,-45.623983528,8.206847173396));
#3190 = CARTESIAN_POINT('',(255.,-45.47659667496,8.522346407668));
#3191 = CARTESIAN_POINT('',(255.,-45.32571957722,8.836191547374));
#3192 = CARTESIAN_POINT('',(255.,-45.17131894665,9.148309810949));
#3193 = CARTESIAN_POINT('',(255.,-45.01336150274,9.458628418097));
#3194 = CARTESIAN_POINT('',(255.,-44.85181397257,9.767074589797));
#3195 = CARTESIAN_POINT('',(255.,-44.43888334059,10.533333346591));
#3196 = CARTESIAN_POINT('',(255.,-44.18298292525,10.98870860677));
#3197 = CARTESIAN_POINT('',(255.,-43.91882712332,11.439442954876));
#3198 = CARTESIAN_POINT('',(255.,-43.64643627142,11.885294140891));
#3199 = CARTESIAN_POINT('',(255.,-43.36575607717,12.325953131144));
#3200 = CARTESIAN_POINT('',(255.,-43.07680100427,12.761197243695));
#3201 = CARTESIAN_POINT('',(255.,-42.77950220335,13.190702744737));
#3202 = CARTESIAN_POINT('',(255.,-42.32108168004,13.825969319761));
#3203 = CARTESIAN_POINT('',(255.,-42.16619462711,14.036225486623));
#3204 = CARTESIAN_POINT('',(255.,-42.00923203288,14.244952001627));
#3205 = CARTESIAN_POINT('',(255.,-41.85020168628,14.452116935433));
#3206 = CARTESIAN_POINT('',(255.,-41.68911313684,14.657688604607));
#3207 = CARTESIAN_POINT('',(255.,-41.52597769474,14.861635571624));
#3208 = CARTESIAN_POINT('',(255.,-41.36080843074,15.063926644865));
#3209 = CARTESIAN_POINT('',(255.,-40.99856700241,15.498569403647));
#3210 = CARTESIAN_POINT('',(255.,-40.80076538117,15.730314563992));
#3211 = CARTESIAN_POINT('',(255.,-40.6002290689,15.959712221954));
#3212 = CARTESIAN_POINT('',(255.,-40.39697509135,16.186711208933));
#3213 = CARTESIAN_POINT('',(255.,-40.19102374369,16.41126332543));
#3214 = CARTESIAN_POINT('',(255.,-39.98239859047,16.63332334105));
#3215 = CARTESIAN_POINT('',(255.,-39.77112646568,16.852848994497));
#3216 = CARTESIAN_POINT('',(255.,-39.19057358394,17.441715707597));
#3217 = CARTESIAN_POINT('',(255.,-38.8162268303,17.806080726777));
#3218 = CARTESIAN_POINT('',(255.,-38.43439468934,18.162705478946));
#3219 = CARTESIAN_POINT('',(255.,-38.04529621929,18.511451392505));
#3220 = CARTESIAN_POINT('',(255.,-37.64912496376,18.852127062309));
#3221 = CARTESIAN_POINT('',(255.,-37.24606152122,19.184533217094));
#3222 = CARTESIAN_POINT('',(255.,-36.83631723058,19.508548137623));
#3223 = CARTESIAN_POINT('',(255.,-36.10807826219,20.060840866013));
#3224 = CARTESIAN_POINT('',(255.,-35.79237659283,20.292799727762));
#3225 = CARTESIAN_POINT('',(255.,-35.47318951172,20.520004485757));
#3226 = CARTESIAN_POINT('',(255.,-35.15062895346,20.742430729001));
#3227 = CARTESIAN_POINT('',(255.,-34.82480575069,20.960051543891));
#3228 = CARTESIAN_POINT('',(255.,-34.49583069386,21.172843148406));
#3229 = CARTESIAN_POINT('',(255.,-34.1638155908,21.380790526303));
#3230 = CARTESIAN_POINT('',(255.,-33.56836349732,21.741862279815));
#3231 = CARTESIAN_POINT('',(255.,-33.30608080714,21.896898188108));
#3232 = CARTESIAN_POINT('',(255.,-33.04207970153,22.049013185193));
#3233 = CARTESIAN_POINT('',(255.,-32.77641369437,22.198219877851));
#3234 = CARTESIAN_POINT('',(255.,-32.50913636772,22.344531080639));
#3235 = CARTESIAN_POINT('',(255.,-32.24030137181,22.487959815891));
#3236 = CARTESIAN_POINT('',(255.,-31.96996242507,22.628519313713));
#3237 = CARTESIAN_POINT('',(255.,-31.30991052636,22.962938846536));
#3238 = CARTESIAN_POINT('',(255.,-30.91868923435,23.1538256359));
#3239 = CARTESIAN_POINT('',(255.,-30.52466635736,23.338923873111));
#3240 = CARTESIAN_POINT('',(255.,-30.12799107215,23.518262046862));
#3241 = CARTESIAN_POINT('',(255.,-29.72880553335,23.691897301611));
#3242 = CARTESIAN_POINT('',(255.,-29.32724647744,23.859924306957));
#3243 = CARTESIAN_POINT('',(255.,-28.92344771055,24.022452336258));
#3244 = CARTESIAN_POINT('',(255.,-28.07104893854,24.352358551123));
#3245 = CARTESIAN_POINT('',(255.,-27.6220057584,24.518602604234));
#3246 = CARTESIAN_POINT('',(255.,-27.17058703016,24.678396096994));
#3247 = CARTESIAN_POINT('',(255.,-26.71696313162,24.831870768127));
#3248 = CARTESIAN_POINT('',(255.,-26.26131426257,24.979123869449));
#3249 = CARTESIAN_POINT('',(255.,-25.80379106775,25.120277463936));
#3250 = CARTESIAN_POINT('',(255.,-25.34449873506,25.255516848329));
#3251 = CARTESIAN_POINT('',(255.,-24.5483733552,25.479124546569));
#3252 = CARTESIAN_POINT('',(255.,-24.21230273596,25.570218404503));
#3253 = CARTESIAN_POINT('',(255.,-23.87541692028,25.658314295432));
#3254 = CARTESIAN_POINT('',(255.,-23.5377646088,25.743469853975));
#3255 = CARTESIAN_POINT('',(255.,-23.19939438089,25.825742711976));
#3256 = CARTESIAN_POINT('',(255.,-22.86035469463,25.905190498507));
#3257 = CARTESIAN_POINT('',(255.,-22.52069388684,25.981870839867));
#3258 = CARTESIAN_POINT('',(255.,-21.92529253824,26.11131758607));
#3259 = CARTESIAN_POINT('',(255.,-21.66979895059,26.165270288382));
#3260 = CARTESIAN_POINT('',(255.,-21.41399459019,26.217724258819));
#3261 = CARTESIAN_POINT('',(255.,-21.15789403155,26.268704436559));
#3262 = CARTESIAN_POINT('',(255.,-20.90151124367,26.318235907654));
#3263 = CARTESIAN_POINT('',(255.,-20.64485959,26.366343905034));
#3264 = CARTESIAN_POINT('',(255.,-20.3879518285,26.413053808501));
#3265 = CARTESIAN_POINT('',(255.,-19.70221583899,26.533953032878));
#3266 = CARTESIAN_POINT('',(255.,-19.27295064405,26.605702474441));
#3267 = CARTESIAN_POINT('',(255.,-18.84306380614,26.673758232256));
#3268 = CARTESIAN_POINT('',(255.,-18.41261009522,26.738236916719));
#3269 = CARTESIAN_POINT('',(255.,-17.98164592059,26.799256104226));
#3270 = CARTESIAN_POINT('',(255.,-17.55023050393,26.856934919224));
#3271 = CARTESIAN_POINT('',(255.,-17.11842207651,26.911392079865));
#3272 = CARTESIAN_POINT('',(255.,-16.25411503412,27.014090864251));
#3273 = CARTESIAN_POINT('',(255.,-15.82161140551,27.062332566005));
#3274 = CARTESIAN_POINT('',(255.,-15.38878642225,27.107579068526));
#3275 = CARTESIAN_POINT('',(255.,-14.95566829182,27.149942927807));
#3276 = CARTESIAN_POINT('',(255.,-14.52228522171,27.189536699842));
#3277 = CARTESIAN_POINT('',(255.,-14.08866541939,27.226472940625));
#3278 = CARTESIAN_POINT('',(255.,-13.65483709236,27.26086420615));
#3279 = CARTESIAN_POINT('',(255.,-12.96042326155,27.31199836017));
#3280 = CARTESIAN_POINT('',(255.,-12.69995316079,27.330297996992));
#3281 = CARTESIAN_POINT('',(255.,-12.43942423865,27.347746274975));
#3282 = CARTESIAN_POINT('',(255.,-12.17884258794,27.364367506212));
#3283 = CARTESIAN_POINT('',(255.,-11.91821430148,27.380186002798));
#3284 = CARTESIAN_POINT('',(255.,-11.65754547208,27.395226076829));
#3285 = CARTESIAN_POINT('',(255.,-11.39684219256,27.409512040398));
#3286 = CARTESIAN_POINT('',(255.,-10.70159205644,27.445660034625));
#3287 = CARTESIAN_POINT('',(255.,-10.26698335784,27.466226024264));
#3288 = CARTESIAN_POINT('',(255.,-9.832308643585,27.484879198133));
#3289 = CARTESIAN_POINT('',(255.,-9.397573206213,27.501723050054));
#3290 = CARTESIAN_POINT('',(255.,-8.962779892885,27.516860377357));
#3291 = CARTESIAN_POINT('',(255.,-8.527936276205,27.530397101698));
#3292 = CARTESIAN_POINT('',(255.,-8.093052550136,27.542441077402));
#3293 = CARTESIAN_POINT('',(255.,-7.223218068733,27.563750444492));
#3294 = CARTESIAN_POINT('',(255.,-6.788265282121,27.573016466922));
#3295 = CARTESIAN_POINT('',(255.,-6.353274874811,27.580999512243));
#3296 = CARTESIAN_POINT('',(255.,-5.918249930467,27.587805138089));
#3297 = CARTESIAN_POINT('',(255.,-5.483193532753,27.593538902092));
#3298 = CARTESIAN_POINT('',(255.,-5.048108765332,27.598306361887));
#3299 = CARTESIAN_POINT('',(255.,-4.612998711869,27.602213075107));
#3300 = CARTESIAN_POINT('',(255.,-3.742734200184,27.608516123663));
#3301 = CARTESIAN_POINT('',(255.,-3.307579741963,27.610912458999));
#3302 = CARTESIAN_POINT('',(255.,-2.872406165026,27.612659163026));
#3303 = CARTESIAN_POINT('',(255.,-2.437216553037,27.613861793379));
#3304 = CARTESIAN_POINT('',(255.,-2.002013989661,27.614625907689));
#3305 = CARTESIAN_POINT('',(255.,-1.566801558561,27.615057063592));
#3306 = CARTESIAN_POINT('',(255.,-1.131582343401,27.615260818719));
#3307 = CARTESIAN_POINT('',(255.,-0.217620031429,27.615432832797));
#3308 = CARTESIAN_POINT('',(255.,0.261121957863,27.615326824458));
#3309 = CARTESIAN_POINT('',(255.,0.73986416949,27.615461637033));
#3310 = CARTESIAN_POINT('',(255.,1.218604310947,27.615434067711));
#3311 = CARTESIAN_POINT('',(255.,1.697340192575,27.615082236714));
#3312 = CARTESIAN_POINT('',(255.,2.176069471097,27.614388152376));
#3313 = CARTESIAN_POINT('',(255.,2.65478950996,27.613126501785));
#3314 = CARTESIAN_POINT('',(255.,3.916735613768,27.608007846777));
#3315 = CARTESIAN_POINT('',(255.,4.699938805977,27.602999922542));
#3316 = CARTESIAN_POINT('',(255.,5.483097211792,27.595545551448));
#3317 = CARTESIAN_POINT('',(255.,6.266195114572,27.585028768052));
#3318 = CARTESIAN_POINT('',(255.,7.049211209438,27.570833432022));
#3319 = CARTESIAN_POINT('',(255.,7.832118612303,27.552343558157));
#3320 = CARTESIAN_POINT('',(255.,8.614884868903,27.528943646429));
#3321 = CARTESIAN_POINT('',(255.,9.87569797959,27.482343646843));
#3322 = CARTESIAN_POINT('',(255.,10.353868428325,27.462605328746));
#3323 = CARTESIAN_POINT('',(255.,10.831971399467,27.440658900778));
#3324 = CARTESIAN_POINT('',(255.,11.310025713033,27.416380010881));
#3325 = CARTESIAN_POINT('',(255.,11.787984449456,27.389610630379));
#3326 = CARTESIAN_POINT('',(255.,12.265788334843,27.360188256475));
#3327 = CARTESIAN_POINT('',(255.,12.74342228957,27.327977536589));
#3328 = CARTESIAN_POINT('',(255.,13.61143622795,27.264060090751));
#3329 = CARTESIAN_POINT('',(255.,14.001897950825,27.23332686951));
#3330 = CARTESIAN_POINT('',(255.,14.392193053489,27.200541335346));
#3331 = CARTESIAN_POINT('',(255.,14.782300972685,27.165621434941));
#3332 = CARTESIAN_POINT('',(255.,15.172201145155,27.128485114974));
#3333 = CARTESIAN_POINT('',(255.,15.561873007643,27.089050322127));
#3334 = CARTESIAN_POINT('',(255.,15.951295996894,27.047235003079));
#3335 = CARTESIAN_POINT('',(255.,16.902575869191,26.938998361279));
#3336 = CARTESIAN_POINT('',(255.,17.464126990134,26.869901407492));
#3337 = CARTESIAN_POINT('',(255.,18.025055445035,26.795430491054));
#3338 = CARTESIAN_POINT('',(255.,18.585197791437,26.715307036227));
#3339 = CARTESIAN_POINT('',(255.,19.144472393846,26.629280094782));
#3340 = CARTESIAN_POINT('',(255.,19.702738992519,26.537087204687));
#3341 = CARTESIAN_POINT('',(255.,20.259875806816,26.438469373795));
#3342 = CARTESIAN_POINT('',(255.,21.115057771125,26.276470807987));
#3343 = CARTESIAN_POINT('',(255.,21.413997862283,26.217835134546));
#3344 = CARTESIAN_POINT('',(255.,21.712554348545,26.15722137861));
#3345 = CARTESIAN_POINT('',(255.,22.01070854151,26.094589079338));
#3346 = CARTESIAN_POINT('',(255.,22.308437017078,26.029898474989));
#3347 = CARTESIAN_POINT('',(255.,22.605711615444,25.963110502922));
#3348 = CARTESIAN_POINT('',(255.,22.902499441104,25.894186799593));
#3349 = CARTESIAN_POINT('',(255.,23.495026803071,25.751992477102));
#3350 = CARTESIAN_POINT('',(255.,23.790768865737,25.678721276051));
#3351 = CARTESIAN_POINT('',(255.,24.08595649944,25.603237488078));
#3352 = CARTESIAN_POINT('',(255.,24.380557152773,25.525502503858));
#3353 = CARTESIAN_POINT('',(255.,24.67453827433,25.445477714062));
#3354 = CARTESIAN_POINT('',(255.,24.967867312704,25.363124509363));
#3355 = CARTESIAN_POINT('',(255.,25.260511716491,25.278404280434));
#3356 = CARTESIAN_POINT('',(255.,26.011196199714,25.0543620224));
#3357 = CARTESIAN_POINT('',(255.,26.468179871017,24.911507545387));
#3358 = CARTESIAN_POINT('',(255.,26.923263151939,24.762554279198));
#3359 = CARTESIAN_POINT('',(255.,27.37630703068,24.607372623795));
#3360 = CARTESIAN_POINT('',(255.,27.827135346842,24.445851576079));
#3361 = CARTESIAN_POINT('',(255.,28.275566718902,24.277877033968));
#3362 = CARTESIAN_POINT('',(255.,28.721439905327,24.103323140328));
#3363 = CARTESIAN_POINT('',(255.,29.527124282493,23.773790269686));
#3364 = CARTESIAN_POINT('',(255.,29.887837984724,23.621029964422));
#3365 = CARTESIAN_POINT('',(255.,30.246619932073,23.463716965715));
#3366 = CARTESIAN_POINT('',(255.,30.603373641792,23.301790398692));
#3367 = CARTESIAN_POINT('',(255.,30.957996321784,23.135205550404));
#3368 = CARTESIAN_POINT('',(255.,31.310378696902,22.963929896325));
#3369 = CARTESIAN_POINT('',(255.,31.660404835232,22.787939126839));
#3370 = CARTESIAN_POINT('',(255.,32.239651272282,22.486728578322));
#3371 = CARTESIAN_POINT('',(255.,32.470251366171,22.364137660573));
#3372 = CARTESIAN_POINT('',(255.,32.699718358664,22.239431873313));
#3373 = CARTESIAN_POINT('',(255.,32.928018408582,22.112602845333));
#3374 = CARTESIAN_POINT('',(255.,33.155117730957,21.983642381389));
#3375 = CARTESIAN_POINT('',(255.,33.380982597029,21.8525424622));
#3376 = CARTESIAN_POINT('',(255.,33.605579334247,21.719295244452));
#3377 = CARTESIAN_POINT('',(255.,34.201031106111,21.358223688642));
#3378 = CARTESIAN_POINT('',(255.,34.569576485932,21.12657614362));
#3379 = CARTESIAN_POINT('',(255.,34.934351269586,20.888939800284));
#3380 = CARTESIAN_POINT('',(255.,35.295204483085,20.645348572887));
#3381 = CARTESIAN_POINT('',(255.,35.651985540414,20.395842578113));
#3382 = CARTESIAN_POINT('',(255.,36.004540750512,20.140450728311));
#3383 = CARTESIAN_POINT('',(255.,36.352714165417,19.879194255224));
#3384 = CARTESIAN_POINT('',(255.,37.074355429066,19.318319612606));
#3385 = CARTESIAN_POINT('',(255.,37.446872662901,19.017470501869));
#3386 = CARTESIAN_POINT('',(255.,37.813704979957,18.709619074633));
#3387 = CARTESIAN_POINT('',(255.,38.174693607755,18.394874118535));
#3388 = CARTESIAN_POINT('',(255.,38.529696874126,18.073387440705));
#3389 = CARTESIAN_POINT('',(255.,38.87856402967,17.745301354034));
#3390 = CARTESIAN_POINT('',(255.,39.221127863711,17.410723830331));
#3391 = CARTESIAN_POINT('',(255.,39.771126462791,16.852848985313));
#3392 = CARTESIAN_POINT('',(255.,39.982398592584,16.633323345218));
#3393 = CARTESIAN_POINT('',(255.,40.191023752193,16.411263346894));
#3394 = CARTESIAN_POINT('',(255.,40.396975107202,16.186711250547));
#3395 = CARTESIAN_POINT('',(255.,40.600229092428,15.959712284922));
#3396 = CARTESIAN_POINT('',(255.,40.800765411928,15.730314647302));
#3397 = CARTESIAN_POINT('',(255.,40.998567038992,15.498569503506));
#3398 = CARTESIAN_POINT('',(255.,41.472266496833,14.930191589461));
#3399 = CARTESIAN_POINT('',(255.,41.74529858075,14.591160989938));
#3400 = CARTESIAN_POINT('',(255.,42.012673509051,14.24759657408));
#3401 = CARTESIAN_POINT('',(255.,42.274308836193,13.899634736284));
#3402 = CARTESIAN_POINT('',(255.,42.530148645787,13.547415287633));
#3403 = CARTESIAN_POINT('',(255.,42.780188646378,13.191091700243));
#3404 = CARTESIAN_POINT('',(255.,43.024460347151,12.830827188866));
#3405 = CARTESIAN_POINT('',(255.,43.525339630763,12.066321084781));
#3406 = CARTESIAN_POINT('',(255.,43.780734471357,11.661290391606));
#3407 = CARTESIAN_POINT('',(255.,44.029172434251,11.251894613392));
#3408 = CARTESIAN_POINT('',(255.,44.270688214392,10.838346645546));
#3409 = CARTESIAN_POINT('',(255.,44.505267404097,10.420851158938));
#3410 = CARTESIAN_POINT('',(255.,44.732935380007,9.999604093024));
#3411 = CARTESIAN_POINT('',(255.,44.953818087104,9.574798138462));
#3412 = CARTESIAN_POINT('',(255.,45.323748403353,8.835231831698));
#3413 = CARTESIAN_POINT('',(255.,45.475960063245,8.522054199973));
#3414 = CARTESIAN_POINT('',(255.,45.624654464937,8.207171596555));
#3415 = CARTESIAN_POINT('',(255.,45.769864588427,7.890657135081));
#3416 = CARTESIAN_POINT('',(255.,45.911624439676,7.572582199829));
#3417 = CARTESIAN_POINT('',(255.,46.049969050604,7.253016445721));
#3418 = CARTESIAN_POINT('',(255.,46.184934479099,6.932027798324));
#3419 = CARTESIAN_POINT('',(255.,46.464632186576,6.247048517458));
#3420 = CARTESIAN_POINT('',(255.,46.60847456242,5.882703522139));
#3421 = CARTESIAN_POINT('',(255.,46.748151176795,5.516729038109));
#3422 = CARTESIAN_POINT('',(255.,46.883730368329,5.149205653059));
#3423 = CARTESIAN_POINT('',(255.,47.015281696627,4.780213364459));
#3424 = CARTESIAN_POINT('',(255.,47.142875064884,4.409831971847));
#3425 = CARTESIAN_POINT('',(255.,47.266579842491,4.038141469133));
#3426 = CARTESIAN_POINT('',(255.,47.506344193573,3.292315658239));
#3427 = CARTESIAN_POINT('',(255.,47.622404985999,2.918178301657));
#3428 = CARTESIAN_POINT('',(255.,47.73471482229,2.542895157191));
#3429 = CARTESIAN_POINT('',(255.,47.843344209181,2.166537740654));
#3430 = CARTESIAN_POINT('',(255.,47.948365462166,1.789168003348));
#3431 = CARTESIAN_POINT('',(255.,48.049852464883,1.410842041792));
#3432 = CARTESIAN_POINT('',(255.,48.147880428502,1.031613807451));
#3433 = CARTESIAN_POINT('',(255.,48.316137774477,0.355928257857));
#3434 = CARTESIAN_POINT('',(255.,48.387703843581,5.98034318202E-02));
#3435 = CARTESIAN_POINT('',(255.,48.457259420759,-0.236810543501));
#3436 = CARTESIAN_POINT('',(255.,48.524840068343,-0.533888549956));
#3437 = CARTESIAN_POINT('',(255.,48.590481348665,-0.831405469395));
#3438 = CARTESIAN_POINT('',(255.,48.65421882406,-1.129336183666));
#3439 = CARTESIAN_POINT('',(255.,48.716088056859,-1.42765557462));
#3440 = CARTESIAN_POINT('',(255.,48.870468190441,-2.195699569345));
#3441 = CARTESIAN_POINT('',(255.,48.960285022353,-2.665951528113));
#3442 = CARTESIAN_POINT('',(255.,49.045714487224,-3.137009605716));
#3443 = CARTESIAN_POINT('',(255.,49.126889634481,-3.608822308182));
#3444 = CARTESIAN_POINT('',(255.,49.203946334843,-4.081327847057));
#3445 = CARTESIAN_POINT('',(255.,49.277021599088,-4.554459650721));
#3446 = CARTESIAN_POINT('',(255.,49.346250157657,-5.028161272181));
#3447 = CARTESIAN_POINT('',(255.,49.477286084474,-5.976576699071));
#3448 = CARTESIAN_POINT('',(255.,49.539096048319,-6.451297058212));
#3449 = CARTESIAN_POINT('',(255.,49.597325447646,-6.92646515976));
#3450 = CARTESIAN_POINT('',(255.,49.652117223933,-7.402009415029));
#3451 = CARTESIAN_POINT('',(255.,49.703616497732,-7.877858265237));
#3452 = CARTESIAN_POINT('',(255.,49.751945389976,-8.353981214037));
#3453 = CARTESIAN_POINT('',(255.,49.797201946591,-8.830397432498));
#3454 = CARTESIAN_POINT('',(255.,49.897233008907,-9.957214019499));
#3455 = CARTESIAN_POINT('',(255.,49.949473274896,-10.60783570503));
#3456 = CARTESIAN_POINT('',(255.,49.996539468113,-11.25889249249));
#3457 = CARTESIAN_POINT('',(255.,50.038739772304,-11.91032256802));
#3458 = CARTESIAN_POINT('',(255.,50.076366006218,-12.56209237886));
#3459 = CARTESIAN_POINT('',(255.,50.109738159203,-13.21413307564));
#3460 = CARTESIAN_POINT('',(255.,50.139143448,-13.86642631502));
#3461 = CARTESIAN_POINT('',(255.,50.190659994801,-15.17161593477));
#3462 = CARTESIAN_POINT('',(255.,50.212768798849,-15.82451123345));
#3463 = CARTESIAN_POINT('',(255.,50.231536011085,-16.47755423952));
#3464 = CARTESIAN_POINT('',(255.,50.247273220986,-17.13069811651));
#3465 = CARTESIAN_POINT('',(255.,50.260291647572,-17.78389854398));
#3466 = CARTESIAN_POINT('',(255.,50.270902139399,-18.43711371747));
#3467 = CARTESIAN_POINT('',(255.,50.279415174568,-19.09030434854));
#3468 = CARTESIAN_POINT('',(255.,50.293308898799,-20.43951964123));
#3469 = CARTESIAN_POINT('',(255.,50.298446853101,-21.13553428909));
#3470 = CARTESIAN_POINT('',(255.,50.301930469263,-21.83143316745));
#3471 = CARTESIAN_POINT('',(255.,50.304135307507,-22.52717268123));
#3472 = CARTESIAN_POINT('',(255.,50.305437112483,-23.22271003681));
#3473 = CARTESIAN_POINT('',(255.,50.306212183127,-23.9180031976));
#3474 = CARTESIAN_POINT('',(255.,50.306837742511,-24.61301083974));
#3475 = CARTESIAN_POINT('',(255.,50.307692307692,-25.30769230769));
#3476 = PCURVE('',#1690,#3477);
#3477 = DEFINITIONAL_REPRESENTATION('',(#3478),#4181);
#3478 = B_SPLINE_CURVE_WITH_KNOTS('',8,(#3479,#3480,#3481,#3482,#3483,
    #3484,#3485,#3486,#3487,#3488,#3489,#3490,#3491,#3492,#3493,#3494,
    #3495,#3496,#3497,#3498,#3499,#3500,#3501,#3502,#3503,#3504,#3505,
    #3506,#3507,#3508,#3509,#3510,#3511,#3512,#3513,#3514,#3515,#3516,
    #3517,#3518,#3519,#3520,#3521,#3522,#3523,#3524,#3525,#3526,#3527,
    #3528,#3529,#3530,#3531,#3532,#3533,#3534,#3535,#3536,#3537,#3538,
    #3539,#3540,#3541,#3542,#3543,#3544,#3545,#3546,#3547,#3548,#3549,
    #3550,#3551,#3552,#3553,#3554,#3555,#3556,#3557,#3558,#3559,#3560,
    #3561,#3562,#3563,#3564,#3565,#3566,#3567,#3568,#3569,#3570,#3571,
    #3572,#3573,#3574,#3575,#3576,#3577,#3578,#3579,#3580,#3581,#3582,
    #3583,#3584,#3585,#3586,#3587,#3588,#3589,#3590,#3591,#3592,#3593,
    #3594,#3595,#3596,#3597,#3598,#3599,#3600,#3601,#3602,#3603,#3604,
    #3605,#3606,#3607,#3608,#3609,#3610,#3611,#3612,#3613,#3614,#3615,
    #3616,#3617,#3618,#3619,#3620,#3621,#3622,#3623,#3624,#3625,#3626,
    #3627,#3628,#3629,#3630,#3631,#3632,#3633,#3634,#3635,#3636,#3637,
    #3638,#3639,#3640,#3641,#3642,#3643,#3644,#3645,#3646,#3647,#3648,
    #3649,#3650,#3651,#3652,#3653,#3654,#3655,#3656,#3657,#3658,#3659,
    #3660,#3661,#3662,#3663,#3664,#3665,#3666,#3667,#3668,#3669,#3670,
    #3671,#3672,#3673,#3674,#3675,#3676,#3677,#3678,#3679,#3680,#3681,
    #3682,#3683,#3684,#3685,#3686,#3687,#3688,#3689,#3690,#3691,#3692,
    #3693,#3694,#3695,#3696,#3697,#3698,#3699,#3700,#3701,#3702,#3703,
    #3704,#3705,#3706,#3707,#3708,#3709,#3710,#3711,#3712,#3713,#3714,
    #3715,#3716,#3717,#3718,#3719,#3720,#3721,#3722,#3723,#3724,#3725,
    #3726,#3727,#3728,#3729,#3730,#3731,#3732,#3733,#3734,#3735,#3736,
    #3737,#3738,#3739,#3740,#3741,#3742,#3743,#3744,#3745,#3746,#3747,
    #3748,#3749,#3750,#3751,#3752,#3753,#3754,#3755,#3756,#3757,#3758,
    #3759,#3760,#3761,#3762,#3763,#3764,#3765,#3766,#3767,#3768,#3769,
    #3770,#3771,#3772,#3773,#3774,#3775,#3776,#3777,#3778,#3779,#3780,
    #3781,#3782,#3783,#3784,#3785,#3786,#3787,#3788,#3789,#3790,#3791,
    #3792,#3793,#3794,#3795,#3796,#3797,#3798,#3799,#3800,#3801,#3802,
    #3803,#3804,#3805,#3806,#3807,#3808,#3809,#3810,#3811,#3812,#3813,
    #3814,#3815,#3816,#3817,#3818,#3819,#3820,#3821,#3822,#3823,#3824,
    #3825,#3826,#3827,#3828,#3829,#3830,#3831,#3832,#3833,#3834,#3835,
    #3836,#3837,#3838,#3839,#3840,#3841,#3842,#3843,#3844,#3845,#3846,
    #3847,#3848,#3849,#3850,#3851,#3852,#3853,#3854,#3855,#3856,#3857,
    #3858,#3859,#3860,#3861,#3862,#3863,#3864,#3865,#3866,#3867,#3868,
    #3869,#3870,#3871,#3872,#3873,#3874,#3875,#3876,#3877,#3878,#3879,
    #3880,#3881,#3882,#3883,#3884,#3885,#3886,#3887,#3888,#3889,#3890,
    #3891,#3892,#3893,#3894,#3895,#3896,#3897,#3898,#3899,#3900,#3901,
    #3902,#3903,#3904,#3905,#3906,#3907,#3908,#3909,#3910,#3911,#3912,
    #3913,#3914,#3915,#3916,#3917,#3918,#3919,#3920,#3921,#3922,#3923,
    #3924,#3925,#3926,#3927,#3928,#3929,#3930,#3931,#3932,#3933,#3934,
    #3935,#3936,#3937,#3938,#3939,#3940,#3941,#3942,#3943,#3944,#3945,
    #3946,#3947,#3948,#3949,#3950,#3951,#3952,#3953,#3954,#3955,#3956,
    #3957,#3958,#3959,#3960,#3961,#3962,#3963,#3964,#3965,#3966,#3967,
    #3968,#3969,#3970,#3971,#3972,#3973,#3974,#3975,#3976,#3977,#3978,
    #3979,#3980,#3981,#3982,#3983,#3984,#3985,#3986,#3987,#3988,#3989,
    #3990,#3991,#3992,#3993,#3994,#3995,#3996,#3997,#3998,#3999,#4000,
    #4001,#4002,#4003,#4004,#4005,#4006,#4007,#4008,#4009,#4010,#4011,
    #4012,#4013,#4014,#4015,#4016,#4017,#4018,#4019,#4020,#4021,#4022,
    #4023,#4024,#4025,#4026,#4027,#4028,#4029,#4030,#4031,#4032,#4033,
    #4034,#4035,#4036,#4037,#4038,#4039,#4040,#4041,#4042,#4043,#4044,
    #4045,#4046,#4047,#4048,#4049,#4050,#4051,#4052,#4053,#4054,#4055,
    #4056,#4057,#4058,#4059,#4060,#4061,#4062,#4063,#4064,#4065,#4066,
    #4067,#4068,#4069,#4070,#4071,#4072,#4073,#4074,#4075,#4076,#4077,
    #4078,#4079,#4080,#4081,#4082,#4083,#4084,#4085,#4086,#4087,#4088,
    #4089,#4090,#4091,#4092,#4093,#4094,#4095,#4096,#4097,#4098,#4099,
    #4100,#4101,#4102,#4103,#4104,#4105,#4106,#4107,#4108,#4109,#4110,
    #4111,#4112,#4113,#4114,#4115,#4116,#4117,#4118,#4119,#4120,#4121,
    #4122,#4123,#4124,#4125,#4126,#4127,#4128,#4129,#4130,#4131,#4132,
    #4133,#4134,#4135,#4136,#4137,#4138,#4139,#4140,#4141,#4142,#4143,
    #4144,#4145,#4146,#4147,#4148,#4149,#4150,#4151,#4152,#4153,#4154,
    #4155,#4156,#4157,#4158,#4159,#4160,#4161,#4162,#4163,#4164,#4165,
    #4166,#4167,#4168,#4169,#4170,#4171,#4172,#4173,#4174,#4175,#4176,
    #4177,#4178,#4179,#4180),.UNSPECIFIED.,.T.,.F.,(9,7,7,7,7,7,7,7,7,7,
    7,7,7,7,7,7,7,7,7,7,7,7,7,7,7,7,7,7,7,7,7,7,7,7,7,7,7,7,7,7,7,7,7,7,
    7,7,7,7,7,7,7,7,7,7,7,7,7,7,7,7,7,7,7,7,7,7,7,7,7,7,7,7,7,7,7,7,7,7,
    7,7,7,7,7,7,7,7,7,7,7,7,7,7,7,7,7,7,7,7,7,7,9),(0.,
    1.900022859135E-02,2.900742751827E-02,3.901293168706E-02,
    4.601554759459E-02,5.201779517471E-02,6.402226650679E-02,
    7.302581537757E-02,7.90281368858E-02,8.903233071556E-02,
    0.100036988764,0.107039893052,0.118044684685,0.129049390923,
    0.141054409306,0.150058160298,0.157061103456,0.167065118051,
    0.178069531334,0.186072572521,0.192074673455,0.202078130144,
    0.212081612077,0.218083701237,0.228086395218,0.238088851923,
    0.248091308628,0.25909387746,0.277095715856,0.288096341229,
    0.297096916057,0.310098107918,0.317098607768,0.324099119869,
    0.335100272185,0.344101085905,0.350101659597,0.360102574359,
    0.371103586272,0.378104265148,0.388105194926,0.399106217914,
    0.407107024453,0.416107810985,0.4251083311,0.432108658858,
    0.443109230745,0.454109735787,0.469110305181,0.485109521963,
    0.497109492805,0.509109393613,0.527107367816,0.538106330306,
    0.547106005755,0.553105797866,0.563105438358,0.574104983965,
    0.585104718962,0.596104486584,0.604104228661,0.616104007788,
    0.622103817385,0.629103602794,0.641103138173,0.650102776914,
    0.657102521642,0.66710196714,0.678101354421,0.68610074041,
    0.692100100028,0.702098987877,0.712097900959,0.718097248808,
    0.728095374298,0.73809326262,0.748091150942,0.759088694613,
    0.7770823111,0.7880779122,0.797074376231,0.810069630107,
    0.817066932644,0.824064247428,0.835060375229,0.844057078042,
    0.850054911113,0.860051258195,0.871047245656,0.878044727139,
    0.888041089249,0.899037085648,0.907034239471,0.916030923993,
    0.925027312895,0.932024425602,0.943019938199,0.954015358155,
    0.969011529697,0.984012455442,1.),.UNSPECIFIED.);
#3479 = CARTESIAN_POINT('',(174.6923076923,-250.3076923076));
#3480 = CARTESIAN_POINT('',(173.86727203779,-250.3087072285));
#3481 = CARTESIAN_POINT('',(173.04177669177,-250.3094298771));
#3482 = CARTESIAN_POINT('',(172.21588890267,-250.3093077175));
#3483 = CARTESIAN_POINT('',(171.38967788543,-250.3077901676));
#3484 = CARTESIAN_POINT('',(170.56321492429,-250.304327888));
#3485 = CARTESIAN_POINT('',(169.73657347557,-250.2983720714));
#3486 = CARTESIAN_POINT('',(168.90982927056,-250.2893737314));
#3487 = CARTESIAN_POINT('',(167.64761090075,-250.2701515967));
#3488 = CARTESIAN_POINT('',(167.21213665382,-250.2625234006));
#3489 = CARTESIAN_POINT('',(166.77665612485,-250.2538180386));
#3490 = CARTESIAN_POINT('',(166.34118776131,-250.2439551451));
#3491 = CARTESIAN_POINT('',(165.90575001063,-250.2328543548));
#3492 = CARTESIAN_POINT('',(165.47036132025,-250.220435302));
#3493 = CARTESIAN_POINT('',(165.03504013763,-250.2066176214));
#3494 = CARTESIAN_POINT('',(164.16464339154,-250.1760268642));
#3495 = CARTESIAN_POINT('',(163.72955176652,-250.1592508965));
#3496 = CARTESIAN_POINT('',(163.29454567546,-250.1409219292));
#3497 = CARTESIAN_POINT('',(162.85963893728,-250.1209557323));
#3498 = CARTESIAN_POINT('',(162.42484389548,-250.0992573332));
#3499 = CARTESIAN_POINT('',(161.99017229369,-250.0757255908));
#3500 = CARTESIAN_POINT('',(161.55563668098,-250.0502599722));
#3501 = CARTESIAN_POINT('',(160.81723701709,-250.0035296239));
#3502 = CARTESIAN_POINT('',(160.51330523747,-249.9832977405));
#3503 = CARTESIAN_POINT('',(160.20946110555,-249.9620409009));
#3504 = CARTESIAN_POINT('',(159.90570871897,-249.9397261231));
#3505 = CARTESIAN_POINT('',(159.60205217537,-249.9163204256));
#3506 = CARTESIAN_POINT('',(159.29849557236,-249.8917908265));
#3507 = CARTESIAN_POINT('',(158.99504300757,-249.8661043441));
#3508 = CARTESIAN_POINT('',(158.43168883536,-249.8161911067));
#3509 = CARTESIAN_POINT('',(158.17175949953,-249.7922799601));
#3510 = CARTESIAN_POINT('',(157.91191191666,-249.7674739125));
#3511 = CARTESIAN_POINT('',(157.65214810584,-249.741752246));
#3512 = CARTESIAN_POINT('',(157.39247075968,-249.7150941689));
#3513 = CARTESIAN_POINT('',(157.13288324436,-249.6874788159));
#3514 = CARTESIAN_POINT('',(156.87338959963,-249.6588852483));
#3515 = CARTESIAN_POINT('',(156.09520544675,-249.5701069806));
#3516 = CARTESIAN_POINT('',(155.57682083934,-249.5069240405));
#3517 = CARTESIAN_POINT('',(155.05892034226,-249.439571269));
#3518 = CARTESIAN_POINT('',(154.54158358126,-249.3678763023));
#3519 = CARTESIAN_POINT('',(154.02489018207,-249.2916667765));
#3520 = CARTESIAN_POINT('',(153.50891977045,-249.2107703276));
#3521 = CARTESIAN_POINT('',(152.99375197213,-249.1250145918));
#3522 = CARTESIAN_POINT('',(152.09374387345,-248.9661351875));
#3523 = CARTESIAN_POINT('',(151.70852087861,-248.8952120662));
#3524 = CARTESIAN_POINT('',(151.32382656363,-248.8213885848));
#3525 = CARTESIAN_POINT('',(150.93970137039,-248.7445912674));
#3526 = CARTESIAN_POINT('',(150.55619354957,-248.6647438756));
#3527 = CARTESIAN_POINT('',(150.17335566279,-248.5817688657));
#3528 = CARTESIAN_POINT('',(149.79124108488,-248.4955888459));
#3529 = CARTESIAN_POINT('',(149.15567533418,-248.346487933));
#3530 = CARTESIAN_POINT('',(148.90179635581,-248.285390136));
#3531 = CARTESIAN_POINT('',(148.64827938873,-248.2228120916));
#3532 = CARTESIAN_POINT('',(148.39514025079,-248.1587312489));
#3533 = CARTESIAN_POINT('',(148.14239475983,-248.093125057));
#3534 = CARTESIAN_POINT('',(147.89005873369,-248.0259709651));
#3535 = CARTESIAN_POINT('',(147.63814799023,-247.9572464221));
#3536 = CARTESIAN_POINT('',(146.96754867436,-247.7697291661));
#3537 = CARTESIAN_POINT('',(146.54965082693,-247.648105312));
#3538 = CARTESIAN_POINT('',(146.13305798603,-247.5219557701));
#3539 = CARTESIAN_POINT('',(145.71787149068,-247.3911843024));
#3540 = CARTESIAN_POINT('',(145.30420087243,-247.2556957966));
#3541 = CARTESIAN_POINT('',(144.89215387843,-247.1153944484));
#3542 = CARTESIAN_POINT('',(144.48183648314,-246.9701843096));
#3543 = CARTESIAN_POINT('',(143.62404010362,-246.6547382056));
#3544 = CARTESIAN_POINT('',(143.17694666654,-246.4834505669));
#3545 = CARTESIAN_POINT('',(142.73224125621,-246.3059932351));
#3546 = CARTESIAN_POINT('',(142.2900569555,-246.122215384));
#3547 = CARTESIAN_POINT('',(141.85056516315,-245.9320266075));
#3548 = CARTESIAN_POINT('',(141.41395977943,-245.7353580812));
#3549 = CARTESIAN_POINT('',(140.98042488401,-245.5321087317));
#3550 = CARTESIAN_POINT('',(140.27633962074,-245.188615434));
#3551 = CARTESIAN_POINT('',(140.00384976846,-245.0523390943));
#3552 = CARTESIAN_POINT('',(139.73272890477,-244.9133397196));
#3553 = CARTESIAN_POINT('',(139.4630268444,-244.7715940635));
#3554 = CARTESIAN_POINT('',(139.19479387984,-244.6270823562));
#3555 = CARTESIAN_POINT('',(138.92808078135,-244.4797883049));
#3556 = CARTESIAN_POINT('',(138.66293879694,-244.3296990941));
#3557 = CARTESIAN_POINT('',(137.98530956927,-243.9365388694));
#3558 = CARTESIAN_POINT('',(137.57520307633,-243.6893528029));
#3559 = CARTESIAN_POINT('',(137.16931665084,-243.4352181872));
#3560 = CARTESIAN_POINT('',(136.76784815946,-243.1741389654));
#3561 = CARTESIAN_POINT('',(136.37101499348,-242.9060891922));
#3562 = CARTESIAN_POINT('',(135.97903927228,-242.6310321436));
#3563 = CARTESIAN_POINT('',(135.59212201547,-242.3489665724));
#3564 = CARTESIAN_POINT('',(134.82877731514,-241.7709262969));
#3565 = CARTESIAN_POINT('',(134.4523519418,-241.4749578542));
#3566 = CARTESIAN_POINT('',(134.08137768512,-241.1721016988));
#3567 = CARTESIAN_POINT('',(133.7160259975,-240.8624504436));
#3568 = CARTESIAN_POINT('',(133.35650099297,-240.5460673232));
#3569 = CARTESIAN_POINT('',(133.00301441853,-240.2230048595));
#3570 = CARTESIAN_POINT('',(132.65573950166,-239.8933492773));
#3571 = CARTESIAN_POINT('',(131.9428997105,-239.190573596));
#3572 = CARTESIAN_POINT('',(131.57853469441,-238.8162268436));
#3573 = CARTESIAN_POINT('',(131.22190993738,-238.4343947007));
#3574 = CARTESIAN_POINT('',(130.87316401333,-238.0452962271));
#3575 = CARTESIAN_POINT('',(130.53248833155,-237.6491249675));
#3576 = CARTESIAN_POINT('',(130.20008216751,-237.2460615215));
#3577 = CARTESIAN_POINT('',(129.87606724177,-236.8363172286));
#3578 = CARTESIAN_POINT('',(129.32377450958,-236.1080782589));
#3579 = CARTESIAN_POINT('',(129.09181564761,-235.7923765894));
#3580 = CARTESIAN_POINT('',(128.86461089057,-235.4731895087));
#3581 = CARTESIAN_POINT('',(128.64218464905,-235.150628951));
#3582 = CARTESIAN_POINT('',(128.42456383624,-234.824805749));
#3583 = CARTESIAN_POINT('',(128.21177223378,-234.4958306929));
#3584 = CARTESIAN_POINT('',(128.0038248576,-234.1638155905));
#3585 = CARTESIAN_POINT('',(127.64275310626,-233.5683634978));
#3586 = CARTESIAN_POINT('',(127.48771719862,-233.3060808078));
#3587 = CARTESIAN_POINT('',(127.3356022019,-233.0420797024));
#3588 = CARTESIAN_POINT('',(127.18639550938,-232.7764136953));
#3589 = CARTESIAN_POINT('',(127.04008430654,-232.5091363686));
#3590 = CARTESIAN_POINT('',(126.89665557109,-232.2403013726));
#3591 = CARTESIAN_POINT('',(126.75609607296,-231.9699624258));
#3592 = CARTESIAN_POINT('',(126.42167653931,-231.3099105268));
#3593 = CARTESIAN_POINT('',(126.23078974936,-230.9186892347));
#3594 = CARTESIAN_POINT('',(126.04569151158,-230.5246663576));
#3595 = CARTESIAN_POINT('',(125.86635333741,-230.1279910723));
#3596 = CARTESIAN_POINT('',(125.69271808243,-229.7288055334));
#3597 = CARTESIAN_POINT('',(125.52469107699,-229.3272464773));
#3598 = CARTESIAN_POINT('',(125.36216304764,-228.9234477103));
#3599 = CARTESIAN_POINT('',(125.03225683289,-228.0710489383));
#3600 = CARTESIAN_POINT('',(124.86601277994,-227.6220057582));
#3601 = CARTESIAN_POINT('',(124.70621928738,-227.17058703));
#3602 = CARTESIAN_POINT('',(124.55274461645,-226.7169631315));
#3603 = CARTESIAN_POINT('',(124.40549151526,-226.2613142625));
#3604 = CARTESIAN_POINT('',(124.26433792084,-225.8037910677));
#3605 = CARTESIAN_POINT('',(124.1290985365,-225.3444987351));
#3606 = CARTESIAN_POINT('',(123.90549083827,-224.5483733552));
#3607 = CARTESIAN_POINT('',(123.81439698032,-224.212302736));
#3608 = CARTESIAN_POINT('',(123.72630108937,-223.8754169203));
#3609 = CARTESIAN_POINT('',(123.64114553079,-223.5377646088));
#3610 = CARTESIAN_POINT('',(123.55887267275,-223.1993943809));
#3611 = CARTESIAN_POINT('',(123.47942488618,-222.8603546946));
#3612 = CARTESIAN_POINT('',(123.40274454479,-222.5206938868));
#3613 = CARTESIAN_POINT('',(123.27329779853,-221.9252925382));
#3614 = CARTESIAN_POINT('',(123.2193450962,-221.6697989505));
#3615 = CARTESIAN_POINT('',(123.16689112575,-221.4139945901));
#3616 = CARTESIAN_POINT('',(123.115910948,-221.1578940315));
#3617 = CARTESIAN_POINT('',(123.06637947689,-220.9015112436));
#3618 = CARTESIAN_POINT('',(123.01827147951,-220.6448595899));
#3619 = CARTESIAN_POINT('',(122.97156157604,-220.3879518284));
#3620 = CARTESIAN_POINT('',(122.85066235166,-219.7022158389));
#3621 = CARTESIAN_POINT('',(122.7789129101,-219.272950644));
#3622 = CARTESIAN_POINT('',(122.7108571523,-218.8430638061));
#3623 = CARTESIAN_POINT('',(122.64637846785,-218.4126100952));
#3624 = CARTESIAN_POINT('',(122.58535928035,-217.9816459205));
#3625 = CARTESIAN_POINT('',(122.52768046537,-217.5502305039));
#3626 = CARTESIAN_POINT('',(122.47322330474,-217.1184220765));
#3627 = CARTESIAN_POINT('',(122.37052452038,-216.2541150341));
#3628 = CARTESIAN_POINT('',(122.32228281863,-215.8216114055));
#3629 = CARTESIAN_POINT('',(122.27703631611,-215.3887864222));
#3630 = CARTESIAN_POINT('',(122.23467245683,-214.9556682918));
#3631 = CARTESIAN_POINT('',(122.1950786848,-214.5222852217));
#3632 = CARTESIAN_POINT('',(122.15814244401,-214.0886654194));
#3633 = CARTESIAN_POINT('',(122.12375117849,-213.6548370923));
#3634 = CARTESIAN_POINT('',(122.07261702446,-212.9604232615));
#3635 = CARTESIAN_POINT('',(122.05431738764,-212.6999531608));
#3636 = CARTESIAN_POINT('',(122.03686910965,-212.4394242386));
#3637 = CARTESIAN_POINT('',(122.02024787841,-212.1788425879));
#3638 = CARTESIAN_POINT('',(122.00442938182,-211.9182143014));
#3639 = CARTESIAN_POINT('',(121.98938930779,-211.657545472));
#3640 = CARTESIAN_POINT('',(121.97510334422,-211.3968421925));
#3641 = CARTESIAN_POINT('',(121.93895534999,-210.7015920564));
#3642 = CARTESIAN_POINT('',(121.91838936034,-210.2669833578));
#3643 = CARTESIAN_POINT('',(121.89973618647,-209.8323086435));
#3644 = CARTESIAN_POINT('',(121.88289233455,-209.3975732062));
#3645 = CARTESIAN_POINT('',(121.86775500724,-208.9627798928));
#3646 = CARTESIAN_POINT('',(121.8542182829,-208.5279362762));
#3647 = CARTESIAN_POINT('',(121.84217430719,-208.0930525501));
#3648 = CARTESIAN_POINT('',(121.8208649401,-207.2232180687));
#3649 = CARTESIAN_POINT('',(121.81159891767,-206.7882652821));
#3650 = CARTESIAN_POINT('',(121.80361587235,-206.3532748748));
#3651 = CARTESIAN_POINT('',(121.7968102465,-205.9182499304));
#3652 = CARTESIAN_POINT('',(121.7910764825,-205.4831935327));
#3653 = CARTESIAN_POINT('',(121.7863090227,-205.0481087653));
#3654 = CARTESIAN_POINT('',(121.78240230948,-204.6129987118));
#3655 = CARTESIAN_POINT('',(121.77609926093,-203.7427342001));
#3656 = CARTESIAN_POINT('',(121.7737029256,-203.3075797419));
#3657 = CARTESIAN_POINT('',(121.77195622157,-202.872406165));
#3658 = CARTESIAN_POINT('',(121.77075359122,-202.437216553));
#3659 = CARTESIAN_POINT('',(121.76998947691,-202.0020139896));
#3660 = CARTESIAN_POINT('',(121.76955832101,-201.5668015585));
#3661 = CARTESIAN_POINT('',(121.76935456588,-201.1315823434));
#3662 = CARTESIAN_POINT('',(121.76918255181,-200.2176200314));
#3663 = CARTESIAN_POINT('',(121.76928856016,-199.7388780421));
#3664 = CARTESIAN_POINT('',(121.76915374758,-199.2601358304));
#3665 = CARTESIAN_POINT('',(121.76918131691,-198.781395689));
#3666 = CARTESIAN_POINT('',(121.76953314791,-198.3026598074));
#3667 = CARTESIAN_POINT('',(121.77022723225,-197.8239305288));
#3668 = CARTESIAN_POINT('',(121.77148888284,-197.34521049));
#3669 = CARTESIAN_POINT('',(121.77660753785,-196.0832643862));
#3670 = CARTESIAN_POINT('',(121.78161546209,-195.300061194));
#3671 = CARTESIAN_POINT('',(121.78906983318,-194.5169027882));
#3672 = CARTESIAN_POINT('',(121.79958661658,-193.7338048854));
#3673 = CARTESIAN_POINT('',(121.81378195261,-192.9507887905));
#3674 = CARTESIAN_POINT('',(121.83227182647,-192.1678813877));
#3675 = CARTESIAN_POINT('',(121.8556717382,-191.3851151311));
#3676 = CARTESIAN_POINT('',(121.90227173777,-190.1243020204));
#3677 = CARTESIAN_POINT('',(121.92201005587,-189.6461315716));
#3678 = CARTESIAN_POINT('',(121.94395648383,-189.1680286005));
#3679 = CARTESIAN_POINT('',(121.96823537372,-188.6899742869));
#3680 = CARTESIAN_POINT('',(121.99500475422,-188.2120155505));
#3681 = CARTESIAN_POINT('',(122.02442712812,-187.7342116651));
#3682 = CARTESIAN_POINT('',(122.056637848,-187.2565777104));
#3683 = CARTESIAN_POINT('',(122.12055529383,-186.388563772));
#3684 = CARTESIAN_POINT('',(122.15128851507,-185.9981020491));
#3685 = CARTESIAN_POINT('',(122.18407404924,-185.6078069465));
#3686 = CARTESIAN_POINT('',(122.21899394964,-185.2176990273));
#3687 = CARTESIAN_POINT('',(122.25613026961,-184.8277988548));
#3688 = CARTESIAN_POINT('',(122.29556506246,-184.4381269923));
#3689 = CARTESIAN_POINT('',(122.33738038151,-184.0487040031));
#3690 = CARTESIAN_POINT('',(122.44561702333,-183.0974241307));
#3691 = CARTESIAN_POINT('',(122.5147139771,-182.53587301));
#3692 = CARTESIAN_POINT('',(122.58918489364,-181.9749445545));
#3693 = CARTESIAN_POINT('',(122.66930834836,-181.414802209));
#3694 = CARTESIAN_POINT('',(122.75533528995,-180.8555276058));
#3695 = CARTESIAN_POINT('',(122.84752817998,-180.2972610076));
#3696 = CARTESIAN_POINT('',(122.9461460109,-179.7401241931));
#3697 = CARTESIAN_POINT('',(123.10814457668,-178.8849422288));
#3698 = CARTESIAN_POINT('',(123.16678025011,-178.5860021377));
#3699 = CARTESIAN_POINT('',(123.22739400603,-178.2874456514));
#3700 = CARTESIAN_POINT('',(123.29002630528,-177.9892914584));
#3701 = CARTESIAN_POINT('',(123.3547169096,-177.6915629829));
#3702 = CARTESIAN_POINT('',(123.42150488164,-177.3942883845));
#3703 = CARTESIAN_POINT('',(123.49042858493,-177.0975005588));
#3704 = CARTESIAN_POINT('',(123.63262290736,-176.5049731968));
#3705 = CARTESIAN_POINT('',(123.70589410838,-176.2092311342));
#3706 = CARTESIAN_POINT('',(123.78137789633,-175.9140435004));
#3707 = CARTESIAN_POINT('',(123.85911288053,-175.6194428471));
#3708 = CARTESIAN_POINT('',(123.93913767031,-175.3254617255));
#3709 = CARTESIAN_POINT('',(124.02149087501,-175.0321326872));
#3710 = CARTESIAN_POINT('',(124.10621110396,-174.7394882834));
#3711 = CARTESIAN_POINT('',(124.33025336207,-173.9888038002));
#3712 = CARTESIAN_POINT('',(124.47310783918,-173.5318201289));
#3713 = CARTESIAN_POINT('',(124.62206110551,-173.0767368481));
#3714 = CARTESIAN_POINT('',(124.77724276113,-172.6236929694));
#3715 = CARTESIAN_POINT('',(124.93876380907,-172.1728646533));
#3716 = CARTESIAN_POINT('',(125.10673835132,-171.7244332813));
#3717 = CARTESIAN_POINT('',(125.28129224505,-171.2785600949));
#3718 = CARTESIAN_POINT('',(125.6108251156,-170.4728757177));
#3719 = CARTESIAN_POINT('',(125.76358542076,-170.1121620154));
#3720 = CARTESIAN_POINT('',(125.92089841922,-169.753380068));
#3721 = CARTESIAN_POINT('',(126.08282498584,-169.3966263581));
#3722 = CARTESIAN_POINT('',(126.2494098336,-169.0420036779));
#3723 = CARTESIAN_POINT('',(126.4206854871,-168.6896213026));
#3724 = CARTESIAN_POINT('',(126.59667625606,-168.3395951641));
#3725 = CARTESIAN_POINT('',(126.89788680397,-167.7603487268));
#3726 = CARTESIAN_POINT('',(127.02047772155,-167.5297486329));
#3727 = CARTESIAN_POINT('',(127.14518350873,-167.3002816404));
#3728 = CARTESIAN_POINT('',(127.27201253676,-167.0719815905));
#3729 = CARTESIAN_POINT('',(127.40097300091,-166.8448822682));
#3730 = CARTESIAN_POINT('',(127.53207292049,-166.6190174022));
#3731 = CARTESIAN_POINT('',(127.66532013883,-166.3944206652));
#3732 = CARTESIAN_POINT('',(128.02639169683,-165.7989688942));
#3733 = CARTESIAN_POINT('',(128.25803924376,-165.4304235151));
#3734 = CARTESIAN_POINT('',(128.49567558951,-165.0656487323));
#3735 = CARTESIAN_POINT('',(128.73926681925,-164.7047955196));
#3736 = CARTESIAN_POINT('',(128.98877281569,-164.3480144629));
#3737 = CARTESIAN_POINT('',(129.24416466597,-163.9954592529));
#3738 = CARTESIAN_POINT('',(129.50542113793,-163.6472858376));
#3739 = CARTESIAN_POINT('',(130.06629577364,-162.9256445713));
#3740 = CARTESIAN_POINT('',(130.36714487798,-162.5531273352));
#3741 = CARTESIAN_POINT('',(130.67499629592,-162.1862950147));
#3742 = CARTESIAN_POINT('',(130.98974124152,-161.825306383));
#3743 = CARTESIAN_POINT('',(131.31122791102,-161.4703031137));
#3744 = CARTESIAN_POINT('',(131.63931399461,-161.1214359573));
#3745 = CARTESIAN_POINT('',(131.97389152219,-160.7788721248));
#3746 = CARTESIAN_POINT('',(132.53176639012,-160.2288735343));
#3747 = CARTESIAN_POINT('',(132.75129204357,-160.0176014095));
#3748 = CARTESIAN_POINT('',(132.97335205919,-159.8089762563));
#3749 = CARTESIAN_POINT('',(133.19790417569,-159.6030249086));
#3750 = CARTESIAN_POINT('',(133.42490316267,-159.399770931));
#3751 = CARTESIAN_POINT('',(133.65430082063,-159.1992346188));
#3752 = CARTESIAN_POINT('',(133.88604598097,-159.0014329975));
#3753 = CARTESIAN_POINT('',(134.4544239173,-158.5277335482));
#3754 = CARTESIAN_POINT('',(134.79345451694,-158.2547014619));
#3755 = CARTESIAN_POINT('',(135.13701891701,-157.9873265283));
#3756 = CARTESIAN_POINT('',(135.48498070303,-157.725691183));
#3757 = CARTESIAN_POINT('',(135.83720005629,-157.4698513374));
#3758 = CARTESIAN_POINT('',(136.19352352088,-157.2198112906));
#3759 = CARTESIAN_POINT('',(136.55378791562,-156.9755395489));
#3760 = CARTESIAN_POINT('',(137.31829392174,-156.4746601512));
#3761 = CARTESIAN_POINT('',(137.72332463654,-156.2192652482));
#3762 = CARTESIAN_POINT('',(138.13272049681,-155.9708272633));
#3763 = CARTESIAN_POINT('',(138.5462686001,-155.7293115061));
#3764 = CARTESIAN_POINT('',(138.96376436553,-155.4947324473));
#3765 = CARTESIAN_POINT('',(139.38501186675,-155.2670647128));
#3766 = CARTESIAN_POINT('',(139.80981823628,-155.0461822302));
#3767 = CARTESIAN_POINT('',(140.54938501145,-154.6762522693));
#3768 = CARTESIAN_POINT('',(140.86256273845,-154.5240407684));
#3769 = CARTESIAN_POINT('',(141.17744535811,-154.3753464658));
#3770 = CARTESIAN_POINT('',(141.49395972034,-154.2301363535));
#3771 = CARTESIAN_POINT('',(141.812034413,-154.0883764042));
#3772 = CARTESIAN_POINT('',(142.1315997619,-153.950031572));
#3773 = CARTESIAN_POINT('',(142.45258783082,-153.8150657921));
#3774 = CARTESIAN_POINT('',(143.13756521804,-153.5353671804));
#3775 = CARTESIAN_POINT('',(143.50190874617,-153.3915242743));
#3776 = CARTESIAN_POINT('',(143.86788162859,-153.2518470834));
#3777 = CARTESIAN_POINT('',(144.23540349251,-153.1162673449));
#3778 = CARTESIAN_POINT('',(144.60439456831,-152.9847155836));
#3779 = CARTESIAN_POINT('',(144.97477528817,-152.857121983));
#3780 = CARTESIAN_POINT('',(145.34646588479,-152.7334172559));
#3781 = CARTESIAN_POINT('',(146.09229505702,-152.4936533248));
#3782 = CARTESIAN_POINT('',(146.4664352355,-152.3775929755));
#3783 = CARTESIAN_POINT('',(146.84172217471,-152.2652843497));
#3784 = CARTESIAN_POINT('',(147.21808434344,-152.1566569163));
#3785 = CARTESIAN_POINT('',(147.59545946219,-152.0516380916));
#3786 = CARTESIAN_POINT('',(147.97379093533,-151.9501535995));
#3787 = CARTESIAN_POINT('',(148.35302428322,-151.8521278312));
#3788 = CARTESIAN_POINT('',(149.02871755876,-151.6838733041));
#3789 = CARTESIAN_POINT('',(149.32484502697,-151.6123081675));
#3790 = CARTESIAN_POINT('',(149.62146051781,-151.5427531096));
#3791 = CARTESIAN_POINT('',(149.91853857008,-151.4751724443));
#3792 = CARTESIAN_POINT('',(150.21605372255,-151.4095304853));
#3793 = CARTESIAN_POINT('',(150.513980514,-151.3457915466));
#3794 = CARTESIAN_POINT('',(150.81229348322,-151.283919942));
#3795 = CARTESIAN_POINT('',(151.58031395744,-151.1295309944));
#3796 = CARTESIAN_POINT('',(152.05054368086,-151.0397064174));
#3797 = CARTESIAN_POINT('',(152.52157191368,-150.9542658734));
#3798 = CARTESIAN_POINT('',(152.99335290925,-150.8730791808));
#3799 = CARTESIAN_POINT('',(153.46582898546,-150.7960119868));
#3800 = CARTESIAN_POINT('',(153.93893689379,-150.7229281406));
#3801 = CARTESIAN_POINT('',(154.41262511277,-150.6536949186));
#3802 = CARTESIAN_POINT('',(155.3610440191,-150.5226599047));
#3803 = CARTESIAN_POINT('',(155.83577845815,-150.4608565546));
#3804 = CARTESIAN_POINT('',(156.31097857635,-150.4026385851));
#3805 = CARTESIAN_POINT('',(156.78658052163,-150.3478668329));
#3806 = CARTESIAN_POINT('',(157.26252054752,-150.2964011557));
#3807 = CARTESIAN_POINT('',(157.73876144876,-150.2481163047));
#3808 = CARTESIAN_POINT('',(158.2152980341,-150.2029021801));
#3809 = CARTESIAN_POINT('',(159.34227329548,-150.1029784907));
#3810 = CARTESIAN_POINT('',(159.9929345247,-150.0507988379));
#3811 = CARTESIAN_POINT('',(160.6439999074,-150.0037696498));
#3812 = CARTESIAN_POINT('',(161.29542145044,-149.9615929015));
#3813 = CARTESIAN_POINT('',(161.9470860996,-149.923921675));
#3814 = CARTESIAN_POINT('',(162.59899811122,-149.8904883691));
#3815 = CARTESIAN_POINT('',(163.25103313755,-149.860932329));
#3816 = CARTESIAN_POINT('',(164.59875587495,-149.8072881088));
#3817 = CARTESIAN_POINT('',(165.29445799723,-149.7836945458));
#3818 = CARTESIAN_POINT('',(165.99026941386,-149.763841529));
#3819 = CARTESIAN_POINT('',(166.68616983246,-149.747376413));
#3820 = CARTESIAN_POINT('',(167.3821419215,-149.7339461563));
#3821 = CARTESIAN_POINT('',(168.07817131515,-149.7231975038));
#3822 = CARTESIAN_POINT('',(168.77424661817,-149.7147771696));
#3823 = CARTESIAN_POINT('',(169.9924682944,-149.7034979335));
#3824 = CARTESIAN_POINT('',(170.51460664474,-149.6997749038));
#3825 = CARTESIAN_POINT('',(171.03677053287,-149.697013974));
#3826 = CARTESIAN_POINT('',(171.55895602991,-149.6950661867));
#3827 = CARTESIAN_POINT('',(172.08115920696,-149.6937825844));
#3828 = CARTESIAN_POINT('',(172.60337613513,-149.6930142099));
#3829 = CARTESIAN_POINT('',(173.12560288553,-149.6926121058));
#3830 = CARTESIAN_POINT('',(174.17006512519,-149.6922425245));
#3831 = CARTESIAN_POINT('',(174.69229785765,-149.6922719299));
#3832 = CARTESIAN_POINT('',(175.21453230243,-149.692475909));
#3833 = CARTESIAN_POINT('',(175.73676476735,-149.6919834796));
#3834 = CARTESIAN_POINT('',(176.25899482188,-149.6925101059));
#3835 = CARTESIAN_POINT('',(176.78121883106,-149.6929112776));
#3836 = CARTESIAN_POINT('',(177.30343538906,-149.6940029097));
#3837 = CARTESIAN_POINT('',(178.60886942022,-149.6983212947));
#3838 = CARTESIAN_POINT('',(179.39207199497,-149.7024064845));
#3839 = CARTESIAN_POINT('',(180.1752419682,-149.7084885836));
#3840 = CARTESIAN_POINT('',(180.95836818048,-149.717070525));
#3841 = CARTESIAN_POINT('',(181.74143574783,-149.7286553607));
#3842 = CARTESIAN_POINT('',(182.52442606578,-149.7437460896));
#3843 = CARTESIAN_POINT('',(183.3073168135,-149.7628454865));
#3844 = CARTESIAN_POINT('',(184.56844715416,-149.8008847969));
#3845 = CARTESIAN_POINT('',(185.04676676873,-149.8169969937));
#3846 = CARTESIAN_POINT('',(185.52502447241,-149.8349139362));
#3847 = CARTESIAN_POINT('',(186.00323010457,-149.8547390854));
#3848 = CARTESIAN_POINT('',(186.48137396654,-149.8765872579));
#3849 = CARTESIAN_POINT('',(186.95942667805,-149.9005862344));
#3850 = CARTESIAN_POINT('',(187.43735817544,-149.9268650313));
#3851 = CARTESIAN_POINT('',(188.30609232487,-149.9790085294));
#3852 = CARTESIAN_POINT('',(188.69694162496,-150.0040809491));
#3853 = CARTESIAN_POINT('',(189.08768209526,-150.0308282053));
#3854 = CARTESIAN_POINT('',(189.47829850014,-150.059318041));
#3855 = CARTESIAN_POINT('',(189.86877560395,-150.089618199));
#3856 = CARTESIAN_POINT('',(190.25909817106,-150.1217964222));
#3857 = CARTESIAN_POINT('',(190.64925096582,-150.1559204536));
#3858 = CARTESIAN_POINT('',(191.29919764448,-150.2161497918));
#3859 = CARTESIAN_POINT('',(191.55909284559,-150.2411368336));
#3860 = CARTESIAN_POINT('',(191.81890185675,-150.2670385798));
#3861 = CARTESIAN_POINT('',(192.07862096368,-150.2938748659));
#3862 = CARTESIAN_POINT('',(192.33824523706,-150.3216659441));
#3863 = CARTESIAN_POINT('',(192.59776853248,-150.3504324837));
#3864 = CARTESIAN_POINT('',(192.85718349046,-150.3801955709));
#3865 = CARTESIAN_POINT('',(193.5486443834,-150.4622785384));
#3866 = CARTESIAN_POINT('',(193.98047925783,-150.5164091878));
#3867 = CARTESIAN_POINT('',(194.41194320441,-150.573469532));
#3868 = CARTESIAN_POINT('',(194.84299326781,-150.6335604463));
#3869 = CARTESIAN_POINT('',(195.2735864927,-150.6967828059));
#3870 = CARTESIAN_POINT('',(195.70367992375,-150.7632374861));
#3871 = CARTESIAN_POINT('',(196.13323060566,-150.8330253619));
#3872 = CARTESIAN_POINT('',(197.03405453008,-150.9867910185));
#3873 = CARTESIAN_POINT('',(197.50520956005,-151.0714897305));
#3874 = CARTESIAN_POINT('',(197.97559471349,-151.1604829958));
#3875 = CARTESIAN_POINT('',(198.4451779956,-151.2538914839));
#3876 = CARTESIAN_POINT('',(198.91385665287,-151.351857867));
#3877 = CARTESIAN_POINT('',(199.38150917699,-151.4545298626));
#3878 = CARTESIAN_POINT('',(199.84805564371,-151.5620379956));
#3879 = CARTESIAN_POINT('',(200.77870835669,-151.7870052276));
#3880 = CARTESIAN_POINT('',(201.2428133552,-151.9044639858));
#3881 = CARTESIAN_POINT('',(201.7056126807,-152.0270367244));
#3882 = CARTESIAN_POINT('',(202.16699616122,-152.154864404));
#3883 = CARTESIAN_POINT('',(202.62688435494,-152.2880888733));
#3884 = CARTESIAN_POINT('',(203.08517174842,-152.426842287));
#3885 = CARTESIAN_POINT('',(203.54168425353,-152.5712440105));
#3886 = CARTESIAN_POINT('',(204.45088248892,-152.8716020728));
#3887 = CARTESIAN_POINT('',(204.90355898231,-153.0275538696));
#3888 = CARTESIAN_POINT('',(205.3541759111,-153.1894141157));
#3889 = CARTESIAN_POINT('',(205.80258555866,-153.35729283));
#3890 = CARTESIAN_POINT('',(206.24864396753,-153.5313296843));
#3891 = CARTESIAN_POINT('',(206.69220621142,-153.7116612948));
#3892 = CARTESIAN_POINT('',(207.13311270833,-153.8983820567));
#3893 = CARTESIAN_POINT('',(207.88976662739,-154.2320865679));
#3894 = CARTESIAN_POINT('',(208.20684717339,-154.3760164719));
#3895 = CARTESIAN_POINT('',(208.52234640766,-154.523403325));
#3896 = CARTESIAN_POINT('',(208.83619154737,-154.6742804227));
#3897 = CARTESIAN_POINT('',(209.14830981094,-154.8286810533));
#3898 = CARTESIAN_POINT('',(209.45862841809,-154.9866384972));
#3899 = CARTESIAN_POINT('',(209.76707458979,-155.1481860274));
#3900 = CARTESIAN_POINT('',(210.53333334659,-155.5611166594));
#3901 = CARTESIAN_POINT('',(210.98870860677,-155.8170170747));
#3902 = CARTESIAN_POINT('',(211.43944295487,-156.0811728766));
#3903 = CARTESIAN_POINT('',(211.88529414089,-156.3535637285));
#3904 = CARTESIAN_POINT('',(212.32595313114,-156.6342439228));
#3905 = CARTESIAN_POINT('',(212.76119724369,-156.9231989957));
#3906 = CARTESIAN_POINT('',(213.19070274473,-157.2204977966));
#3907 = CARTESIAN_POINT('',(213.82596931976,-157.6789183199));
#3908 = CARTESIAN_POINT('',(214.03622548662,-157.8338053728));
#3909 = CARTESIAN_POINT('',(214.24495200162,-157.9907679671));
#3910 = CARTESIAN_POINT('',(214.45211693543,-158.1497983137));
#3911 = CARTESIAN_POINT('',(214.6576886046,-158.3108868631));
#3912 = CARTESIAN_POINT('',(214.86163557162,-158.4740223052));
#3913 = CARTESIAN_POINT('',(215.06392664486,-158.6391915692));
#3914 = CARTESIAN_POINT('',(215.49856940364,-159.0014329975));
#3915 = CARTESIAN_POINT('',(215.73031456399,-159.1992346188));
#3916 = CARTESIAN_POINT('',(215.95971222195,-159.399770931));
#3917 = CARTESIAN_POINT('',(216.18671120893,-159.6030249086));
#3918 = CARTESIAN_POINT('',(216.41126332543,-159.8089762563));
#3919 = CARTESIAN_POINT('',(216.63332334105,-160.0176014095));
#3920 = CARTESIAN_POINT('',(216.85284899449,-160.2288735343));
#3921 = CARTESIAN_POINT('',(217.44171570759,-160.809426416));
#3922 = CARTESIAN_POINT('',(217.80608072677,-161.1837731696));
#3923 = CARTESIAN_POINT('',(218.16270547894,-161.5656053106));
#3924 = CARTESIAN_POINT('',(218.5114513925,-161.9547037807));
#3925 = CARTESIAN_POINT('',(218.8521270623,-162.3508750362));
#3926 = CARTESIAN_POINT('',(219.18453321709,-162.7539384787));
#3927 = CARTESIAN_POINT('',(219.50854813762,-163.1636827694));
#3928 = CARTESIAN_POINT('',(220.06084086601,-163.8919217378));
#3929 = CARTESIAN_POINT('',(220.29279972776,-164.2076234071));
#3930 = CARTESIAN_POINT('',(220.52000448575,-164.5268104882));
#3931 = CARTESIAN_POINT('',(220.742430729,-164.8493710465));
#3932 = CARTESIAN_POINT('',(220.96005154389,-165.1751942493));
#3933 = CARTESIAN_POINT('',(221.1728431484,-165.5041693061));
#3934 = CARTESIAN_POINT('',(221.3807905263,-165.8361844091));
#3935 = CARTESIAN_POINT('',(221.74186227981,-166.4316365026));
#3936 = CARTESIAN_POINT('',(221.8968981881,-166.6939191928));
#3937 = CARTESIAN_POINT('',(222.04901318519,-166.9579202984));
#3938 = CARTESIAN_POINT('',(222.19821987785,-167.2235863056));
#3939 = CARTESIAN_POINT('',(222.34453108063,-167.4908636322));
#3940 = CARTESIAN_POINT('',(222.48795981589,-167.7596986281));
#3941 = CARTESIAN_POINT('',(222.62851931371,-168.0300375749));
#3942 = CARTESIAN_POINT('',(222.96293884653,-168.6900894736));
#3943 = CARTESIAN_POINT('',(223.1538256359,-169.0813107656));
#3944 = CARTESIAN_POINT('',(223.33892387311,-169.4753336426));
#3945 = CARTESIAN_POINT('',(223.51826204686,-169.8720089278));
#3946 = CARTESIAN_POINT('',(223.69189730161,-170.2711944666));
#3947 = CARTESIAN_POINT('',(223.85992430695,-170.6727535225));
#3948 = CARTESIAN_POINT('',(224.02245233625,-171.0765522894));
#3949 = CARTESIAN_POINT('',(224.35235855112,-171.9289510614));
#3950 = CARTESIAN_POINT('',(224.51860260423,-172.3779942415));
#3951 = CARTESIAN_POINT('',(224.67839609699,-172.8294129698));
#3952 = CARTESIAN_POINT('',(224.83187076812,-173.2830368683));
#3953 = CARTESIAN_POINT('',(224.97912386944,-173.7386857374));
#3954 = CARTESIAN_POINT('',(225.12027746393,-174.1962089322));
#3955 = CARTESIAN_POINT('',(225.25551684832,-174.6555012649));
#3956 = CARTESIAN_POINT('',(225.47912454656,-175.4516266448));
#3957 = CARTESIAN_POINT('',(225.5702184045,-175.787697264));
#3958 = CARTESIAN_POINT('',(225.65831429543,-176.1245830797));
#3959 = CARTESIAN_POINT('',(225.74346985397,-176.4622353911));
#3960 = CARTESIAN_POINT('',(225.82574271197,-176.8006056191));
#3961 = CARTESIAN_POINT('',(225.9051904985,-177.1396453053));
#3962 = CARTESIAN_POINT('',(225.98187083986,-177.4793061131));
#3963 = CARTESIAN_POINT('',(226.11131758607,-178.0747074617));
#3964 = CARTESIAN_POINT('',(226.16527028838,-178.3302010494));
#3965 = CARTESIAN_POINT('',(226.21772425881,-178.5860054098));
#3966 = CARTESIAN_POINT('',(226.26870443655,-178.8421059684));
#3967 = CARTESIAN_POINT('',(226.31823590765,-179.0984887563));
#3968 = CARTESIAN_POINT('',(226.36634390503,-179.3551404099));
#3969 = CARTESIAN_POINT('',(226.4130538085,-179.6120481714));
#3970 = CARTESIAN_POINT('',(226.53395303287,-180.297784161));
#3971 = CARTESIAN_POINT('',(226.60570247444,-180.7270493559));
#3972 = CARTESIAN_POINT('',(226.67375823225,-181.1569361938));
#3973 = CARTESIAN_POINT('',(226.73823691671,-181.5873899047));
#3974 = CARTESIAN_POINT('',(226.79925610422,-182.0183540794));
#3975 = CARTESIAN_POINT('',(226.85693491922,-182.449769496));
#3976 = CARTESIAN_POINT('',(226.91139207986,-182.8815779234));
#3977 = CARTESIAN_POINT('',(227.01409086425,-183.7458849658));
#3978 = CARTESIAN_POINT('',(227.062332566,-184.1783885944));
#3979 = CARTESIAN_POINT('',(227.10757906852,-184.6112135777));
#3980 = CARTESIAN_POINT('',(227.1499429278,-185.0443317081));
#3981 = CARTESIAN_POINT('',(227.18953669984,-185.4777147782));
#3982 = CARTESIAN_POINT('',(227.22647294062,-185.9113345806));
#3983 = CARTESIAN_POINT('',(227.26086420615,-186.3451629076));
#3984 = CARTESIAN_POINT('',(227.31199836017,-187.0395767384));
#3985 = CARTESIAN_POINT('',(227.33029799699,-187.3000468392));
#3986 = CARTESIAN_POINT('',(227.34774627497,-187.5605757613));
#3987 = CARTESIAN_POINT('',(227.36436750621,-187.821157412));
#3988 = CARTESIAN_POINT('',(227.38018600279,-188.0817856985));
#3989 = CARTESIAN_POINT('',(227.39522607682,-188.3424545279));
#3990 = CARTESIAN_POINT('',(227.40951204039,-188.6031578074));
#3991 = CARTESIAN_POINT('',(227.44566003462,-189.2984079435));
#3992 = CARTESIAN_POINT('',(227.46622602426,-189.7330166421));
#3993 = CARTESIAN_POINT('',(227.48487919813,-190.1676913564));
#3994 = CARTESIAN_POINT('',(227.50172305005,-190.6024267937));
#3995 = CARTESIAN_POINT('',(227.51686037735,-191.0372201071));
#3996 = CARTESIAN_POINT('',(227.53039710169,-191.4720637237));
#3997 = CARTESIAN_POINT('',(227.5424410774,-191.9069474498));
#3998 = CARTESIAN_POINT('',(227.56375044449,-192.7767819312));
#3999 = CARTESIAN_POINT('',(227.57301646692,-193.2117347178));
#4000 = CARTESIAN_POINT('',(227.58099951224,-193.6467251251));
#4001 = CARTESIAN_POINT('',(227.58780513808,-194.0817500695));
#4002 = CARTESIAN_POINT('',(227.59353890209,-194.5168064672));
#4003 = CARTESIAN_POINT('',(227.59830636188,-194.9518912346));
#4004 = CARTESIAN_POINT('',(227.6022130751,-195.3870012881));
#4005 = CARTESIAN_POINT('',(227.60851612366,-196.2572657998));
#4006 = CARTESIAN_POINT('',(227.61091245899,-196.692420258));
#4007 = CARTESIAN_POINT('',(227.61265916302,-197.1275938349));
#4008 = CARTESIAN_POINT('',(227.61386179337,-197.5627834469));
#4009 = CARTESIAN_POINT('',(227.61462590768,-197.9979860103));
#4010 = CARTESIAN_POINT('',(227.61505706359,-198.4331984414));
#4011 = CARTESIAN_POINT('',(227.61526081871,-198.8684176565));
#4012 = CARTESIAN_POINT('',(227.61543283279,-199.7823799685));
#4013 = CARTESIAN_POINT('',(227.61532682445,-200.2611219578));
#4014 = CARTESIAN_POINT('',(227.61546163703,-200.7398641694));
#4015 = CARTESIAN_POINT('',(227.61543406771,-201.2186043109));
#4016 = CARTESIAN_POINT('',(227.61508223671,-201.6973401925));
#4017 = CARTESIAN_POINT('',(227.61438815237,-202.176069471));
#4018 = CARTESIAN_POINT('',(227.61312650178,-202.6547895099));
#4019 = CARTESIAN_POINT('',(227.60800784677,-203.9167356137));
#4020 = CARTESIAN_POINT('',(227.60299992254,-204.6999388059));
#4021 = CARTESIAN_POINT('',(227.59554555144,-205.4830972117));
#4022 = CARTESIAN_POINT('',(227.58502876805,-206.2661951145));
#4023 = CARTESIAN_POINT('',(227.57083343202,-207.0492112094));
#4024 = CARTESIAN_POINT('',(227.55234355815,-207.8321186123));
#4025 = CARTESIAN_POINT('',(227.52894364642,-208.6148848689));
#4026 = CARTESIAN_POINT('',(227.48234364684,-209.8756979795));
#4027 = CARTESIAN_POINT('',(227.46260532874,-210.3538684283));
#4028 = CARTESIAN_POINT('',(227.44065890077,-210.8319713994));
#4029 = CARTESIAN_POINT('',(227.41638001088,-211.310025713));
#4030 = CARTESIAN_POINT('',(227.38961063037,-211.7879844494));
#4031 = CARTESIAN_POINT('',(227.36018825647,-212.2657883348));
#4032 = CARTESIAN_POINT('',(227.32797753658,-212.7434222895));
#4033 = CARTESIAN_POINT('',(227.26406009075,-213.6114362279));
#4034 = CARTESIAN_POINT('',(227.23332686951,-214.0018979508));
#4035 = CARTESIAN_POINT('',(227.20054133534,-214.3921930534));
#4036 = CARTESIAN_POINT('',(227.16562143494,-214.7823009726));
#4037 = CARTESIAN_POINT('',(227.12848511497,-215.1722011451));
#4038 = CARTESIAN_POINT('',(227.08905032212,-215.5618730076));
#4039 = CARTESIAN_POINT('',(227.04723500307,-215.9512959968));
#4040 = CARTESIAN_POINT('',(226.93899836127,-216.9025758691));
#4041 = CARTESIAN_POINT('',(226.86990140749,-217.4641269901));
#4042 = CARTESIAN_POINT('',(226.79543049105,-218.025055445));
#4043 = CARTESIAN_POINT('',(226.71530703622,-218.5851977914));
#4044 = CARTESIAN_POINT('',(226.62928009478,-219.1444723938));
#4045 = CARTESIAN_POINT('',(226.53708720468,-219.7027389925));
#4046 = CARTESIAN_POINT('',(226.43846937379,-220.2598758068));
#4047 = CARTESIAN_POINT('',(226.27647080798,-221.1150577711));
#4048 = CARTESIAN_POINT('',(226.21783513454,-221.4139978622));
#4049 = CARTESIAN_POINT('',(226.15722137861,-221.7125543485));
#4050 = CARTESIAN_POINT('',(226.09458907933,-222.0107085415));
#4051 = CARTESIAN_POINT('',(226.02989847498,-222.308437017));
#4052 = CARTESIAN_POINT('',(225.96311050292,-222.6057116154));
#4053 = CARTESIAN_POINT('',(225.89418679959,-222.9024994411));
#4054 = CARTESIAN_POINT('',(225.7519924771,-223.495026803));
#4055 = CARTESIAN_POINT('',(225.67872127605,-223.7907688657));
#4056 = CARTESIAN_POINT('',(225.60323748807,-224.0859564994));
#4057 = CARTESIAN_POINT('',(225.52550250385,-224.3805571527));
#4058 = CARTESIAN_POINT('',(225.44547771406,-224.6745382743));
#4059 = CARTESIAN_POINT('',(225.36312450936,-224.9678673127));
#4060 = CARTESIAN_POINT('',(225.27840428043,-225.2605117164));
#4061 = CARTESIAN_POINT('',(225.0543620224,-226.0111961997));
#4062 = CARTESIAN_POINT('',(224.91150754538,-226.468179871));
#4063 = CARTESIAN_POINT('',(224.76255427919,-226.9232631519));
#4064 = CARTESIAN_POINT('',(224.60737262379,-227.3763070306));
#4065 = CARTESIAN_POINT('',(224.44585157607,-227.8271353468));
#4066 = CARTESIAN_POINT('',(224.27787703396,-228.2755667189));
#4067 = CARTESIAN_POINT('',(224.10332314032,-228.7214399053));
#4068 = CARTESIAN_POINT('',(223.77379026968,-229.5271242824));
#4069 = CARTESIAN_POINT('',(223.62102996442,-229.8878379847));
#4070 = CARTESIAN_POINT('',(223.46371696571,-230.246619932));
#4071 = CARTESIAN_POINT('',(223.30179039869,-230.6033736417));
#4072 = CARTESIAN_POINT('',(223.1352055504,-230.9579963217));
#4073 = CARTESIAN_POINT('',(222.96392989632,-231.3103786969));
#4074 = CARTESIAN_POINT('',(222.78793912683,-231.6604048352));
#4075 = CARTESIAN_POINT('',(222.48672857832,-232.2396512722));
#4076 = CARTESIAN_POINT('',(222.36413766057,-232.4702513661));
#4077 = CARTESIAN_POINT('',(222.23943187331,-232.6997183586));
#4078 = CARTESIAN_POINT('',(222.11260284533,-232.9280184085));
#4079 = CARTESIAN_POINT('',(221.98364238138,-233.1551177309));
#4080 = CARTESIAN_POINT('',(221.8525424622,-233.380982597));
#4081 = CARTESIAN_POINT('',(221.71929524445,-233.6055793342));
#4082 = CARTESIAN_POINT('',(221.35822368864,-234.2010311061));
#4083 = CARTESIAN_POINT('',(221.12657614362,-234.5695764859));
#4084 = CARTESIAN_POINT('',(220.88893980028,-234.9343512695));
#4085 = CARTESIAN_POINT('',(220.64534857288,-235.295204483));
#4086 = CARTESIAN_POINT('',(220.39584257811,-235.6519855404));
#4087 = CARTESIAN_POINT('',(220.14045072831,-236.0045407505));
#4088 = CARTESIAN_POINT('',(219.87919425522,-236.3527141654));
#4089 = CARTESIAN_POINT('',(219.3183196126,-237.074355429));
#4090 = CARTESIAN_POINT('',(219.01747050186,-237.4468726629));
#4091 = CARTESIAN_POINT('',(218.70961907463,-237.8137049799));
#4092 = CARTESIAN_POINT('',(218.39487411853,-238.1746936077));
#4093 = CARTESIAN_POINT('',(218.0733874407,-238.5296968741));
#4094 = CARTESIAN_POINT('',(217.74530135403,-238.8785640296));
#4095 = CARTESIAN_POINT('',(217.41072383033,-239.2211278637));
#4096 = CARTESIAN_POINT('',(216.85284898531,-239.7711264627));
#4097 = CARTESIAN_POINT('',(216.63332334521,-239.9823985925));
#4098 = CARTESIAN_POINT('',(216.41126334689,-240.1910237521));
#4099 = CARTESIAN_POINT('',(216.18671125054,-240.3969751072));
#4100 = CARTESIAN_POINT('',(215.95971228492,-240.6002290924));
#4101 = CARTESIAN_POINT('',(215.7303146473,-240.8007654119));
#4102 = CARTESIAN_POINT('',(215.4985695035,-240.9985670389));
#4103 = CARTESIAN_POINT('',(214.93019158946,-241.4722664968));
#4104 = CARTESIAN_POINT('',(214.59116098993,-241.7452985807));
#4105 = CARTESIAN_POINT('',(214.24759657408,-242.012673509));
#4106 = CARTESIAN_POINT('',(213.89963473628,-242.2743088361));
#4107 = CARTESIAN_POINT('',(213.54741528763,-242.5301486457));
#4108 = CARTESIAN_POINT('',(213.19109170024,-242.7801886463));
#4109 = CARTESIAN_POINT('',(212.83082718886,-243.0244603471));
#4110 = CARTESIAN_POINT('',(212.06632108478,-243.5253396307));
#4111 = CARTESIAN_POINT('',(211.6612903916,-243.7807344713));
#4112 = CARTESIAN_POINT('',(211.25189461339,-244.0291724342));
#4113 = CARTESIAN_POINT('',(210.83834664554,-244.2706882143));
#4114 = CARTESIAN_POINT('',(210.42085115893,-244.505267404));
#4115 = CARTESIAN_POINT('',(209.99960409302,-244.73293538));
#4116 = CARTESIAN_POINT('',(209.57479813846,-244.9538180871));
#4117 = CARTESIAN_POINT('',(208.83523183169,-245.3237484033));
#4118 = CARTESIAN_POINT('',(208.52205419997,-245.4759600632));
#4119 = CARTESIAN_POINT('',(208.20717159655,-245.6246544649));
#4120 = CARTESIAN_POINT('',(207.89065713508,-245.7698645884));
#4121 = CARTESIAN_POINT('',(207.57258219982,-245.9116244396));
#4122 = CARTESIAN_POINT('',(207.25301644572,-246.0499690506));
#4123 = CARTESIAN_POINT('',(206.93202779832,-246.184934479));
#4124 = CARTESIAN_POINT('',(206.24704851745,-246.4646321865));
#4125 = CARTESIAN_POINT('',(205.88270352213,-246.6084745624));
#4126 = CARTESIAN_POINT('',(205.5167290381,-246.7481511767));
#4127 = CARTESIAN_POINT('',(205.14920565305,-246.8837303683));
#4128 = CARTESIAN_POINT('',(204.78021336445,-247.0152816966));
#4129 = CARTESIAN_POINT('',(204.40983197184,-247.1428750648));
#4130 = CARTESIAN_POINT('',(204.03814146913,-247.2665798424));
#4131 = CARTESIAN_POINT('',(203.29231565823,-247.5063441935));
#4132 = CARTESIAN_POINT('',(202.91817830165,-247.6224049859));
#4133 = CARTESIAN_POINT('',(202.54289515719,-247.7347148222));
#4134 = CARTESIAN_POINT('',(202.16653774065,-247.8433442091));
#4135 = CARTESIAN_POINT('',(201.78916800334,-247.9483654621));
#4136 = CARTESIAN_POINT('',(201.41084204179,-248.0498524648));
#4137 = CARTESIAN_POINT('',(201.03161380745,-248.1478804285));
#4138 = CARTESIAN_POINT('',(200.35592825785,-248.3161377744));
#4139 = CARTESIAN_POINT('',(200.05980343182,-248.3877038435));
#4140 = CARTESIAN_POINT('',(199.76318945649,-248.4572594207));
#4141 = CARTESIAN_POINT('',(199.46611145004,-248.5248400683));
#4142 = CARTESIAN_POINT('',(199.1685945306,-248.5904813486));
#4143 = CARTESIAN_POINT('',(198.87066381633,-248.654218824));
#4144 = CARTESIAN_POINT('',(198.57234442538,-248.7160880568));
#4145 = CARTESIAN_POINT('',(197.80430043065,-248.8704681904));
#4146 = CARTESIAN_POINT('',(197.33404847188,-248.9602850223));
#4147 = CARTESIAN_POINT('',(196.86299039428,-249.0457144872));
#4148 = CARTESIAN_POINT('',(196.39117769181,-249.1268896344));
#4149 = CARTESIAN_POINT('',(195.91867215294,-249.2039463348));
#4150 = CARTESIAN_POINT('',(195.44554034927,-249.277021599));
#4151 = CARTESIAN_POINT('',(194.97183872781,-249.3462501576));
#4152 = CARTESIAN_POINT('',(194.02342330092,-249.4772860844));
#4153 = CARTESIAN_POINT('',(193.54870294178,-249.5390960483));
#4154 = CARTESIAN_POINT('',(193.07353484024,-249.5973254476));
#4155 = CARTESIAN_POINT('',(192.59799058497,-249.6521172239));
#4156 = CARTESIAN_POINT('',(192.12214173476,-249.7036164977));
#4157 = CARTESIAN_POINT('',(191.64601878596,-249.7519453899));
#4158 = CARTESIAN_POINT('',(191.1696025675,-249.7972019465));
#4159 = CARTESIAN_POINT('',(190.0427859805,-249.8972330089));
#4160 = CARTESIAN_POINT('',(189.39216429496,-249.9494732748));
#4161 = CARTESIAN_POINT('',(188.7411075075,-249.9965394681));
#4162 = CARTESIAN_POINT('',(188.08967743197,-250.0387397723));
#4163 = CARTESIAN_POINT('',(187.43790762113,-250.0763660062));
#4164 = CARTESIAN_POINT('',(186.78586692435,-250.1097381592));
#4165 = CARTESIAN_POINT('',(186.13357368497,-250.139143448));
#4166 = CARTESIAN_POINT('',(184.82838406522,-250.1906599948));
#4167 = CARTESIAN_POINT('',(184.17548876654,-250.2127687988));
#4168 = CARTESIAN_POINT('',(183.52244576048,-250.231536011));
#4169 = CARTESIAN_POINT('',(182.86930188348,-250.2472732209));
#4170 = CARTESIAN_POINT('',(182.21610145601,-250.2602916475));
#4171 = CARTESIAN_POINT('',(181.56288628252,-250.2709021393));
#4172 = CARTESIAN_POINT('',(180.90969565145,-250.2794151745));
#4173 = CARTESIAN_POINT('',(179.56048035876,-250.2933088987));
#4174 = CARTESIAN_POINT('',(178.8644657109,-250.2984468531));
#4175 = CARTESIAN_POINT('',(178.16856683254,-250.3019304692));
#4176 = CARTESIAN_POINT('',(177.47282731876,-250.3041353075));
#4177 = CARTESIAN_POINT('',(176.77728996318,-250.3054371124));
#4178 = CARTESIAN_POINT('',(176.08199680239,-250.3062121831));
#4179 = CARTESIAN_POINT('',(175.38698916025,-250.3068377425));
#4180 = CARTESIAN_POINT('',(174.6923076923,-250.3076923076));
#4181 = ( GEOMETRIC_REPRESENTATION_CONTEXT(2) 
PARAMETRIC_REPRESENTATION_CONTEXT() REPRESENTATION_CONTEXT('2D SPACE',''
  ) );
#4182 = PCURVE('',#4183,#4438);
#4183 = B_SPLINE_SURFACE_WITH_KNOTS('',3,1,(
    (#4184,#4185)
    ,(#4186,#4187)
    ,(#4188,#4189)
    ,(#4190,#4191)
    ,(#4192,#4193)
    ,(#4194,#4195)
    ,(#4196,#4197)
    ,(#4198,#4199)
    ,(#4200,#4201)
    ,(#4202,#4203)
    ,(#4204,#4205)
    ,(#4206,#4207)
    ,(#4208,#4209)
    ,(#4210,#4211)
    ,(#4212,#4213)
    ,(#4214,#4215)
    ,(#4216,#4217)
    ,(#4218,#4219)
    ,(#4220,#4221)
    ,(#4222,#4223)
    ,(#4224,#4225)
    ,(#4226,#4227)
    ,(#4228,#4229)
    ,(#4230,#4231)
    ,(#4232,#4233)
    ,(#4234,#4235)
    ,(#4236,#4237)
    ,(#4238,#4239)
    ,(#4240,#4241)
    ,(#4242,#4243)
    ,(#4244,#4245)
    ,(#4246,#4247)
    ,(#4248,#4249)
    ,(#4250,#4251)
    ,(#4252,#4253)
    ,(#4254,#4255)
    ,(#4256,#4257)
    ,(#4258,#4259)
    ,(#4260,#4261)
    ,(#4262,#4263)
    ,(#4264,#4265)
    ,(#4266,#4267)
    ,(#4268,#4269)
    ,(#4270,#4271)
    ,(#4272,#4273)
    ,(#4274,#4275)
    ,(#4276,#4277)
    ,(#4278,#4279)
    ,(#4280,#4281)
    ,(#4282,#4283)
    ,(#4284,#4285)
    ,(#4286,#4287)
    ,(#4288,#4289)
    ,(#4290,#4291)
    ,(#4292,#4293)
    ,(#4294,#4295)
    ,(#4296,#4297)
    ,(#4298,#4299)
    ,(#4300,#4301)
    ,(#4302,#4303)
    ,(#4304,#4305)
    ,(#4306,#4307)
    ,(#4308,#4309)
    ,(#4310,#4311)
    ,(#4312,#4313)
    ,(#4314,#4315)
    ,(#4316,#4317)
    ,(#4318,#4319)
    ,(#4320,#4321)
    ,(#4322,#4323)
    ,(#4324,#4325)
    ,(#4326,#4327)
    ,(#4328,#4329)
    ,(#4330,#4331)
    ,(#4332,#4333)
    ,(#4334,#4335)
    ,(#4336,#4337)
    ,(#4338,#4339)
    ,(#4340,#4341)
    ,(#4342,#4343)
    ,(#4344,#4345)
    ,(#4346,#4347)
    ,(#4348,#4349)
    ,(#4350,#4351)
    ,(#4352,#4353)
    ,(#4354,#4355)
    ,(#4356,#4357)
    ,(#4358,#4359)
    ,(#4360,#4361)
    ,(#4362,#4363)
    ,(#4364,#4365)
    ,(#4366,#4367)
    ,(#4368,#4369)
    ,(#4370,#4371)
    ,(#4372,#4373)
    ,(#4374,#4375)
    ,(#4376,#4377)
    ,(#4378,#4379)
    ,(#4380,#4381)
    ,(#4382,#4383)
    ,(#4384,#4385)
    ,(#4386,#4387)
    ,(#4388,#4389)
    ,(#4390,#4391)
    ,(#4392,#4393)
    ,(#4394,#4395)
    ,(#4396,#4397)
    ,(#4398,#4399)
    ,(#4400,#4401)
    ,(#4402,#4403)
    ,(#4404,#4405)
    ,(#4406,#4407)
    ,(#4408,#4409)
    ,(#4410,#4411)
    ,(#4412,#4413)
    ,(#4414,#4415)
    ,(#4416,#4417)
    ,(#4418,#4419)
    ,(#4420,#4421)
    ,(#4422,#4423)
    ,(#4424,#4425)
    ,(#4426,#4427)
    ,(#4428,#4429)
    ,(#4430,#4431)
    ,(#4432,#4433)
    ,(#4434,#4435)
    ,(#4436,#4437
    )),.UNSPECIFIED.,.T.,.F.,.F.,(1,1,2,1,1,1,1,1,1,1,1,1,1,1,1,1,1,1,1,
    1,1,1,1,1,1,1,1,1,1,1,1,1,1,1,1,1,1,1,1,1,1,1,1,1,1,1,1,1,1,1,1,1,1,
    1,1,1,1,1,1,1,1,1,1,1,1,1,1,1,1,1,1,1,1,1,1,1,1,1,1,1,1,1,1,1,1,1,1,
    1,1,1,1,1,1,1,1,1,1,1,1,1,1,1,1,1,1,1,1,1,1,1,1,1,1,1,1,1,1,1,1,1,1,
    1,1,1,1,1,2,1,1),(2,2),(-12.33120918484,-12.0362677635,0.,
    12.036267763507,12.331209184841,19.064552154899,19.529815651642,
    24.909280202294,25.51122118787,30.082508578226,30.796622925225,
    34.812369809615,35.615884300986,39.240145644347,40.109650732232,
    43.473407611443,44.384090612353,47.605993663065,48.531719338619,
    51.727005223341,52.640932900845,55.92591974211,56.801366954969,
    60.297552470849,61.108761049267,64.950618150908,65.673058769271,
    70.026964437989,70.636772838924,75.753293121563,76.225014365151,
    82.633823213384,82.932958994183,94.414115909157,105.8952728258,
    106.1944086066,112.60321745483,113.07493869842,118.19145898106,
    118.801267382,123.15517305072,123.87761366908,127.71947077072,
    128.53067934914,132.02686486502,132.90231207788,136.18729891914,
    137.10122659665,140.29651248137,141.22223815692,144.44414120763,
    145.35482420854,148.71858108775,149.58808617564,153.212347519,
    154.01586201037,158.03160889476,158.74572324176,163.31701063212,
    163.91895161769,169.29841616834,169.76367966509,176.49702263514,
    176.79196405648,188.82823181856,200.86449958349,201.15944100483,
    207.89278397489,208.35804747163,213.73751202228,214.33945300786,
    218.91074039821,219.62485474521,223.6406016296,224.44411612097,
    228.06837746433,228.93788255222,232.30163943143,233.21232243234,
    236.43422548305,237.35995115861,240.55523704333,241.46916472083,
    244.7541515621,245.62959877496,249.12578429084,249.93699286925,
    253.77884997089,254.50129058926,258.85519625798,259.46500465891,
    264.58152494155,265.05324618514,271.46205503337,271.76119081417,
    283.24234772824,294.72350464579,295.02264042659,301.43144927483,
    301.90317051841,307.01969080105,307.62949920199,311.98340487071,
    312.70584548907,316.54770259071,317.35891116913,320.85509668501,
    321.73054389787,325.01553073913,325.92945841664,329.12474430136,
    330.05046997691,333.27237302762,334.18305602853,337.54681290775,
    338.41631799563,342.04057933899,342.84409383036,346.85984071475,
    347.57395506175,352.14524245211,352.74718343768,358.12664798833,
    358.59191148508,365.32525445514,365.62019587647,377.65646363998,
    389.69273140348,389.98767282482),(0.,1.),.UNSPECIFIED.);
#4184 = CARTESIAN_POINT('',(225.,54.005008309299,-33.00009108343));
#4185 = CARTESIAN_POINT('',(290.,46.003981842201,-24.31992611177));
#4186 = CARTESIAN_POINT('',(225.,53.994991690701,-24.99990891656));
#4187 = CARTESIAN_POINT('',(290.,45.996018157799,-17.68007388822));
#4188 = CARTESIAN_POINT('',(225.,53.999313668282,-20.87827090255));
#4189 = CARTESIAN_POINT('',(290.,45.999668703138,-14.25678306124));
#4190 = CARTESIAN_POINT('',(225.,53.738547342982,-14.52409977465));
#4191 = CARTESIAN_POINT('',(290.,45.760389778676,-8.982421383123));
#4192 = CARTESIAN_POINT('',(225.,53.574583433431,-12.03086482565));
#4193 = CARTESIAN_POINT('',(290.,45.610089461946,-6.913534243177));
#4194 = CARTESIAN_POINT('',(225.,53.134501407695,-7.861095990896));
#4195 = CARTESIAN_POINT('',(290.,45.206979001468,-3.455615174281));
#4196 = CARTESIAN_POINT('',(225.,52.838636379512,-5.730491211754));
#4197 = CARTESIAN_POINT('',(290.,44.935856355999,-1.690275888041));
#4198 = CARTESIAN_POINT('',(225.,52.19872769197,-2.270431654418));
#4199 = CARTESIAN_POINT('',(290.,44.350076041485,1.171941387856));
#4200 = CARTESIAN_POINT('',(225.,51.764600632603,-0.354268359472));
#4201 = CARTESIAN_POINT('',(290.,43.952937891633,2.754151669139));
#4202 = CARTESIAN_POINT('',(225.,50.928462395631,2.632453261682));
#4203 = CARTESIAN_POINT('',(290.,43.189604494802,5.213696376984));
#4204 = CARTESIAN_POINT('',(225.,50.348880657927,4.386246150242));
#4205 = CARTESIAN_POINT('',(290.,42.661490728727,6.653520521826));
#4206 = CARTESIAN_POINT('',(225.,49.319148113091,7.007107768607));
#4207 = CARTESIAN_POINT('',(290.,41.726249399635,8.796442438468));
#4208 = CARTESIAN_POINT('',(225.,48.587313573249,8.617260125025));
#4209 = CARTESIAN_POINT('',(290.,41.063889833803,10.107067425502));
#4210 = CARTESIAN_POINT('',(225.,47.362565580938,10.934218229293));
#4211 = CARTESIAN_POINT('',(290.,39.960558391701,11.982680495537));
#4212 = CARTESIAN_POINT('',(225.,46.473446032861,12.404022040288));
#4213 = CARTESIAN_POINT('',(290.,39.163709925316,13.165535630945));
#4214 = CARTESIAN_POINT('',(225.,45.046684255593,14.457568082185));
#4215 = CARTESIAN_POINT('',(290.,37.892611477492,14.807121304127));
#4216 = CARTESIAN_POINT('',(225.,43.998017390925,15.782155428557));
#4217 = CARTESIAN_POINT('',(290.,36.964448728279,15.858727830426));
#4218 = CARTESIAN_POINT('',(225.,42.355498411943,17.599417852306));
#4219 = CARTESIAN_POINT('',(290.,35.520573954198,17.290910048944));
#4220 = CARTESIAN_POINT('',(225.,41.14831590453,18.770315126168));
#4221 = CARTESIAN_POINT('',(290.,34.467042477402,18.207092074272));
#4222 = CARTESIAN_POINT('',(225.,39.268957493803,20.368072127336));
#4223 = CARTESIAN_POINT('',(290.,32.838312956174,19.448356110809));
#4224 = CARTESIAN_POINT('',(225.,37.90693580737,21.376794437549));
#4225 = CARTESIAN_POINT('',(290.,31.666245774766,20.226799570763));
#4226 = CARTESIAN_POINT('',(225.,35.761594603351,22.762995431795));
#4227 = CARTESIAN_POINT('',(290.,29.831796153367,21.290017561685));
#4228 = CARTESIAN_POINT('',(225.,34.248615084423,23.603827543452));
#4229 = CARTESIAN_POINT('',(290.,28.545979480574,21.93138821552));
#4230 = CARTESIAN_POINT('',(225.,31.797524391762,24.779219471579));
#4231 = CARTESIAN_POINT('',(290.,26.47353231456,22.823918005866));
#4232 = CARTESIAN_POINT('',(225.,30.132929979515,25.450738412586));
#4233 = CARTESIAN_POINT('',(290.,25.072740904277,23.331772258848));
#4234 = CARTESIAN_POINT('',(225.,27.317670195316,26.410939154529));
#4235 = CARTESIAN_POINT('',(290.,22.712213627858,24.055958843866));
#4236 = CARTESIAN_POINT('',(225.,25.487881249014,26.916042574095));
#4237 = CARTESIAN_POINT('',(290.,21.182970992913,24.435913345088));
#4238 = CARTESIAN_POINT('',(225.,22.208223088989,27.65384476389));
#4239 = CARTESIAN_POINT('',(290.,18.448059866598,24.990250439932));
#4240 = CARTESIAN_POINT('',(225.,20.168644150069,27.99847168854));
#4241 = CARTESIAN_POINT('',(290.,16.750535792188,25.248802727179));
#4242 = CARTESIAN_POINT('',(225.,16.200625318129,28.506612020666));
#4243 = CARTESIAN_POINT('',(290.,13.451557740902,25.630005555236));
#4244 = CARTESIAN_POINT('',(225.,13.812670245358,28.696800684959));
#4245 = CARTESIAN_POINT('',(290.,11.468096183112,25.772585330231));
#4246 = CARTESIAN_POINT('',(225.,7.75657157983,29.000475303124));
#4247 = CARTESIAN_POINT('',(290.,6.439368576573,26.000370956992));
#4248 = CARTESIAN_POINT('',(225.,2.744223006559E-10,28.999536766201));
#4249 = CARTESIAN_POINT('',(290.,2.340515142807E-10,25.999638462684));
#4250 = CARTESIAN_POINT('',(225.,-7.756571579261,29.000475303123));
#4251 = CARTESIAN_POINT('',(290.,-6.439368576088,26.000370956987));
#4252 = CARTESIAN_POINT('',(225.,-13.81267024536,28.696800684977));
#4253 = CARTESIAN_POINT('',(290.,-11.46809618311,25.772585330245));
#4254 = CARTESIAN_POINT('',(225.,-16.20062531814,28.506612020717));
#4255 = CARTESIAN_POINT('',(290.,-13.45155774091,25.630005555284));
#4256 = CARTESIAN_POINT('',(225.,-20.16864415005,27.998471688488));
#4257 = CARTESIAN_POINT('',(290.,-16.75053579217,25.24880272715));
#4258 = CARTESIAN_POINT('',(225.,-22.20822308893,27.653844763747));
#4259 = CARTESIAN_POINT('',(290.,-18.44805986655,24.990250439802));
#4260 = CARTESIAN_POINT('',(225.,-25.48788124908,26.916042574265));
#4261 = CARTESIAN_POINT('',(290.,-21.18297099293,24.43591334516));
#4262 = CARTESIAN_POINT('',(225.,-27.31767019548,26.410939154963));
#4263 = CARTESIAN_POINT('',(290.,-22.71221362798,24.055958844259));
#4264 = CARTESIAN_POINT('',(225.,-30.13292997928,25.450738411994));
#4265 = CARTESIAN_POINT('',(290.,-25.07274090421,23.331772258661));
#4266 = CARTESIAN_POINT('',(225.,-31.79752439123,24.779219470193));
#4267 = CARTESIAN_POINT('',(290.,-26.47353231414,22.823918004615));
#4268 = CARTESIAN_POINT('',(225.,-34.24861508523,23.603827545572));
#4269 = CARTESIAN_POINT('',(290.,-28.54597948074,21.931388216023));
#4270 = CARTESIAN_POINT('',(225.,-35.76159460511,22.762995436386));
#4271 = CARTESIAN_POINT('',(290.,-29.83179615475,21.290017565843));
#4272 = CARTESIAN_POINT('',(225.,-37.90693580439,21.376794429797));
#4273 = CARTESIAN_POINT('',(290.,-31.66624577429,20.226799569344));
#4274 = CARTESIAN_POINT('',(225.,-39.26895748773,20.368072111508));
#4275 = CARTESIAN_POINT('',(290.,-32.83831295137,19.448356096438));
#4276 = CARTESIAN_POINT('',(225.,-41.14831591556,18.770315154968));
#4277 = CARTESIAN_POINT('',(290.,-34.46704247886,18.207092078666));
#4278 = CARTESIAN_POINT('',(225.,-42.35549843378,17.599417909302));
#4279 = CARTESIAN_POINT('',(290.,-35.52057397146,17.2909101007));
#4280 = CARTESIAN_POINT('',(225.,-43.99801734935,15.782155320079));
#4281 = CARTESIAN_POINT('',(290.,-36.96444872304,15.858727814737));
#4282 = CARTESIAN_POINT('',(225.,-45.04668417324,14.457567867311));
#4283 = CARTESIAN_POINT('',(290.,-37.89261141263,14.807121109744));
#4284 = CARTESIAN_POINT('',(225.,-46.47344619144,12.404022454072));
#4285 = CARTESIAN_POINT('',(290.,-39.16370994719,13.165535696513));
#4286 = CARTESIAN_POINT('',(225.,-47.36256590548,10.934219076122));
#4287 = CARTESIAN_POINT('',(290.,-39.96055864555,11.982681256387));
#4288 = CARTESIAN_POINT('',(225.,-48.58731296065,8.617258526581));
#4289 = CARTESIAN_POINT('',(290.,-41.06388973046,10.107067115764));
#4290 = CARTESIAN_POINT('',(225.,-49.31914678226,7.007104296086));
#4291 = CARTESIAN_POINT('',(290.,-41.72624836636,8.796439341554));
#4292 = CARTESIAN_POINT('',(225.,-50.34888305867,4.386252414493));
#4293 = CARTESIAN_POINT('',(290.,-42.66149125299,6.653522093162));
#4294 = CARTESIAN_POINT('',(225.,-50.92846804718,2.632468008213));
#4295 = CARTESIAN_POINT('',(290.,-43.18960885987,5.213709459933));
#4296 = CARTESIAN_POINT('',(225.,-51.76459103924,-0.354293391333));
#4297 = CARTESIAN_POINT('',(290.,-43.95293513206,2.754143398188));
#4298 = CARTESIAN_POINT('',(225.,-52.19870284747,-2.270496480905));
#4299 = CARTESIAN_POINT('',(290.,-44.35005687305,1.171883936373));
#4300 = CARTESIAN_POINT('',(225.,-52.838675966,-5.730387919118));
#4301 = CARTESIAN_POINT('',(290.,-44.93587130783,-1.690231074517));
#4302 = CARTESIAN_POINT('',(225.,-53.13461569113,-7.86079779227));
#4303 = CARTESIAN_POINT('',(290.,-45.20706752351,-3.455349856656));
#4304 = CARTESIAN_POINT('',(225.,-53.57440848264,-12.03132132297));
#4305 = CARTESIAN_POINT('',(290.,-45.61000360635,-6.913791568936));
#4306 = CARTESIAN_POINT('',(225.,-53.73797220497,-14.52560047643));
#4307 = CARTESIAN_POINT('',(290.,-45.75994020087,-8.983768854431));
#4308 = CARTESIAN_POINT('',(225.,-54.00043633255,-20.87534154551));
#4309 = CARTESIAN_POINT('',(290.,-46.00038577269,-14.25463386515));
#4310 = CARTESIAN_POINT('',(225.,-53.99957410374,-28.99999999952));
#4311 = CARTESIAN_POINT('',(290.,-45.9996234543,-20.99999999961));
#4312 = CARTESIAN_POINT('',(225.,-54.0004363326,-37.12465845353));
#4313 = CARTESIAN_POINT('',(290.,-46.00038577273,-27.74536613407));
#4314 = CARTESIAN_POINT('',(225.,-53.73797220497,-43.47439952356));
#4315 = CARTESIAN_POINT('',(290.,-45.75994020087,-33.01623114556));
#4316 = CARTESIAN_POINT('',(225.,-53.57440848264,-45.96867867703));
#4317 = CARTESIAN_POINT('',(290.,-45.61000360635,-35.08620843106));
#4318 = CARTESIAN_POINT('',(225.,-53.13461569113,-50.13920220773));
#4319 = CARTESIAN_POINT('',(290.,-45.20706752351,-38.54465014334));
#4320 = CARTESIAN_POINT('',(225.,-52.838675966,-52.26961208088));
#4321 = CARTESIAN_POINT('',(290.,-44.93587130783,-40.30976892548));
#4322 = CARTESIAN_POINT('',(225.,-52.19870284747,-55.72950351909));
#4323 = CARTESIAN_POINT('',(290.,-44.35005687305,-43.17188393637));
#4324 = CARTESIAN_POINT('',(225.,-51.76459103924,-57.64570660866));
#4325 = CARTESIAN_POINT('',(290.,-43.95293513206,-44.75414339818));
#4326 = CARTESIAN_POINT('',(225.,-50.92846804718,-60.63246800821));
#4327 = CARTESIAN_POINT('',(290.,-43.18960885987,-47.21370945993));
#4328 = CARTESIAN_POINT('',(225.,-50.34888305867,-62.38625241449));
#4329 = CARTESIAN_POINT('',(290.,-42.66149125299,-48.65352209316));
#4330 = CARTESIAN_POINT('',(225.,-49.31914678226,-65.00710429608));
#4331 = CARTESIAN_POINT('',(290.,-41.72624836636,-50.79643934155));
#4332 = CARTESIAN_POINT('',(225.,-48.58731296065,-66.61725852658));
#4333 = CARTESIAN_POINT('',(290.,-41.06388973046,-52.10706711576));
#4334 = CARTESIAN_POINT('',(225.,-47.36256590548,-68.93421907612));
#4335 = CARTESIAN_POINT('',(290.,-39.96055864555,-53.98268125638));
#4336 = CARTESIAN_POINT('',(225.,-46.47344619144,-70.40402245407));
#4337 = CARTESIAN_POINT('',(290.,-39.16370994719,-55.16553569651));
#4338 = CARTESIAN_POINT('',(225.,-45.04668417324,-72.45756786731));
#4339 = CARTESIAN_POINT('',(290.,-37.89261141263,-56.80712110974));
#4340 = CARTESIAN_POINT('',(225.,-43.99801734935,-73.78215532007));
#4341 = CARTESIAN_POINT('',(290.,-36.96444872304,-57.85872781473));
#4342 = CARTESIAN_POINT('',(225.,-42.35549843378,-75.5994179093));
#4343 = CARTESIAN_POINT('',(290.,-35.52057397146,-59.2909101007));
#4344 = CARTESIAN_POINT('',(225.,-41.14831591556,-76.77031515496));
#4345 = CARTESIAN_POINT('',(290.,-34.46704247886,-60.20709207866));
#4346 = CARTESIAN_POINT('',(225.,-39.26895748773,-78.3680721115));
#4347 = CARTESIAN_POINT('',(290.,-32.83831295137,-61.44835609643));
#4348 = CARTESIAN_POINT('',(225.,-37.90693580439,-79.37679442979));
#4349 = CARTESIAN_POINT('',(290.,-31.66624577429,-62.22679956934));
#4350 = CARTESIAN_POINT('',(225.,-35.76159460511,-80.76299543638));
#4351 = CARTESIAN_POINT('',(290.,-29.83179615475,-63.29001756584));
#4352 = CARTESIAN_POINT('',(225.,-34.24861508523,-81.60382754557));
#4353 = CARTESIAN_POINT('',(290.,-28.54597948074,-63.93138821602));
#4354 = CARTESIAN_POINT('',(225.,-31.79752439123,-82.77921947019));
#4355 = CARTESIAN_POINT('',(290.,-26.47353231414,-64.82391800461));
#4356 = CARTESIAN_POINT('',(225.,-30.13292997928,-83.45073841199));
#4357 = CARTESIAN_POINT('',(290.,-25.07274090421,-65.33177225866));
#4358 = CARTESIAN_POINT('',(225.,-27.31767019548,-84.41093915496));
#4359 = CARTESIAN_POINT('',(290.,-22.71221362798,-66.05595884425));
#4360 = CARTESIAN_POINT('',(225.,-25.48788124908,-84.91604257426));
#4361 = CARTESIAN_POINT('',(290.,-21.18297099293,-66.43591334516));
#4362 = CARTESIAN_POINT('',(225.,-22.20822308893,-85.65384476374));
#4363 = CARTESIAN_POINT('',(290.,-18.44805986655,-66.9902504398));
#4364 = CARTESIAN_POINT('',(225.,-20.16864415004,-85.99847168848));
#4365 = CARTESIAN_POINT('',(290.,-16.75053579217,-67.24880272714));
#4366 = CARTESIAN_POINT('',(225.,-16.20062531814,-86.50661202071));
#4367 = CARTESIAN_POINT('',(290.,-13.45155774091,-67.63000555528));
#4368 = CARTESIAN_POINT('',(225.,-13.81267024536,-86.69680068498));
#4369 = CARTESIAN_POINT('',(290.,-11.46809618311,-67.77258533024));
#4370 = CARTESIAN_POINT('',(225.,-7.75657158012,-87.00047530307));
#4371 = CARTESIAN_POINT('',(290.,-6.43936857682,-68.00037095695));
#4372 = CARTESIAN_POINT('',(225.,-5.766126785537E-10,-86.9995367662));
#4373 = CARTESIAN_POINT('',(290.,-4.914700868497E-10,-67.99963846268));
#4374 = CARTESIAN_POINT('',(225.,7.756571578947,-87.00047530317));
#4375 = CARTESIAN_POINT('',(290.,6.439368575821,-68.00037095703));
#4376 = CARTESIAN_POINT('',(225.,13.812670245372,-86.69680068495));
#4377 = CARTESIAN_POINT('',(290.,11.468096183121,-67.77258533022));
#4378 = CARTESIAN_POINT('',(225.,16.200625318168,-86.50661202066));
#4379 = CARTESIAN_POINT('',(290.,13.451557740934,-67.63000555523));
#4380 = CARTESIAN_POINT('',(225.,20.16864415003,-85.99847168854));
#4381 = CARTESIAN_POINT('',(290.,16.750535792168,-67.24880272717));
#4382 = CARTESIAN_POINT('',(225.,22.20822308888,-85.65384476389));
#4383 = CARTESIAN_POINT('',(290.,18.448059866512,-66.99025043993));
#4384 = CARTESIAN_POINT('',(225.,25.487881249145,-84.91604257409));
#4385 = CARTESIAN_POINT('',(290.,21.182970992962,-66.43591334508));
#4386 = CARTESIAN_POINT('',(225.,27.317670195649,-84.41093915452));
#4387 = CARTESIAN_POINT('',(290.,22.71221362812,-66.05595884386));
#4388 = CARTESIAN_POINT('',(225.,30.132929979062,-83.45073841258));
#4389 = CARTESIAN_POINT('',(290.,25.072740904151,-65.33177225884));
#4390 = CARTESIAN_POINT('',(225.,31.7975243907,-82.77921947157));
#4391 = CARTESIAN_POINT('',(290.,26.473532313725,-64.82391800586));
#4392 = CARTESIAN_POINT('',(225.,34.248615086048,-81.60382754345));
#4393 = CARTESIAN_POINT('',(290.,28.545979480909,-63.93138821552));
#4394 = CARTESIAN_POINT('',(225.,35.76159460687,-80.76299543179));
#4395 = CARTESIAN_POINT('',(290.,29.831796156141,-63.29001756168));
#4396 = CARTESIAN_POINT('',(225.,37.906935801429,-79.37679443754));
#4397 = CARTESIAN_POINT('',(290.,31.666245773819,-62.22679957076));
#4398 = CARTESIAN_POINT('',(225.,39.268957481671,-78.36807212733));
#4399 = CARTESIAN_POINT('',(290.,32.838312946584,-61.4483561108));
#4400 = CARTESIAN_POINT('',(225.,41.148315926605,-76.77031512616));
#4401 = CARTESIAN_POINT('',(290.,34.467042480333,-60.20709207427));
#4402 = CARTESIAN_POINT('',(225.,42.35549845563,-75.5994178523));
#4403 = CARTESIAN_POINT('',(290.,35.520573988735,-59.29091004894));
#4404 = CARTESIAN_POINT('',(225.,43.998017307778,-73.78215542855));
#4405 = CARTESIAN_POINT('',(290.,36.96444871781,-57.85872783042));
#4406 = CARTESIAN_POINT('',(225.,45.046684090894,-72.45756808218));
#4407 = CARTESIAN_POINT('',(290.,37.892611347781,-56.80712130412));
#4408 = CARTESIAN_POINT('',(225.,46.473446350023,-70.40402204028));
#4409 = CARTESIAN_POINT('',(290.,39.16370996907,-55.16553563094));
#4410 = CARTESIAN_POINT('',(225.,47.362566230026,-68.93421822929));
#4411 = CARTESIAN_POINT('',(290.,39.96055889941,-53.98268049553));
#4412 = CARTESIAN_POINT('',(225.,48.587312348054,-66.61726012502));
#4413 = CARTESIAN_POINT('',(290.,41.063889627117,-52.1070674255));
#4414 = CARTESIAN_POINT('',(225.,49.319145451432,-65.0071077686));
#4415 = CARTESIAN_POINT('',(290.,41.726247333092,-50.79644243846));
#4416 = CARTESIAN_POINT('',(225.,50.348885459426,-62.38624615024));
#4417 = CARTESIAN_POINT('',(290.,42.661491777265,-48.65352052182));
#4418 = CARTESIAN_POINT('',(225.,50.92847369873,-60.63245326168));
#4419 = CARTESIAN_POINT('',(290.,43.189613224938,-47.21369637698));
#4420 = CARTESIAN_POINT('',(225.,51.76458144588,-57.64573164052));
#4421 = CARTESIAN_POINT('',(290.,43.952932372501,-44.75415166913));
#4422 = CARTESIAN_POINT('',(225.,52.198678002981,-55.72956834558));
#4423 = CARTESIAN_POINT('',(290.,44.350037704622,-43.17194138785));
#4424 = CARTESIAN_POINT('',(225.,52.838715552499,-52.26950878824));
#4425 = CARTESIAN_POINT('',(290.,44.935886259664,-40.30972411195));
#4426 = CARTESIAN_POINT('',(225.,53.134729974579,-50.1389040091));
#4427 = CARTESIAN_POINT('',(290.,45.207156045557,-38.54438482571));
#4428 = CARTESIAN_POINT('',(225.,53.574233531856,-45.96913517434));
#4429 = CARTESIAN_POINT('',(290.,45.609917750758,-35.08646575682));
#4430 = CARTESIAN_POINT('',(225.,53.73739706696,-43.47590022534));
#4431 = CARTESIAN_POINT('',(290.,45.75949062307,-33.01757861687));
#4432 = CARTESIAN_POINT('',(225.,54.001558996877,-37.12172909744));
#4433 = CARTESIAN_POINT('',(290.,46.001102842296,-27.74321693875));
#4434 = CARTESIAN_POINT('',(225.,54.005008309299,-33.00009108343));
#4435 = CARTESIAN_POINT('',(290.,46.003981842201,-24.31992611177));
#4436 = CARTESIAN_POINT('',(225.,53.994991690701,-24.99990891656));
#4437 = CARTESIAN_POINT('',(290.,45.996018157799,-17.68007388822));
#4438 = DEFINITIONAL_REPRESENTATION('',(#4439),#5142);
#4439 = B_SPLINE_CURVE_WITH_KNOTS('',8,(#4440,#4441,#4442,#4443,#4444,
    #4445,#4446,#4447,#4448,#4449,#4450,#4451,#4452,#4453,#4454,#4455,
    #4456,#4457,#4458,#4459,#4460,#4461,#4462,#4463,#4464,#4465,#4466,
    #4467,#4468,#4469,#4470,#4471,#4472,#4473,#4474,#4475,#4476,#4477,
    #4478,#4479,#4480,#4481,#4482,#4483,#4484,#4485,#4486,#4487,#4488,
    #4489,#4490,#4491,#4492,#4493,#4494,#4495,#4496,#4497,#4498,#4499,
    #4500,#4501,#4502,#4503,#4504,#4505,#4506,#4507,#4508,#4509,#4510,
    #4511,#4512,#4513,#4514,#4515,#4516,#4517,#4518,#4519,#4520,#4521,
    #4522,#4523,#4524,#4525,#4526,#4527,#4528,#4529,#4530,#4531,#4532,
    #4533,#4534,#4535,#4536,#4537,#4538,#4539,#4540,#4541,#4542,#4543,
    #4544,#4545,#4546,#4547,#4548,#4549,#4550,#4551,#4552,#4553,#4554,
    #4555,#4556,#4557,#4558,#4559,#4560,#4561,#4562,#4563,#4564,#4565,
    #4566,#4567,#4568,#4569,#4570,#4571,#4572,#4573,#4574,#4575,#4576,
    #4577,#4578,#4579,#4580,#4581,#4582,#4583,#4584,#4585,#4586,#4587,
    #4588,#4589,#4590,#4591,#4592,#4593,#4594,#4595,#4596,#4597,#4598,
    #4599,#4600,#4601,#4602,#4603,#4604,#4605,#4606,#4607,#4608,#4609,
    #4610,#4611,#4612,#4613,#4614,#4615,#4616,#4617,#4618,#4619,#4620,
    #4621,#4622,#4623,#4624,#4625,#4626,#4627,#4628,#4629,#4630,#4631,
    #4632,#4633,#4634,#4635,#4636,#4637,#4638,#4639,#4640,#4641,#4642,
    #4643,#4644,#4645,#4646,#4647,#4648,#4649,#4650,#4651,#4652,#4653,
    #4654,#4655,#4656,#4657,#4658,#4659,#4660,#4661,#4662,#4663,#4664,
    #4665,#4666,#4667,#4668,#4669,#4670,#4671,#4672,#4673,#4674,#4675,
    #4676,#4677,#4678,#4679,#4680,#4681,#4682,#4683,#4684,#4685,#4686,
    #4687,#4688,#4689,#4690,#4691,#4692,#4693,#4694,#4695,#4696,#4697,
    #4698,#4699,#4700,#4701,#4702,#4703,#4704,#4705,#4706,#4707,#4708,
    #4709,#4710,#4711,#4712,#4713,#4714,#4715,#4716,#4717,#4718,#4719,
    #4720,#4721,#4722,#4723,#4724,#4725,#4726,#4727,#4728,#4729,#4730,
    #4731,#4732,#4733,#4734,#4735,#4736,#4737,#4738,#4739,#4740,#4741,
    #4742,#4743,#4744,#4745,#4746,#4747,#4748,#4749,#4750,#4751,#4752,
    #4753,#4754,#4755,#4756,#4757,#4758,#4759,#4760,#4761,#4762,#4763,
    #4764,#4765,#4766,#4767,#4768,#4769,#4770,#4771,#4772,#4773,#4774,
    #4775,#4776,#4777,#4778,#4779,#4780,#4781,#4782,#4783,#4784,#4785,
    #4786,#4787,#4788,#4789,#4790,#4791,#4792,#4793,#4794,#4795,#4796,
    #4797,#4798,#4799,#4800,#4801,#4802,#4803,#4804,#4805,#4806,#4807,
    #4808,#4809,#4810,#4811,#4812,#4813,#4814,#4815,#4816,#4817,#4818,
    #4819,#4820,#4821,#4822,#4823,#4824,#4825,#4826,#4827,#4828,#4829,
    #4830,#4831,#4832,#4833,#4834,#4835,#4836,#4837,#4838,#4839,#4840,
    #4841,#4842,#4843,#4844,#4845,#4846,#4847,#4848,#4849,#4850,#4851,
    #4852,#4853,#4854,#4855,#4856,#4857,#4858,#4859,#4860,#4861,#4862,
    #4863,#4864,#4865,#4866,#4867,#4868,#4869,#4870,#4871,#4872,#4873,
    #4874,#4875,#4876,#4877,#4878,#4879,#4880,#4881,#4882,#4883,#4884,
    #4885,#4886,#4887,#4888,#4889,#4890,#4891,#4892,#4893,#4894,#4895,
    #4896,#4897,#4898,#4899,#4900,#4901,#4902,#4903,#4904,#4905,#4906,
    #4907,#4908,#4909,#4910,#4911,#4912,#4913,#4914,#4915,#4916,#4917,
    #4918,#4919,#4920,#4921,#4922,#4923,#4924,#4925,#4926,#4927,#4928,
    #4929,#4930,#4931,#4932,#4933,#4934,#4935,#4936,#4937,#4938,#4939,
    #4940,#4941,#4942,#4943,#4944,#4945,#4946,#4947,#4948,#4949,#4950,
    #4951,#4952,#4953,#4954,#4955,#4956,#4957,#4958,#4959,#4960,#4961,
    #4962,#4963,#4964,#4965,#4966,#4967,#4968,#4969,#4970,#4971,#4972,
    #4973,#4974,#4975,#4976,#4977,#4978,#4979,#4980,#4981,#4982,#4983,
    #4984,#4985,#4986,#4987,#4988,#4989,#4990,#4991,#4992,#4993,#4994,
    #4995,#4996,#4997,#4998,#4999,#5000,#5001,#5002,#5003,#5004,#5005,
    #5006,#5007,#5008,#5009,#5010,#5011,#5012,#5013,#5014,#5015,#5016,
    #5017,#5018,#5019,#5020,#5021,#5022,#5023,#5024,#5025,#5026,#5027,
    #5028,#5029,#5030,#5031,#5032,#5033,#5034,#5035,#5036,#5037,#5038,
    #5039,#5040,#5041,#5042,#5043,#5044,#5045,#5046,#5047,#5048,#5049,
    #5050,#5051,#5052,#5053,#5054,#5055,#5056,#5057,#5058,#5059,#5060,
    #5061,#5062,#5063,#5064,#5065,#5066,#5067,#5068,#5069,#5070,#5071,
    #5072,#5073,#5074,#5075,#5076,#5077,#5078,#5079,#5080,#5081,#5082,
    #5083,#5084,#5085,#5086,#5087,#5088,#5089,#5090,#5091,#5092,#5093,
    #5094,#5095,#5096,#5097,#5098,#5099,#5100,#5101,#5102,#5103,#5104,
    #5105,#5106,#5107,#5108,#5109,#5110,#5111,#5112,#5113,#5114,#5115,
    #5116,#5117,#5118,#5119,#5120,#5121,#5122,#5123,#5124,#5125,#5126,
    #5127,#5128,#5129,#5130,#5131,#5132,#5133,#5134,#5135,#5136,#5137,
    #5138,#5139,#5140,#5141),.UNSPECIFIED.,.F.,.F.,(9,7,7,7,7,7,7,7,7,7,
    7,7,7,7,7,7,7,7,7,7,7,7,7,7,7,7,7,7,7,7,7,7,7,7,7,7,7,7,7,7,7,7,7,7,
    7,7,7,7,7,7,7,7,7,7,7,7,7,7,7,7,7,7,7,7,7,7,7,7,7,7,7,7,7,7,7,7,7,7,
    7,7,7,7,7,7,7,7,7,7,7,7,7,7,7,7,7,7,7,7,7,7,9),(0.,
    1.900022859135E-02,2.900742751827E-02,3.901293168706E-02,
    4.601554759459E-02,5.201779517471E-02,6.402226650679E-02,
    7.302581537757E-02,7.90281368858E-02,8.903233071556E-02,
    0.100036988764,0.107039893052,0.118044684685,0.129049390923,
    0.141054409306,0.150058160298,0.157061103456,0.167065118051,
    0.178069531334,0.186072572521,0.192074673455,0.202078130144,
    0.212081612077,0.218083701237,0.228086395218,0.238088851923,
    0.248091308628,0.25909387746,0.277095715856,0.288096341229,
    0.297096916057,0.310098107918,0.317098607768,0.324099119869,
    0.335100272185,0.344101085905,0.350101659597,0.360102574359,
    0.371103586272,0.378104265148,0.388105194926,0.399106217914,
    0.407107024453,0.416107810985,0.4251083311,0.432108658858,
    0.443109230745,0.454109735787,0.469110305181,0.485109521963,
    0.497109492805,0.509109393613,0.527107367816,0.538106330306,
    0.547106005755,0.553105797866,0.563105438358,0.574104983965,
    0.585104718962,0.596104486584,0.604104228661,0.616104007788,
    0.622103817385,0.629103602794,0.641103138173,0.650102776914,
    0.657102521642,0.66710196714,0.678101354421,0.68610074041,
    0.692100100028,0.702098987877,0.712097900959,0.718097248808,
    0.728095374298,0.73809326262,0.748091150942,0.759088694613,
    0.7770823111,0.7880779122,0.797074376231,0.810069630107,
    0.817066932644,0.824064247428,0.835060375229,0.844057078042,
    0.850054911113,0.860051258195,0.871047245656,0.878044727139,
    0.888041089249,0.899037085648,0.907034239471,0.916030923993,
    0.925027312895,0.932024425602,0.943019938199,0.954015358155,
    0.969011529697,0.984012455442,1.),.UNSPECIFIED.);
#4440 = CARTESIAN_POINT('',(377.65646363998,0.461538461538));
#4441 = CARTESIAN_POINT('',(376.75848070059,0.461538461538));
#4442 = CARTESIAN_POINT('',(375.86092305826,0.461538461538));
#4443 = CARTESIAN_POINT('',(374.96372418899,0.461538461538));
#4444 = CARTESIAN_POINT('',(374.06682061124,0.461538461538));
#4445 = CARTESIAN_POINT('',(373.17015179233,0.461538461538));
#4446 = CARTESIAN_POINT('',(372.27366005493,0.461538461538));
#4447 = CARTESIAN_POINT('',(371.37729048352,0.461538461538));
#4448 = CARTESIAN_POINT('',(370.00892025127,0.461538461538));
#4449 = CARTESIAN_POINT('',(369.53684967172,0.461538461538));
#4450 = CARTESIAN_POINT('',(369.06477909217,0.461538461538));
#4451 = CARTESIAN_POINT('',(368.59270851262,0.461538461538));
#4452 = CARTESIAN_POINT('',(368.12063793307,0.461538461538));
#4453 = CARTESIAN_POINT('',(367.64856735352,0.461538461538));
#4454 = CARTESIAN_POINT('',(367.17649677397,0.461538461538));
#4455 = CARTESIAN_POINT('',(366.23243556186,0.461538461538));
#4456 = CARTESIAN_POINT('',(365.76042884023,0.461538461538));
#4457 = CARTESIAN_POINT('',(365.28839858273,0.461538461538));
#4458 = CARTESIAN_POINT('',(364.8163414501,0.461538461538));
#4459 = CARTESIAN_POINT('',(364.34425726834,0.461538461538));
#4460 = CARTESIAN_POINT('',(363.87214784281,0.461538461538));
#4461 = CARTESIAN_POINT('',(363.40001552874,0.461538461538));
#4462 = CARTESIAN_POINT('',(362.59741215233,0.461538461538));
#4463 = CARTESIAN_POINT('',(362.26696274665,0.461538461538));
#4464 = CARTESIAN_POINT('',(361.93651334096,0.461538461538));
#4465 = CARTESIAN_POINT('',(361.60606393528,0.461538461538));
#4466 = CARTESIAN_POINT('',(361.27561452959,0.461538461538));
#4467 = CARTESIAN_POINT('',(360.94516512391,0.461538461538));
#4468 = CARTESIAN_POINT('',(360.61471571822,0.461538461538));
#4469 = CARTESIAN_POINT('',(360.00102371123,0.461538461538));
#4470 = CARTESIAN_POINT('',(359.71778121678,0.461538461538));
#4471 = CARTESIAN_POINT('',(359.43453891133,0.461538461538));
#4472 = CARTESIAN_POINT('',(359.15129679754,0.461538461538));
#4473 = CARTESIAN_POINT('',(358.86805479859,0.461538461538));
#4474 = CARTESIAN_POINT('',(358.58481275821,0.461538461538));
#4475 = CARTESIAN_POINT('',(358.30157044065,0.461538461538));
#4476 = CARTESIAN_POINT('',(357.45184283524,0.461538461538));
#4477 = CARTESIAN_POINT('',(356.88535813978,0.461538461538));
#4478 = CARTESIAN_POINT('',(356.31887344432,0.461538461538));
#4479 = CARTESIAN_POINT('',(355.75238874886,0.461538461538));
#4480 = CARTESIAN_POINT('',(355.1859040534,0.461538461538));
#4481 = CARTESIAN_POINT('',(354.61941935794,0.461538461538));
#4482 = CARTESIAN_POINT('',(354.05293466248,0.461538461538));
#4483 = CARTESIAN_POINT('',(353.06157722593,0.461538461538));
#4484 = CARTESIAN_POINT('',(352.63670493738,0.461538461538));
#4485 = CARTESIAN_POINT('',(352.21183991621,0.461538461538));
#4486 = CARTESIAN_POINT('',(351.78698210432,0.461538461538));
#4487 = CARTESIAN_POINT('',(351.36212743779,0.461538461538));
#4488 = CARTESIAN_POINT('',(350.93727071406,0.461538461538));
#4489 = CARTESIAN_POINT('',(350.51240845902,0.461538461538));
#4490 = CARTESIAN_POINT('',(349.80429944653,0.461538461538));
#4491 = CARTESIAN_POINT('',(349.5210570988,0.461538461538));
#4492 = CARTESIAN_POINT('',(349.23781475107,0.461538461538));
#4493 = CARTESIAN_POINT('',(348.95457240334,0.461538461538));
#4494 = CARTESIAN_POINT('',(348.67133005561,0.461538461538));
#4495 = CARTESIAN_POINT('',(348.38808770788,0.461538461538));
#4496 = CARTESIAN_POINT('',(348.10484536015,0.461538461538));
#4497 = CARTESIAN_POINT('',(347.34951711305,0.461538461538));
#4498 = CARTESIAN_POINT('',(346.87743627677,0.461538461538));
#4499 = CARTESIAN_POINT('',(346.40537215382,0.461538461538));
#4500 = CARTESIAN_POINT('',(345.93331565745,0.461538461538));
#4501 = CARTESIAN_POINT('',(345.46125557334,0.461538461538));
#4502 = CARTESIAN_POINT('',(344.98918780624,0.461538461538));
#4503 = CARTESIAN_POINT('',(344.51711526356,0.461538461538));
#4504 = CARTESIAN_POINT('',(343.52575168403,0.461538461538));
#4505 = CARTESIAN_POINT('',(343.00646225143,0.461538461538));
#4506 = CARTESIAN_POINT('',(342.4871634845,0.461538461538));
#4507 = CARTESIAN_POINT('',(341.96789087851,0.461538461538));
#4508 = CARTESIAN_POINT('',(341.44863505575,0.461538461538));
#4509 = CARTESIAN_POINT('',(340.92936940131,0.461538461538));
#4510 = CARTESIAN_POINT('',(340.4100964623,0.461538461538));
#4511 = CARTESIAN_POINT('',(339.56036971232,0.461538461538));
#4512 = CARTESIAN_POINT('',(339.22991817122,0.461538461538));
#4513 = CARTESIAN_POINT('',(338.89946487583,0.461538461538));
#4514 = CARTESIAN_POINT('',(338.56901165124,0.461538461538));
#4515 = CARTESIAN_POINT('',(338.23855992449,0.461538461538));
#4516 = CARTESIAN_POINT('',(337.90811072452,0.461538461538));
#4517 = CARTESIAN_POINT('',(337.57766468224,0.461538461538));
#4518 = CARTESIAN_POINT('',(336.72794425955,0.461538461538));
#4519 = CARTESIAN_POINT('',(336.20866669008,0.461538461538));
#4520 = CARTESIAN_POINT('',(335.6893909212,0.461538461538));
#4521 = CARTESIAN_POINT('',(335.17011144382,0.461538461538));
#4522 = CARTESIAN_POINT('',(334.65083108547,0.461538461538));
#4523 = CARTESIAN_POINT('',(334.1315552568,0.461538461538));
#4524 = CARTESIAN_POINT('',(333.61228151133,0.461538461538));
#4525 = CARTESIAN_POINT('',(332.57372437913,0.461538461538));
#4526 = CARTESIAN_POINT('',(332.05444595975,0.461538461538));
#4527 = CARTESIAN_POINT('',(331.53516782829,0.461538461538));
#4528 = CARTESIAN_POINT('',(331.01588929469,0.461538461538));
#4529 = CARTESIAN_POINT('',(330.49661170824,0.461538461538));
#4530 = CARTESIAN_POINT('',(329.9773357301,0.461538461538));
#4531 = CARTESIAN_POINT('',(329.45805870332,0.461538461538));
#4532 = CARTESIAN_POINT('',(328.37229924653,0.461538461538));
#4533 = CARTESIAN_POINT('',(327.80581180742,0.461538461538));
#4534 = CARTESIAN_POINT('',(327.23932068572,0.461538461538));
#4535 = CARTESIAN_POINT('',(326.67283818267,0.461538461538));
#4536 = CARTESIAN_POINT('',(326.10635893065,0.461538461538));
#4537 = CARTESIAN_POINT('',(325.53987359933,0.461538461538));
#4538 = CARTESIAN_POINT('',(324.97338672297,0.461538461538));
#4539 = CARTESIAN_POINT('',(323.9820395283,0.461538461538));
#4540 = CARTESIAN_POINT('',(323.5571744972,0.461538461538));
#4541 = CARTESIAN_POINT('',(323.13231074217,0.461538461538));
#4542 = CARTESIAN_POINT('',(322.70744836462,0.461538461538));
#4543 = CARTESIAN_POINT('',(322.28258579848,0.461538461538));
#4544 = CARTESIAN_POINT('',(321.85772161015,0.461538461538));
#4545 = CARTESIAN_POINT('',(321.43285629833,0.461538461538));
#4546 = CARTESIAN_POINT('',(320.67754449919,0.461538461538));
#4547 = CARTESIAN_POINT('',(320.34709514221,0.461538461538));
#4548 = CARTESIAN_POINT('',(320.01664586304,0.461538461538));
#4549 = CARTESIAN_POINT('',(319.68619655618,0.461538461538));
#4550 = CARTESIAN_POINT('',(319.35574717059,0.461538461538));
#4551 = CARTESIAN_POINT('',(319.02529770974,0.461538461538));
#4552 = CARTESIAN_POINT('',(318.69484823156,0.461538461538));
#4553 = CARTESIAN_POINT('',(317.89233726288,0.461538461538));
#4554 = CARTESIAN_POINT('',(317.42027858744,0.461538461538));
#4555 = CARTESIAN_POINT('',(316.94821858076,0.461538461538));
#4556 = CARTESIAN_POINT('',(316.47614647844,0.461538461538));
#4557 = CARTESIAN_POINT('',(316.00406141567,0.461538461538));
#4558 = CARTESIAN_POINT('',(315.53197531515,0.461538461538));
#4559 = CARTESIAN_POINT('',(315.05990224002,0.461538461538));
#4560 = CARTESIAN_POINT('',(314.06855951215,0.461538461538));
#4561 = CARTESIAN_POINT('',(313.54929168604,0.461538461538));
#4562 = CARTESIAN_POINT('',(313.03003073859,0.461538461538));
#4563 = CARTESIAN_POINT('',(312.51077603282,0.461538461538));
#4564 = CARTESIAN_POINT('',(311.99149854934,0.461538461538));
#4565 = CARTESIAN_POINT('',(311.4721925955,0.461538461538));
#4566 = CARTESIAN_POINT('',(310.95290166048,0.461538461538));
#4567 = CARTESIAN_POINT('',(310.05595666333,0.461538461538));
#4568 = CARTESIAN_POINT('',(309.67830030742,0.461538461538));
#4569 = CARTESIAN_POINT('',(309.30064390079,0.461538461538));
#4570 = CARTESIAN_POINT('',(308.92298737589,0.461538461538));
#4571 = CARTESIAN_POINT('',(308.54533074119,0.461538461538));
#4572 = CARTESIAN_POINT('',(308.16767408114,0.461538461538));
#4573 = CARTESIAN_POINT('',(307.79001755623,0.461538461538));
#4574 = CARTESIAN_POINT('',(307.12912777991,0.461538461538));
#4575 = CARTESIAN_POINT('',(306.84588944235,0.461538461538));
#4576 = CARTESIAN_POINT('',(306.56264753132,0.461538461538));
#4577 = CARTESIAN_POINT('',(306.27940316376,0.461538461538));
#4578 = CARTESIAN_POINT('',(305.99615743243,0.461538461538));
#4579 = CARTESIAN_POINT('',(305.71291140594,0.461538461538));
#4580 = CARTESIAN_POINT('',(305.42966612873,0.461538461538));
#4581 = CARTESIAN_POINT('',(304.67435222575,0.461538461538));
#4582 = CARTESIAN_POINT('',(304.20228187494,0.461538461538));
#4583 = CARTESIAN_POINT('',(303.73021025812,0.461538461538));
#4584 = CARTESIAN_POINT('',(303.25813961161,0.461538461538));
#4585 = CARTESIAN_POINT('',(302.78607039225,0.461538461538));
#4586 = CARTESIAN_POINT('',(302.31400026048,0.461538461538));
#4587 = CARTESIAN_POINT('',(301.84192737297,0.461538461538));
#4588 = CARTESIAN_POINT('',(300.89778740515,0.461538461538));
#4589 = CARTESIAN_POINT('',(300.4257168256,0.461538461538));
#4590 = CARTESIAN_POINT('',(299.95364624605,0.461538461538));
#4591 = CARTESIAN_POINT('',(299.4815756665,0.461538461538));
#4592 = CARTESIAN_POINT('',(299.00950508695,0.461538461538));
#4593 = CARTESIAN_POINT('',(298.5374345074,0.461538461538));
#4594 = CARTESIAN_POINT('',(298.06536392785,0.461538461538));
#4595 = CARTESIAN_POINT('',(297.31005100057,0.461538461538));
#4596 = CARTESIAN_POINT('',(297.02680865284,0.461538461538));
#4597 = CARTESIAN_POINT('',(296.74356630511,0.461538461538));
#4598 = CARTESIAN_POINT('',(296.46032395738,0.461538461538));
#4599 = CARTESIAN_POINT('',(296.17708160965,0.461538461538));
#4600 = CARTESIAN_POINT('',(295.89383926192,0.461538461538));
#4601 = CARTESIAN_POINT('',(295.61059691419,0.461538461538));
#4602 = CARTESIAN_POINT('',(294.85532117084,0.461538461538));
#4603 = CARTESIAN_POINT('',(294.38327402858,0.461538461538));
#4604 = CARTESIAN_POINT('',(293.91120614163,0.461538461538));
#4605 = CARTESIAN_POINT('',(293.43912580174,0.461538461538));
#4606 = CARTESIAN_POINT('',(292.96704189321,0.461538461538));
#4607 = CARTESIAN_POINT('',(292.49495748439,0.461538461538));
#4608 = CARTESIAN_POINT('',(292.02287170798,0.461538461538));
#4609 = CARTESIAN_POINT('',(291.07871935051,0.461538461538));
#4610 = CARTESIAN_POINT('',(290.60664877096,0.461538461538));
#4611 = CARTESIAN_POINT('',(290.13457819141,0.461538461538));
#4612 = CARTESIAN_POINT('',(289.66250761186,0.461538461538));
#4613 = CARTESIAN_POINT('',(289.19043703231,0.461538461538));
#4614 = CARTESIAN_POINT('',(288.71836645276,0.461538461538));
#4615 = CARTESIAN_POINT('',(288.24629587321,0.461538461538));
#4616 = CARTESIAN_POINT('',(287.30215471411,0.461538461538));
#4617 = CARTESIAN_POINT('',(286.83008413456,0.461538461538));
#4618 = CARTESIAN_POINT('',(286.35801355501,0.461538461538));
#4619 = CARTESIAN_POINT('',(285.88594297546,0.461538461538));
#4620 = CARTESIAN_POINT('',(285.41387239591,0.461538461538));
#4621 = CARTESIAN_POINT('',(284.94180181636,0.461538461538));
#4622 = CARTESIAN_POINT('',(284.46973123681,0.461538461538));
#4623 = CARTESIAN_POINT('',(283.4783893224,0.461538461538));
#4624 = CARTESIAN_POINT('',(282.95912003163,0.461538461538));
#4625 = CARTESIAN_POINT('',(282.43985090429,0.461538461538));
#4626 = CARTESIAN_POINT('',(281.92057997567,0.461538461538));
#4627 = CARTESIAN_POINT('',(281.40130516913,0.461538461538));
#4628 = CARTESIAN_POINT('',(280.88202457417,0.461538461538));
#4629 = CARTESIAN_POINT('',(280.36273659788,0.461538461538));
#4630 = CARTESIAN_POINT('',(278.99379239311,0.461538461538));
#4631 = CARTESIAN_POINT('',(278.14412431847,0.461538461538));
#4632 = CARTESIAN_POINT('',(277.29442680769,0.461538461538));
#4633 = CARTESIAN_POINT('',(276.44469739028,0.461538461538));
#4634 = CARTESIAN_POINT('',(275.59493965152,0.461538461538));
#4635 = CARTESIAN_POINT('',(274.74516323321,0.461538461538));
#4636 = CARTESIAN_POINT('',(273.89538383432,0.461538461538));
#4637 = CARTESIAN_POINT('',(272.52634856542,0.461538461538));
#4638 = CARTESIAN_POINT('',(272.00707004506,0.461538461538));
#4639 = CARTESIAN_POINT('',(271.48778097734,0.461538461538));
#4640 = CARTESIAN_POINT('',(270.96851214339,0.461538461538));
#4641 = CARTESIAN_POINT('',(270.44924433734,0.461538461538));
#4642 = CARTESIAN_POINT('',(269.92995637017,0.461538461538));
#4643 = CARTESIAN_POINT('',(269.41067610522,0.461538461538));
#4644 = CARTESIAN_POINT('',(268.46653859006,0.461538461538));
#4645 = CARTESIAN_POINT('',(268.04167506847,0.461538461538));
#4646 = CARTESIAN_POINT('',(267.61681154687,0.461538461538));
#4647 = CARTESIAN_POINT('',(267.19194802528,0.461538461538));
#4648 = CARTESIAN_POINT('',(266.76708450368,0.461538461538));
#4649 = CARTESIAN_POINT('',(266.34222098209,0.461538461538));
#4650 = CARTESIAN_POINT('',(265.91735746049,0.461538461538));
#4651 = CARTESIAN_POINT('',(264.87878511874,0.461538461538));
#4652 = CARTESIAN_POINT('',(264.26508593605,0.461538461538));
#4653 = CARTESIAN_POINT('',(263.65142587434,0.461538461538));
#4654 = CARTESIAN_POINT('',(263.03774572797,0.461538461538));
#4655 = CARTESIAN_POINT('',(262.42406628595,0.461538461538));
#4656 = CARTESIAN_POINT('',(261.81037017462,0.461538461538));
#4657 = CARTESIAN_POINT('',(261.19666530294,0.461538461538));
#4658 = CARTESIAN_POINT('',(260.2525098616,0.461538461538));
#4659 = CARTESIAN_POINT('',(259.92206080113,0.461538461538));
#4660 = CARTESIAN_POINT('',(259.59161193416,0.461538461538));
#4661 = CARTESIAN_POINT('',(259.26116277934,0.461538461538));
#4662 = CARTESIAN_POINT('',(258.93071316993,0.461538461538));
#4663 = CARTESIAN_POINT('',(258.6002632538,0.461538461538));
#4664 = CARTESIAN_POINT('',(258.26981349348,0.461538461538));
#4665 = CARTESIAN_POINT('',(257.60891526041,0.461538461538));
#4666 = CARTESIAN_POINT('',(257.27846585473,0.461538461538));
#4667 = CARTESIAN_POINT('',(256.94801644904,0.461538461538));
#4668 = CARTESIAN_POINT('',(256.61756704336,0.461538461538));
#4669 = CARTESIAN_POINT('',(256.28711763767,0.461538461538));
#4670 = CARTESIAN_POINT('',(255.95666823199,0.461538461538));
#4671 = CARTESIAN_POINT('',(255.6262188263,0.461538461538));
#4672 = CARTESIAN_POINT('',(254.77647537582,0.461538461538));
#4673 = CARTESIAN_POINT('',(254.25718083373,0.461538461538));
#4674 = CARTESIAN_POINT('',(253.73790241184,0.461538461538));
#4675 = CARTESIAN_POINT('',(253.21864544947,0.461538461538));
#4676 = CARTESIAN_POINT('',(252.69938768366,0.461538461538));
#4677 = CARTESIAN_POINT('',(252.18011271313,0.461538461538));
#4678 = CARTESIAN_POINT('',(251.66083377017,0.461538461538));
#4679 = CARTESIAN_POINT('',(250.71668450037,0.461538461538));
#4680 = CARTESIAN_POINT('',(250.29182017217,0.461538461538));
#4681 = CARTESIAN_POINT('',(249.86695732938,0.461538461538));
#4682 = CARTESIAN_POINT('',(249.44209526675,0.461538461538));
#4683 = CARTESIAN_POINT('',(249.01723225695,0.461538461538));
#4684 = CARTESIAN_POINT('',(248.59236722713,0.461538461538));
#4685 = CARTESIAN_POINT('',(248.16750143549,0.461538461538));
#4686 = CARTESIAN_POINT('',(247.45939781615,0.461538461538));
#4687 = CARTESIAN_POINT('',(247.17615540904,0.461538461538));
#4688 = CARTESIAN_POINT('',(246.89291301737,0.461538461538));
#4689 = CARTESIAN_POINT('',(246.60967068765,0.461538461538));
#4690 = CARTESIAN_POINT('',(246.32642842202,0.461538461538));
#4691 = CARTESIAN_POINT('',(246.04318617829,0.461538461538));
#4692 = CARTESIAN_POINT('',(245.75994386991,0.461538461538));
#4693 = CARTESIAN_POINT('',(245.00463247979,0.461538461538));
#4694 = CARTESIAN_POINT('',(244.53255808221,0.461538461538));
#4695 = CARTESIAN_POINT('',(244.06048852573,0.461538461538));
#4696 = CARTESIAN_POINT('',(243.58842055989,0.461538461538));
#4697 = CARTESIAN_POINT('',(243.11634995599,0.461538461538));
#4698 = CARTESIAN_POINT('',(242.64427721235,0.461538461538));
#4699 = CARTESIAN_POINT('',(242.17220634009,0.461538461538));
#4700 = CARTESIAN_POINT('',(241.18085989018,0.461538461538));
#4701 = CARTESIAN_POINT('',(240.66157952546,0.461538461538));
#4702 = CARTESIAN_POINT('',(240.14230257997,0.461538461538));
#4703 = CARTESIAN_POINT('',(239.62302804767,0.461538461538));
#4704 = CARTESIAN_POINT('',(239.10375101044,0.461538461538));
#4705 = CARTESIAN_POINT('',(238.58447023317,0.461538461538));
#4706 = CARTESIAN_POINT('',(238.06519109411,0.461538461538));
#4707 = CARTESIAN_POINT('',(237.21546595777,0.461538461538));
#4708 = CARTESIAN_POINT('',(236.8850166674,0.461538461538));
#4709 = CARTESIAN_POINT('',(236.55456746785,0.461538461538));
#4710 = CARTESIAN_POINT('',(236.22411817881,0.461538461538));
#4711 = CARTESIAN_POINT('',(235.89366873036,0.461538461538));
#4712 = CARTESIAN_POINT('',(235.56321916288,0.461538461538));
#4713 = CARTESIAN_POINT('',(235.23276962709,0.461538461538));
#4714 = CARTESIAN_POINT('',(234.43025192709,0.461538461538));
#4715 = CARTESIAN_POINT('',(233.95817689708,0.461538461538));
#4716 = CARTESIAN_POINT('',(233.48610792681,0.461538461538));
#4717 = CARTESIAN_POINT('',(233.01403977782,0.461538461538));
#4718 = CARTESIAN_POINT('',(232.54196788772,0.461538461538));
#4719 = CARTESIAN_POINT('',(232.06989520197,0.461538461538));
#4720 = CARTESIAN_POINT('',(231.59782729028,0.461538461538));
#4721 = CARTESIAN_POINT('',(230.60647703983,0.461538461538));
#4722 = CARTESIAN_POINT('',(230.08720228896,0.461538461538));
#4723 = CARTESIAN_POINT('',(229.56793381138,0.461538461538));
#4724 = CARTESIAN_POINT('',(229.04867500738,0.461538461538));
#4725 = CARTESIAN_POINT('',(228.52940192306,0.461538461538));
#4726 = CARTESIAN_POINT('',(228.01010552288,0.461538461538));
#4727 = CARTESIAN_POINT('',(227.49081777455,0.461538461538));
#4728 = CARTESIAN_POINT('',(226.59387123921,0.461538461538));
#4729 = CARTESIAN_POINT('',(226.21621161722,0.461538461538));
#4730 = CARTESIAN_POINT('',(225.83855579452,0.461538461538));
#4731 = CARTESIAN_POINT('',(225.46090305279,0.461538461538));
#4732 = CARTESIAN_POINT('',(225.08325194257,0.461538461538));
#4733 = CARTESIAN_POINT('',(224.70560028319,0.461538461538));
#4734 = CARTESIAN_POINT('',(224.32794516283,0.461538461538));
#4735 = CARTESIAN_POINT('',(223.52541863941,0.461538461538));
#4736 = CARTESIAN_POINT('',(223.10055593687,0.461538461538));
#4737 = CARTESIAN_POINT('',(222.67569290475,0.461538461538));
#4738 = CARTESIAN_POINT('',(222.25082914452,0.461538461538));
#4739 = CARTESIAN_POINT('',(221.82596511467,0.461538461538));
#4740 = CARTESIAN_POINT('',(221.40110146016,0.461538461538));
#4741 = CARTESIAN_POINT('',(220.97623834181,0.461538461538));
#4742 = CARTESIAN_POINT('',(220.12652376534,0.461538461538));
#4743 = CARTESIAN_POINT('',(219.70167568005,0.461538461538));
#4744 = CARTESIAN_POINT('',(219.27681967159,0.461538461538));
#4745 = CARTESIAN_POINT('',(218.85195355336,0.461538461538));
#4746 = CARTESIAN_POINT('',(218.42708056781,0.461538461538));
#4747 = CARTESIAN_POINT('',(218.00220616385,0.461538461538));
#4748 = CARTESIAN_POINT('',(217.57733477425,0.461538461538));
#4749 = CARTESIAN_POINT('',(216.82201718729,0.461538461538));
#4750 = CARTESIAN_POINT('',(216.49156778161,0.461538461538));
#4751 = CARTESIAN_POINT('',(216.16111837592,0.461538461538));
#4752 = CARTESIAN_POINT('',(215.83066897024,0.461538461538));
#4753 = CARTESIAN_POINT('',(215.50021956455,0.461538461538));
#4754 = CARTESIAN_POINT('',(215.16977015887,0.461538461538));
#4755 = CARTESIAN_POINT('',(214.83932075318,0.461538461538));
#4756 = CARTESIAN_POINT('',(213.98959102691,0.461538461538));
#4757 = CARTESIAN_POINT('',(213.47031979017,0.461538461538));
#4758 = CARTESIAN_POINT('',(212.95103834183,0.461538461538));
#4759 = CARTESIAN_POINT('',(212.43175917648,0.461538461538));
#4760 = CARTESIAN_POINT('',(211.91248322242,0.461538461538));
#4761 = CARTESIAN_POINT('',(211.39320524218,0.461538461538));
#4762 = CARTESIAN_POINT('',(210.87392863021,0.461538461538));
#4763 = CARTESIAN_POINT('',(209.83537502014,0.461538461538));
#4764 = CARTESIAN_POINT('',(209.31609226302,0.461538461538));
#4765 = CARTESIAN_POINT('',(208.79681519114,0.461538461538));
#4766 = CARTESIAN_POINT('',(208.27754277899,0.461538461538));
#4767 = CARTESIAN_POINT('',(207.75826428427,0.461538461538));
#4768 = CARTESIAN_POINT('',(207.23898061206,0.461538461538));
#4769 = CARTESIAN_POINT('',(206.71970795532,0.461538461538));
#4770 = CARTESIAN_POINT('',(205.49232731362,0.461538461538));
#4771 = CARTESIAN_POINT('',(204.78422765941,0.461538461538));
#4772 = CARTESIAN_POINT('',(204.07612843137,0.461538461538));
#4773 = CARTESIAN_POINT('',(203.36805033133,0.461538461538));
#4774 = CARTESIAN_POINT('',(202.65994583492,0.461538461538));
#4775 = CARTESIAN_POINT('',(201.95186578599,0.461538461538));
#4776 = CARTESIAN_POINT('',(201.2437360354,0.461538461538));
#4777 = CARTESIAN_POINT('',(199.7802837408,0.461538461538));
#4778 = CARTESIAN_POINT('',(199.02495891996,0.461538461538));
#4779 = CARTESIAN_POINT('',(198.26962287567,0.461538461538));
#4780 = CARTESIAN_POINT('',(197.51428753023,0.461538461538));
#4781 = CARTESIAN_POINT('',(196.75896158286,0.461538461538));
#4782 = CARTESIAN_POINT('',(196.00365050969,0.461538461538));
#4783 = CARTESIAN_POINT('',(195.24835656367,0.461538461538));
#4784 = CARTESIAN_POINT('',(193.92659407912,0.461538461538));
#4785 = CARTESIAN_POINT('',(193.36010938366,0.461538461538));
#4786 = CARTESIAN_POINT('',(192.7936246882,0.461538461538));
#4787 = CARTESIAN_POINT('',(192.22713999274,0.461538461538));
#4788 = CARTESIAN_POINT('',(191.66065529728,0.461538461538));
#4789 = CARTESIAN_POINT('',(191.09417060182,0.461538461538));
#4790 = CARTESIAN_POINT('',(190.52768590636,0.461538461538));
#4791 = CARTESIAN_POINT('',(189.39471982151,0.461538461538));
#4792 = CARTESIAN_POINT('',(188.82824142244,0.461538461538));
#4793 = CARTESIAN_POINT('',(188.26176329682,0.461538461538));
#4794 = CARTESIAN_POINT('',(187.69528518792,0.461538461538));
#4795 = CARTESIAN_POINT('',(187.12880330153,0.461538461538));
#4796 = CARTESIAN_POINT('',(186.56231731845,0.461538461538));
#4797 = CARTESIAN_POINT('',(185.99582450137,0.461538461538));
#4798 = CARTESIAN_POINT('',(184.57966097739,0.461538461538));
#4799 = CARTESIAN_POINT('',(183.72998246486,0.461538461538));
#4800 = CARTESIAN_POINT('',(182.88028178897,0.461538461538));
#4801 = CARTESIAN_POINT('',(182.03055666533,0.461538461538));
#4802 = CARTESIAN_POINT('',(181.1808088463,0.461538461538));
#4803 = CARTESIAN_POINT('',(180.33104412147,0.461538461538));
#4804 = CARTESIAN_POINT('',(179.48127231811,0.461538461538));
#4805 = CARTESIAN_POINT('',(178.11219699288,0.461538461538));
#4806 = CARTESIAN_POINT('',(177.59289180787,0.461538461538));
#4807 = CARTESIAN_POINT('',(177.07358619852,0.461538461538));
#4808 = CARTESIAN_POINT('',(176.55429940598,0.461538461538));
#4809 = CARTESIAN_POINT('',(176.03503579258,0.461538461538));
#4810 = CARTESIAN_POINT('',(175.51578405682,0.461538461538));
#4811 = CARTESIAN_POINT('',(174.99653358607,0.461538461538));
#4812 = CARTESIAN_POINT('',(174.05242268007,0.461538461538));
#4813 = CARTESIAN_POINT('',(173.62755915847,0.461538461538));
#4814 = CARTESIAN_POINT('',(173.20269563688,0.461538461538));
#4815 = CARTESIAN_POINT('',(172.77783211528,0.461538461538));
#4816 = CARTESIAN_POINT('',(172.35296859369,0.461538461538));
#4817 = CARTESIAN_POINT('',(171.92810507209,0.461538461538));
#4818 = CARTESIAN_POINT('',(171.5032415505,0.461538461538));
#4819 = CARTESIAN_POINT('',(170.79513528091,0.461538461538));
#4820 = CARTESIAN_POINT('',(170.51189288719,0.461538461538));
#4821 = CARTESIAN_POINT('',(170.22865071773,0.461538461538));
#4822 = CARTESIAN_POINT('',(169.94540865055,0.461538461538));
#4823 = CARTESIAN_POINT('',(169.66216657174,0.461538461538));
#4824 = CARTESIAN_POINT('',(169.37892437542,0.461538461538));
#4825 = CARTESIAN_POINT('',(169.09568196378,0.461538461538));
#4826 = CARTESIAN_POINT('',(168.34036866751,0.461538461538));
#4827 = CARTESIAN_POINT('',(167.86829808796,0.461538461538));
#4828 = CARTESIAN_POINT('',(167.39622750841,0.461538461538));
#4829 = CARTESIAN_POINT('',(166.92415692886,0.461538461538));
#4830 = CARTESIAN_POINT('',(166.45208634931,0.461538461538));
#4831 = CARTESIAN_POINT('',(165.98001576976,0.461538461538));
#4832 = CARTESIAN_POINT('',(165.50794519021,0.461538461538));
#4833 = CARTESIAN_POINT('',(164.51659975536,0.461538461538));
#4834 = CARTESIAN_POINT('',(163.99732192177,0.461538461538));
#4835 = CARTESIAN_POINT('',(163.47803257731,0.461538461538));
#4836 = CARTESIAN_POINT('',(162.95876279421,0.461538461538));
#4837 = CARTESIAN_POINT('',(162.43949544816,0.461538461538));
#4838 = CARTESIAN_POINT('',(161.92020879987,0.461538461538));
#4839 = CARTESIAN_POINT('',(161.40092705659,0.461538461538));
#4840 = CARTESIAN_POINT('',(160.36237102382,0.461538461538));
#4841 = CARTESIAN_POINT('',(159.84309960697,0.461538461538));
#4842 = CARTESIAN_POINT('',(159.32382928776,0.461538461538));
#4843 = CARTESIAN_POINT('',(158.80454054787,0.461538461538));
#4844 = CARTESIAN_POINT('',(158.28525667669,0.461538461538));
#4845 = CARTESIAN_POINT('',(157.76599153267,0.461538461538));
#4846 = CARTESIAN_POINT('',(157.2467117478,0.461538461538));
#4847 = CARTESIAN_POINT('',(156.20815153316,0.461538461538));
#4848 = CARTESIAN_POINT('',(155.68887707502,0.461538461538));
#4849 = CARTESIAN_POINT('',(155.16960562199,0.461538461538));
#4850 = CARTESIAN_POINT('',(154.6503231836,0.461538461538));
#4851 = CARTESIAN_POINT('',(154.13103780464,0.461538461538));
#4852 = CARTESIAN_POINT('',(153.61176347224,0.461538461538));
#4853 = CARTESIAN_POINT('',(153.09249471749,0.461538461538));
#4854 = CARTESIAN_POINT('',(152.19555484876,0.461538461538));
#4855 = CARTESIAN_POINT('',(151.81789838008,0.461538461538));
#4856 = CARTESIAN_POINT('',(151.44024191244,0.461538461538));
#4857 = CARTESIAN_POINT('',(151.06258544998,0.461538461538));
#4858 = CARTESIAN_POINT('',(150.68492899303,0.461538461538));
#4859 = CARTESIAN_POINT('',(150.30727253811,0.461538461538));
#4860 = CARTESIAN_POINT('',(149.92961607793,0.461538461538));
#4861 = CARTESIAN_POINT('',(148.98546704949,0.461538461538));
#4862 = CARTESIAN_POINT('',(148.41897801197,0.461538461538));
#4863 = CARTESIAN_POINT('',(147.85251557411,0.461538461538));
#4864 = CARTESIAN_POINT('',(147.28604561396,0.461538461538));
#4865 = CARTESIAN_POINT('',(146.71956271154,0.461538461538));
#4866 = CARTESIAN_POINT('',(146.15306847417,0.461538461538));
#4867 = CARTESIAN_POINT('',(145.58657328142,0.461538461538));
#4868 = CARTESIAN_POINT('',(144.73684019102,0.461538461538));
#4869 = CARTESIAN_POINT('',(144.45359789473,0.461538461538));
#4870 = CARTESIAN_POINT('',(144.17035532019,0.461538461538));
#4871 = CARTESIAN_POINT('',(143.88711262421,0.461538461538));
#4872 = CARTESIAN_POINT('',(143.60386994916,0.461538461538));
#4873 = CARTESIAN_POINT('',(143.32062742292,0.461538461538));
#4874 = CARTESIAN_POINT('',(143.03738515886,0.461538461538));
#4875 = CARTESIAN_POINT('',(142.42369401287,0.461538461538));
#4876 = CARTESIAN_POINT('',(142.09324447708,0.461538461538));
#4877 = CARTESIAN_POINT('',(141.7627949096,0.461538461538));
#4878 = CARTESIAN_POINT('',(141.43234546115,0.461538461538));
#4879 = CARTESIAN_POINT('',(141.10189617211,0.461538461538));
#4880 = CARTESIAN_POINT('',(140.77144697256,0.461538461538));
#4881 = CARTESIAN_POINT('',(140.44099768219,0.461538461538));
#4882 = CARTESIAN_POINT('',(139.54406742626,0.461538461538));
#4883 = CARTESIAN_POINT('',(138.97757998741,0.461538461538));
#4884 = CARTESIAN_POINT('',(138.41108886613,0.461538461538));
#4885 = CARTESIAN_POINT('',(137.84460636284,0.461538461538));
#4886 = CARTESIAN_POINT('',(137.27812711029,0.461538461538));
#4887 = CARTESIAN_POINT('',(136.71164177905,0.461538461538));
#4888 = CARTESIAN_POINT('',(136.14515490332,0.461538461538));
#4889 = CARTESIAN_POINT('',(135.15380770832,0.461538461538));
#4890 = CARTESIAN_POINT('',(134.72894267719,0.461538461538));
#4891 = CARTESIAN_POINT('',(134.30407892216,0.461538461538));
#4892 = CARTESIAN_POINT('',(133.87921654463,0.461538461538));
#4893 = CARTESIAN_POINT('',(133.4543539785,0.461538461538));
#4894 = CARTESIAN_POINT('',(133.02948979016,0.461538461538));
#4895 = CARTESIAN_POINT('',(132.60462447831,0.461538461538));
#4896 = CARTESIAN_POINT('',(131.84931267919,0.461538461538));
#4897 = CARTESIAN_POINT('',(131.51886332221,0.461538461538));
#4898 = CARTESIAN_POINT('',(131.18841404305,0.461538461538));
#4899 = CARTESIAN_POINT('',(130.85796473618,0.461538461538));
#4900 = CARTESIAN_POINT('',(130.5275153506,0.461538461538));
#4901 = CARTESIAN_POINT('',(130.19706588974,0.461538461538));
#4902 = CARTESIAN_POINT('',(129.86661641157,0.461538461538));
#4903 = CARTESIAN_POINT('',(129.0641054428,0.461538461538));
#4904 = CARTESIAN_POINT('',(128.59204676723,0.461538461538));
#4905 = CARTESIAN_POINT('',(128.11998676044,0.461538461538));
#4906 = CARTESIAN_POINT('',(127.64791465807,0.461538461538));
#4907 = CARTESIAN_POINT('',(127.17582959533,0.461538461538));
#4908 = CARTESIAN_POINT('',(126.7037434949,0.461538461538));
#4909 = CARTESIAN_POINT('',(126.23167041989,0.461538461538));
#4910 = CARTESIAN_POINT('',(125.24032769215,0.461538461538));
#4911 = CARTESIAN_POINT('',(124.72105986605,0.461538461538));
#4912 = CARTESIAN_POINT('',(124.20179891863,0.461538461538));
#4913 = CARTESIAN_POINT('',(123.6825442129,0.461538461538));
#4914 = CARTESIAN_POINT('',(123.16326672942,0.461538461538));
#4915 = CARTESIAN_POINT('',(122.64396077557,0.461538461538));
#4916 = CARTESIAN_POINT('',(122.12466984052,0.461538461538));
#4917 = CARTESIAN_POINT('',(121.22772484333,0.461538461538));
#4918 = CARTESIAN_POINT('',(120.85006848742,0.461538461538));
#4919 = CARTESIAN_POINT('',(120.47241208079,0.461538461538));
#4920 = CARTESIAN_POINT('',(120.09475555589,0.461538461538));
#4921 = CARTESIAN_POINT('',(119.71709892119,0.461538461538));
#4922 = CARTESIAN_POINT('',(119.33944226115,0.461538461538));
#4923 = CARTESIAN_POINT('',(118.96178573624,0.461538461538));
#4924 = CARTESIAN_POINT('',(118.30089595991,0.461538461538));
#4925 = CARTESIAN_POINT('',(118.01765762235,0.461538461538));
#4926 = CARTESIAN_POINT('',(117.73441571132,0.461538461538));
#4927 = CARTESIAN_POINT('',(117.45117134376,0.461538461538));
#4928 = CARTESIAN_POINT('',(117.16792561243,0.461538461538));
#4929 = CARTESIAN_POINT('',(116.88467958593,0.461538461538));
#4930 = CARTESIAN_POINT('',(116.60143430873,0.461538461538));
#4931 = CARTESIAN_POINT('',(115.84612040575,0.461538461538));
#4932 = CARTESIAN_POINT('',(115.37405005493,0.461538461538));
#4933 = CARTESIAN_POINT('',(114.90197843812,0.461538461538));
#4934 = CARTESIAN_POINT('',(114.42990779162,0.461538461538));
#4935 = CARTESIAN_POINT('',(113.95783857225,0.461538461538));
#4936 = CARTESIAN_POINT('',(113.48576844048,0.461538461538));
#4937 = CARTESIAN_POINT('',(113.01369555298,0.461538461538));
#4938 = CARTESIAN_POINT('',(112.06955558515,0.461538461538));
#4939 = CARTESIAN_POINT('',(111.5974850056,0.461538461538));
#4940 = CARTESIAN_POINT('',(111.12541442605,0.461538461538));
#4941 = CARTESIAN_POINT('',(110.6533438465,0.461538461538));
#4942 = CARTESIAN_POINT('',(110.18127326695,0.461538461538));
#4943 = CARTESIAN_POINT('',(109.7092026874,0.461538461538));
#4944 = CARTESIAN_POINT('',(109.23713210785,0.461538461538));
#4945 = CARTESIAN_POINT('',(108.48181918057,0.461538461538));
#4946 = CARTESIAN_POINT('',(108.19857683284,0.461538461538));
#4947 = CARTESIAN_POINT('',(107.91533448511,0.461538461538));
#4948 = CARTESIAN_POINT('',(107.63209213738,0.461538461538));
#4949 = CARTESIAN_POINT('',(107.34884978965,0.461538461538));
#4950 = CARTESIAN_POINT('',(107.06560744192,0.461538461538));
#4951 = CARTESIAN_POINT('',(106.78236509419,0.461538461538));
#4952 = CARTESIAN_POINT('',(106.02708935084,0.461538461538));
#4953 = CARTESIAN_POINT('',(105.55504220858,0.461538461538));
#4954 = CARTESIAN_POINT('',(105.08297432163,0.461538461538));
#4955 = CARTESIAN_POINT('',(104.61089398175,0.461538461538));
#4956 = CARTESIAN_POINT('',(104.13881007322,0.461538461538));
#4957 = CARTESIAN_POINT('',(103.66672566439,0.461538461538));
#4958 = CARTESIAN_POINT('',(103.19463988798,0.461538461538));
#4959 = CARTESIAN_POINT('',(102.25048753051,0.461538461538));
#4960 = CARTESIAN_POINT('',(101.77841695096,0.461538461538));
#4961 = CARTESIAN_POINT('',(101.30634637141,0.461538461538));
#4962 = CARTESIAN_POINT('',(100.83427579186,0.461538461538));
#4963 = CARTESIAN_POINT('',(100.36220521231,0.461538461538));
#4964 = CARTESIAN_POINT('',(99.890134632767,0.461538461538));
#4965 = CARTESIAN_POINT('',(99.418064053217,0.461538461538));
#4966 = CARTESIAN_POINT('',(98.473922894117,0.461538461538));
#4967 = CARTESIAN_POINT('',(98.001852314567,0.461538461538));
#4968 = CARTESIAN_POINT('',(97.529781735017,0.461538461538));
#4969 = CARTESIAN_POINT('',(97.057711155467,0.461538461538));
#4970 = CARTESIAN_POINT('',(96.585640575917,0.461538461538));
#4971 = CARTESIAN_POINT('',(96.113569996367,0.461538461538));
#4972 = CARTESIAN_POINT('',(95.641499416817,0.461538461538));
#4973 = CARTESIAN_POINT('',(94.650157502416,0.461538461538));
#4974 = CARTESIAN_POINT('',(94.130888211609,0.461538461538));
#4975 = CARTESIAN_POINT('',(93.61161908433,0.461538461538));
#4976 = CARTESIAN_POINT('',(93.092348155681,0.461538461538));
#4977 = CARTESIAN_POINT('',(92.573073349104,0.461538461538));
#4978 = CARTESIAN_POINT('',(92.053792754199,0.461538461538));
#4979 = CARTESIAN_POINT('',(91.534504777889,0.461538461538));
#4980 = CARTESIAN_POINT('',(90.165560573118,0.461538461538));
#4981 = CARTESIAN_POINT('',(89.31589249848,0.461538461538));
#4982 = CARTESIAN_POINT('',(88.466194987703,0.461538461538));
#4983 = CARTESIAN_POINT('',(87.616465570286,0.461538461538));
#4984 = CARTESIAN_POINT('',(86.766707831527,0.461538461538));
#4985 = CARTESIAN_POINT('',(85.916931413217,0.461538461538));
#4986 = CARTESIAN_POINT('',(85.067152014328,0.461538461538));
#4987 = CARTESIAN_POINT('',(83.698116745424,0.461538461538));
#4988 = CARTESIAN_POINT('',(83.178838225086,0.461538461538));
#4989 = CARTESIAN_POINT('',(82.659549157329,0.461538461538));
#4990 = CARTESIAN_POINT('',(82.1402803234,0.461538461538));
#4991 = CARTESIAN_POINT('',(81.621012517365,0.461538461538));
#4992 = CARTESIAN_POINT('',(81.101724550156,0.461538461538));
#4993 = CARTESIAN_POINT('',(80.582444285237,0.461538461538));
#4994 = CARTESIAN_POINT('',(79.638306770073,0.461538461538));
#4995 = CARTESIAN_POINT('',(79.213443248478,0.461538461538));
#4996 = CARTESIAN_POINT('',(78.788579726883,0.461538461538));
#4997 = CARTESIAN_POINT('',(78.363716205288,0.461538461538));
#4998 = CARTESIAN_POINT('',(77.938852683693,0.461538461538));
#4999 = CARTESIAN_POINT('',(77.513989162098,0.461538461538));
#5000 = CARTESIAN_POINT('',(77.089125640503,0.461538461538));
#5001 = CARTESIAN_POINT('',(76.050553298801,0.461538461538));
#5002 = CARTESIAN_POINT('',(75.436854115844,0.461538461538));
#5003 = CARTESIAN_POINT('',(74.823194054801,0.461538461538));
#5004 = CARTESIAN_POINT('',(74.209513907454,0.461538461538));
#5005 = CARTESIAN_POINT('',(73.59583446635,0.461538461538));
#5006 = CARTESIAN_POINT('',(72.98213835447,0.461538461538));
#5007 = CARTESIAN_POINT('',(72.36843348299,0.461538461538));
#5008 = CARTESIAN_POINT('',(71.42427804161,0.461538461538));
#5009 = CARTESIAN_POINT('',(71.093828981136,0.461538461538));
#5010 = CARTESIAN_POINT('',(70.763380114173,0.461538461538));
#5011 = CARTESIAN_POINT('',(70.432930959354,0.461538461538));
#5012 = CARTESIAN_POINT('',(70.102481349938,0.461538461538));
#5013 = CARTESIAN_POINT('',(69.772031433812,0.461538461538));
#5014 = CARTESIAN_POINT('',(69.441581673489,0.461538461538));
#5015 = CARTESIAN_POINT('',(68.780683440424,0.461538461538));
#5016 = CARTESIAN_POINT('',(68.450234034739,0.461538461538));
#5017 = CARTESIAN_POINT('',(68.119784629054,0.461538461538));
#5018 = CARTESIAN_POINT('',(67.789335223369,0.461538461538));
#5019 = CARTESIAN_POINT('',(67.458885817684,0.461538461538));
#5020 = CARTESIAN_POINT('',(67.128436411999,0.461538461538));
#5021 = CARTESIAN_POINT('',(66.797987006314,0.461538461538));
#5022 = CARTESIAN_POINT('',(65.948243555824,0.461538461538));
#5023 = CARTESIAN_POINT('',(65.428949013761,0.461538461538));
#5024 = CARTESIAN_POINT('',(64.909670591841,0.461538461538));
#5025 = CARTESIAN_POINT('',(64.390413629481,0.461538461538));
#5026 = CARTESIAN_POINT('',(63.871155863693,0.461538461538));
#5027 = CARTESIAN_POINT('',(63.351880893136,0.461538461538));
#5028 = CARTESIAN_POINT('',(62.832601950186,0.461538461538));
#5029 = CARTESIAN_POINT('',(61.888452680376,0.461538461538));
#5030 = CARTESIAN_POINT('',(61.463588352179,0.461538461538));
#5031 = CARTESIAN_POINT('',(61.038725509391,0.461538461538));
#5032 = CARTESIAN_POINT('',(60.613863446763,0.461538461538));
#5033 = CARTESIAN_POINT('',(60.189000436963,0.461538461538));
#5034 = CARTESIAN_POINT('',(59.764135407144,0.461538461538));
#5035 = CARTESIAN_POINT('',(59.3392696155,0.461538461538));
#5036 = CARTESIAN_POINT('',(58.631165996158,0.461538461538));
#5037 = CARTESIAN_POINT('',(58.347923589055,0.461538461538));
#5038 = CARTESIAN_POINT('',(58.064681197384,0.461538461538));
#5039 = CARTESIAN_POINT('',(57.781438867656,0.461538461538));
#5040 = CARTESIAN_POINT('',(57.498196602027,0.461538461538));
#5041 = CARTESIAN_POINT('',(57.214954358299,0.461538461538));
#5042 = CARTESIAN_POINT('',(56.931712049922,0.461538461538));
#5043 = CARTESIAN_POINT('',(56.17640065979,0.461538461538));
#5044 = CARTESIAN_POINT('',(55.704326262237,0.461538461538));
#5045 = CARTESIAN_POINT('',(55.232256705741,0.461538461538));
#5046 = CARTESIAN_POINT('',(54.760188739882,0.461538461538));
#5047 = CARTESIAN_POINT('',(54.288118135993,0.461538461538));
#5048 = CARTESIAN_POINT('',(53.816045392367,0.461538461538));
#5049 = CARTESIAN_POINT('',(53.343974520107,0.461538461538));
#5050 = CARTESIAN_POINT('',(52.352628070245,0.461538461538));
#5051 = CARTESIAN_POINT('',(51.833347705372,0.461538461538));
#5052 = CARTESIAN_POINT('',(51.314070759917,0.461538461538));
#5053 = CARTESIAN_POINT('',(50.79479622776,0.461538461538));
#5054 = CARTESIAN_POINT('',(50.275519190563,0.461538461538));
#5055 = CARTESIAN_POINT('',(49.756238413156,0.461538461538));
#5056 = CARTESIAN_POINT('',(49.236959274035,0.461538461538));
#5057 = CARTESIAN_POINT('',(48.387234137763,0.461538461538));
#5058 = CARTESIAN_POINT('',(48.056784847364,0.461538461538));
#5059 = CARTESIAN_POINT('',(47.72633564779,0.461538461538));
#5060 = CARTESIAN_POINT('',(47.395886358781,0.461538461538));
#5061 = CARTESIAN_POINT('',(47.065436910391,0.461538461538));
#5062 = CARTESIAN_POINT('',(46.734987342979,0.461538461538));
#5063 = CARTESIAN_POINT('',(46.404537807213,0.461538461538));
#5064 = CARTESIAN_POINT('',(45.602020106127,0.461538461538));
#5065 = CARTESIAN_POINT('',(45.129945078572,0.461538461538));
#5066 = CARTESIAN_POINT('',(44.657876107173,0.461538461538));
#5067 = CARTESIAN_POINT('',(44.185807956607,0.461538461538));
#5068 = CARTESIAN_POINT('',(43.713736067235,0.461538461538));
#5069 = CARTESIAN_POINT('',(43.241663382963,0.461538461538));
#5070 = CARTESIAN_POINT('',(42.769595470161,0.461538461538));
#5071 = CARTESIAN_POINT('',(41.778245321667,0.461538461538));
#5072 = CARTESIAN_POINT('',(41.258970665211,0.461538461538));
#5073 = CARTESIAN_POINT('',(40.739702258946,0.461538461538));
#5074 = CARTESIAN_POINT('',(40.22044349841,0.461538461538));
#5075 = CARTESIAN_POINT('',(39.701170385338,0.461538461538));
#5076 = CARTESIAN_POINT('',(39.181873878309,0.461538461538));
#5077 = CARTESIAN_POINT('',(38.662586026163,0.461538461538));
#5078 = CARTESIAN_POINT('',(37.765639224791,0.461538461538));
#5079 = CARTESIAN_POINT('',(37.387979420153,0.461538461538));
#5080 = CARTESIAN_POINT('',(37.010323453993,0.461538461538));
#5081 = CARTESIAN_POINT('',(36.632670630993,0.461538461538));
#5082 = CARTESIAN_POINT('',(36.255019520244,0.461538461538));
#5083 = CARTESIAN_POINT('',(35.877367955242,0.461538461538));
#5084 = CARTESIAN_POINT('',(35.499713033894,0.461538461538));
#5085 = CARTESIAN_POINT('',(34.697186825141,0.461538461538));
#5086 = CARTESIAN_POINT('',(34.272324116439,0.461538461538));
#5087 = CARTESIAN_POINT('',(33.847461080801,0.461538461538));
#5088 = CARTESIAN_POINT('',(33.422597322549,0.461538461538));
#5089 = CARTESIAN_POINT('',(32.997733296543,0.461538461538));
#5090 = CARTESIAN_POINT('',(32.572869642805,0.461538461538));
#5091 = CARTESIAN_POINT('',(32.148006521139,0.461538461538));
#5092 = CARTESIAN_POINT('',(31.29829333078,0.461538461538));
#5093 = CARTESIAN_POINT('',(30.873446287121,0.461538461538));
#5094 = CARTESIAN_POINT('',(30.448590644665,0.461538461538));
#5095 = CARTESIAN_POINT('',(30.02372420846,0.461538461538));
#5096 = CARTESIAN_POINT('',(29.598850437553,0.461538461538));
#5097 = CARTESIAN_POINT('',(29.173975123846,0.461538461538));
#5098 = CARTESIAN_POINT('',(28.74910307094,0.461538461538));
#5099 = CARTESIAN_POINT('',(27.993785367306,0.461538461538));
#5100 = CARTESIAN_POINT('',(27.663335961621,0.461538461538));
#5101 = CARTESIAN_POINT('',(27.332886555936,0.461538461538));
#5102 = CARTESIAN_POINT('',(27.002437150251,0.461538461538));
#5103 = CARTESIAN_POINT('',(26.671987744566,0.461538461538));
#5104 = CARTESIAN_POINT('',(26.341538338881,0.461538461538));
#5105 = CARTESIAN_POINT('',(26.011088933196,0.461538461538));
#5106 = CARTESIAN_POINT('',(25.161359539422,0.461538461538));
#5107 = CARTESIAN_POINT('',(24.64208749577,0.461538461538));
#5108 = CARTESIAN_POINT('',(24.122806538754,0.461538461538));
#5109 = CARTESIAN_POINT('',(23.60352756857,0.461538461538));
#5110 = CARTESIAN_POINT('',(23.084251396864,0.461538461538));
#5111 = CARTESIAN_POINT('',(22.564973455256,0.461538461538));
#5112 = CARTESIAN_POINT('',(22.045696709204,0.461538461538));
#5113 = CARTESIAN_POINT('',(21.007144520869,0.461538461538));
#5114 = CARTESIAN_POINT('',(20.487858964465,0.461538461538));
#5115 = CARTESIAN_POINT('',(19.968582185508,0.461538461538));
#5116 = CARTESIAN_POINT('',(19.449312645852,0.461538461538));
#5117 = CARTESIAN_POINT('',(18.93003369483,0.461538461538));
#5118 = CARTESIAN_POINT('',(18.410746702617,0.461538461538));
#5119 = CARTESIAN_POINT('',(17.891476772127,0.461538461538));
#5120 = CARTESIAN_POINT('',(16.663974843666,0.461538461538));
#5121 = CARTESIAN_POINT('',(15.955758085708,0.461538461538));
#5122 = CARTESIAN_POINT('',(15.247568505435,0.461538461538));
#5123 = CARTESIAN_POINT('',(14.539413611849,0.461538461538));
#5124 = CARTESIAN_POINT('',(13.831318626479,0.461538461538));
#5125 = CARTESIAN_POINT('',(13.123268350253,0.461538461538));
#5126 = CARTESIAN_POINT('',(12.415285130676,0.461538461538));
#5127 = CARTESIAN_POINT('',(10.999191180023,0.461538461538));
#5128 = CARTESIAN_POINT('',(10.291082059051,0.461538461538));
#5129 = CARTESIAN_POINT('',(9.583008994299,0.461538461538));
#5130 = CARTESIAN_POINT('',(8.87495524802,0.461538461538));
#5131 = CARTESIAN_POINT('',(8.166901360339,0.461538461538));
#5132 = CARTESIAN_POINT('',(7.458825149256,0.461538461538));
#5133 = CARTESIAN_POINT('',(6.75070171064,0.461538461538));
#5134 = CARTESIAN_POINT('',(5.287726549878,0.461538461538));
#5135 = CARTESIAN_POINT('',(4.53286643564,0.461538461538));
#5136 = CARTESIAN_POINT('',(3.777889439159,0.461538461538));
#5137 = CARTESIAN_POINT('',(3.022760899797,0.461538461538));
#5138 = CARTESIAN_POINT('',(2.267445092443,0.461538461538));
#5139 = CARTESIAN_POINT('',(1.511905187308,0.461538461538));
#5140 = CARTESIAN_POINT('',(0.756103209736,0.461538461538));
#5141 = CARTESIAN_POINT('',(0.,0.461538461538));
#5142 = ( GEOMETRIC_REPRESENTATION_CONTEXT(2) 
PARAMETRIC_REPRESENTATION_CONTEXT() REPRESENTATION_CONTEXT('2D SPACE',''
  ) );
#5143 = ADVANCED_FACE('',(#5144),#2500,.T.);
#5144 = FACE_BOUND('',#5145,.T.);
#5145 = EDGE_LOOP('',(#5146,#5147,#5169,#5508));
#5146 = ORIENTED_EDGE('',*,*,#2423,.T.);
#5147 = ORIENTED_EDGE('',*,*,#5148,.T.);
#5148 = EDGE_CURVE('',#2402,#5149,#5151,.T.);
#5149 = VERTEX_POINT('',#5150);
#5150 = CARTESIAN_POINT('',(340.,31.,-9.));
#5151 = SEAM_CURVE('',#5152,(#5155,#5162),.PCURVE_S1.);
#5152 = B_SPLINE_CURVE_WITH_KNOTS('',1,(#5153,#5154),.UNSPECIFIED.,.F.,
  .F.,(2,2),(0.,1.),.PIECEWISE_BEZIER_KNOTS.);
#5153 = CARTESIAN_POINT('',(290.,47.,-21.));
#5154 = CARTESIAN_POINT('',(340.,31.,-9.));
#5155 = PCURVE('',#2500,#5156);
#5156 = DEFINITIONAL_REPRESENTATION('',(#5157),#5161);
#5157 = LINE('',#5158,#5159);
#5158 = CARTESIAN_POINT('',(320.27678845575,0.));
#5159 = VECTOR('',#5160,1.);
#5160 = DIRECTION('',(0.,1.));
#5161 = ( GEOMETRIC_REPRESENTATION_CONTEXT(2) 
PARAMETRIC_REPRESENTATION_CONTEXT() REPRESENTATION_CONTEXT('2D SPACE',''
  ) );
#5162 = PCURVE('',#2500,#5163);
#5163 = DEFINITIONAL_REPRESENTATION('',(#5164),#5168);
#5164 = LINE('',#5165,#5166);
#5165 = CARTESIAN_POINT('',(0.,0.));
#5166 = VECTOR('',#5167,1.);
#5167 = DIRECTION('',(0.,1.));
#5168 = ( GEOMETRIC_REPRESENTATION_CONTEXT(2) 
PARAMETRIC_REPRESENTATION_CONTEXT() REPRESENTATION_CONTEXT('2D SPACE',''
  ) );
#5169 = ORIENTED_EDGE('',*,*,#5170,.F.);
#5170 = EDGE_CURVE('',#5149,#5149,#5171,.T.);
#5171 = SURFACE_CURVE('',#5172,(#5240,#5246),.PCURVE_S1.);
#5172 = B_SPLINE_CURVE_WITH_KNOTS('',3,(#5173,#5174,#5175,#5176,#5177,
    #5178,#5179,#5180,#5181,#5182,#5183,#5184,#5185,#5186,#5187,#5188,
    #5189,#5190,#5191,#5192,#5193,#5194,#5195,#5196,#5197,#5198,#5199,
    #5200,#5201,#5202,#5203,#5204,#5205,#5206,#5207,#5208,#5209,#5210,
    #5211,#5212,#5213,#5214,#5215,#5216,#5217,#5218,#5219,#5220,#5221,
    #5222,#5223,#5224,#5225,#5226,#5227,#5228,#5229,#5230,#5231,#5232,
    #5233,#5234,#5235,#5236,#5237,#5238,#5239),.UNSPECIFIED.,.T.,.F.,(1,
    1,2,1,1,1,1,1,1,1,1,1,1,1,1,1,1,1,1,1,1,1,1,1,1,1,1,1,1,1,1,1,1,1,1,
    1,1,1,1,1,1,1,1,1,1,1,1,1,1,1,1,1,1,1,1,1,1,1,1,1,1,1,1,1,1,1,2,1,1)
  ,(-10.10403063609,-6.378357986249,0.,6.378357986249,10.10403063609,
    13.205395671943,15.95591444441,18.47884022142,20.851499152961,
    23.133249548425,25.375848847905,27.628056688224,29.938320825236,
    32.357588039125,34.94426823352,37.775218130767,40.974878847012,
    44.823218437885,51.414089588746,58.004960740571,61.853300331444,
    65.052961047689,67.883910944936,70.470591139331,72.88985835322,
    75.200122490232,77.452330330551,79.694929630031,81.976680025495,
    84.349338957036,86.872264734046,89.622783506513,92.724148542366,
    96.449821192207,102.82817917771,109.2065371647,112.93220981454,
    116.03357485039,118.78409362286,121.30701939987,123.67967833141,
    125.96142872688,128.20402802636,130.45623586668,132.76650000369,
    135.18576721758,137.77244741197,140.60339730922,143.80305802546,
    147.65139761634,154.24226876668,160.83313991902,164.6814795099,
    167.88114022614,170.71209012339,173.29877031778,175.71803753167,
    178.02830166868,180.280509509,182.52310880848,184.80485920395,
    187.17751813549,189.7004439125,192.45096268496,195.55232772082,
    199.27800037066,205.65635835691,212.03471634316,215.760388993),
  .UNSPECIFIED.);
#5173 = CARTESIAN_POINT('',(340.,31.002369012991,-11.11837355457));
#5174 = CARTESIAN_POINT('',(340.,30.997630987009,-6.881626445426));
#5175 = CARTESIAN_POINT('',(340.,31.001030672158,-3.50180357959));
#5176 = CARTESIAN_POINT('',(340.,30.672526791519,0.889374072835));
#5177 = CARTESIAN_POINT('',(340.,30.17338230871,4.047235570416));
#5178 = CARTESIAN_POINT('',(340.,29.474468589501,6.754802269436));
#5179 = CARTESIAN_POINT('',(340.,28.573632229952,9.144810344165));
#5180 = CARTESIAN_POINT('',(340.,27.468818254326,11.273610217553));
#5181 = CARTESIAN_POINT('',(340.,26.157636029287,13.169806382156));
#5182 = CARTESIAN_POINT('',(340.,24.636816612141,14.848832229842));
#5183 = CARTESIAN_POINT('',(340.,22.901251747858,16.319405717411));
#5184 = CARTESIAN_POINT('',(340.,20.942078103487,17.586791277224));
#5185 = CARTESIAN_POINT('',(340.,18.74324226686,18.654502811347));
#5186 = CARTESIAN_POINT('',(340.,16.274967645201,19.525109819489));
#5187 = CARTESIAN_POINT('',(340.,13.478581827589,20.200652944324));
#5188 = CARTESIAN_POINT('',(340.,10.217394840507,20.683377507595));
#5189 = CARTESIAN_POINT('',(340.,5.678330012481,21.000389992379));
#5190 = CARTESIAN_POINT('',(340.,1.577147251325E-10,20.999753775496));
#5191 = CARTESIAN_POINT('',(340.,-5.678330012152,21.00038999237));
#5192 = CARTESIAN_POINT('',(340.,-10.21739484052,20.683377507655));
#5193 = CARTESIAN_POINT('',(340.,-13.47858182754,20.200652944149));
#5194 = CARTESIAN_POINT('',(340.,-16.27496764535,19.525109820041));
#5195 = CARTESIAN_POINT('',(340.,-18.74324226634,18.654502809526));
#5196 = CARTESIAN_POINT('',(340.,-20.94207810522,17.586791283433));
#5197 = CARTESIAN_POINT('',(340.,-22.90125174173,16.319405695578));
#5198 = CARTESIAN_POINT('',(340.,-24.63681663435,14.848832309039));
#5199 = CARTESIAN_POINT('',(340.,-26.15763594607,13.169806085536));
#5200 = CARTESIAN_POINT('',(340.,-27.46881857632,11.27361136537));
#5201 = CARTESIAN_POINT('',(340.,-28.57363094183,9.144805752431));
#5202 = CARTESIAN_POINT('',(340.,-29.47447392702,6.754821295963));
#5203 = CARTESIAN_POINT('',(340.,-30.17335923776,4.047153329984));
#5204 = CARTESIAN_POINT('',(340.,-30.67263333296,0.889753858466));
#5205 = CARTESIAN_POINT('',(340.,-31.00039649946,-3.504064198762));
#5206 = CARTESIAN_POINT('',(340.,-30.9997497023,-8.999999999753));
#5207 = CARTESIAN_POINT('',(340.,-31.00039649949,-14.49593580074));
#5208 = CARTESIAN_POINT('',(340.,-30.67263333296,-18.88975385846));
#5209 = CARTESIAN_POINT('',(340.,-30.17335923776,-22.04715332998));
#5210 = CARTESIAN_POINT('',(340.,-29.47447392702,-24.75482129596));
#5211 = CARTESIAN_POINT('',(340.,-28.57363094183,-27.14480575243));
#5212 = CARTESIAN_POINT('',(340.,-27.46881857632,-29.27361136537));
#5213 = CARTESIAN_POINT('',(340.,-26.15763594607,-31.16980608553));
#5214 = CARTESIAN_POINT('',(340.,-24.63681663435,-32.84883230903));
#5215 = CARTESIAN_POINT('',(340.,-22.90125174173,-34.31940569557));
#5216 = CARTESIAN_POINT('',(340.,-20.94207810522,-35.58679128343));
#5217 = CARTESIAN_POINT('',(340.,-18.74324226634,-36.65450280952));
#5218 = CARTESIAN_POINT('',(340.,-16.27496764535,-37.52510982004));
#5219 = CARTESIAN_POINT('',(340.,-13.47858182754,-38.20065294414));
#5220 = CARTESIAN_POINT('',(340.,-10.21739484052,-38.68337750765));
#5221 = CARTESIAN_POINT('',(340.,-5.678330012646,-39.00038999233));
#5222 = CARTESIAN_POINT('',(340.,-3.311566828133E-10,-38.99975377549));
#5223 = CARTESIAN_POINT('',(340.,5.67833001197,-39.00038999241));
#5224 = CARTESIAN_POINT('',(340.,10.21739484054,-38.68337750759));
#5225 = CARTESIAN_POINT('',(340.,13.478581827491,-38.20065294432));
#5226 = CARTESIAN_POINT('',(340.,16.274967645511,-37.52510981948));
#5227 = CARTESIAN_POINT('',(340.,18.743242265838,-36.65450281134));
#5228 = CARTESIAN_POINT('',(340.,20.942078106971,-35.58679127722));
#5229 = CARTESIAN_POINT('',(340.,22.901251735608,-34.31940571741));
#5230 = CARTESIAN_POINT('',(340.,24.636816656576,-32.84883222984));
#5231 = CARTESIAN_POINT('',(340.,26.157635862865,-31.16980638215));
#5232 = CARTESIAN_POINT('',(340.,27.468818898321,-29.27361021755));
#5233 = CARTESIAN_POINT('',(340.,28.57362965371,-27.14481034416));
#5234 = CARTESIAN_POINT('',(340.,29.474479264543,-24.75480226943));
#5235 = CARTESIAN_POINT('',(340.,30.173336166812,-22.04723557041));
#5236 = CARTESIAN_POINT('',(340.,30.672739874419,-18.88937407283));
#5237 = CARTESIAN_POINT('',(340.,30.999762326801,-14.49819642041));
#5238 = CARTESIAN_POINT('',(340.,31.002369012991,-11.11837355457));
#5239 = CARTESIAN_POINT('',(340.,30.997630987009,-6.881626445426));
#5240 = PCURVE('',#2500,#5241);
#5241 = DEFINITIONAL_REPRESENTATION('',(#5242),#5245);
#5242 = B_SPLINE_CURVE_WITH_KNOTS('',1,(#5243,#5244),.UNSPECIFIED.,.F.,
  .F.,(2,2),(0.,205.65635835691),.PIECEWISE_BEZIER_KNOTS.);
#5243 = CARTESIAN_POINT('',(0.,1.));
#5244 = CARTESIAN_POINT('',(320.27678845575,1.));
#5245 = ( GEOMETRIC_REPRESENTATION_CONTEXT(2) 
PARAMETRIC_REPRESENTATION_CONTEXT() REPRESENTATION_CONTEXT('2D SPACE',''
  ) );
#5246 = PCURVE('',#5247,#5502);
#5247 = B_SPLINE_SURFACE_WITH_KNOTS('',3,1,(
    (#5248,#5249)
    ,(#5250,#5251)
    ,(#5252,#5253)
    ,(#5254,#5255)
    ,(#5256,#5257)
    ,(#5258,#5259)
    ,(#5260,#5261)
    ,(#5262,#5263)
    ,(#5264,#5265)
    ,(#5266,#5267)
    ,(#5268,#5269)
    ,(#5270,#5271)
    ,(#5272,#5273)
    ,(#5274,#5275)
    ,(#5276,#5277)
    ,(#5278,#5279)
    ,(#5280,#5281)
    ,(#5282,#5283)
    ,(#5284,#5285)
    ,(#5286,#5287)
    ,(#5288,#5289)
    ,(#5290,#5291)
    ,(#5292,#5293)
    ,(#5294,#5295)
    ,(#5296,#5297)
    ,(#5298,#5299)
    ,(#5300,#5301)
    ,(#5302,#5303)
    ,(#5304,#5305)
    ,(#5306,#5307)
    ,(#5308,#5309)
    ,(#5310,#5311)
    ,(#5312,#5313)
    ,(#5314,#5315)
    ,(#5316,#5317)
    ,(#5318,#5319)
    ,(#5320,#5321)
    ,(#5322,#5323)
    ,(#5324,#5325)
    ,(#5326,#5327)
    ,(#5328,#5329)
    ,(#5330,#5331)
    ,(#5332,#5333)
    ,(#5334,#5335)
    ,(#5336,#5337)
    ,(#5338,#5339)
    ,(#5340,#5341)
    ,(#5342,#5343)
    ,(#5344,#5345)
    ,(#5346,#5347)
    ,(#5348,#5349)
    ,(#5350,#5351)
    ,(#5352,#5353)
    ,(#5354,#5355)
    ,(#5356,#5357)
    ,(#5358,#5359)
    ,(#5360,#5361)
    ,(#5362,#5363)
    ,(#5364,#5365)
    ,(#5366,#5367)
    ,(#5368,#5369)
    ,(#5370,#5371)
    ,(#5372,#5373)
    ,(#5374,#5375)
    ,(#5376,#5377)
    ,(#5378,#5379)
    ,(#5380,#5381)
    ,(#5382,#5383)
    ,(#5384,#5385)
    ,(#5386,#5387)
    ,(#5388,#5389)
    ,(#5390,#5391)
    ,(#5392,#5393)
    ,(#5394,#5395)
    ,(#5396,#5397)
    ,(#5398,#5399)
    ,(#5400,#5401)
    ,(#5402,#5403)
    ,(#5404,#5405)
    ,(#5406,#5407)
    ,(#5408,#5409)
    ,(#5410,#5411)
    ,(#5412,#5413)
    ,(#5414,#5415)
    ,(#5416,#5417)
    ,(#5418,#5419)
    ,(#5420,#5421)
    ,(#5422,#5423)
    ,(#5424,#5425)
    ,(#5426,#5427)
    ,(#5428,#5429)
    ,(#5430,#5431)
    ,(#5432,#5433)
    ,(#5434,#5435)
    ,(#5436,#5437)
    ,(#5438,#5439)
    ,(#5440,#5441)
    ,(#5442,#5443)
    ,(#5444,#5445)
    ,(#5446,#5447)
    ,(#5448,#5449)
    ,(#5450,#5451)
    ,(#5452,#5453)
    ,(#5454,#5455)
    ,(#5456,#5457)
    ,(#5458,#5459)
    ,(#5460,#5461)
    ,(#5462,#5463)
    ,(#5464,#5465)
    ,(#5466,#5467)
    ,(#5468,#5469)
    ,(#5470,#5471)
    ,(#5472,#5473)
    ,(#5474,#5475)
    ,(#5476,#5477)
    ,(#5478,#5479)
    ,(#5480,#5481)
    ,(#5482,#5483)
    ,(#5484,#5485)
    ,(#5486,#5487)
    ,(#5488,#5489)
    ,(#5490,#5491)
    ,(#5492,#5493)
    ,(#5494,#5495)
    ,(#5496,#5497)
    ,(#5498,#5499)
    ,(#5500,#5501
    )),.UNSPECIFIED.,.T.,.F.,.F.,(1,1,2,1,1,1,1,1,1,1,1,1,1,1,1,1,1,1,1,
    1,1,1,1,1,1,1,1,1,1,1,1,1,1,1,1,1,1,1,1,1,1,1,1,1,1,1,1,1,1,1,1,1,1,
    1,1,1,1,1,1,1,1,1,1,1,1,1,1,1,1,1,1,1,1,1,1,1,1,1,1,1,1,1,1,1,1,1,1,
    1,1,1,1,1,1,1,1,1,1,1,1,1,1,1,1,1,1,1,1,1,1,1,1,1,1,1,1,1,1,1,1,1,1,
    1,1,1,1,1,2,1,1),(2,2),(-6.378357986249,-6.357411664696,0.,
    6.357411664696,6.378357986249,10.070998048083,10.10403063609,
    13.162689305207,13.205395671943,15.905311672327,15.95591444441,
    18.422005774099,18.47884022142,20.79014439172,20.851499152961,
    23.069173762918,23.133249548425,25.310919654675,25.375848847905,
    27.564157258909,27.628056688224,29.87728901059,29.938320825236,
    32.301171717247,32.357588039125,34.894117902583,34.94426823352,
    37.732939242545,37.775218130767,40.942197128161,40.974878847012,
    44.802500004613,44.823218437885,51.414089588746,58.004960740571,
    58.025679173843,61.853300331444,61.885982050295,65.052961047689,
    65.095239935911,67.883910944936,67.934061275873,70.470591139331,
    70.527007461209,72.88985835322,72.950890167866,75.200122490232,
    75.264021919547,77.452330330551,77.517259523781,79.694929630031,
    79.759005415538,81.976680025495,82.038034786736,84.349338957036,
    84.406173404357,86.872264734046,86.922867506129,89.622783506513,
    89.665489873249,92.724148542366,92.757181130373,96.449821192207,
    96.47076751376,102.82817917771,109.18559084315,109.2065371647,
    112.89917722653,112.93220981454,115.99086848366,116.03357485039,
    118.73349085078,118.78409362286,121.25018495255,121.30701939987,
    123.61832357017,123.67967833141,125.89735294137,125.96142872688,
    128.13909883313,128.20402802636,130.39233643736,130.45623586668,
    132.70546818904,132.76650000369,135.1293508957,135.18576721758,
    137.72229708103,137.77244741197,140.561118421,140.60339730922,
    143.77037630661,143.80305802546,147.63067918306,147.65139761634,
    154.24226876668,160.83313991902,160.85385835229,164.6814795099,
    164.71416122875,167.88114022614,167.92341911436,170.71209012339,
    170.76224045432,173.29877031778,173.35518663966,175.71803753167,
    175.77906934632,178.02830166868,178.092201098,180.280509509,
    180.34543870223,182.52310880848,182.58718459399,184.80485920395,
    184.86621396519,187.17751813549,187.23435258281,189.7004439125,
    189.75104668458,192.45096268496,192.4936690517,195.55232772082,
    195.58536030882,199.27800037066,199.29894669221,205.65635835691,
    212.0137700216,212.03471634316),(0.,1.),.UNSPECIFIED.);
#5248 = CARTESIAN_POINT('',(340.,31.002361233229,-11.11141688426));
#5249 = CARTESIAN_POINT('',(360.,26.001953866012,-6.765235510275));
#5250 = CARTESIAN_POINT('',(340.,30.997638766771,-6.888583115738));
#5251 = CARTESIAN_POINT('',(360.,25.998046133988,-3.234764489725));
#5252 = CARTESIAN_POINT('',(340.,30.999770053962,-4.755056754008));
#5253 = CARTESIAN_POINT('',(360.,25.999825119133,-1.450846651414));
#5254 = CARTESIAN_POINT('',(340.,30.843393501247,-1.398787996769));
#5255 = CARTESIAN_POINT('',(360.,25.867341363656,1.355184180566));
#5256 = CARTESIAN_POINT('',(340.,30.750499599641,-0.152904185358));
#5257 = CARTESIAN_POINT('',(360.,25.788651741919,2.396763131688));
#5258 = CARTESIAN_POINT('',(340.,30.481772547064,2.092755816307));
#5259 = CARTESIAN_POINT('',(360.,25.561038943175,4.273989313799));
#5260 = CARTESIAN_POINT('',(340.,30.318954190595,3.126268081507));
#5261 = CARTESIAN_POINT('',(360.,25.423126663614,5.137824025418));
#5262 = CARTESIAN_POINT('',(340.,29.921590228572,5.019581756572));
#5263 = CARTESIAN_POINT('',(360.,25.086609554852,6.719901195382));
#5264 = CARTESIAN_POINT('',(340.,29.689240566274,5.922783328885));
#5265 = CARTESIAN_POINT('',(360.,24.889864978566,7.474421439586));
#5266 = CARTESIAN_POINT('',(340.,29.162117172289,7.580675574956));
#5267 = CARTESIAN_POINT('',(360.,24.443671447096,8.858827060146));
#5268 = CARTESIAN_POINT('',(340.,28.859866385218,8.385402783517));
#5269 = CARTESIAN_POINT('',(360.,24.187906975141,9.530501732498));
#5270 = CARTESIAN_POINT('',(340.,28.202369239913,9.857569468307));
#5271 = CARTESIAN_POINT('',(360.,23.63182806267,10.758518244631));
#5272 = CARTESIAN_POINT('',(340.,27.829494645489,10.578644483246));
#5273 = CARTESIAN_POINT('',(360.,23.316639866625,11.359618640316));
#5274 = CARTESIAN_POINT('',(340.,27.040433318023,11.890742225656));
#5275 = CARTESIAN_POINT('',(360.,22.650133353545,12.452549129801));
#5276 = CARTESIAN_POINT('',(340.,26.596155325719,12.535631671638));
#5277 = CARTESIAN_POINT('',(360.,22.275141859682,12.989281837457));
#5278 = CARTESIAN_POINT('',(340.,25.673373230079,13.702292438206));
#5279 = CARTESIAN_POINT('',(360.,21.496949133282,13.95940028758));
#5280 = CARTESIAN_POINT('',(340.,25.156836839885,14.274715806907));
#5281 = CARTESIAN_POINT('',(360.,21.061739434067,14.434956879229));
#5282 = CARTESIAN_POINT('',(340.,24.096712163968,15.304574076471));
#5283 = CARTESIAN_POINT('',(360.,20.169363389424,15.289749141029));
#5284 = CARTESIAN_POINT('',(340.,23.506758244435,15.806349813399));
#5285 = CARTESIAN_POINT('',(360.,19.67322701856,15.705851063993));
#5286 = CARTESIAN_POINT('',(340.,22.30349598238,16.704469385902));
#5287 = CARTESIAN_POINT('',(360.,18.662219490695,16.450003721063));
#5288 = CARTESIAN_POINT('',(340.,21.638084693503,17.13654598924));
#5289 = CARTESIAN_POINT('',(360.,18.103612449435,16.807721351544));
#5290 = CARTESIAN_POINT('',(340.,20.282453078511,17.905752933009));
#5291 = CARTESIAN_POINT('',(360.,16.966440602094,17.444132669568));
#5292 = CARTESIAN_POINT('',(340.,19.537606303993,18.268775222861));
#5293 = CARTESIAN_POINT('',(360.,16.342076064757,17.744292209907));
#5294 = CARTESIAN_POINT('',(340.,18.014462663803,18.910499801715));
#5295 = CARTESIAN_POINT('',(360.,15.06605181404,18.274658802622));
#5296 = CARTESIAN_POINT('',(340.,17.182386270001,19.205046157554));
#5297 = CARTESIAN_POINT('',(360.,14.369348716669,18.517983254985));
#5298 = CARTESIAN_POINT('',(340.,15.465346717978,19.719908752703));
#5299 = CARTESIAN_POINT('',(360.,12.932229923193,18.943210087754));
#5300 = CARTESIAN_POINT('',(340.,14.530619426597,19.946504620941));
#5301 = CARTESIAN_POINT('',(360.,12.150168449885,19.130303442017));
#5302 = CARTESIAN_POINT('',(340.,12.568690672305,20.334802663223));
#5303 = CARTESIAN_POINT('',(360.,10.509060629507,19.450885301552));
#5304 = CARTESIAN_POINT('',(340.,11.498577145309,20.493735462841));
#5305 = CARTESIAN_POINT('',(360.,9.614123520437,19.582081016595));
#5306 = CARTESIAN_POINT('',(340.,9.170277482138,20.756214710872));
#5307 = CARTESIAN_POINT('',(360.,7.667183724615,19.798759154732));
#5308 = CARTESIAN_POINT('',(340.,7.878690491802,20.846714781868));
#5309 = CARTESIAN_POINT('',(360.,6.587259323994,19.87346191054));
#5310 = CARTESIAN_POINT('',(340.,4.402088580945,21.000246998516));
#5311 = CARTESIAN_POINT('',(360.,3.680485981774,20.000204846959));
#5312 = CARTESIAN_POINT('',(340.,1.577147251325E-10,20.999753775496));
#5313 = CARTESIAN_POINT('',(360.,1.322975609272E-10,19.999795794964));
#5314 = CARTESIAN_POINT('',(340.,-4.402088580619,21.000246998508));
#5315 = CARTESIAN_POINT('',(360.,-3.680485981501,20.000204846952));
#5316 = CARTESIAN_POINT('',(340.,-7.878690491806,20.846714781881));
#5317 = CARTESIAN_POINT('',(360.,-6.587259323997,19.87346191055));
#5318 = CARTESIAN_POINT('',(340.,-9.170277482149,20.75621471091));
#5319 = CARTESIAN_POINT('',(360.,-7.667183724624,19.798759154765));
#5320 = CARTESIAN_POINT('',(340.,-11.4985771453,20.493735462808));
#5321 = CARTESIAN_POINT('',(360.,-9.614123520429,19.582081016569));
#5322 = CARTESIAN_POINT('',(340.,-12.56869067227,20.334802663115));
#5323 = CARTESIAN_POINT('',(360.,-10.50906062948,19.450885301461));
#5324 = CARTESIAN_POINT('',(340.,-14.53061942662,19.94650462104));
#5325 = CARTESIAN_POINT('',(360.,-12.1501684499,19.130303442094));
#5326 = CARTESIAN_POINT('',(340.,-15.46534671807,19.719908753036));
#5327 = CARTESIAN_POINT('',(360.,-12.93222992327,18.943210088035));
#5328 = CARTESIAN_POINT('',(340.,-17.18238626991,19.205046157234));
#5329 = CARTESIAN_POINT('',(360.,-14.3693487166,18.517983254743));
#5330 = CARTESIAN_POINT('',(340.,-18.01446266349,18.910499800632));
#5331 = CARTESIAN_POINT('',(360.,-15.06605181379,18.27465880171));
#5332 = CARTESIAN_POINT('',(340.,-19.53760630429,18.268775223941));
#5333 = CARTESIAN_POINT('',(360.,-16.34207606497,17.744292210699));
#5334 = CARTESIAN_POINT('',(340.,-20.28245307953,17.90575293666));
#5335 = CARTESIAN_POINT('',(360.,-16.96644060293,17.444132672634));
#5336 = CARTESIAN_POINT('',(340.,-21.63808469245,17.136545985487));
#5337 = CARTESIAN_POINT('',(360.,-18.10361244869,16.807721348851));
#5338 = CARTESIAN_POINT('',(340.,-22.30349597882,16.704469373212));
#5339 = CARTESIAN_POINT('',(360.,-18.66221948777,16.45000371042));
#5340 = CARTESIAN_POINT('',(340.,-23.50675824819,15.806349826813));
#5341 = CARTESIAN_POINT('',(360.,-19.67322702116,15.705851073478));
#5342 = CARTESIAN_POINT('',(340.,-24.09671217673,15.304574121971));
#5343 = CARTESIAN_POINT('',(360.,-20.16936339988,15.289749179154));
#5344 = CARTESIAN_POINT('',(340.,-25.15683682605,14.274715757599));
#5345 = CARTESIAN_POINT('',(360.,-21.06173942456,14.43495684459));
#5346 = CARTESIAN_POINT('',(340.,-25.67337318282,13.702292269742));
#5347 = CARTESIAN_POINT('',(360.,-21.49694909458,13.959400146486));
#5348 = CARTESIAN_POINT('',(340.,-26.59615537802,12.535631858105));
#5349 = CARTESIAN_POINT('',(360.,-22.27514189571,12.989281968843));
#5350 = CARTESIAN_POINT('',(340.,-27.04043349886,11.890742870287));
#5351 = CARTESIAN_POINT('',(360.,-22.65013350164,12.452549669756));
#5352 = CARTESIAN_POINT('',(340.,-27.82949444184,10.578643757336));
#5353 = CARTESIAN_POINT('',(360.,-23.31663972461,11.359618122582));
#5354 = CARTESIAN_POINT('',(340.,-28.20236852447,9.857566917987));
#5355 = CARTESIAN_POINT('',(360.,-23.63182747635,10.758516107028));
#5356 = CARTESIAN_POINT('',(340.,-28.85986720234,8.385405696313));
#5357 = CARTESIAN_POINT('',(360.,-24.18790755646,9.530503851907));
#5358 = CARTESIAN_POINT('',(340.,-29.16212010136,7.58068601614));
#5359 = CARTESIAN_POINT('',(360.,-24.44367385032,8.858835821912));
#5360 = CARTESIAN_POINT('',(340.,-29.68923717404,5.922771236686));
#5361 = CARTESIAN_POINT('',(360.,-24.88986250204,7.474412410625));
#5362 = CARTESIAN_POINT('',(340.,-29.92157777015,5.019537346359));
#5363 = CARTESIAN_POINT('',(360.,-25.08659931661,6.719863868553));
#5364 = CARTESIAN_POINT('',(340.,-30.31896892016,3.126320587637));
#5365 = CARTESIAN_POINT('',(360.,-25.42313774045,5.13786440964));
#5366 = CARTESIAN_POINT('',(340.,-30.48182832907,2.092954661043));
#5367 = CARTESIAN_POINT('',(360.,-25.56108487305,4.274156766122));
#5368 = CARTESIAN_POINT('',(340.,-30.75043032715,-0.153151119253));
#5369 = CARTESIAN_POINT('',(360.,-25.78859796991,2.396567088354));
#5370 = CARTESIAN_POINT('',(340.,-30.8431184019,-1.39976863649));
#5371 = CARTESIAN_POINT('',(360.,-25.86711435695,1.35435655371));
#5372 = CARTESIAN_POINT('',(340.,-31.00024947571,-4.753347771026));
#5373 = CARTESIAN_POINT('',(360.,-26.00021025214,-1.4494425234));
#5374 = CARTESIAN_POINT('',(340.,-30.99975134354,-8.999999999753));
#5375 = CARTESIAN_POINT('',(360.,-25.99979043831,-4.999999999794));
#5376 = CARTESIAN_POINT('',(340.,-31.00024947574,-13.24665222848));
#5377 = CARTESIAN_POINT('',(360.,-26.00021025216,-8.55055747619));
#5378 = CARTESIAN_POINT('',(340.,-30.8431184019,-16.60023136351));
#5379 = CARTESIAN_POINT('',(360.,-25.86711435695,-11.35435655371));
#5380 = CARTESIAN_POINT('',(340.,-30.75043032715,-17.84684888074));
#5381 = CARTESIAN_POINT('',(360.,-25.78859796991,-12.39656708835));
#5382 = CARTESIAN_POINT('',(340.,-30.48182832907,-20.09295466104));
#5383 = CARTESIAN_POINT('',(360.,-25.56108487305,-14.27415676612));
#5384 = CARTESIAN_POINT('',(340.,-30.31896892016,-21.12632058763));
#5385 = CARTESIAN_POINT('',(360.,-25.42313774045,-15.13786440964));
#5386 = CARTESIAN_POINT('',(340.,-29.92157777015,-23.01953734635));
#5387 = CARTESIAN_POINT('',(360.,-25.08659931661,-16.71986386855));
#5388 = CARTESIAN_POINT('',(340.,-29.68923717404,-23.92277123668));
#5389 = CARTESIAN_POINT('',(360.,-24.88986250204,-17.47441241062));
#5390 = CARTESIAN_POINT('',(340.,-29.16212010136,-25.58068601613));
#5391 = CARTESIAN_POINT('',(360.,-24.44367385032,-18.85883582191));
#5392 = CARTESIAN_POINT('',(340.,-28.85986720234,-26.38540569631));
#5393 = CARTESIAN_POINT('',(360.,-24.18790755646,-19.5305038519));
#5394 = CARTESIAN_POINT('',(340.,-28.20236852447,-27.85756691798));
#5395 = CARTESIAN_POINT('',(360.,-23.63182747635,-20.75851610702));
#5396 = CARTESIAN_POINT('',(340.,-27.82949444184,-28.57864375733));
#5397 = CARTESIAN_POINT('',(360.,-23.31663972461,-21.35961812258));
#5398 = CARTESIAN_POINT('',(340.,-27.04043349886,-29.89074287028));
#5399 = CARTESIAN_POINT('',(360.,-22.65013350164,-22.45254966975));
#5400 = CARTESIAN_POINT('',(340.,-26.59615537802,-30.5356318581));
#5401 = CARTESIAN_POINT('',(360.,-22.27514189571,-22.98928196884));
#5402 = CARTESIAN_POINT('',(340.,-25.67337318282,-31.70229226974));
#5403 = CARTESIAN_POINT('',(360.,-21.49694909458,-23.95940014648));
#5404 = CARTESIAN_POINT('',(340.,-25.15683682605,-32.27471575759));
#5405 = CARTESIAN_POINT('',(360.,-21.06173942456,-24.43495684459));
#5406 = CARTESIAN_POINT('',(340.,-24.09671217673,-33.30457412197));
#5407 = CARTESIAN_POINT('',(360.,-20.16936339988,-25.28974917915));
#5408 = CARTESIAN_POINT('',(340.,-23.50675824819,-33.80634982681));
#5409 = CARTESIAN_POINT('',(360.,-19.67322702116,-25.70585107347));
#5410 = CARTESIAN_POINT('',(340.,-22.30349597882,-34.70446937321));
#5411 = CARTESIAN_POINT('',(360.,-18.66221948777,-26.45000371042));
#5412 = CARTESIAN_POINT('',(340.,-21.63808469245,-35.13654598548));
#5413 = CARTESIAN_POINT('',(360.,-18.10361244869,-26.80772134885));
#5414 = CARTESIAN_POINT('',(340.,-20.28245307953,-35.90575293666));
#5415 = CARTESIAN_POINT('',(360.,-16.96644060293,-27.44413267263));
#5416 = CARTESIAN_POINT('',(340.,-19.53760630429,-36.26877522394));
#5417 = CARTESIAN_POINT('',(360.,-16.34207606497,-27.74429221069));
#5418 = CARTESIAN_POINT('',(340.,-18.01446266349,-36.91049980063));
#5419 = CARTESIAN_POINT('',(360.,-15.06605181379,-28.27465880171));
#5420 = CARTESIAN_POINT('',(340.,-17.18238626991,-37.20504615723));
#5421 = CARTESIAN_POINT('',(360.,-14.3693487166,-28.51798325474));
#5422 = CARTESIAN_POINT('',(340.,-15.46534671807,-37.71990875303));
#5423 = CARTESIAN_POINT('',(360.,-12.93222992327,-28.94321008803));
#5424 = CARTESIAN_POINT('',(340.,-14.53061942662,-37.94650462104));
#5425 = CARTESIAN_POINT('',(360.,-12.1501684499,-29.13030344209));
#5426 = CARTESIAN_POINT('',(340.,-12.56869067227,-38.33480266311));
#5427 = CARTESIAN_POINT('',(360.,-10.50906062948,-29.45088530146));
#5428 = CARTESIAN_POINT('',(340.,-11.4985771453,-38.4937354628));
#5429 = CARTESIAN_POINT('',(360.,-9.614123520429,-29.58208101656));
#5430 = CARTESIAN_POINT('',(340.,-9.170277482149,-38.75621471091));
#5431 = CARTESIAN_POINT('',(360.,-7.667183724624,-29.79875915476));
#5432 = CARTESIAN_POINT('',(340.,-7.878690491806,-38.84671478188));
#5433 = CARTESIAN_POINT('',(360.,-6.587259323997,-29.87346191055));
#5434 = CARTESIAN_POINT('',(340.,-4.402088581112,-39.00024699848));
#5435 = CARTESIAN_POINT('',(360.,-3.680485981914,-30.00020484693));
#5436 = CARTESIAN_POINT('',(340.,-3.311566828133E-10,-38.99975377549));
#5437 = CARTESIAN_POINT('',(360.,-2.777620772276E-10,-29.99979579496));
#5438 = CARTESIAN_POINT('',(340.,4.402088580439,-39.00024699854));
#5439 = CARTESIAN_POINT('',(360.,3.68048598135,-30.00020484697));
#5440 = CARTESIAN_POINT('',(340.,7.87869049181,-38.84671478186));
#5441 = CARTESIAN_POINT('',(360.,6.587259324,-29.87346191053));
#5442 = CARTESIAN_POINT('',(340.,9.170277482159,-38.75621471087));
#5443 = CARTESIAN_POINT('',(360.,7.667183724633,-29.79875915473));
#5444 = CARTESIAN_POINT('',(340.,11.498577145291,-38.49373546284));
#5445 = CARTESIAN_POINT('',(360.,9.614123520422,-29.58208101659));
#5446 = CARTESIAN_POINT('',(340.,12.568690672245,-38.33480266322));
#5447 = CARTESIAN_POINT('',(360.,10.509060629457,-29.45088530155));
#5448 = CARTESIAN_POINT('',(340.,14.530619426653,-37.94650462094));
#5449 = CARTESIAN_POINT('',(360.,12.150168449927,-29.13030344201));
#5450 = CARTESIAN_POINT('',(340.,15.465346718164,-37.7199087527));
#5451 = CARTESIAN_POINT('',(360.,12.932229923347,-28.94321008775));
#5452 = CARTESIAN_POINT('',(340.,17.182386269821,-37.20504615755));
#5453 = CARTESIAN_POINT('',(360.,14.369348716536,-28.51798325498));
#5454 = CARTESIAN_POINT('',(340.,18.014462663195,-36.91049980171));
#5455 = CARTESIAN_POINT('',(360.,15.06605181354,-28.27465880262));
#5456 = CARTESIAN_POINT('',(340.,19.537606304599,-36.26877522286));
#5457 = CARTESIAN_POINT('',(360.,16.342076065191,-27.7442922099));
#5458 = CARTESIAN_POINT('',(340.,20.28245308056,-35.905752933));
#5459 = CARTESIAN_POINT('',(360.,16.966440603776,-27.44413266956));
#5460 = CARTESIAN_POINT('',(340.,21.638084691398,-35.13654598924));
#5461 = CARTESIAN_POINT('',(360.,18.103612447957,-26.80772135154));
#5462 = CARTESIAN_POINT('',(340.,22.30349597526,-34.7044693859));
#5463 = CARTESIAN_POINT('',(360.,18.662219484857,-26.45000372106));
#5464 = CARTESIAN_POINT('',(340.,23.506758251961,-33.80634981339));
#5465 = CARTESIAN_POINT('',(360.,19.673227023763,-25.70585106399));
#5466 = CARTESIAN_POINT('',(340.,24.096712189496,-33.30457407647));
#5467 = CARTESIAN_POINT('',(360.,20.169363410338,-25.28974914102));
#5468 = CARTESIAN_POINT('',(340.,25.156836812221,-32.2747158069));
#5469 = CARTESIAN_POINT('',(360.,21.061739415065,-24.43495687922));
#5470 = CARTESIAN_POINT('',(340.,25.673373135561,-31.7022924382));
#5471 = CARTESIAN_POINT('',(360.,21.496949055882,-23.95940028758));
#5472 = CARTESIAN_POINT('',(340.,26.596155430338,-30.53563167163));
#5473 = CARTESIAN_POINT('',(360.,22.275141931756,-22.98928183745));
#5474 = CARTESIAN_POINT('',(340.,27.0404336797,-29.89074222565));
#5475 = CARTESIAN_POINT('',(360.,22.650133649749,-22.4525491298));
#5476 = CARTESIAN_POINT('',(340.,27.82949423821,-28.57864448324));
#5477 = CARTESIAN_POINT('',(360.,23.316639582611,-21.35961864031));
#5478 = CARTESIAN_POINT('',(340.,28.202367809028,-27.8575694683));
#5479 = CARTESIAN_POINT('',(360.,23.63182689004,-20.75851824463));
#5480 = CARTESIAN_POINT('',(340.,28.859868019474,-26.38540278351));
#5481 = CARTESIAN_POINT('',(360.,24.187908137791,-19.53050173249));
#5482 = CARTESIAN_POINT('',(340.,29.16212303043,-25.58067557495));
#5483 = CARTESIAN_POINT('',(360.,24.44367625356,-18.85882706014));
#5484 = CARTESIAN_POINT('',(340.,29.689233781812,-23.92278332888));
#5485 = CARTESIAN_POINT('',(360.,24.889860025525,-17.47442143958));
#5486 = CARTESIAN_POINT('',(340.,29.921565311734,-23.01958175657));
#5487 = CARTESIAN_POINT('',(360.,25.086589078377,-16.71990119538));
#5488 = CARTESIAN_POINT('',(340.,30.318983649737,-21.1262680815));
#5489 = CARTESIAN_POINT('',(360.,25.423148817291,-15.13782402541));
#5490 = CARTESIAN_POINT('',(340.,30.481884111087,-20.0927558163));
#5491 = CARTESIAN_POINT('',(360.,25.56113080293,-14.27398931379));
#5492 = CARTESIAN_POINT('',(340.,30.750361054667,-17.84709581464));
#5493 = CARTESIAN_POINT('',(360.,25.788544197919,-12.39676313168));
#5494 = CARTESIAN_POINT('',(340.,30.842843302559,-16.60121200323));
#5495 = CARTESIAN_POINT('',(360.,25.866887350245,-11.35518418056));
#5496 = CARTESIAN_POINT('',(340.,31.000728897498,-13.24494324599));
#5497 = CARTESIAN_POINT('',(360.,26.000595385168,-8.549153348586));
#5498 = CARTESIAN_POINT('',(340.,31.002361233229,-11.11141688426));
#5499 = CARTESIAN_POINT('',(360.,26.001953866012,-6.765235510275));
#5500 = CARTESIAN_POINT('',(340.,30.997638766771,-6.888583115738));
#5501 = CARTESIAN_POINT('',(360.,25.998046133988,-3.234764489725));
#5502 = DEFINITIONAL_REPRESENTATION('',(#5503),#5507);
#5503 = LINE('',#5504,#5505);
#5504 = CARTESIAN_POINT('',(0.,0.));
#5505 = VECTOR('',#5506,1.);
#5506 = DIRECTION('',(1.,0.));
#5507 = ( GEOMETRIC_REPRESENTATION_CONTEXT(2) 
PARAMETRIC_REPRESENTATION_CONTEXT() REPRESENTATION_CONTEXT('2D SPACE',''
  ) );
#5508 = ORIENTED_EDGE('',*,*,#5148,.F.);
#5509 = ADVANCED_FACE('',(#5510),#4183,.F.);
#5510 = FACE_BOUND('',#5511,.F.);
#5511 = EDGE_LOOP('',(#5512,#5513,#5535,#5874));
#5512 = ORIENTED_EDGE('',*,*,#2769,.F.);
#5513 = ORIENTED_EDGE('',*,*,#5514,.T.);
#5514 = EDGE_CURVE('',#2770,#5515,#5517,.T.);
#5515 = VERTEX_POINT('',#5516);
#5516 = CARTESIAN_POINT('',(290.,46.,-21.));
#5517 = SEAM_CURVE('',#5518,(#5521,#5528),.PCURVE_S1.);
#5518 = B_SPLINE_CURVE_WITH_KNOTS('',1,(#5519,#5520),.UNSPECIFIED.,.F.,
  .F.,(2,2),(0.,1.),.PIECEWISE_BEZIER_KNOTS.);
#5519 = CARTESIAN_POINT('',(225.,54.,-29.));
#5520 = CARTESIAN_POINT('',(290.,46.,-21.));
#5521 = PCURVE('',#4183,#5522);
#5522 = DEFINITIONAL_REPRESENTATION('',(#5523),#5527);
#5523 = LINE('',#5524,#5525);
#5524 = CARTESIAN_POINT('',(0.,0.));
#5525 = VECTOR('',#5526,1.);
#5526 = DIRECTION('',(0.,1.));
#5527 = ( GEOMETRIC_REPRESENTATION_CONTEXT(2) 
PARAMETRIC_REPRESENTATION_CONTEXT() REPRESENTATION_CONTEXT('2D SPACE',''
  ) );
#5528 = PCURVE('',#4183,#5529);
#5529 = DEFINITIONAL_REPRESENTATION('',(#5530),#5534);
#5530 = LINE('',#5531,#5532);
#5531 = CARTESIAN_POINT('',(377.65646363998,0.));
#5532 = VECTOR('',#5533,1.);
#5533 = DIRECTION('',(0.,1.));
#5534 = ( GEOMETRIC_REPRESENTATION_CONTEXT(2) 
PARAMETRIC_REPRESENTATION_CONTEXT() REPRESENTATION_CONTEXT('2D SPACE',''
  ) );
#5535 = ORIENTED_EDGE('',*,*,#5536,.F.);
#5536 = EDGE_CURVE('',#5515,#5515,#5537,.T.);
#5537 = SURFACE_CURVE('',#5538,(#5606,#5612),.PCURVE_S1.);
#5538 = B_SPLINE_CURVE_WITH_KNOTS('',3,(#5539,#5540,#5541,#5542,#5543,
    #5544,#5545,#5546,#5547,#5548,#5549,#5550,#5551,#5552,#5553,#5554,
    #5555,#5556,#5557,#5558,#5559,#5560,#5561,#5562,#5563,#5564,#5565,
    #5566,#5567,#5568,#5569,#5570,#5571,#5572,#5573,#5574,#5575,#5576,
    #5577,#5578,#5579,#5580,#5581,#5582,#5583,#5584,#5585,#5586,#5587,
    #5588,#5589,#5590,#5591,#5592,#5593,#5594,#5595,#5596,#5597,#5598,
    #5599,#5600,#5601,#5602,#5603,#5604,#5605),.UNSPECIFIED.,.T.,.F.,(1,
    1,2,1,1,1,1,1,1,1,1,1,1,1,1,1,1,1,1,1,1,1,1,1,1,1,1,1,1,1,1,1,1,1,1,
    1,1,1,1,1,1,1,1,1,1,1,1,1,1,1,1,1,1,1,1,1,1,1,1,1,1,1,1,1,1,1,2,1,1)
  ,(-15.82759075737,-9.992635487008,0.,9.992635487008,15.827590757375,
    20.679945162067,24.974813510581,28.901593814748,32.577579660527,
    36.092078057319,39.522994255258,42.944301189326,46.430283974985,
    50.059659226491,53.922683060084,58.137118884321,62.891176897823,
    68.603465002065,78.383587308401,88.163709616165,93.875997720408,
    98.630055733909,102.84449155814,106.70751539174,110.33689064324,
    113.8228734289,117.24418036297,120.67509656091,124.1895949577,
    127.86558080348,131.79236110764,136.08722945616,140.93958386085,
    146.77453913122,156.76717461707,166.75981010523,172.5947653756,
    177.44711978029,181.74198812881,185.66876843297,189.34475427875,
    192.85925267554,196.29016887348,199.71147580755,203.19745859321,
    206.82683384472,210.68985767831,214.90429350255,219.65835151605,
    225.37063962029,235.15076192585,244.93088423439,250.64317233863,
    255.39723035214,259.61166617637,263.47469000997,267.10406526147,
    270.59004804713,274.0113549812,277.44227117914,280.95676957593,
    284.63275542171,288.55953572587,292.85440407439,297.70675847908,
    303.54171374945,313.53434923646,323.52698472346,329.36193999383),
  .UNSPECIFIED.);
#5539 = CARTESIAN_POINT('',(290.,46.003981842201,-24.31992611177));
#5540 = CARTESIAN_POINT('',(290.,45.996018157799,-17.68007388822));
#5541 = CARTESIAN_POINT('',(290.,46.001662049729,-12.38752669888));
#5542 = CARTESIAN_POINT('',(290.,45.514287412367,-5.509148337347));
#5543 = CARTESIAN_POINT('',(290.,44.774215864116,-0.563753374252));
#5544 = CARTESIAN_POINT('',(290.,43.738134043762,3.676173396942));
#5545 = CARTESIAN_POINT('',(290.,42.402913125416,7.418784618678));
#5546 = CARTESIAN_POINT('',(290.,40.765371038024,10.752748855238));
#5547 = CARTESIAN_POINT('',(290.,38.821643601255,13.72319407068));
#5548 = CARTESIAN_POINT('',(290.,36.566430190932,16.354413347341));
#5549 = CARTESIAN_POINT('',(290.,33.991749511429,18.659873581115));
#5550 = CARTESIAN_POINT('',(290.,31.084284856796,20.647399531665));
#5551 = CARTESIAN_POINT('',(290.,27.820342180603,22.322040114795));
#5552 = CARTESIAN_POINT('',(290.,24.156053619096,23.687507848507));
#5553 = CARTESIAN_POINT('',(290.,20.004702061336,24.746883972473));
#5554 = CARTESIAN_POINT('',(290.,15.163746327849,25.503722184855));
#5555 = CARTESIAN_POINT('',(290.,8.42688507185,26.000602932504));
#5556 = CARTESIAN_POINT('',(290.,2.338451032014E-10,25.999619377912));
#5557 = CARTESIAN_POINT('',(290.,-8.42688507136,26.000602932497));
#5558 = CARTESIAN_POINT('',(290.,-15.16374632787,25.503722184933));
#5559 = CARTESIAN_POINT('',(290.,-20.00470206126,24.746883972245));
#5560 = CARTESIAN_POINT('',(290.,-24.15605361933,23.68750784923));
#5561 = CARTESIAN_POINT('',(290.,-27.8203421798,22.322040112396));
#5562 = CARTESIAN_POINT('',(290.,-31.08428485954,20.647399539905));
#5563 = CARTESIAN_POINT('',(290.,-33.99174950167,18.659873551873));
#5564 = CARTESIAN_POINT('',(290.,-36.56643022668,16.354413454507));
#5565 = CARTESIAN_POINT('',(290.,-38.82164346591,13.723193665052));
#5566 = CARTESIAN_POINT('',(290.,-40.7653715669,10.752750440379));
#5567 = CARTESIAN_POINT('',(290.,-42.40291099205,7.418778224596));
#5568 = CARTESIAN_POINT('',(290.,-43.73814293993,3.676200060474));
#5569 = CARTESIAN_POINT('',(290.,-44.77417724398,-0.56386912624));
#5570 = CARTESIAN_POINT('',(290.,-45.51446621904,-5.508612419278));
#5571 = CARTESIAN_POINT('',(290.,-46.00059642032,-12.39072059509));
#5572 = CARTESIAN_POINT('',(290.,-45.9996234543,-20.99999999961));
#5573 = CARTESIAN_POINT('',(290.,-46.00059642037,-29.60927940413));
#5574 = CARTESIAN_POINT('',(290.,-45.51446621904,-36.49138758072));
#5575 = CARTESIAN_POINT('',(290.,-44.77417724398,-41.43613087376));
#5576 = CARTESIAN_POINT('',(290.,-43.73814293993,-45.67620006047));
#5577 = CARTESIAN_POINT('',(290.,-42.40291099205,-49.41877822459));
#5578 = CARTESIAN_POINT('',(290.,-40.7653715669,-52.75275044037));
#5579 = CARTESIAN_POINT('',(290.,-38.82164346591,-55.72319366505));
#5580 = CARTESIAN_POINT('',(290.,-36.56643022668,-58.3544134545));
#5581 = CARTESIAN_POINT('',(290.,-33.99174950167,-60.65987355187));
#5582 = CARTESIAN_POINT('',(290.,-31.08428485954,-62.6473995399));
#5583 = CARTESIAN_POINT('',(290.,-27.8203421798,-64.32204011239));
#5584 = CARTESIAN_POINT('',(290.,-24.15605361933,-65.68750784923));
#5585 = CARTESIAN_POINT('',(290.,-20.00470206126,-66.74688397224));
#5586 = CARTESIAN_POINT('',(290.,-15.16374632787,-67.50372218493));
#5587 = CARTESIAN_POINT('',(290.,-8.426885072094,-68.00060293244));
#5588 = CARTESIAN_POINT('',(290.,-4.912346058123E-10,-67.99961937791));
#5589 = CARTESIAN_POINT('',(290.,8.426885071091,-68.00060293255));
#5590 = CARTESIAN_POINT('',(290.,15.163746327901,-67.50372218485));
#5591 = CARTESIAN_POINT('',(290.,20.004702061184,-66.74688397247));
#5592 = CARTESIAN_POINT('',(290.,24.156053619579,-65.6875078485));
#5593 = CARTESIAN_POINT('',(290.,27.820342179002,-64.32204011479));
#5594 = CARTESIAN_POINT('',(290.,31.084284862295,-62.64739953166));
#5595 = CARTESIAN_POINT('',(290.,33.991749491917,-60.65987358111));
#5596 = CARTESIAN_POINT('',(290.,36.566430262443,-58.35441334734));
#5597 = CARTESIAN_POINT('',(290.,38.821643330583,-55.72319407068));
#5598 = CARTESIAN_POINT('',(290.,40.765372095775,-52.75274885523));
#5599 = CARTESIAN_POINT('',(290.,42.402908858702,-49.41878461867));
#5600 = CARTESIAN_POINT('',(290.,43.7381518361,-45.67617339694));
#5601 = CARTESIAN_POINT('',(290.,44.774138623845,-41.43624662574));
#5602 = CARTESIAN_POINT('',(290.,45.514645025723,-36.49085166265));
#5603 = CARTESIAN_POINT('',(290.,45.999530790969,-29.61247330111));
#5604 = CARTESIAN_POINT('',(290.,46.003981842201,-24.31992611177));
#5605 = CARTESIAN_POINT('',(290.,45.996018157799,-17.68007388822));
#5606 = PCURVE('',#4183,#5607);
#5607 = DEFINITIONAL_REPRESENTATION('',(#5608),#5611);
#5608 = B_SPLINE_CURVE_WITH_KNOTS('',1,(#5609,#5610),.UNSPECIFIED.,.F.,
  .F.,(2,2),(0.,313.53434923646),.PIECEWISE_BEZIER_KNOTS.);
#5609 = CARTESIAN_POINT('',(0.,1.));
#5610 = CARTESIAN_POINT('',(377.65646363998,1.));
#5611 = ( GEOMETRIC_REPRESENTATION_CONTEXT(2) 
PARAMETRIC_REPRESENTATION_CONTEXT() REPRESENTATION_CONTEXT('2D SPACE',''
  ) );
#5612 = PCURVE('',#5613,#5868);
#5613 = B_SPLINE_SURFACE_WITH_KNOTS('',3,1,(
    (#5614,#5615)
    ,(#5616,#5617)
    ,(#5618,#5619)
    ,(#5620,#5621)
    ,(#5622,#5623)
    ,(#5624,#5625)
    ,(#5626,#5627)
    ,(#5628,#5629)
    ,(#5630,#5631)
    ,(#5632,#5633)
    ,(#5634,#5635)
    ,(#5636,#5637)
    ,(#5638,#5639)
    ,(#5640,#5641)
    ,(#5642,#5643)
    ,(#5644,#5645)
    ,(#5646,#5647)
    ,(#5648,#5649)
    ,(#5650,#5651)
    ,(#5652,#5653)
    ,(#5654,#5655)
    ,(#5656,#5657)
    ,(#5658,#5659)
    ,(#5660,#5661)
    ,(#5662,#5663)
    ,(#5664,#5665)
    ,(#5666,#5667)
    ,(#5668,#5669)
    ,(#5670,#5671)
    ,(#5672,#5673)
    ,(#5674,#5675)
    ,(#5676,#5677)
    ,(#5678,#5679)
    ,(#5680,#5681)
    ,(#5682,#5683)
    ,(#5684,#5685)
    ,(#5686,#5687)
    ,(#5688,#5689)
    ,(#5690,#5691)
    ,(#5692,#5693)
    ,(#5694,#5695)
    ,(#5696,#5697)
    ,(#5698,#5699)
    ,(#5700,#5701)
    ,(#5702,#5703)
    ,(#5704,#5705)
    ,(#5706,#5707)
    ,(#5708,#5709)
    ,(#5710,#5711)
    ,(#5712,#5713)
    ,(#5714,#5715)
    ,(#5716,#5717)
    ,(#5718,#5719)
    ,(#5720,#5721)
    ,(#5722,#5723)
    ,(#5724,#5725)
    ,(#5726,#5727)
    ,(#5728,#5729)
    ,(#5730,#5731)
    ,(#5732,#5733)
    ,(#5734,#5735)
    ,(#5736,#5737)
    ,(#5738,#5739)
    ,(#5740,#5741)
    ,(#5742,#5743)
    ,(#5744,#5745)
    ,(#5746,#5747)
    ,(#5748,#5749)
    ,(#5750,#5751)
    ,(#5752,#5753)
    ,(#5754,#5755)
    ,(#5756,#5757)
    ,(#5758,#5759)
    ,(#5760,#5761)
    ,(#5762,#5763)
    ,(#5764,#5765)
    ,(#5766,#5767)
    ,(#5768,#5769)
    ,(#5770,#5771)
    ,(#5772,#5773)
    ,(#5774,#5775)
    ,(#5776,#5777)
    ,(#5778,#5779)
    ,(#5780,#5781)
    ,(#5782,#5783)
    ,(#5784,#5785)
    ,(#5786,#5787)
    ,(#5788,#5789)
    ,(#5790,#5791)
    ,(#5792,#5793)
    ,(#5794,#5795)
    ,(#5796,#5797)
    ,(#5798,#5799)
    ,(#5800,#5801)
    ,(#5802,#5803)
    ,(#5804,#5805)
    ,(#5806,#5807)
    ,(#5808,#5809)
    ,(#5810,#5811)
    ,(#5812,#5813)
    ,(#5814,#5815)
    ,(#5816,#5817)
    ,(#5818,#5819)
    ,(#5820,#5821)
    ,(#5822,#5823)
    ,(#5824,#5825)
    ,(#5826,#5827)
    ,(#5828,#5829)
    ,(#5830,#5831)
    ,(#5832,#5833)
    ,(#5834,#5835)
    ,(#5836,#5837)
    ,(#5838,#5839)
    ,(#5840,#5841)
    ,(#5842,#5843)
    ,(#5844,#5845)
    ,(#5846,#5847)
    ,(#5848,#5849)
    ,(#5850,#5851)
    ,(#5852,#5853)
    ,(#5854,#5855)
    ,(#5856,#5857)
    ,(#5858,#5859)
    ,(#5860,#5861)
    ,(#5862,#5863)
    ,(#5864,#5865)
    ,(#5866,#5867
    )),.UNSPECIFIED.,.T.,.F.,.F.,(1,1,2,1,1,1,1,1,1,1,1,1,1,1,1,1,1,1,1,
    1,1,1,1,1,1,1,1,1,1,1,1,1,1,1,1,1,1,1,1,1,1,1,1,1,1,1,1,1,1,1,1,1,1,
    1,1,1,1,1,1,1,1,1,1,1,1,1,1,1,1,1,1,1,1,1,1,1,1,1,1,1,1,1,1,1,1,1,1,
    1,1,1,1,1,1,1,1,1,1,1,1,1,1,1,1,1,1,1,1,1,1,1,1,1,1,1,1,1,1,1,1,1,1,
    1,1,1,1,1,2,1,1),(2,2),(-9.992635487008,-9.718636412144,0.,
    9.718636412144,9.992635487008,15.395443407914,15.827590757375,
    20.121094755426,20.679945162067,24.312329762445,24.974813510581,
    28.157025003865,28.901593814748,31.773080703192,32.577579660527,
    35.251015129117,36.092078057319,38.669753561957,39.522994255258,
    42.103637127038,42.944301189326,45.626515410659,46.430283974985,
    49.316036040966,50.059659226491,53.261222514765,53.922683060084,
    57.579235204986,58.137118884321,62.45982301519,62.891176897823,
    68.32998127796,68.603465002065,78.383587308401,88.163709616165,
    88.43719334027,93.875997720408,94.30735160304,98.630055733909,
    99.187939413244,102.84449155814,103.50595210346,106.70751539174,
    107.45113857726,110.33689064324,111.14065920757,113.8228734289,
    114.66353749119,117.24418036297,118.09742105627,120.67509656091,
    121.51615948911,124.1895949577,124.99409391503,127.86558080348,
    128.61014961436,131.79236110764,132.45484485578,136.08722945616,
    136.6460798628,140.93958386085,141.37173121031,146.77453913122,
    147.04853820608,156.76717461707,166.48581103037,166.75981010523,
    172.16261802614,172.5947653756,176.88826937365,177.44711978029,
    181.07950438067,181.74198812881,184.92419962209,185.66876843297,
    188.54025532142,189.34475427875,192.01818974734,192.85925267554,
    195.43692818018,196.29016887348,198.87081174526,199.71147580755,
    202.39369002889,203.19745859321,206.08321065919,206.82683384472,
    210.02839713299,210.68985767831,214.34640982321,214.90429350255,
    219.22699763342,219.65835151605,225.09715589619,225.37063962029,
    235.15076192585,244.93088423439,245.2043679585,250.64317233863,
    251.07452622127,255.39723035214,255.95511403147,259.61166617637,
    260.27312672169,263.47469000997,264.21831319549,267.10406526147,
    267.9078338258,270.59004804713,271.43071210942,274.0113549812,
    274.8645956745,277.44227117914,278.28333410734,280.95676957593,
    281.76126853326,284.63275542171,285.37732423259,288.55953572587,
    289.22201947401,292.85440407439,293.41325448103,297.70675847908,
    298.13890582854,303.54171374945,303.81571282431,313.53434923646,
    323.2529856486,323.52698472346),(0.,1.),.UNSPECIFIED.);
#5614 = CARTESIAN_POINT('',(290.,46.003872659685,-24.22889340229));
#5615 = CARTESIAN_POINT('',(340.,30.002286033898,-11.04774597585));
#5616 = CARTESIAN_POINT('',(290.,45.996127340315,-17.7711065977));
#5617 = CARTESIAN_POINT('',(340.,29.997713966102,-6.952254024142));
#5618 = CARTESIAN_POINT('',(290.,45.999483684199,-14.43028416243));
#5619 = CARTESIAN_POINT('',(340.,29.999843931168,-4.831633497511));
#5620 = CARTESIAN_POINT('',(290.,45.77881227907,-9.299034070781));
#5621 = CARTESIAN_POINT('',(340.,29.843114472691,-1.576975413849));
#5622 = CARTESIAN_POINT('',(290.,45.638829915061,-7.266832036815));
#5623 = CARTESIAN_POINT('',(340.,29.743810789679,-0.28849586259));
#5624 = CARTESIAN_POINT('',(290.,45.267873984629,-3.910927717871));
#5625 = CARTESIAN_POINT('',(340.,29.48088095441,1.83759757823));
#5626 = CARTESIAN_POINT('',(290.,45.013974005306,-2.165894014034));
#5627 = CARTESIAN_POINT('',(340.,29.300866980939,2.941934615987));
#5628 = CARTESIAN_POINT('',(290.,44.475973283842,0.611761237385));
#5629 = CARTESIAN_POINT('',(340.,28.919949773739,4.696212682792));
#5630 = CARTESIAN_POINT('',(290.,44.101821663578,2.1878653837));
#5631 = CARTESIAN_POINT('',(340.,28.6553309889,5.689387058222));
#5632 = CARTESIAN_POINT('',(290.,43.400340568847,4.580541139421));
#5633 = CARTESIAN_POINT('',(340.,28.160500072753,7.192124641746));
#5634 = CARTESIAN_POINT('',(290.,42.899013173625,6.028221018287));
#5635 = CARTESIAN_POINT('',(340.,27.807790655774,8.097948856731));
#5636 = CARTESIAN_POINT('',(290.,42.036277380996,8.124973071855));
#5637 = CARTESIAN_POINT('',(340.,27.203279134031,9.403450384105));
#5638 = CARTESIAN_POINT('',(290.,41.401547312591,9.457521719469));
#5639 = CARTESIAN_POINT('',(340.,26.760541186202,10.22868520634));
#5640 = CARTESIAN_POINT('',(290.,40.375764159662,11.310372273772));
#5641 = CARTESIAN_POINT('',(340.,26.049084848473,11.368707677301));
#5642 = CARTESIAN_POINT('',(290.,39.603420268399,12.528466499039));
#5643 = CARTESIAN_POINT('',(340.,25.516805739605,12.113075052188));
#5644 = CARTESIAN_POINT('',(290.,38.407543700402,14.17161760443));
#5645 = CARTESIAN_POINT('',(340.,24.698424094707,13.109497773242));
#5646 = CARTESIAN_POINT('',(290.,37.496330459356,15.269473225732));
#5647 = CARTESIAN_POINT('',(340.,24.079623589993,13.770133630545));
#5648 = CARTESIAN_POINT('',(290.,36.117315635624,16.725616157893));
#5649 = CARTESIAN_POINT('',(340.,23.15041811079,14.639279730932));
#5650 = CARTESIAN_POINT('',(290.,35.069280190849,17.695014462138));
#5651 = CARTESIAN_POINT('',(340.,22.449957253723,15.213430274577));
#5652 = CARTESIAN_POINT('',(290.,33.487902966484,18.977737989538));
#5653 = CARTESIAN_POINT('',(340.,21.401136909129,15.967405818653));
#5654 = CARTESIAN_POINT('',(290.,32.307557020106,19.811177785928));
#5655 = CARTESIAN_POINT('',(340.,20.624248708667,16.45390851861));
#5656 = CARTESIAN_POINT('',(290.,30.498029267843,20.926391328374));
#5657 = CARTESIAN_POINT('',(340.,19.441266026336,17.100852094021));
#5658 = CARTESIAN_POINT('',(290.,29.189927605565,21.619342928526));
#5659 = CARTESIAN_POINT('',(340.,18.591550700457,17.500614716561));
#5660 = CARTESIAN_POINT('',(290.,27.11774535443,22.566877291498));
#5661 = CARTESIAN_POINT('',(340.,17.252602422109,18.044855874831));
#5662 = CARTESIAN_POINT('',(290.,25.682229689095,23.118790580593));
#5663 = CARTESIAN_POINT('',(340.,16.329502901591,18.360608944539));
#5664 = CARTESIAN_POINT('',(290.,23.297206083962,23.894295084162));
#5665 = CARTESIAN_POINT('',(340.,14.801434935956,18.803163363313));
#5666 = CARTESIAN_POINT('',(290.,21.72326240518,24.308327572097));
#5667 = CARTESIAN_POINT('',(340.,13.796299189629,19.038846656791));
#5668 = CARTESIAN_POINT('',(290.,18.939610838979,24.905230604038));
#5669 = CARTESIAN_POINT('',(340.,12.022539219988,19.378297007619));
#5670 = CARTESIAN_POINT('',(290.,17.189598834779,25.186999067705));
#5671 = CARTESIAN_POINT('',(340.,10.909549664736,19.538313647257));
#5672 = CARTESIAN_POINT('',(290.,13.815917709638,25.598760336875));
#5673 = CARTESIAN_POINT('',(340.,8.76620868824,19.772177925653));
#5674 = CARTESIAN_POINT('',(290.,11.772147442101,25.753871345723));
#5675 = CARTESIAN_POINT('',(340.,7.468976010479,19.860216857779));
#5676 = CARTESIAN_POINT('',(290.,6.61336760808,26.00039126551));
#5677 = CARTESIAN_POINT('',(340.,4.195545071295,20.000231601939));
#5678 = CARTESIAN_POINT('',(290.,2.338451032014E-10,25.999619377912));
#5679 = CARTESIAN_POINT('',(340.,1.52768415973E-10,19.999774698228));
#5680 = CARTESIAN_POINT('',(290.,-6.613367607595,26.000391265505));
#5681 = CARTESIAN_POINT('',(340.,-4.195545070979,20.000231601932));
#5682 = CARTESIAN_POINT('',(290.,-11.7721474421,25.753871345741));
#5683 = CARTESIAN_POINT('',(340.,-7.468976010482,19.860216857789));
#5684 = CARTESIAN_POINT('',(290.,-13.81591770965,25.598760336925));
#5685 = CARTESIAN_POINT('',(340.,-8.76620868825,19.772177925688));
#5686 = CARTESIAN_POINT('',(290.,-17.18959883476,25.186999067655));
#5687 = CARTESIAN_POINT('',(340.,-10.90954966473,19.538313647236));
#5688 = CARTESIAN_POINT('',(290.,-18.93961083893,24.905230603901));
#5689 = CARTESIAN_POINT('',(340.,-12.02253921996,19.378297007523));
#5690 = CARTESIAN_POINT('',(290.,-21.72326240523,24.308327572263));
#5691 = CARTESIAN_POINT('',(340.,-13.79629918964,19.038846656842));
#5692 = CARTESIAN_POINT('',(290.,-23.2972060841,23.894295084575));
#5693 = CARTESIAN_POINT('',(340.,-14.80143493603,18.803163363602));
#5694 = CARTESIAN_POINT('',(290.,-25.6822296889,23.118790580016));
#5695 = CARTESIAN_POINT('',(340.,-16.32950290155,18.360608944412));
#5696 = CARTESIAN_POINT('',(290.,-27.11774535399,22.566877290194));
#5697 = CARTESIAN_POINT('',(340.,-17.25260242185,18.044855873918));
#5698 = CARTESIAN_POINT('',(290.,-29.18992760625,21.619342930591));
#5699 = CARTESIAN_POINT('',(340.,-18.59155070054,17.500614716884));
#5700 = CARTESIAN_POINT('',(290.,-30.49802926926,20.926391332639));
#5701 = CARTESIAN_POINT('',(340.,-19.44126602717,17.100852097023));
#5702 = CARTESIAN_POINT('',(290.,-32.30755701759,19.811177778399));
#5703 = CARTESIAN_POINT('',(340.,-20.62424870843,16.453908517768));
#5704 = CARTESIAN_POINT('',(290.,-33.48790296165,18.977737975051));
#5705 = CARTESIAN_POINT('',(340.,-21.40113690626,15.967405808399));
#5706 = CARTESIAN_POINT('',(290.,-35.06928020014,17.695014489984));
#5707 = CARTESIAN_POINT('',(340.,-22.44995725439,15.213430276961));
#5708 = CARTESIAN_POINT('',(290.,-36.11731565276,16.72561620928));
#5709 = CARTESIAN_POINT('',(340.,-23.15041812097,14.639279767386));
#5710 = CARTESIAN_POINT('',(290.,-37.49633042456,15.269473121456));
#5711 = CARTESIAN_POINT('',(340.,-24.07962358775,13.770133622542));
#5712 = CARTESIAN_POINT('',(290.,-38.40754363658,14.171617413164));
#5713 = CARTESIAN_POINT('',(340.,-24.69842405692,13.109497638023));
#5714 = CARTESIAN_POINT('',(290.,-39.60342040021,12.528466894109));
#5715 = CARTESIAN_POINT('',(340.,-25.51680574895,12.113075085646));
#5716 = CARTESIAN_POINT('',(290.,-40.37576440899,11.310373021074));
#5717 = CARTESIAN_POINT('',(340.,-26.04908499483,11.368708201058));
#5718 = CARTESIAN_POINT('',(290.,-41.4015468072,9.457520204725));
#5719 = CARTESIAN_POINT('',(340.,-26.76054113981,10.228685040334));
#5720 = CARTESIAN_POINT('',(290.,-42.03627636267,8.124970019763));
#5721 = CARTESIAN_POINT('',(340.,-27.20327854272,9.403448268125));
#5722 = CARTESIAN_POINT('',(290.,-42.89901513827,6.02822690673));
#5723 = CARTESIAN_POINT('',(340.,-27.80779090628,8.097949753175));
#5724 = CARTESIAN_POINT('',(290.,-43.40034489211,4.580554097083));
#5725 = CARTESIAN_POINT('',(340.,-28.16050256041,7.192133543713));
#5726 = CARTESIAN_POINT('',(290.,-44.10181388047,2.187842056237));
#5727 = CARTESIAN_POINT('',(340.,-28.65532959408,5.689382066949));
#5728 = CARTESIAN_POINT('',(290.,-44.47595423943,0.611704157633));
#5729 = CARTESIAN_POINT('',(340.,-28.91993886187,4.696173635214));
#5730 = CARTESIAN_POINT('',(290.,-45.0140058241,-2.165798646973));
#5731 = CARTESIAN_POINT('',(340.,-29.30087488954,2.941962916569));
#5732 = CARTESIAN_POINT('',(290.,-45.26796185525,-3.910664352681));
#5733 = CARTESIAN_POINT('',(340.,-29.48093140953,1.837778129491));
#5734 = CARTESIAN_POINT('',(290.,-45.63869072164,-7.267249226309));
#5735 = CARTESIAN_POINT('',(340.,-29.74376371969,-0.288664300294));
#5736 = CARTESIAN_POINT('',(290.,-45.77836870197,-9.300363556802));
#5737 = CARTESIAN_POINT('',(340.,-29.84285748509,-1.577895031794));
#5738 = CARTESIAN_POINT('',(290.,-46.00036622075,-14.42763902987));
#5739 = CARTESIAN_POINT('',(340.,-30.00024897807,-4.830184056046));
#5740 = CARTESIAN_POINT('',(290.,-45.99964382103,-20.99999999961));
#5741 = CARTESIAN_POINT('',(340.,-29.99975784891,-8.999999999761));
#5742 = CARTESIAN_POINT('',(290.,-46.00036622079,-27.57236096934));
#5743 = CARTESIAN_POINT('',(340.,-30.00024897809,-13.16981594347));
#5744 = CARTESIAN_POINT('',(290.,-45.77836870197,-32.69963644319));
#5745 = CARTESIAN_POINT('',(340.,-29.84285748509,-16.4221049682));
#5746 = CARTESIAN_POINT('',(290.,-45.63869072164,-34.73275077369));
#5747 = CARTESIAN_POINT('',(340.,-29.74376371969,-17.7113356997));
#5748 = CARTESIAN_POINT('',(290.,-45.26796185525,-38.08933564731));
#5749 = CARTESIAN_POINT('',(340.,-29.48093140953,-19.83777812949));
#5750 = CARTESIAN_POINT('',(290.,-45.0140058241,-39.83420135302));
#5751 = CARTESIAN_POINT('',(340.,-29.30087488954,-20.94196291656));
#5752 = CARTESIAN_POINT('',(290.,-44.47595423943,-42.61170415763));
#5753 = CARTESIAN_POINT('',(340.,-28.91993886187,-22.69617363521));
#5754 = CARTESIAN_POINT('',(290.,-44.10181388047,-44.18784205623));
#5755 = CARTESIAN_POINT('',(340.,-28.65532959408,-23.68938206694));
#5756 = CARTESIAN_POINT('',(290.,-43.40034489211,-46.58055409708));
#5757 = CARTESIAN_POINT('',(340.,-28.16050256041,-25.19213354371));
#5758 = CARTESIAN_POINT('',(290.,-42.89901513827,-48.02822690672));
#5759 = CARTESIAN_POINT('',(340.,-27.80779090628,-26.09794975317));
#5760 = CARTESIAN_POINT('',(290.,-42.03627636267,-50.12497001976));
#5761 = CARTESIAN_POINT('',(340.,-27.20327854272,-27.40344826812));
#5762 = CARTESIAN_POINT('',(290.,-41.4015468072,-51.45752020472));
#5763 = CARTESIAN_POINT('',(340.,-26.76054113981,-28.22868504033));
#5764 = CARTESIAN_POINT('',(290.,-40.37576440899,-53.31037302107));
#5765 = CARTESIAN_POINT('',(340.,-26.04908499483,-29.36870820105));
#5766 = CARTESIAN_POINT('',(290.,-39.60342040021,-54.5284668941));
#5767 = CARTESIAN_POINT('',(340.,-25.51680574895,-30.11307508564));
#5768 = CARTESIAN_POINT('',(290.,-38.40754363658,-56.17161741316));
#5769 = CARTESIAN_POINT('',(340.,-24.69842405692,-31.10949763802));
#5770 = CARTESIAN_POINT('',(290.,-37.49633042456,-57.26947312145));
#5771 = CARTESIAN_POINT('',(340.,-24.07962358775,-31.77013362254));
#5772 = CARTESIAN_POINT('',(290.,-36.11731565276,-58.72561620928));
#5773 = CARTESIAN_POINT('',(340.,-23.15041812097,-32.63927976738));
#5774 = CARTESIAN_POINT('',(290.,-35.06928020014,-59.69501448998));
#5775 = CARTESIAN_POINT('',(340.,-22.44995725439,-33.21343027696));
#5776 = CARTESIAN_POINT('',(290.,-33.48790296165,-60.97773797505));
#5777 = CARTESIAN_POINT('',(340.,-21.40113690626,-33.96740580839));
#5778 = CARTESIAN_POINT('',(290.,-32.30755701759,-61.81117777839));
#5779 = CARTESIAN_POINT('',(340.,-20.62424870843,-34.45390851776));
#5780 = CARTESIAN_POINT('',(290.,-30.49802926926,-62.92639133263));
#5781 = CARTESIAN_POINT('',(340.,-19.44126602717,-35.10085209702));
#5782 = CARTESIAN_POINT('',(290.,-29.18992760625,-63.61934293059));
#5783 = CARTESIAN_POINT('',(340.,-18.59155070054,-35.50061471688));
#5784 = CARTESIAN_POINT('',(290.,-27.11774535399,-64.56687729019));
#5785 = CARTESIAN_POINT('',(340.,-17.25260242185,-36.04485587391));
#5786 = CARTESIAN_POINT('',(290.,-25.6822296889,-65.11879058001));
#5787 = CARTESIAN_POINT('',(340.,-16.32950290155,-36.36060894441));
#5788 = CARTESIAN_POINT('',(290.,-23.2972060841,-65.89429508457));
#5789 = CARTESIAN_POINT('',(340.,-14.80143493603,-36.8031633636));
#5790 = CARTESIAN_POINT('',(290.,-21.72326240523,-66.30832757226));
#5791 = CARTESIAN_POINT('',(340.,-13.79629918964,-37.03884665684));
#5792 = CARTESIAN_POINT('',(290.,-18.93961083893,-66.9052306039));
#5793 = CARTESIAN_POINT('',(340.,-12.02253921996,-37.37829700752));
#5794 = CARTESIAN_POINT('',(290.,-17.18959883476,-67.18699906765));
#5795 = CARTESIAN_POINT('',(340.,-10.90954966473,-37.53831364723));
#5796 = CARTESIAN_POINT('',(290.,-13.81591770965,-67.59876033692));
#5797 = CARTESIAN_POINT('',(340.,-8.76620868825,-37.77217792568));
#5798 = CARTESIAN_POINT('',(290.,-11.7721474421,-67.75387134574));
#5799 = CARTESIAN_POINT('',(340.,-7.468976010482,-37.86021685779));
#5800 = CARTESIAN_POINT('',(290.,-6.613367608327,-68.00039126546));
#5801 = CARTESIAN_POINT('',(340.,-4.195545071456,-38.0002316019));
#5802 = CARTESIAN_POINT('',(290.,-4.912346058123E-10,-67.99961937791));
#5803 = CARTESIAN_POINT('',(340.,-3.206009416279E-10,-37.99977469822));
#5804 = CARTESIAN_POINT('',(290.,6.613367607328,-68.00039126554));
#5805 = CARTESIAN_POINT('',(340.,4.195545070805,-38.00023160196));
#5806 = CARTESIAN_POINT('',(290.,11.772147442113,-67.75387134572));
#5807 = CARTESIAN_POINT('',(340.,7.468976010485,-37.86021685777));
#5808 = CARTESIAN_POINT('',(290.,13.815917709672,-67.59876033687));
#5809 = CARTESIAN_POINT('',(340.,8.76620868826,-37.77217792565));
#5810 = CARTESIAN_POINT('',(290.,17.189598834745,-67.1869990677));
#5811 = CARTESIAN_POINT('',(340.,10.909549664724,-37.53831364725));
#5812 = CARTESIAN_POINT('',(290.,18.939610838888,-66.90523060403));
#5813 = CARTESIAN_POINT('',(340.,12.022539219934,-37.37829700762));
#5814 = CARTESIAN_POINT('',(290.,21.723262405291,-66.30832757209));
#5815 = CARTESIAN_POINT('',(340.,13.796299189658,-37.03884665679));
#5816 = CARTESIAN_POINT('',(290.,23.297206084238,-65.89429508416));
#5817 = CARTESIAN_POINT('',(340.,14.801434936117,-36.80316336331));
#5818 = CARTESIAN_POINT('',(290.,25.68222968871,-65.11879058059));
#5819 = CARTESIAN_POINT('',(340.,16.329502901519,-36.36060894453));
#5820 = CARTESIAN_POINT('',(290.,27.11774535356,-64.56687729149));
#5821 = CARTESIAN_POINT('',(340.,17.252602421599,-36.04485587483));
#5822 = CARTESIAN_POINT('',(290.,29.189927606943,-63.61934292852));
#5823 = CARTESIAN_POINT('',(340.,18.591550700638,-35.50061471656));
#5824 = CARTESIAN_POINT('',(290.,30.498029270688,-62.92639132837));
#5825 = CARTESIAN_POINT('',(340.,19.441266028014,-35.10085209402));
#5826 = CARTESIAN_POINT('',(290.,32.307557015082,-61.81117778592));
#5827 = CARTESIAN_POINT('',(340.,20.624248708197,-34.45390851861));
#5828 = CARTESIAN_POINT('',(290.,33.487902956817,-60.97773798953));
#5829 = CARTESIAN_POINT('',(340.,21.401136903398,-33.96740581865));
#5830 = CARTESIAN_POINT('',(290.,35.069280209431,-59.69501446213));
#5831 = CARTESIAN_POINT('',(340.,22.449957255056,-33.21343027457));
#5832 = CARTESIAN_POINT('',(290.,36.117315669914,-58.72561615789));
#5833 = CARTESIAN_POINT('',(340.,23.150418131164,-32.63927973093));
#5834 = CARTESIAN_POINT('',(290.,37.496330389774,-57.26947322573));
#5835 = CARTESIAN_POINT('',(340.,24.07962358552,-31.77013363054));
#5836 = CARTESIAN_POINT('',(290.,38.407543572772,-56.17161760443));
#5837 = CARTESIAN_POINT('',(340.,24.698424019133,-31.10949777324));
#5838 = CARTESIAN_POINT('',(290.,39.603420532025,-54.52846649903));
#5839 = CARTESIAN_POINT('',(340.,25.516805758304,-30.11307505218));
#5840 = CARTESIAN_POINT('',(290.,40.37576465833,-53.31037227377));
#5841 = CARTESIAN_POINT('',(340.,26.049085141201,-29.3687076773));
#5842 = CARTESIAN_POINT('',(290.,41.401546301816,-51.45752171946));
#5843 = CARTESIAN_POINT('',(340.,26.760541093421,-28.22868520634));
#5844 = CARTESIAN_POINT('',(290.,42.036275344362,-50.12497307185));
#5845 = CARTESIAN_POINT('',(340.,27.203277951409,-27.4034503841));
#5846 = CARTESIAN_POINT('',(290.,42.899017102931,-48.02822101828));
#5847 = CARTESIAN_POINT('',(340.,27.807791156797,-26.09794885673));
#5848 = CARTESIAN_POINT('',(290.,43.400349215379,-46.58054113942));
#5849 = CARTESIAN_POINT('',(340.,28.160505048069,-25.19212464174));
#5850 = CARTESIAN_POINT('',(290.,44.101806097369,-44.1878653837));
#5851 = CARTESIAN_POINT('',(340.,28.655328199273,-23.68938705822));
#5852 = CARTESIAN_POINT('',(290.,44.475935195031,-42.61176123738));
#5853 = CARTESIAN_POINT('',(340.,28.919927950017,-22.69621268279));
#5854 = CARTESIAN_POINT('',(290.,45.014037642897,-39.83410598596));
#5855 = CARTESIAN_POINT('',(340.,29.300882798156,-20.94193461598));
#5856 = CARTESIAN_POINT('',(290.,45.268049725875,-38.08907228212));
#5857 = CARTESIAN_POINT('',(340.,29.480981864652,-19.83759757823));
#5858 = CARTESIAN_POINT('',(290.,45.638551528227,-34.73316796318));
#5859 = CARTESIAN_POINT('',(340.,29.743716649714,-17.71150413741));
#5860 = CARTESIAN_POINT('',(290.,45.777925124885,-32.70096592921));
#5861 = CARTESIAN_POINT('',(340.,29.842600497501,-16.42302458615));
#5862 = CARTESIAN_POINT('',(290.,46.001248757347,-27.56971583756));
#5863 = CARTESIAN_POINT('',(340.,30.000654025006,-13.16836650248));
#5864 = CARTESIAN_POINT('',(290.,46.003872659685,-24.22889340229));
#5865 = CARTESIAN_POINT('',(340.,30.002286033898,-11.04774597585));
#5866 = CARTESIAN_POINT('',(290.,45.996127340315,-17.7711065977));
#5867 = CARTESIAN_POINT('',(340.,29.997713966102,-6.952254024142));
#5868 = DEFINITIONAL_REPRESENTATION('',(#5869),#5873);
#5869 = LINE('',#5870,#5871);
#5870 = CARTESIAN_POINT('',(0.,0.));
#5871 = VECTOR('',#5872,1.);
#5872 = DIRECTION('',(1.,0.));
#5873 = ( GEOMETRIC_REPRESENTATION_CONTEXT(2) 
PARAMETRIC_REPRESENTATION_CONTEXT() REPRESENTATION_CONTEXT('2D SPACE',''
  ) );
#5874 = ORIENTED_EDGE('',*,*,#5514,.F.);
#5875 = ADVANCED_FACE('',(#5876),#5247,.T.);
#5876 = FACE_BOUND('',#5877,.T.);
#5877 = EDGE_LOOP('',(#5878,#5879,#5901,#6054));
#5878 = ORIENTED_EDGE('',*,*,#5170,.T.);
#5879 = ORIENTED_EDGE('',*,*,#5880,.T.);
#5880 = EDGE_CURVE('',#5149,#5881,#5883,.T.);
#5881 = VERTEX_POINT('',#5882);
#5882 = CARTESIAN_POINT('',(360.,26.,-5.));
#5883 = SEAM_CURVE('',#5884,(#5887,#5894),.PCURVE_S1.);
#5884 = B_SPLINE_CURVE_WITH_KNOTS('',1,(#5885,#5886),.UNSPECIFIED.,.F.,
  .F.,(2,2),(0.,1.),.PIECEWISE_BEZIER_KNOTS.);
#5885 = CARTESIAN_POINT('',(340.,31.,-9.));
#5886 = CARTESIAN_POINT('',(360.,26.,-5.));
#5887 = PCURVE('',#5247,#5888);
#5888 = DEFINITIONAL_REPRESENTATION('',(#5889),#5893);
#5889 = LINE('',#5890,#5891);
#5890 = CARTESIAN_POINT('',(205.65635835691,0.));
#5891 = VECTOR('',#5892,1.);
#5892 = DIRECTION('',(0.,1.));
#5893 = ( GEOMETRIC_REPRESENTATION_CONTEXT(2) 
PARAMETRIC_REPRESENTATION_CONTEXT() REPRESENTATION_CONTEXT('2D SPACE',''
  ) );
#5894 = PCURVE('',#5247,#5895);
#5895 = DEFINITIONAL_REPRESENTATION('',(#5896),#5900);
#5896 = LINE('',#5897,#5898);
#5897 = CARTESIAN_POINT('',(0.,0.));
#5898 = VECTOR('',#5899,1.);
#5899 = DIRECTION('',(0.,1.));
#5900 = ( GEOMETRIC_REPRESENTATION_CONTEXT(2) 
PARAMETRIC_REPRESENTATION_CONTEXT() REPRESENTATION_CONTEXT('2D SPACE',''
  ) );
#5901 = ORIENTED_EDGE('',*,*,#5902,.F.);
#5902 = EDGE_CURVE('',#5881,#5881,#5903,.T.);
#5903 = SURFACE_CURVE('',#5904,(#5972,#5978),.PCURVE_S1.);
#5904 = B_SPLINE_CURVE_WITH_KNOTS('',3,(#5905,#5906,#5907,#5908,#5909,
    #5910,#5911,#5912,#5913,#5914,#5915,#5916,#5917,#5918,#5919,#5920,
    #5921,#5922,#5923,#5924,#5925,#5926,#5927,#5928,#5929,#5930,#5931,
    #5932,#5933,#5934,#5935,#5936,#5937,#5938,#5939,#5940,#5941,#5942,
    #5943,#5944,#5945,#5946,#5947,#5948,#5949,#5950,#5951,#5952,#5953,
    #5954,#5955,#5956,#5957,#5958,#5959,#5960,#5961,#5962,#5963,#5964,
    #5965,#5966,#5967,#5968,#5969,#5970,#5971),.UNSPECIFIED.,.T.,.F.,(1,
    1,2,1,1,1,1,1,1,1,1,1,1,1,1,1,1,1,1,1,1,1,1,1,1,1,1,1,1,1,1,1,1,1,1,
    1,1,1,1,1,1,1,1,1,1,1,1,1,1,1,1,1,1,1,1,1,1,1,1,1,1,1,1,1,1,1,2,1,1)
  ,(-8.420163161244,-5.315306709858,0.,5.315306709858,8.420163161244,
    11.005065343221,13.298117899737,15.402276282321,17.382230349794,
    19.287681930971,21.161961529132,23.045849121814,24.979813031807,
    27.006373634474,29.174284882655,31.547767506123,34.230964831192,
    37.458488053454,42.986307916767,48.514127780887,51.741651003149,
    54.424848328218,56.798330951686,58.966242199867,60.992802802534,
    62.926766712527,64.810654305209,66.68493390337,68.590385484547,
    70.57033955202,72.674497934603,74.96755049112,77.552452673097,
    80.657309124483,85.972615833724,91.287922544199,94.392778995585,
    96.977681177562,99.270733734078,101.37489211666,103.35484618413,
    105.26029776531,107.13457736347,109.01846495615,110.95242886614,
    112.97898946881,115.14690071699,117.52038334046,120.20358066553,
    123.43110388779,128.95892375067,134.48674361522,137.71426683749,
    140.39746416255,142.77094678602,144.9388580342,146.96541863687,
    148.89938254686,150.78327013955,152.65754973771,154.56300131888,
    156.54295538636,158.64711376894,160.94016632546,163.52506850743,
    166.62992495882,171.94523166868,177.26053837854,180.36539482992),
  .UNSPECIFIED.);
#5905 = CARTESIAN_POINT('',(360.,26.001953866012,-6.765235510275));
#5906 = CARTESIAN_POINT('',(360.,25.998046133988,-3.234764489725));
#5907 = CARTESIAN_POINT('',(360.,26.00085503182,-0.418078266359));
#5908 = CARTESIAN_POINT('',(360.,25.72532974211,3.241312237557));
#5909 = CARTESIAN_POINT('',(360.,25.306650358809,5.872990969612));
#5910 = CARTESIAN_POINT('',(360.,24.720393388763,8.129422567445));
#5911 = CARTESIAN_POINT('',(360.,23.964749258292,10.121206161933));
#5912 = CARTESIAN_POINT('',(360.,23.038005495022,11.895274637189));
#5913 = CARTESIAN_POINT('',(360.,21.938180402862,13.475446051051));
#5914 = CARTESIAN_POINT('',(360.,20.662562751223,14.874577547987));
#5915 = CARTESIAN_POINT('',(360.,19.206892588979,16.099949977501));
#5916 = CARTESIAN_POINT('',(360.,17.563743222507,17.155978976873));
#5917 = CARTESIAN_POINT('',(360.,15.719639150619,18.045620809785));
#5918 = CARTESIAN_POINT('',(360.,13.649584913961,18.771034294553));
#5919 = CARTESIAN_POINT('',(360.,11.304349821066,19.333925356244));
#5920 = CARTESIAN_POINT('',(360.,8.569273437919,19.736161910672));
#5921 = CARTESIAN_POINT('',(360.,4.762408875587,20.00032547068));
#5922 = CARTESIAN_POINT('',(360.,1.322932333196E-10,19.999794509107));
#5923 = CARTESIAN_POINT('',(360.,-4.76240887531,20.000325470672));
#5924 = CARTESIAN_POINT('',(360.,-8.569273437933,19.736161910722));
#5925 = CARTESIAN_POINT('',(360.,-11.30434982102,19.333925356095));
#5926 = CARTESIAN_POINT('',(360.,-13.64958491408,18.771034295023));
#5927 = CARTESIAN_POINT('',(360.,-15.71963915019,18.045620808236));
#5928 = CARTESIAN_POINT('',(360.,-17.56374322395,17.155978982151));
#5929 = CARTESIAN_POINT('',(360.,-19.20689258389,16.099949958964));
#5930 = CARTESIAN_POINT('',(360.,-20.66256276964,14.874577615147));
#5931 = CARTESIAN_POINT('',(360.,-21.93818033395,13.47544579983));
#5932 = CARTESIAN_POINT('',(360.,-23.03800576135,11.895275608178));
#5933 = CARTESIAN_POINT('',(360.,-23.96474819395,10.121202281527));
#5934 = CARTESIAN_POINT('',(360.,-24.72039779556,8.129438633876));
#5935 = CARTESIAN_POINT('',(360.,-25.3066313211,5.872921561468));
#5936 = CARTESIAN_POINT('',(360.,-25.72541762974,3.241632660562));
#5937 = CARTESIAN_POINT('',(360.,-26.00033197398,-0.419985243744));
#5938 = CARTESIAN_POINT('',(360.,-25.99979043831,-4.999999999794));
#5939 = CARTESIAN_POINT('',(360.,-26.00033197401,-9.580014755845));
#5940 = CARTESIAN_POINT('',(360.,-25.72541762975,-13.24163266056));
#5941 = CARTESIAN_POINT('',(360.,-25.3066313211,-15.87292156146));
#5942 = CARTESIAN_POINT('',(360.,-24.72039779556,-18.12943863387));
#5943 = CARTESIAN_POINT('',(360.,-23.96474819395,-20.12120228152));
#5944 = CARTESIAN_POINT('',(360.,-23.03800576135,-21.89527560817));
#5945 = CARTESIAN_POINT('',(360.,-21.93818033395,-23.47544579983));
#5946 = CARTESIAN_POINT('',(360.,-20.66256276964,-24.87457761514));
#5947 = CARTESIAN_POINT('',(360.,-19.20689258389,-26.09994995896));
#5948 = CARTESIAN_POINT('',(360.,-17.56374322395,-27.15597898215));
#5949 = CARTESIAN_POINT('',(360.,-15.71963915019,-28.04562080823));
#5950 = CARTESIAN_POINT('',(360.,-13.64958491408,-28.77103429502));
#5951 = CARTESIAN_POINT('',(360.,-11.30434982102,-29.33392535609));
#5952 = CARTESIAN_POINT('',(360.,-8.569273437933,-29.73616191072));
#5953 = CARTESIAN_POINT('',(360.,-4.762408875725,-30.00032547064));
#5954 = CARTESIAN_POINT('',(360.,-2.777798353549E-10,-29.9997945091));
#5955 = CARTESIAN_POINT('',(360.,4.762408875158,-30.0003254707));
#5956 = CARTESIAN_POINT('',(360.,8.569273437947,-29.73616191067));
#5957 = CARTESIAN_POINT('',(360.,11.304349820985,-29.33392535624));
#5958 = CARTESIAN_POINT('',(360.,13.649584914218,-28.77103429455));
#5959 = CARTESIAN_POINT('',(360.,15.719639149769,-28.04562080978));
#5960 = CARTESIAN_POINT('',(360.,17.563743225402,-27.15597897687));
#5961 = CARTESIAN_POINT('',(360.,19.20689257881,-26.0999499775));
#5962 = CARTESIAN_POINT('',(360.,20.662562788065,-24.87457754798));
#5963 = CARTESIAN_POINT('',(360.,21.938180265049,-23.47544605105));
#5964 = CARTESIAN_POINT('',(360.,23.038006027679,-21.89527463718));
#5965 = CARTESIAN_POINT('',(360.,23.964747129607,-20.12120616193));
#5966 = CARTESIAN_POINT('',(360.,24.720402202367,-18.12942256744));
#5967 = CARTESIAN_POINT('',(360.,25.306612283404,-15.87299096961));
#5968 = CARTESIAN_POINT('',(360.,25.725505517389,-13.24131223755));
#5969 = CARTESIAN_POINT('',(360.,25.999808916175,-9.581921733641));
#5970 = CARTESIAN_POINT('',(360.,26.001953866012,-6.765235510275));
#5971 = CARTESIAN_POINT('',(360.,25.998046133988,-3.234764489725));
#5972 = PCURVE('',#5247,#5973);
#5973 = DEFINITIONAL_REPRESENTATION('',(#5974),#5977);
#5974 = B_SPLINE_CURVE_WITH_KNOTS('',1,(#5975,#5976),.UNSPECIFIED.,.F.,
  .F.,(2,2),(0.,171.94523166868),.PIECEWISE_BEZIER_KNOTS.);
#5975 = CARTESIAN_POINT('',(0.,1.));
#5976 = CARTESIAN_POINT('',(205.65635835691,1.));
#5977 = ( GEOMETRIC_REPRESENTATION_CONTEXT(2) 
PARAMETRIC_REPRESENTATION_CONTEXT() REPRESENTATION_CONTEXT('2D SPACE',''
  ) );
#5978 = PCURVE('',#5979,#5984);
#5979 = PLANE('',#5980);
#5980 = AXIS2_PLACEMENT_3D('',#5981,#5982,#5983);
#5981 = CARTESIAN_POINT('',(360.,26.,-5.));
#5982 = DIRECTION('',(-1.,-0.,0.));
#5983 = DIRECTION('',(0.,-0.978906146873,-0.204310439317));
#5984 = DEFINITIONAL_REPRESENTATION('',(#5985),#6053);
#5985 = B_SPLINE_CURVE_WITH_KNOTS('',3,(#5986,#5987,#5988,#5989,#5990,
    #5991,#5992,#5993,#5994,#5995,#5996,#5997,#5998,#5999,#6000,#6001,
    #6002,#6003,#6004,#6005,#6006,#6007,#6008,#6009,#6010,#6011,#6012,
    #6013,#6014,#6015,#6016,#6017,#6018,#6019,#6020,#6021,#6022,#6023,
    #6024,#6025,#6026,#6027,#6028,#6029,#6030,#6031,#6032,#6033,#6034,
    #6035,#6036,#6037,#6038,#6039,#6040,#6041,#6042,#6043,#6044,#6045,
    #6046,#6047,#6048,#6049,#6050,#6051,#6052),.UNSPECIFIED.,.F.,.F.,(1,
    1,2,1,1,1,1,1,1,1,1,1,1,1,1,1,1,1,1,1,1,1,1,1,1,1,1,1,1,1,1,1,1,1,1,
    1,1,1,1,1,1,1,1,1,1,1,1,1,1,1,1,1,1,1,1,1,1,1,1,1,1,1,1,1,1,1,2,1,1)
  ,(-8.420163161244,-5.315306709858,0.,5.315306709858,8.420163161244,
    11.005065343221,13.298117899737,15.402276282321,17.382230349794,
    19.287681930971,21.161961529132,23.045849121814,24.979813031807,
    27.006373634474,29.174284882655,31.547767506123,34.230964831192,
    37.458488053454,42.986307916767,48.514127780887,51.741651003149,
    54.424848328218,56.798330951686,58.966242199867,60.992802802534,
    62.926766712527,64.810654305209,66.68493390337,68.590385484547,
    70.57033955202,72.674497934603,74.96755049112,77.552452673097,
    80.657309124483,85.972615833724,91.287922544199,94.392778995585,
    96.977681177562,99.270733734078,101.37489211666,103.35484618413,
    105.26029776531,107.13457736347,109.01846495615,110.95242886614,
    112.97898946881,115.14690071699,117.52038334046,120.20358066553,
    123.43110388779,128.95892375067,134.48674361522,137.71426683749,
    140.39746416255,142.77094678602,144.9388580342,146.96541863687,
    148.89938254686,150.78327013955,152.65754973771,154.56300131888,
    156.54295538636,158.64711376894,160.94016632546,163.52506850743,
    166.62992495882,171.94523166868,177.26053837854,180.36539482992),
  .UNSPECIFIED.);
#5986 = CARTESIAN_POINT('',(0.358743391154,-1.72839908691));
#5987 = CARTESIAN_POINT('',(-0.358743391154,1.72839908691));
#5988 = CARTESIAN_POINT('',(-0.936971438222,4.485096657626));
#5989 = CARTESIAN_POINT('',(-1.414909719994,8.123589208702));
#5990 = CARTESIAN_POINT('',(-1.542741336001,10.785296264841));
#5991 = CARTESIAN_POINT('',(-1.429863315418,13.113909445061));
#5992 = CARTESIAN_POINT('',(-1.097100812467,15.218064633211));
#5993 = CARTESIAN_POINT('',(-0.552366355583,17.144054594021));
#5994 = CARTESIAN_POINT('',(0.201413671855,18.915599851915));
#5995 = CARTESIAN_POINT('',(1.164266461302,20.545840277357));
#5996 = CARTESIAN_POINT('',(2.338874551541,22.042773491166));
#5997 = CARTESIAN_POINT('',(3.731605817817,23.412239338856));
#5998 = CARTESIAN_POINT('',(5.355047515545,24.659884910683));
#5999 = CARTESIAN_POINT('',(7.233226784411,25.792930320449));
#6000 = CARTESIAN_POINT('',(9.413987312606,26.82310385289));
#6001 = CARTESIAN_POINT('',(12.009189269092,27.775660345924));
#6002 = CARTESIAN_POINT('',(15.681781016475,28.812033849748));
#6003 = CARTESIAN_POINT('',(20.343840819573,29.784523937753));
#6004 = CARTESIAN_POINT('',(25.005683660676,30.758053548843));
#6005 = CARTESIAN_POINT('',(28.786218154326,31.27724438744));
#6006 = CARTESIAN_POINT('',(31.545782365088,31.442297209014));
#6007 = CARTESIAN_POINT('',(33.956551933526,31.370435701477));
#6008 = CARTESIAN_POINT('',(36.131150297782,31.083257670626));
#6009 = CARTESIAN_POINT('',(38.118118223383,30.589151532012));
#6010 = CARTESIAN_POINT('',(39.942364985717,29.891110797532));
#6011 = CARTESIAN_POINT('',(41.61768584026,28.988994893112));
#6012 = CARTESIAN_POINT('',(43.152252950874,27.879998143778));
#6013 = CARTESIAN_POINT('',(44.551724088291,26.557865646308));
#6014 = CARTESIAN_POINT('',(45.82137965288,25.010557515384));
#6015 = CARTESIAN_POINT('',(46.968027798651,23.215194939656));
#6016 = CARTESIAN_POINT('',(48.002925394697,21.126050136097));
#6017 = CARTESIAN_POINT('',(48.950477677769,18.635827671501));
#6018 = CARTESIAN_POINT('',(49.967699781844,15.10761526792));
#6019 = CARTESIAN_POINT('',(50.902914496134,10.624100029061));
#6020 = CARTESIAN_POINT('',(51.839189435648,6.14080607299));
#6021 = CARTESIAN_POINT('',(52.318180856912,2.500257928112));
#6022 = CARTESIAN_POINT('',(52.44582815647,-0.161089365883));
#6023 = CARTESIAN_POINT('',(52.332990549205,-2.489781427733));
#6024 = CARTESIAN_POINT('',(52.00021861517,-4.593918207613));
#6025 = CARTESIAN_POINT('',(51.455486452079,-6.519912645613));
#6026 = CARTESIAN_POINT('',(50.701705846767,-8.291456775571));
#6027 = CARTESIAN_POINT('',(49.738853207853,-9.921697494836));
#6028 = CARTESIAN_POINT('',(48.564245077096,-11.41863062955));
#6029 = CARTESIAN_POINT('',(47.17151382208,-12.78809649922));
#6030 = CARTESIAN_POINT('',(45.548072121124,-14.03574206475));
#6031 = CARTESIAN_POINT('',(43.669892853213,-15.16878747638));
#6032 = CARTESIAN_POINT('',(41.489132324725,-16.19896100825));
#6033 = CARTESIAN_POINT('',(38.893930368334,-17.15151750146));
#6034 = CARTESIAN_POINT('',(35.221338621055,-18.18789100518));
#6035 = CARTESIAN_POINT('',(30.559278817971,-19.16038109322));
#6036 = CARTESIAN_POINT('',(25.897435976882,-20.13391070434));
#6037 = CARTESIAN_POINT('',(22.116901483052,-20.65310154289));
#6038 = CARTESIAN_POINT('',(19.357337272384,-20.81815436465));
#6039 = CARTESIAN_POINT('',(16.946567703653,-20.74629285654));
#6040 = CARTESIAN_POINT('',(14.771969340352,-20.45911482755));
#6041 = CARTESIAN_POINT('',(12.785001411524,-19.96500868264));
#6042 = CARTESIAN_POINT('',(10.960754660449,-19.26696797013));
#6043 = CARTESIAN_POINT('',(9.285433765388,-18.36485198663));
#6044 = CARTESIAN_POINT('',(7.750866805308,-17.25585553112));
#6045 = CARTESIAN_POINT('',(6.351395090017,-15.93372190571));
#6046 = CARTESIAN_POINT('',(5.081741819221,-14.38641825198));
#6047 = CARTESIAN_POINT('',(3.935084242365,-12.59103726798));
#6048 = CARTESIAN_POINT('',(2.900227059637,-10.50197134605));
#6049 = CARTESIAN_POINT('',(1.952490460117,-8.011389119313));
#6050 = CARTESIAN_POINT('',(0.936321495449,-4.485232309133));
#6051 = CARTESIAN_POINT('',(0.358743391154,-1.72839908691));
#6052 = CARTESIAN_POINT('',(-0.358743391154,1.72839908691));
#6053 = ( GEOMETRIC_REPRESENTATION_CONTEXT(2) 
PARAMETRIC_REPRESENTATION_CONTEXT() REPRESENTATION_CONTEXT('2D SPACE',''
  ) );
#6054 = ORIENTED_EDGE('',*,*,#5880,.F.);
#6055 = ADVANCED_FACE('',(#6056),#5613,.F.);
#6056 = FACE_BOUND('',#6057,.F.);
#6057 = EDGE_LOOP('',(#6058,#6059,#6081,#6420));
#6058 = ORIENTED_EDGE('',*,*,#5536,.T.);
#6059 = ORIENTED_EDGE('',*,*,#6060,.T.);
#6060 = EDGE_CURVE('',#5515,#6061,#6063,.T.);
#6061 = VERTEX_POINT('',#6062);
#6062 = CARTESIAN_POINT('',(340.,30.,-9.));
#6063 = SEAM_CURVE('',#6064,(#6067,#6074),.PCURVE_S1.);
#6064 = B_SPLINE_CURVE_WITH_KNOTS('',1,(#6065,#6066),.UNSPECIFIED.,.F.,
  .F.,(2,2),(0.,1.),.PIECEWISE_BEZIER_KNOTS.);
#6065 = CARTESIAN_POINT('',(290.,46.,-21.));
#6066 = CARTESIAN_POINT('',(340.,30.,-9.));
#6067 = PCURVE('',#5613,#6068);
#6068 = DEFINITIONAL_REPRESENTATION('',(#6069),#6073);
#6069 = LINE('',#6070,#6071);
#6070 = CARTESIAN_POINT('',(313.53434923646,0.));
#6071 = VECTOR('',#6072,1.);
#6072 = DIRECTION('',(0.,1.));
#6073 = ( GEOMETRIC_REPRESENTATION_CONTEXT(2) 
PARAMETRIC_REPRESENTATION_CONTEXT() REPRESENTATION_CONTEXT('2D SPACE',''
  ) );
#6074 = PCURVE('',#5613,#6075);
#6075 = DEFINITIONAL_REPRESENTATION('',(#6076),#6080);
#6076 = LINE('',#6077,#6078);
#6077 = CARTESIAN_POINT('',(0.,0.));
#6078 = VECTOR('',#6079,1.);
#6079 = DIRECTION('',(0.,1.));
#6080 = ( GEOMETRIC_REPRESENTATION_CONTEXT(2) 
PARAMETRIC_REPRESENTATION_CONTEXT() REPRESENTATION_CONTEXT('2D SPACE',''
  ) );
#6081 = ORIENTED_EDGE('',*,*,#6082,.F.);
#6082 = EDGE_CURVE('',#6061,#6061,#6083,.T.);
#6083 = SURFACE_CURVE('',#6084,(#6152,#6158),.PCURVE_S1.);
#6084 = B_SPLINE_CURVE_WITH_KNOTS('',3,(#6085,#6086,#6087,#6088,#6089,
    #6090,#6091,#6092,#6093,#6094,#6095,#6096,#6097,#6098,#6099,#6100,
    #6101,#6102,#6103,#6104,#6105,#6106,#6107,#6108,#6109,#6110,#6111,
    #6112,#6113,#6114,#6115,#6116,#6117,#6118,#6119,#6120,#6121,#6122,
    #6123,#6124,#6125,#6126,#6127,#6128,#6129,#6130,#6131,#6132,#6133,
    #6134,#6135,#6136,#6137,#6138,#6139,#6140,#6141,#6142,#6143,#6144,
    #6145,#6146,#6147,#6148,#6149,#6150,#6151),.UNSPECIFIED.,.T.,.F.,(1,
    1,2,1,1,1,1,1,1,1,1,1,1,1,1,1,1,1,1,1,1,1,1,1,1,1,1,1,1,1,1,1,1,1,1,
    1,1,1,1,1,1,1,1,1,1,1,1,1,1,1,1,1,1,1,1,1,1,1,1,1,1,1,1,1,1,1,2,1,1)
  ,(-9.767257068318,-6.165747726507,0.,6.165747726507,9.767257068318,
    12.765329309788,15.42435436432,17.863525863141,20.157642677635,
    22.364131877374,24.53306564811,26.711607872206,28.946610587284,
    31.287335404378,33.790261072127,36.529717082076,39.626084917916,
    43.350261173516,49.728522062853,56.106782953122,59.830959208722,
    62.927327044562,65.666783054511,68.169708722261,70.510433539354,
    72.745436254433,74.923978478528,77.092912249264,79.299401449004,
    81.593518263497,84.032689762318,86.691714816851,89.689787058321,
    93.291296400131,99.457044125923,105.62279185314,109.22430119495,
    112.22237343642,114.88139849095,117.32056998977,119.61468680427,
    121.82117600401,123.99010977474,126.16865199884,128.40365471392,
    130.74437953101,133.24730519876,135.98676120871,139.08312904455,
    142.80730530015,149.18556618898,155.56382707976,159.28800333536,
    162.3843711712,165.12382718114,167.62675284889,169.96747766599,
    172.20248038107,174.38102260516,176.5499563759,178.75644557564,
    181.05056239013,183.48973388895,186.14875894348,189.14683118495,
    192.74834052676,198.91408825327,205.07983597978,208.68134532159),
  .UNSPECIFIED.);
#6085 = CARTESIAN_POINT('',(340.,30.002286033898,-11.04774597585));
#6086 = CARTESIAN_POINT('',(340.,29.997713966102,-6.952254024142));
#6087 = CARTESIAN_POINT('',(340.,30.000995558498,-3.685058563059));
#6088 = CARTESIAN_POINT('',(340.,29.683087405865,0.559761620036));
#6089 = CARTESIAN_POINT('',(340.,29.200036006358,3.612386516541));
#6090 = CARTESIAN_POINT('',(340.,28.523653732729,6.229726182588));
#6091 = CARTESIAN_POINT('',(340.,27.651855930595,8.540089408794));
#6092 = CARTESIAN_POINT('',(340.,26.582656079709,10.5979431211));
#6093 = CARTESIAN_POINT('',(340.,25.313745285462,12.430934496815));
#6094 = CARTESIAN_POINT('',(340.,23.841966129634,14.053981616207));
#6095 = CARTESIAN_POINT('',(340.,22.162380051999,15.475514955861));
#6096 = CARTESIAN_POINT('',(340.,20.266411111963,16.700629173935));
#6097 = CARTESIAN_POINT('',(340.,18.138521530562,17.732726676207));
#6098 = CARTESIAN_POINT('',(340.,15.749890955131,18.574294873803));
#6099 = CARTESIAN_POINT('',(340.,13.043735302499,19.227307500721));
#6100 = CARTESIAN_POINT('',(340.,9.887770480653,19.693934410479));
#6101 = CARTESIAN_POINT('',(340.,5.495145752385,20.000377088809));
#6102 = CARTESIAN_POINT('',(340.,1.526310351454E-10,19.999761921729));
#6103 = CARTESIAN_POINT('',(340.,-5.495145752066,20.0003770888));
#6104 = CARTESIAN_POINT('',(340.,-9.887770480669,19.693934410537));
#6105 = CARTESIAN_POINT('',(340.,-13.04373530245,19.227307500552));
#6106 = CARTESIAN_POINT('',(340.,-15.74989095528,18.574294874338));
#6107 = CARTESIAN_POINT('',(340.,-18.13852153006,17.732726674441));
#6108 = CARTESIAN_POINT('',(340.,-20.26641111364,16.700629179957));
#6109 = CARTESIAN_POINT('',(340.,-22.16238004608,15.475514934688));
#6110 = CARTESIAN_POINT('',(340.,-23.84196615109,14.053981692996));
#6111 = CARTESIAN_POINT('',(340.,-25.31374520511,12.430934209279));
#6112 = CARTESIAN_POINT('',(340.,-26.58265639058,10.59794423354));
#6113 = CARTESIAN_POINT('',(340.,-27.65185468719,8.540084959363));
#6114 = CARTESIAN_POINT('',(340.,-28.52365888422,6.229744616974));
#6115 = CARTESIAN_POINT('',(340.,-29.20001374155,3.612306843003));
#6116 = CARTESIAN_POINT('',(340.,-29.68319021883,0.560129531383));
#6117 = CARTESIAN_POINT('',(340.,-30.00038359528,-3.687248444144));
#6118 = CARTESIAN_POINT('',(340.,-29.99975784891,-8.999999999761));
#6119 = CARTESIAN_POINT('',(340.,-30.00038359532,-14.31275155538));
#6120 = CARTESIAN_POINT('',(340.,-29.68319021883,-18.56012953138));
#6121 = CARTESIAN_POINT('',(340.,-29.20001374155,-21.612306843));
#6122 = CARTESIAN_POINT('',(340.,-28.52365888422,-24.22974461697));
#6123 = CARTESIAN_POINT('',(340.,-27.65185468719,-26.54008495936));
#6124 = CARTESIAN_POINT('',(340.,-26.58265639058,-28.59794423354));
#6125 = CARTESIAN_POINT('',(340.,-25.31374520511,-30.43093420927));
#6126 = CARTESIAN_POINT('',(340.,-23.84196615109,-32.05398169299));
#6127 = CARTESIAN_POINT('',(340.,-22.16238004608,-33.47551493468));
#6128 = CARTESIAN_POINT('',(340.,-20.26641111364,-34.70062917995));
#6129 = CARTESIAN_POINT('',(340.,-18.13852153006,-35.73272667444));
#6130 = CARTESIAN_POINT('',(340.,-15.74989095528,-36.57429487433));
#6131 = CARTESIAN_POINT('',(340.,-13.04373530245,-37.22730750055));
#6132 = CARTESIAN_POINT('',(340.,-9.887770480669,-37.69393441053));
#6133 = CARTESIAN_POINT('',(340.,-5.495145752545,-38.00037708876));
#6134 = CARTESIAN_POINT('',(340.,-3.204819219884E-10,-37.99976192172));
#6135 = CARTESIAN_POINT('',(340.,5.49514575189,-38.00037708883));
#6136 = CARTESIAN_POINT('',(340.,9.887770480685,-37.69393441047));
#6137 = CARTESIAN_POINT('',(340.,13.043735302404,-37.22730750072));
#6138 = CARTESIAN_POINT('',(340.,15.749890955431,-36.5742948738));
#6139 = CARTESIAN_POINT('',(340.,18.138521529575,-35.7327266762));
#6140 = CARTESIAN_POINT('',(340.,20.266411115329,-34.70062917393));
#6141 = CARTESIAN_POINT('',(340.,22.162380040165,-33.47551495586));
#6142 = CARTESIAN_POINT('',(340.,23.841966172551,-32.0539816162));
#6143 = CARTESIAN_POINT('',(340.,25.313745124758,-30.43093449681));
#6144 = CARTESIAN_POINT('',(340.,26.582656701453,-28.5979431211));
#6145 = CARTESIAN_POINT('',(340.,27.651853443804,-26.54008940879));
#6146 = CARTESIAN_POINT('',(340.,28.523664035722,-24.22972618258));
#6147 = CARTESIAN_POINT('',(340.,29.199991476755,-21.61238651654));
#6148 = CARTESIAN_POINT('',(340.,29.683293031805,-18.55976162003));
#6149 = CARTESIAN_POINT('',(340.,29.99977163211,-14.31494143694));
#6150 = CARTESIAN_POINT('',(340.,30.002286033898,-11.04774597585));
#6151 = CARTESIAN_POINT('',(340.,29.997713966102,-6.952254024142));
#6152 = PCURVE('',#5613,#6153);
#6153 = DEFINITIONAL_REPRESENTATION('',(#6154),#6157);
#6154 = B_SPLINE_CURVE_WITH_KNOTS('',1,(#6155,#6156),.UNSPECIFIED.,.F.,
  .F.,(2,2),(0.,198.91408825327),.PIECEWISE_BEZIER_KNOTS.);
#6155 = CARTESIAN_POINT('',(0.,1.));
#6156 = CARTESIAN_POINT('',(313.53434923646,1.));
#6157 = ( GEOMETRIC_REPRESENTATION_CONTEXT(2) 
PARAMETRIC_REPRESENTATION_CONTEXT() REPRESENTATION_CONTEXT('2D SPACE',''
  ) );
#6158 = PCURVE('',#6159,#6414);
#6159 = B_SPLINE_SURFACE_WITH_KNOTS('',3,1,(
    (#6160,#6161)
    ,(#6162,#6163)
    ,(#6164,#6165)
    ,(#6166,#6167)
    ,(#6168,#6169)
    ,(#6170,#6171)
    ,(#6172,#6173)
    ,(#6174,#6175)
    ,(#6176,#6177)
    ,(#6178,#6179)
    ,(#6180,#6181)
    ,(#6182,#6183)
    ,(#6184,#6185)
    ,(#6186,#6187)
    ,(#6188,#6189)
    ,(#6190,#6191)
    ,(#6192,#6193)
    ,(#6194,#6195)
    ,(#6196,#6197)
    ,(#6198,#6199)
    ,(#6200,#6201)
    ,(#6202,#6203)
    ,(#6204,#6205)
    ,(#6206,#6207)
    ,(#6208,#6209)
    ,(#6210,#6211)
    ,(#6212,#6213)
    ,(#6214,#6215)
    ,(#6216,#6217)
    ,(#6218,#6219)
    ,(#6220,#6221)
    ,(#6222,#6223)
    ,(#6224,#6225)
    ,(#6226,#6227)
    ,(#6228,#6229)
    ,(#6230,#6231)
    ,(#6232,#6233)
    ,(#6234,#6235)
    ,(#6236,#6237)
    ,(#6238,#6239)
    ,(#6240,#6241)
    ,(#6242,#6243)
    ,(#6244,#6245)
    ,(#6246,#6247)
    ,(#6248,#6249)
    ,(#6250,#6251)
    ,(#6252,#6253)
    ,(#6254,#6255)
    ,(#6256,#6257)
    ,(#6258,#6259)
    ,(#6260,#6261)
    ,(#6262,#6263)
    ,(#6264,#6265)
    ,(#6266,#6267)
    ,(#6268,#6269)
    ,(#6270,#6271)
    ,(#6272,#6273)
    ,(#6274,#6275)
    ,(#6276,#6277)
    ,(#6278,#6279)
    ,(#6280,#6281)
    ,(#6282,#6283)
    ,(#6284,#6285)
    ,(#6286,#6287)
    ,(#6288,#6289)
    ,(#6290,#6291)
    ,(#6292,#6293)
    ,(#6294,#6295)
    ,(#6296,#6297)
    ,(#6298,#6299)
    ,(#6300,#6301)
    ,(#6302,#6303)
    ,(#6304,#6305)
    ,(#6306,#6307)
    ,(#6308,#6309)
    ,(#6310,#6311)
    ,(#6312,#6313)
    ,(#6314,#6315)
    ,(#6316,#6317)
    ,(#6318,#6319)
    ,(#6320,#6321)
    ,(#6322,#6323)
    ,(#6324,#6325)
    ,(#6326,#6327)
    ,(#6328,#6329)
    ,(#6330,#6331)
    ,(#6332,#6333)
    ,(#6334,#6335)
    ,(#6336,#6337)
    ,(#6338,#6339)
    ,(#6340,#6341)
    ,(#6342,#6343)
    ,(#6344,#6345)
    ,(#6346,#6347)
    ,(#6348,#6349)
    ,(#6350,#6351)
    ,(#6352,#6353)
    ,(#6354,#6355)
    ,(#6356,#6357)
    ,(#6358,#6359)
    ,(#6360,#6361)
    ,(#6362,#6363)
    ,(#6364,#6365)
    ,(#6366,#6367)
    ,(#6368,#6369)
    ,(#6370,#6371)
    ,(#6372,#6373)
    ,(#6374,#6375)
    ,(#6376,#6377)
    ,(#6378,#6379)
    ,(#6380,#6381)
    ,(#6382,#6383)
    ,(#6384,#6385)
    ,(#6386,#6387)
    ,(#6388,#6389)
    ,(#6390,#6391)
    ,(#6392,#6393)
    ,(#6394,#6395)
    ,(#6396,#6397)
    ,(#6398,#6399)
    ,(#6400,#6401)
    ,(#6402,#6403)
    ,(#6404,#6405)
    ,(#6406,#6407)
    ,(#6408,#6409)
    ,(#6410,#6411)
    ,(#6412,#6413
    )),.UNSPECIFIED.,.T.,.F.,.F.,(1,1,2,1,1,1,1,1,1,1,1,1,1,1,1,1,1,1,1,
    1,1,1,1,1,1,1,1,1,1,1,1,1,1,1,1,1,1,1,1,1,1,1,1,1,1,1,1,1,1,1,1,1,1,
    1,1,1,1,1,1,1,1,1,1,1,1,1,1,1,1,1,1,1,1,1,1,1,1,1,1,1,1,1,1,1,1,1,1,
    1,1,1,1,1,1,1,1,1,1,1,1,1,1,1,1,1,1,1,1,1,1,1,1,1,1,1,1,1,1,1,1,1,1,
    1,1,1,1,1,2,1,1),(2,2),(-6.165747726507,-6.143942173184,0.,
    6.143942173184,6.165747726507,9.732869639991,9.767257068318,
    12.720871875439,12.765329309788,15.371677874816,15.42435436432,
    17.80436417679,17.863525863141,20.093778197292,20.157642677635,
    22.297438301333,22.364131877374,24.465487330501,24.53306564811,
    26.645104759701,26.711607872206,28.883094888829,28.946610587284,
    31.228625295752,31.287335404378,33.738073224417,33.790261072127,
    36.48572133172,36.529717082076,39.592076435263,39.626084917916,
    43.328701744376,43.350261173516,49.728522062853,56.106782953122,
    56.128342382263,59.830959208722,59.864967691375,62.927327044562,
    62.971322794919,65.666783054511,65.718970902221,68.169708722261,
    68.228418830887,70.510433539354,70.573949237809,72.745436254433,
    72.811939366937,74.923978478528,74.991556796137,77.092912249264,
    77.159605825305,79.299401449004,79.363265929346,81.593518263497,
    81.652679949848,84.032689762318,84.085366251822,86.691714816851,
    86.736172251199,89.689787058321,89.724174486647,93.291296400131,
    93.313101953454,99.457044125923,105.60098629982,105.62279185314,
    109.18991376663,109.22430119495,112.17791600207,112.22237343642,
    114.82872200145,114.88139849095,117.26140830342,117.32056998977,
    119.55082232393,119.61468680427,121.75448242797,121.82117600401,
    123.92253145713,123.99010977474,126.10214888633,126.16865199884,
    128.34013901546,128.40365471392,130.68566942239,130.74437953101,
    133.19511735105,133.24730519876,135.94276545835,135.98676120871,
    139.0491205619,139.08312904455,142.78574587101,142.80730530015,
    149.18556618898,155.56382707976,155.5853865089,159.28800333536,
    159.32201181801,162.3843711712,162.42836692155,165.12382718114,
    165.17601502885,167.62675284889,167.68546295752,169.96747766599,
    170.03099336444,172.20248038107,172.26898349357,174.38102260516,
    174.44860092277,176.5499563759,176.61664995194,178.75644557564,
    178.82031005598,181.05056239013,181.10972407648,183.48973388895,
    183.54241037846,186.14875894348,186.19321637783,189.14683118495,
    189.18121861328,192.74834052676,192.77014608009,198.91408825327,
    205.05803042646,205.07983597978),(0.,1.),.UNSPECIFIED.);
#6160 = CARTESIAN_POINT('',(340.,30.002277949196,-11.04050399385));
#6161 = CARTESIAN_POINT('',(360.,25.001870745277,-6.6946078469));
#6162 = CARTESIAN_POINT('',(340.,29.997722050804,-6.959496006145));
#6163 = CARTESIAN_POINT('',(360.,24.998129254723,-3.3053921531));
#6164 = CARTESIAN_POINT('',(340.,29.999778201104,-4.897075191336));
#6165 = CARTESIAN_POINT('',(360.,24.999833757345,-1.592377754325));
#6166 = CARTESIAN_POINT('',(340.,29.84852104437,-1.653490193755));
#6167 = CARTESIAN_POINT('',(360.,24.872409731699,1.101417787592));
#6168 = CARTESIAN_POINT('',(340.,29.758607874485,-0.448613933652));
#6169 = CARTESIAN_POINT('',(360.,24.79667532014,2.102014484748));
#6170 = CARTESIAN_POINT('',(340.,29.498741575589,1.721150180025));
#6171 = CARTESIAN_POINT('',(360.,24.577812767216,3.903719757348));
#6172 = CARTESIAN_POINT('',(340.,29.341085415938,2.721030152062));
#6173 = CARTESIAN_POINT('',(360.,24.445028232958,4.733870423756));
#6174 = CARTESIAN_POINT('',(340.,28.95689478165,4.550032080603));
#6175 = CARTESIAN_POINT('',(360.,24.121512086779,6.251985137672));
#6176 = CARTESIAN_POINT('',(340.,28.731828862606,5.424168369862));
#6177 = CARTESIAN_POINT('',(360.,23.932017866613,6.977324520438));
#6178 = CARTESIAN_POINT('',(340.,28.222261850982,7.02550289381));
#6179 = CARTESIAN_POINT('',(360.,23.503147628102,8.305486039086));
#6180 = CARTESIAN_POINT('',(340.,27.929385158965,7.804605421735));
#6181 = CARTESIAN_POINT('',(360.,23.256736789445,8.951365015929));
#6182 = CARTESIAN_POINT('',(340.,27.293863949682,9.226388269594));
#6183 = CARTESIAN_POINT('',(360.,22.722348828285,10.129258804459));
#6184 = CARTESIAN_POINT('',(340.,26.93244565317,9.924714658082));
#6185 = CARTESIAN_POINT('',(360.,22.418622537967,10.70739308285));
#6186 = CARTESIAN_POINT('',(340.,26.169811569332,11.191824473128));
#6187 = CARTESIAN_POINT('',(360.,21.778223839088,11.755529699086));
#6188 = CARTESIAN_POINT('',(340.,25.739083729148,11.816516444285));
#6189 = CARTESIAN_POINT('',(360.,21.416827036238,12.271813729177));
#6190 = CARTESIAN_POINT('',(340.,24.847216965307,12.943166982629));
#6191 = CARTESIAN_POINT('',(360.,20.669219883237,13.202041358899));
#6192 = CARTESIAN_POINT('',(340.,24.346362063487,13.497744381679));
#6193 = CARTESIAN_POINT('',(360.,20.249784824867,13.659484106391));
#6194 = CARTESIAN_POINT('',(340.,23.321701681536,14.492333821735));
#6195 = CARTESIAN_POINT('',(360.,19.392559541203,14.479054504943));
#6196 = CARTESIAN_POINT('',(340.,22.749632562179,14.978488317493));
#6197 = CARTESIAN_POINT('',(360.,18.914453308045,14.879270264061));
#6198 = CARTESIAN_POINT('',(340.,21.586499621322,15.845938530996));
#6199 = CARTESIAN_POINT('',(360.,17.943301777721,15.592739432502));
#6200 = CARTESIAN_POINT('',(340.,20.941297592123,16.264539212243));
#6201 = CARTESIAN_POINT('',(360.,17.405097547429,15.936737939675));
#6202 = CARTESIAN_POINT('',(340.,19.630682640308,17.007583397208));
#6203 = CARTESIAN_POINT('',(360.,16.312727260853,16.546928420224));
#6204 = CARTESIAN_POINT('',(340.,18.908566046934,17.35922937215));
#6205 = CARTESIAN_POINT('',(360.,15.711324094269,16.835504599024));
#6206 = CARTESIAN_POINT('',(340.,17.435743086378,17.979230225044));
#6207 = CARTESIAN_POINT('',(360.,14.485475124451,17.344064264218));
#6208 = CARTESIAN_POINT('',(340.,16.629241110466,18.264480064894));
#6209 = CARTESIAN_POINT('',(360.,13.814600829009,17.57792943783));
#6210 = CARTESIAN_POINT('',(340.,14.968612988296,18.762002957308));
#6211 = CARTESIAN_POINT('',(360.,12.433824680198,17.985725646829));
#6212 = CARTESIAN_POINT('',(340.,14.062870444562,18.981383687855));
#6213 = CARTESIAN_POINT('',(360.,11.681010443004,18.165487217962));
#6214 = CARTESIAN_POINT('',(340.,12.16502957034,19.356674009704));
#6215 = CARTESIAN_POINT('',(360.,10.104004623968,18.472977208355));
#6216 = CARTESIAN_POINT('',(340.,11.128429340709,19.510496114233));
#6217 = CARTESIAN_POINT('',(360.,9.242838499503,18.598988635474));
#6218 = CARTESIAN_POINT('',(340.,8.875746011611,19.764230020474));
#6219 = CARTESIAN_POINT('',(360.,7.371625659645,18.80685533375));
#6220 = CARTESIAN_POINT('',(340.,7.625036225679,19.851789540006));
#6221 = CARTESIAN_POINT('',(360.,6.332824463008,18.878581074648));
#6222 = CARTESIAN_POINT('',(340.,4.260585233007,20.000238883013));
#6223 = CARTESIAN_POINT('',(360.,3.538507748268,19.000196678494));
#6224 = CARTESIAN_POINT('',(340.,1.526310351454E-10,19.999761921729));
#6225 = CARTESIAN_POINT('',(360.,1.272335709013E-10,18.999803984071));
#6226 = CARTESIAN_POINT('',(340.,-4.260585232691,20.000238883006));
#6227 = CARTESIAN_POINT('',(360.,-3.538507748005,19.000196678488));
#6228 = CARTESIAN_POINT('',(340.,-7.625036225682,19.851789540018));
#6229 = CARTESIAN_POINT('',(360.,-6.33282446301,18.878581074658));
#6230 = CARTESIAN_POINT('',(340.,-8.875746011621,19.764230020511));
#6231 = CARTESIAN_POINT('',(360.,-7.371625659653,18.806855333781));
#6232 = CARTESIAN_POINT('',(340.,-11.1284293407,19.510496114201));
#6233 = CARTESIAN_POINT('',(360.,-9.242838499496,18.598988635449));
#6234 = CARTESIAN_POINT('',(340.,-12.16502957031,19.356674009599));
#6235 = CARTESIAN_POINT('',(360.,-10.10400462394,18.472977208268));
#6236 = CARTESIAN_POINT('',(340.,-14.06287044458,18.981383687951));
#6237 = CARTESIAN_POINT('',(360.,-11.68101044302,18.165487218035));
#6238 = CARTESIAN_POINT('',(340.,-14.96861298838,18.762002957631));
#6239 = CARTESIAN_POINT('',(360.,-12.43382468027,17.9857256471));
#6240 = CARTESIAN_POINT('',(340.,-16.62924111037,18.264480064582));
#6241 = CARTESIAN_POINT('',(360.,-13.81460082894,17.577929437599));
#6242 = CARTESIAN_POINT('',(340.,-17.43574308608,17.979230223993));
#6243 = CARTESIAN_POINT('',(360.,-14.48547512421,17.34406426334));
#6244 = CARTESIAN_POINT('',(340.,-18.90856604722,17.359229373202));
#6245 = CARTESIAN_POINT('',(360.,-15.71132409447,16.835504599783));
#6246 = CARTESIAN_POINT('',(340.,-19.63068264129,17.007583400748));
#6247 = CARTESIAN_POINT('',(360.,-16.31272726165,16.546928423178));
#6248 = CARTESIAN_POINT('',(340.,-20.9412975911,16.264539208585));
#6249 = CARTESIAN_POINT('',(360.,-17.40509754672,15.936737937098));
#6250 = CARTESIAN_POINT('',(340.,-21.58649961788,15.845938518697));
#6251 = CARTESIAN_POINT('',(360.,-17.94330177492,15.592739422252));
#6252 = CARTESIAN_POINT('',(340.,-22.74963256583,14.978488330571));
#6253 = CARTESIAN_POINT('',(360.,-18.91445331051,14.879270273129));
#6254 = CARTESIAN_POINT('',(340.,-23.32170169385,14.492333865819));
#6255 = CARTESIAN_POINT('',(360.,-19.39255955121,14.479054541646));
#6256 = CARTESIAN_POINT('',(340.,-24.34636205005,13.497744333609));
#6257 = CARTESIAN_POINT('',(360.,-20.24978481584,13.659484073293));
#6258 = CARTESIAN_POINT('',(340.,-24.8472169197,12.943166819451));
#6259 = CARTESIAN_POINT('',(360.,-20.6692198462,13.202041223107));
#6260 = CARTESIAN_POINT('',(340.,-25.73908377993,11.81651662602));
#6261 = CARTESIAN_POINT('',(360.,-21.41682707047,12.271813854708));
#6262 = CARTESIAN_POINT('',(340.,-26.16981174378,11.191825097398));
#6263 = CARTESIAN_POINT('',(360.,-21.77822398078,11.755530218633));
#6264 = CARTESIAN_POINT('',(340.,-26.93244545556,9.924713950951));
#6265 = CARTESIAN_POINT('',(360.,-22.418622403,10.707392587987));
#6266 = CARTESIAN_POINT('',(340.,-27.2938632596,9.226385800172));
#6267 = CARTESIAN_POINT('',(360.,-22.72234826738,10.129256747875));
#6268 = CARTESIAN_POINT('',(340.,-27.92938595132,7.804608257168));
#6269 = CARTESIAN_POINT('',(360.,-23.2567373424,8.951367043397));
#6270 = CARTESIAN_POINT('',(340.,-28.22226467604,7.02551300315));
#6271 = CARTESIAN_POINT('',(360.,-23.50314992716,8.305494468794));
#6272 = CARTESIAN_POINT('',(340.,-28.73182557598,5.424156608853));
#6273 = CARTESIAN_POINT('',(360.,-23.93201550823,6.977315873213));
#6274 = CARTESIAN_POINT('',(340.,-28.95688276558,4.549989081689));
#6275 = CARTESIAN_POINT('',(360.,-24.12150229131,6.251949221724));
#6276 = CARTESIAN_POINT('',(340.,-29.34109967343,2.721081171829));
#6277 = CARTESIAN_POINT('',(360.,-24.44503879566,4.733909152881));
#6278 = CARTESIAN_POINT('',(340.,-29.49879537985,1.721342716027));
#6279 = CARTESIAN_POINT('',(360.,-24.57785671882,3.903880909908));
#6280 = CARTESIAN_POINT('',(340.,-29.75854088925,-0.448853637113));
#6281 = CARTESIAN_POINT('',(360.,-24.79662396935,2.101826202425));
#6282 = CARTESIAN_POINT('',(340.,-29.84825567608,-1.654439801608));
#6283 = CARTESIAN_POINT('',(360.,-24.87219245024,1.100621105329));
#6284 = CARTESIAN_POINT('',(340.,-30.00024129468,-4.895418032586));
#6285 = CARTESIAN_POINT('',(360.,-25.00020212825,-1.591027088584));
#6286 = CARTESIAN_POINT('',(340.,-29.99975955865,-8.999999999761));
#6287 = CARTESIAN_POINT('',(360.,-24.99979858657,-4.999999999803));
#6288 = CARTESIAN_POINT('',(340.,-30.00024129471,-13.10458196693));
#6289 = CARTESIAN_POINT('',(360.,-25.00020212827,-8.408972911022));
#6290 = CARTESIAN_POINT('',(340.,-29.84825567608,-16.34556019839));
#6291 = CARTESIAN_POINT('',(360.,-24.87219245024,-11.10062110532));
#6292 = CARTESIAN_POINT('',(340.,-29.75854088925,-17.55114636288));
#6293 = CARTESIAN_POINT('',(360.,-24.79662396935,-12.10182620242));
#6294 = CARTESIAN_POINT('',(340.,-29.49879537985,-19.72134271602));
#6295 = CARTESIAN_POINT('',(360.,-24.57785671882,-13.9038809099));
#6296 = CARTESIAN_POINT('',(340.,-29.34109967343,-20.72108117182));
#6297 = CARTESIAN_POINT('',(360.,-24.44503879566,-14.73390915288));
#6298 = CARTESIAN_POINT('',(340.,-28.95688276558,-22.54998908168));
#6299 = CARTESIAN_POINT('',(360.,-24.12150229131,-16.25194922172));
#6300 = CARTESIAN_POINT('',(340.,-28.73182557598,-23.42415660885));
#6301 = CARTESIAN_POINT('',(360.,-23.93201550823,-16.97731587321));
#6302 = CARTESIAN_POINT('',(340.,-28.22226467604,-25.02551300315));
#6303 = CARTESIAN_POINT('',(360.,-23.50314992716,-18.30549446879));
#6304 = CARTESIAN_POINT('',(340.,-27.92938595132,-25.80460825716));
#6305 = CARTESIAN_POINT('',(360.,-23.2567373424,-18.95136704339));
#6306 = CARTESIAN_POINT('',(340.,-27.2938632596,-27.22638580017));
#6307 = CARTESIAN_POINT('',(360.,-22.72234826738,-20.12925674787));
#6308 = CARTESIAN_POINT('',(340.,-26.93244545556,-27.92471395095));
#6309 = CARTESIAN_POINT('',(360.,-22.418622403,-20.70739258798));
#6310 = CARTESIAN_POINT('',(340.,-26.16981174378,-29.19182509739));
#6311 = CARTESIAN_POINT('',(360.,-21.77822398078,-21.75553021863));
#6312 = CARTESIAN_POINT('',(340.,-25.73908377993,-29.81651662602));
#6313 = CARTESIAN_POINT('',(360.,-21.41682707047,-22.2718138547));
#6314 = CARTESIAN_POINT('',(340.,-24.8472169197,-30.94316681945));
#6315 = CARTESIAN_POINT('',(360.,-20.6692198462,-23.2020412231));
#6316 = CARTESIAN_POINT('',(340.,-24.34636205005,-31.4977443336));
#6317 = CARTESIAN_POINT('',(360.,-20.24978481584,-23.65948407329));
#6318 = CARTESIAN_POINT('',(340.,-23.32170169385,-32.49233386581));
#6319 = CARTESIAN_POINT('',(360.,-19.39255955121,-24.47905454164));
#6320 = CARTESIAN_POINT('',(340.,-22.74963256583,-32.97848833057));
#6321 = CARTESIAN_POINT('',(360.,-18.91445331051,-24.87927027312));
#6322 = CARTESIAN_POINT('',(340.,-21.58649961788,-33.84593851869));
#6323 = CARTESIAN_POINT('',(360.,-17.94330177492,-25.59273942225));
#6324 = CARTESIAN_POINT('',(340.,-20.9412975911,-34.26453920858));
#6325 = CARTESIAN_POINT('',(360.,-17.40509754672,-25.93673793709));
#6326 = CARTESIAN_POINT('',(340.,-19.63068264129,-35.00758340074));
#6327 = CARTESIAN_POINT('',(360.,-16.31272726165,-26.54692842317));
#6328 = CARTESIAN_POINT('',(340.,-18.90856604722,-35.3592293732));
#6329 = CARTESIAN_POINT('',(360.,-15.71132409447,-26.83550459978));
#6330 = CARTESIAN_POINT('',(340.,-17.43574308608,-35.97923022399));
#6331 = CARTESIAN_POINT('',(360.,-14.48547512421,-27.34406426334));
#6332 = CARTESIAN_POINT('',(340.,-16.62924111037,-36.26448006458));
#6333 = CARTESIAN_POINT('',(360.,-13.81460082894,-27.57792943759));
#6334 = CARTESIAN_POINT('',(340.,-14.96861298838,-36.76200295763));
#6335 = CARTESIAN_POINT('',(360.,-12.43382468027,-27.9857256471));
#6336 = CARTESIAN_POINT('',(340.,-14.06287044458,-36.98138368795));
#6337 = CARTESIAN_POINT('',(360.,-11.68101044302,-28.16548721803));
#6338 = CARTESIAN_POINT('',(340.,-12.16502957031,-37.35667400959));
#6339 = CARTESIAN_POINT('',(360.,-10.10400462394,-28.47297720826));
#6340 = CARTESIAN_POINT('',(340.,-11.1284293407,-37.5104961142));
#6341 = CARTESIAN_POINT('',(360.,-9.242838499496,-28.59898863544));
#6342 = CARTESIAN_POINT('',(340.,-8.875746011621,-37.76423002051));
#6343 = CARTESIAN_POINT('',(360.,-7.371625659653,-28.80685533378));
#6344 = CARTESIAN_POINT('',(340.,-7.625036225682,-37.85178954001));
#6345 = CARTESIAN_POINT('',(360.,-6.332824463011,-28.87858107465));
#6346 = CARTESIAN_POINT('',(340.,-4.260585233168,-38.00023888298));
#6347 = CARTESIAN_POINT('',(360.,-3.538507748402,-29.00019667846));
#6348 = CARTESIAN_POINT('',(340.,-3.204819219884E-10,-37.99976192172));
#6349 = CARTESIAN_POINT('',(360.,-2.670859661907E-10,-28.99980398407));
#6350 = CARTESIAN_POINT('',(340.,4.260585232517,-38.00023888303));
#6351 = CARTESIAN_POINT('',(360.,3.53850774786,-29.00019667851));
#6352 = CARTESIAN_POINT('',(340.,7.625036225685,-37.85178954));
#6353 = CARTESIAN_POINT('',(360.,6.332824463013,-28.87858107464));
#6354 = CARTESIAN_POINT('',(340.,8.875746011632,-37.76423002047));
#6355 = CARTESIAN_POINT('',(360.,7.371625659662,-28.80685533375));
#6356 = CARTESIAN_POINT('',(340.,11.128429340691,-37.51049611423));
#6357 = CARTESIAN_POINT('',(360.,9.242838499489,-28.59898863547));
#6358 = CARTESIAN_POINT('',(340.,12.165029570282,-37.3566740097));
#6359 = CARTESIAN_POINT('',(360.,10.10400462392,-28.47297720835));
#6360 = CARTESIAN_POINT('',(340.,14.062870444616,-36.98138368785));
#6361 = CARTESIAN_POINT('',(360.,11.681010443044,-28.16548721796));
#6362 = CARTESIAN_POINT('',(340.,14.968612988477,-36.7620029573));
#6363 = CARTESIAN_POINT('',(360.,12.433824680345,-27.98572564682));
#6364 = CARTESIAN_POINT('',(340.,16.629241110292,-36.26448006489));
#6365 = CARTESIAN_POINT('',(360.,13.814600828883,-27.57792943783));
#6366 = CARTESIAN_POINT('',(340.,17.435743085791,-35.97923022504));
#6367 = CARTESIAN_POINT('',(360.,14.485475123972,-27.34406426421));
#6368 = CARTESIAN_POINT('',(340.,18.908566047522,-35.35922937215));
#6369 = CARTESIAN_POINT('',(360.,15.711324094683,-26.83550459902));
#6370 = CARTESIAN_POINT('',(340.,19.630682642286,-35.0075833972));
#6371 = CARTESIAN_POINT('',(360.,16.312727262465,-26.54692842022));
#6372 = CARTESIAN_POINT('',(340.,20.941297590078,-34.26453921224));
#6373 = CARTESIAN_POINT('',(360.,17.405097546023,-25.93673793967));
#6374 = CARTESIAN_POINT('',(340.,21.586499614448,-33.84593853099));
#6375 = CARTESIAN_POINT('',(360.,17.94330177213,-25.5927394325));
#6376 = CARTESIAN_POINT('',(340.,22.749632569489,-32.97848831749));
#6377 = CARTESIAN_POINT('',(360.,18.914453312991,-24.87927026406));
#6378 = CARTESIAN_POINT('',(340.,23.321701706175,-32.49233382173));
#6379 = CARTESIAN_POINT('',(360.,19.392559561224,-24.47905450494));
#6380 = CARTESIAN_POINT('',(340.,24.346362036621,-31.49774438167));
#6381 = CARTESIAN_POINT('',(360.,20.249784806813,-23.65948410639));
#6382 = CARTESIAN_POINT('',(340.,24.847216874107,-30.94316698262));
#6383 = CARTESIAN_POINT('',(360.,20.669219809168,-23.20204135889));
#6384 = CARTESIAN_POINT('',(340.,25.73908383072,-29.81651644428));
#6385 = CARTESIAN_POINT('',(360.,21.416827104711,-22.27181372917));
#6386 = CARTESIAN_POINT('',(340.,26.169811918237,-29.19182447312));
#6387 = CARTESIAN_POINT('',(360.,21.778224122484,-21.75552969908));
#6388 = CARTESIAN_POINT('',(340.,26.932445257954,-27.92471465808));
#6389 = CARTESIAN_POINT('',(360.,22.418622268037,-20.70739308285));
#6390 = CARTESIAN_POINT('',(340.,27.293862569521,-27.22638826959));
#6391 = CARTESIAN_POINT('',(360.,22.722347706489,-20.12925880445));
#6392 = CARTESIAN_POINT('',(340.,27.92938674369,-25.80460542173));
#6393 = CARTESIAN_POINT('',(360.,23.25673789536,-18.95136501592));
#6394 = CARTESIAN_POINT('',(340.,28.2222675011,-25.02550289381));
#6395 = CARTESIAN_POINT('',(360.,23.503152226219,-18.30548603908));
#6396 = CARTESIAN_POINT('',(340.,28.731822289369,-23.42416836986));
#6397 = CARTESIAN_POINT('',(360.,23.932013149848,-16.97732452043));
#6398 = CARTESIAN_POINT('',(340.,28.956870749523,-22.5500320806));
#6399 = CARTESIAN_POINT('',(360.,24.121492495858,-16.25198513767));
#6400 = CARTESIAN_POINT('',(340.,29.341113930926,-20.72103015206));
#6401 = CARTESIAN_POINT('',(360.,24.44504935837,-14.73387042375));
#6402 = CARTESIAN_POINT('',(340.,29.498849184111,-19.72115018002));
#6403 = CARTESIAN_POINT('',(360.,24.577900670423,-13.90371975734));
#6404 = CARTESIAN_POINT('',(340.,29.758473904032,-17.55138606634));
#6405 = CARTESIAN_POINT('',(360.,24.796572618576,-12.10201448474));
#6406 = CARTESIAN_POINT('',(340.,29.847990307796,-16.34650980624));
#6407 = CARTESIAN_POINT('',(360.,24.871975168786,-11.10141778759));
#6408 = CARTESIAN_POINT('',(340.,30.000704388296,-13.10292480866));
#6409 = CARTESIAN_POINT('',(360.,25.000570499182,-8.407622245675));
#6410 = CARTESIAN_POINT('',(340.,30.002277949196,-11.04050399385));
#6411 = CARTESIAN_POINT('',(360.,25.001870745277,-6.6946078469));
#6412 = CARTESIAN_POINT('',(340.,29.997722050804,-6.959496006145));
#6413 = CARTESIAN_POINT('',(360.,24.998129254723,-3.3053921531));
#6414 = DEFINITIONAL_REPRESENTATION('',(#6415),#6419);
#6415 = LINE('',#6416,#6417);
#6416 = CARTESIAN_POINT('',(0.,0.));
#6417 = VECTOR('',#6418,1.);
#6418 = DIRECTION('',(1.,0.));
#6419 = ( GEOMETRIC_REPRESENTATION_CONTEXT(2) 
PARAMETRIC_REPRESENTATION_CONTEXT() REPRESENTATION_CONTEXT('2D SPACE',''
  ) );
#6420 = ORIENTED_EDGE('',*,*,#6060,.F.);
#6421 = ADVANCED_FACE('',(#6422,#6425),#5979,.F.);
#6422 = FACE_BOUND('',#6423,.F.);
#6423 = EDGE_LOOP('',(#6424));
#6424 = ORIENTED_EDGE('',*,*,#5902,.F.);
#6425 = FACE_BOUND('',#6426,.F.);
#6426 = EDGE_LOOP('',(#6427));
#6427 = ORIENTED_EDGE('',*,*,#6428,.T.);
#6428 = EDGE_CURVE('',#6429,#6429,#6431,.T.);
#6429 = VERTEX_POINT('',#6430);
#6430 = CARTESIAN_POINT('',(360.,25.,-5.));
#6431 = SURFACE_CURVE('',#6432,(#6500,#6571),.PCURVE_S1.);
#6432 = B_SPLINE_CURVE_WITH_KNOTS('',3,(#6433,#6434,#6435,#6436,#6437,
    #6438,#6439,#6440,#6441,#6442,#6443,#6444,#6445,#6446,#6447,#6448,
    #6449,#6450,#6451,#6452,#6453,#6454,#6455,#6456,#6457,#6458,#6459,
    #6460,#6461,#6462,#6463,#6464,#6465,#6466,#6467,#6468,#6469,#6470,
    #6471,#6472,#6473,#6474,#6475,#6476,#6477,#6478,#6479,#6480,#6481,
    #6482,#6483,#6484,#6485,#6486,#6487,#6488,#6489,#6490,#6491,#6492,
    #6493,#6494,#6495,#6496,#6497,#6498,#6499),.UNSPECIFIED.,.T.,.F.,(1,
    1,2,1,1,1,1,1,1,1,1,1,1,1,1,1,1,1,1,1,1,1,1,1,1,1,1,1,1,1,1,1,1,1,1,
    1,1,1,1,1,1,1,1,1,1,1,1,1,1,1,1,1,1,1,1,1,1,1,1,1,1,1,1,1,1,1,2,1,1)
  ,(-8.083389798225,-5.102696462669,0.,5.102696462669,8.083389798225,
    10.564999814643,12.766559988057,14.786966339217,16.68838150471,
    18.518575914236,20.319194442241,22.129420813592,23.988127160997,
    25.936148378177,28.020307165468,30.30229711306,32.882202123857,
    35.985562183193,41.300771796222,46.615981410027,49.719341469363,
    52.29924648016,54.581236427751,56.665395215043,58.613416432222,
    60.472122779628,62.282349150978,64.082967678983,65.91316208851,
    67.814577254002,69.834983605162,72.036543778577,74.518153794995,
    77.498847130551,82.601543592628,87.704240055888,90.684933391445,
    93.166543407863,95.368103581277,97.388509932437,99.28992509793,
    101.12011950745,102.92073803546,104.73096440681,106.58967075421,
    108.53769197139,110.62185075868,112.90384070628,115.48374571707,
    118.58710577641,123.90231538902,129.21752500324,132.32088506258,
    134.90079007337,137.18278002097,139.26693880826,141.21496002544,
    143.07366637284,144.88389274419,146.6845112722,148.51470568172,
    150.41612084722,152.43652719838,154.63808737179,157.11969738821,
    160.10039072377,165.20308718643,170.3057836491,173.28647698466),
  .UNSPECIFIED.);
#6433 = CARTESIAN_POINT('',(360.,25.001870745277,-6.6946078469));
#6434 = CARTESIAN_POINT('',(360.,24.998129254723,-3.3053921531));
#6435 = CARTESIAN_POINT('',(360.,25.000819877589,-0.601333120158));
#6436 = CARTESIAN_POINT('',(360.,24.735890288215,2.911700025871));
#6437 = CARTESIAN_POINT('',(360.,24.333303809711,5.438142291534));
#6438 = CARTESIAN_POINT('',(360.,23.76957801589,7.604346891661));
#6439 = CARTESIAN_POINT('',(360.,23.042972129395,9.516485503177));
#6440 = CARTESIAN_POINT('',(360.,22.151842260697,11.219607483462));
#6441 = CARTESIAN_POINT('',(360.,21.094288589112,12.736573655464));
#6442 = CARTESIAN_POINT('',(360.,19.867711457947,14.079726026924));
#6443 = CARTESIAN_POINT('',(360.,18.46802051434,15.256058131483));
#6444 = CARTESIAN_POINT('',(360.,16.8880762759,16.269815873703));
#6445 = CARTESIAN_POINT('',(360.,15.114918732251,17.123843932243));
#6446 = CARTESIAN_POINT('',(360.,13.124508627264,17.820218903179));
#6447 = CARTESIAN_POINT('',(360.,10.86950364279,18.360579705656));
#6448 = CARTESIAN_POINT('',(360.,8.239649300241,18.746718751294));
#6449 = CARTESIAN_POINT('',(360.,4.579224707098,19.000312564959));
#6450 = CARTESIAN_POINT('',(360.,1.272068820991E-10,18.999802656708));
#6451 = CARTESIAN_POINT('',(360.,-4.579224706832,19.000312564951));
#6452 = CARTESIAN_POINT('',(360.,-8.239649300254,18.746718751343));
#6453 = CARTESIAN_POINT('',(360.,-10.86950364275,18.360579705513));
#6454 = CARTESIAN_POINT('',(360.,-13.12450862738,17.820218903633));
#6455 = CARTESIAN_POINT('',(360.,-15.11491873184,17.123843930748));
#6456 = CARTESIAN_POINT('',(360.,-16.88807627728,16.269815878794));
#6457 = CARTESIAN_POINT('',(360.,-18.46802050946,15.256058113604));
#6458 = CARTESIAN_POINT('',(360.,-19.8677114756,14.079726091678));
#6459 = CARTESIAN_POINT('',(360.,-21.09428852307,12.736573413316));
#6460 = CARTESIAN_POINT('',(360.,-22.15184251587,11.219608419106));
#6461 = CARTESIAN_POINT('',(360.,-23.04297110986,9.516481764968));
#6462 = CARTESIAN_POINT('',(360.,-23.76958223633,7.604362366296));
#6463 = CARTESIAN_POINT('',(360.,-24.33328557956,5.438075449056));
#6464 = CARTESIAN_POINT('',(360.,-24.73597444094,2.912008579536));
#6465 = CARTESIAN_POINT('',(360.,-25.00031906721,-0.603169386792));
#6466 = CARTESIAN_POINT('',(360.,-24.99979858657,-4.999999999803));
#6467 = CARTESIAN_POINT('',(360.,-25.00031906724,-9.396830612814));
#6468 = CARTESIAN_POINT('',(360.,-24.73597444094,-12.91200857953));
#6469 = CARTESIAN_POINT('',(360.,-24.33328557956,-15.43807544905));
#6470 = CARTESIAN_POINT('',(360.,-23.76958223633,-17.60436236629));
#6471 = CARTESIAN_POINT('',(360.,-23.04297110986,-19.51648176496));
#6472 = CARTESIAN_POINT('',(360.,-22.15184251587,-21.2196084191));
#6473 = CARTESIAN_POINT('',(360.,-21.09428852307,-22.73657341331));
#6474 = CARTESIAN_POINT('',(360.,-19.8677114756,-24.07972609167));
#6475 = CARTESIAN_POINT('',(360.,-18.46802050946,-25.2560581136));
#6476 = CARTESIAN_POINT('',(360.,-16.88807627728,-26.26981587879));
#6477 = CARTESIAN_POINT('',(360.,-15.11491873184,-27.12384393074));
#6478 = CARTESIAN_POINT('',(360.,-13.12450862738,-27.82021890363));
#6479 = CARTESIAN_POINT('',(360.,-10.86950364275,-28.36057970551));
#6480 = CARTESIAN_POINT('',(360.,-8.239649300254,-28.74671875134));
#6481 = CARTESIAN_POINT('',(360.,-4.579224707231,-29.00031256492));
#6482 = CARTESIAN_POINT('',(360.,-2.670875897376E-10,-28.9998026567));
#6483 = CARTESIAN_POINT('',(360.,4.579224706686,-29.00031256498));
#6484 = CARTESIAN_POINT('',(360.,8.239649300267,-28.74671875129));
#6485 = CARTESIAN_POINT('',(360.,10.869503642712,-28.36057970565));
#6486 = CARTESIAN_POINT('',(360.,13.124508627511,-27.82021890317));
#6487 = CARTESIAN_POINT('',(360.,15.114918731436,-27.12384393224));
#6488 = CARTESIAN_POINT('',(360.,16.888076278677,-26.2698158737));
#6489 = CARTESIAN_POINT('',(360.,18.468020504588,-25.25605813148));
#6490 = CARTESIAN_POINT('',(360.,19.867711493268,-24.07972602692));
#6491 = CARTESIAN_POINT('',(360.,21.094288457028,-22.73657365546));
#6492 = CARTESIAN_POINT('',(360.,22.151842771059,-21.21960748346));
#6493 = CARTESIAN_POINT('',(360.,23.042970090331,-19.51648550317));
#6494 = CARTESIAN_POINT('',(360.,23.769586456774,-17.60434689166));
#6495 = CARTESIAN_POINT('',(360.,24.333267349426,-15.43814229153));
#6496 = CARTESIAN_POINT('',(360.,24.736058593681,-12.91170002587));
#6497 = CARTESIAN_POINT('',(360.,24.999818256867,-9.398666879842));
#6498 = CARTESIAN_POINT('',(360.,25.001870745277,-6.6946078469));
#6499 = CARTESIAN_POINT('',(360.,24.998129254723,-3.3053921531));
#6500 = PCURVE('',#5979,#6501);
#6501 = DEFINITIONAL_REPRESENTATION('',(#6502),#6570);
#6502 = B_SPLINE_CURVE_WITH_KNOTS('',3,(#6503,#6504,#6505,#6506,#6507,
    #6508,#6509,#6510,#6511,#6512,#6513,#6514,#6515,#6516,#6517,#6518,
    #6519,#6520,#6521,#6522,#6523,#6524,#6525,#6526,#6527,#6528,#6529,
    #6530,#6531,#6532,#6533,#6534,#6535,#6536,#6537,#6538,#6539,#6540,
    #6541,#6542,#6543,#6544,#6545,#6546,#6547,#6548,#6549,#6550,#6551,
    #6552,#6553,#6554,#6555,#6556,#6557,#6558,#6559,#6560,#6561,#6562,
    #6563,#6564,#6565,#6566,#6567,#6568,#6569),.UNSPECIFIED.,.F.,.F.,(1,
    1,2,1,1,1,1,1,1,1,1,1,1,1,1,1,1,1,1,1,1,1,1,1,1,1,1,1,1,1,1,1,1,1,1,
    1,1,1,1,1,1,1,1,1,1,1,1,1,1,1,1,1,1,1,1,1,1,1,1,1,1,1,1,1,1,1,2,1,1)
  ,(-8.083389798225,-5.102696462669,0.,5.102696462669,8.083389798225,
    10.564999814643,12.766559988057,14.786966339217,16.68838150471,
    18.518575914236,20.319194442241,22.129420813592,23.988127160997,
    25.936148378177,28.020307165468,30.30229711306,32.882202123857,
    35.985562183193,41.300771796222,46.615981410027,49.719341469363,
    52.29924648016,54.581236427751,56.665395215043,58.613416432222,
    60.472122779628,62.282349150978,64.082967678983,65.91316208851,
    67.814577254002,69.834983605162,72.036543778577,74.518153794995,
    77.498847130551,82.601543592628,87.704240055888,90.684933391445,
    93.166543407863,95.368103581277,97.388509932437,99.28992509793,
    101.12011950745,102.92073803546,104.73096440681,106.58967075421,
    108.53769197139,110.62185075868,112.90384070628,115.48374571707,
    118.58710577641,123.90231538902,129.21752500324,132.32088506258,
    134.90079007337,137.18278002097,139.26693880826,141.21496002544,
    143.07366637284,144.88389274419,146.6845112722,148.51470568172,
    150.41612084722,152.43652719838,154.63808737179,157.11969738821,
    160.10039072377,165.20308718643,170.3057836491,173.28647698466),
  .UNSPECIFIED.);
#6503 = CARTESIAN_POINT('',(1.323300936493,-1.454933811342));
#6504 = CARTESIAN_POINT('',(0.634511357254,1.863554689977));
#6505 = CARTESIAN_POINT('',(7.941000103039E-02,4.510024976491));
#6506 = CARTESIAN_POINT('',(-0.378998140844,8.003082598101));
#6507 = CARTESIAN_POINT('',(-0.501082291596,10.558485081965));
#6508 = CARTESIAN_POINT('',(-0.391825860377,12.794171145004));
#6509 = CARTESIAN_POINT('',(-7.121677148777E-02,14.814428553371));
#6510 = CARTESIAN_POINT('',(0.45315013464,16.663692263709));
#6511 = CARTESIAN_POINT('',(1.178463899372,18.364729029324));
#6512 = CARTESIAN_POINT('',(2.1047477416,19.930151654458));
#6513 = CARTESIAN_POINT('',(3.234576880954,21.367641853972));
#6514 = CARTESIAN_POINT('',(4.574072718006,22.682814640724));
#6515 = CARTESIAN_POINT('',(6.135340689028,23.881102553552));
#6516 = CARTESIAN_POINT('',(7.941488699357,24.969449856102));
#6517 = CARTESIAN_POINT('',(10.038525586944,25.959133426217));
#6518 = CARTESIAN_POINT('',(12.534013930195,26.874434007606));
#6519 = CARTESIAN_POINT('',(16.065414201109,27.870541507325));
#6520 = CARTESIAN_POINT('',(20.548149594255,28.805625766618));
#6521 = CARTESIAN_POINT('',(25.030676628234,29.741708330542));
#6522 = CARTESIAN_POINT('',(28.665700626366,30.241326744362));
#6523 = CARTESIAN_POINT('',(31.318973445709,30.400639554908));
#6524 = CARTESIAN_POINT('',(33.636813039221,30.332398103492));
#6525 = CARTESIAN_POINT('',(35.727514401911,30.05737392487));
#6526 = CARTESIAN_POINT('',(37.637756069006,29.583635212299));
#6527 = CARTESIAN_POINT('',(39.391494483966,28.914060604687));
#6528 = CARTESIAN_POINT('',(41.00199748663,28.048513433861));
#6529 = CARTESIAN_POINT('',(42.47712141179,26.984295516246));
#6530 = CARTESIAN_POINT('',(43.822299300397,25.715398479696));
#6531 = CARTESIAN_POINT('',(45.042597113623,24.230264203582));
#6532 = CARTESIAN_POINT('',(46.144547166079,22.506933009128));
#6533 = CARTESIAN_POINT('',(47.138954865535,20.501511907652));
#6534 = CARTESIAN_POINT('',(48.049251299073,18.111003059843));
#6535 = CARTESIAN_POINT('',(49.026207433198,14.723982107976));
#6536 = CARTESIAN_POINT('',(49.92401632565,10.419791254512));
#6537 = CARTESIAN_POINT('',(50.822844221521,6.115813080308));
#6538 = CARTESIAN_POINT('',(51.282263196608,2.620775394602));
#6539 = CARTESIAN_POINT('',(51.404170426783,6.571947043999E-02));
#6540 = CARTESIAN_POINT('',(51.294952790825,-2.170042586438));
#6541 = CARTESIAN_POINT('',(50.974334647108,-4.190282257816));
#6542 = CARTESIAN_POINT('',(50.449969943722,-6.03955028298));
#6543 = CARTESIAN_POINT('',(49.724655623907,-7.740585961276));
#6544 = CARTESIAN_POINT('',(48.79837192632,-9.306008869737));
#6545 = CARTESIAN_POINT('',(47.668542748022,-10.74349899296));
#6546 = CARTESIAN_POINT('',(46.329046921796,-12.05867180092));
#6547 = CARTESIAN_POINT('',(44.767778947669,-13.25695970767));
#6548 = CARTESIAN_POINT('',(42.961630938258,-14.34530701202));
#6549 = CARTESIAN_POINT('',(40.864594050391,-15.33499058158));
#6550 = CARTESIAN_POINT('',(38.36910570723,-16.25029116315));
#6551 = CARTESIAN_POINT('',(34.837705436416,-17.24639866276));
#6552 = CARTESIAN_POINT('',(30.354970043284,-18.18148292208));
#6553 = CARTESIAN_POINT('',(25.872443009318,-19.11756548604));
#6554 = CARTESIAN_POINT('',(22.237419011012,-19.61718389981));
#6555 = CARTESIAN_POINT('',(19.58414619176,-19.77649671054));
#6556 = CARTESIAN_POINT('',(17.266306597967,-19.70825525857));
#6557 = CARTESIAN_POINT('',(15.175605236196,-19.43323108174));
#6558 = CARTESIAN_POINT('',(13.265363565997,-18.95949236309));
#6559 = CARTESIAN_POINT('',(11.511625161861,-18.28991777669));
#6560 = CARTESIAN_POINT('',(9.901122120254,-17.42437052958));
#6561 = CARTESIAN_POINT('',(8.425998339734,-16.36015289529));
#6562 = CARTESIAN_POINT('',(7.080819896045,-15.09125477142));
#6563 = CARTESIAN_POINT('',(5.860524285561,-13.60612481013));
#6564 = CARTESIAN_POINT('',(4.758565178276,-11.88277587869));
#6565 = CARTESIAN_POINT('',(3.764196274081,-9.877430771056));
#6566 = CARTESIAN_POINT('',(2.853722919966,-7.486575363545));
#6567 = CARTESIAN_POINT('',(1.877777618974,-4.101534475388));
#6568 = CARTESIAN_POINT('',(1.323300936493,-1.454933811342));
#6569 = CARTESIAN_POINT('',(0.634511357254,1.863554689977));
#6570 = ( GEOMETRIC_REPRESENTATION_CONTEXT(2) 
PARAMETRIC_REPRESENTATION_CONTEXT() REPRESENTATION_CONTEXT('2D SPACE',''
  ) );
#6571 = PCURVE('',#6159,#6572);
#6572 = DEFINITIONAL_REPRESENTATION('',(#6573),#6576);
#6573 = B_SPLINE_CURVE_WITH_KNOTS('',1,(#6574,#6575),.UNSPECIFIED.,.F.,
  .F.,(2,2),(0.,165.20308718643),.PIECEWISE_BEZIER_KNOTS.);
#6574 = CARTESIAN_POINT('',(0.,1.));
#6575 = CARTESIAN_POINT('',(198.91408825327,1.));
#6576 = ( GEOMETRIC_REPRESENTATION_CONTEXT(2) 
PARAMETRIC_REPRESENTATION_CONTEXT() REPRESENTATION_CONTEXT('2D SPACE',''
  ) );
#6577 = ADVANCED_FACE('',(#6578),#6159,.F.);
#6578 = FACE_BOUND('',#6579,.F.);
#6579 = EDGE_LOOP('',(#6580,#6581,#6601,#6602));
#6580 = ORIENTED_EDGE('',*,*,#6082,.T.);
#6581 = ORIENTED_EDGE('',*,*,#6582,.T.);
#6582 = EDGE_CURVE('',#6061,#6429,#6583,.T.);
#6583 = SEAM_CURVE('',#6584,(#6587,#6594),.PCURVE_S1.);
#6584 = B_SPLINE_CURVE_WITH_KNOTS('',1,(#6585,#6586),.UNSPECIFIED.,.F.,
  .F.,(2,2),(0.,1.),.PIECEWISE_BEZIER_KNOTS.);
#6585 = CARTESIAN_POINT('',(340.,30.,-9.));
#6586 = CARTESIAN_POINT('',(360.,25.,-5.));
#6587 = PCURVE('',#6159,#6588);
#6588 = DEFINITIONAL_REPRESENTATION('',(#6589),#6593);
#6589 = LINE('',#6590,#6591);
#6590 = CARTESIAN_POINT('',(198.91408825327,0.));
#6591 = VECTOR('',#6592,1.);
#6592 = DIRECTION('',(0.,1.));
#6593 = ( GEOMETRIC_REPRESENTATION_CONTEXT(2) 
PARAMETRIC_REPRESENTATION_CONTEXT() REPRESENTATION_CONTEXT('2D SPACE',''
  ) );
#6594 = PCURVE('',#6159,#6595);
#6595 = DEFINITIONAL_REPRESENTATION('',(#6596),#6600);
#6596 = LINE('',#6597,#6598);
#6597 = CARTESIAN_POINT('',(0.,0.));
#6598 = VECTOR('',#6599,1.);
#6599 = DIRECTION('',(0.,1.));
#6600 = ( GEOMETRIC_REPRESENTATION_CONTEXT(2) 
PARAMETRIC_REPRESENTATION_CONTEXT() REPRESENTATION_CONTEXT('2D SPACE',''
  ) );
#6601 = ORIENTED_EDGE('',*,*,#6428,.F.);
#6602 = ORIENTED_EDGE('',*,*,#6582,.F.);
#6603 = ( GEOMETRIC_REPRESENTATION_CONTEXT(3) 
GLOBAL_UNCERTAINTY_ASSIGNED_CONTEXT((#6607)) 
GLOBAL_UNIT_ASSIGNED_CONTEXT((#6604,#6605,#6606)) REPRESENTATION_CONTEXT
('Context #1','3D Context with UNIT and UNCERTAINTY') );
#6604 = ( LENGTH_UNIT() NAMED_UNIT(*) SI_UNIT(.MILLI.,.METRE.) );
#6605 = ( NAMED_UNIT(*) PLANE_ANGLE_UNIT() SI_UNIT($,.RADIAN.) );
#6606 = ( NAMED_UNIT(*) SI_UNIT($,.STERADIAN.) SOLID_ANGLE_UNIT() );
#6607 = UNCERTAINTY_MEASURE_WITH_UNIT(LENGTH_MEASURE(1.E-06),#6604,
  'distance_accuracy_value','confusion accuracy');
#6608 = PRODUCT_RELATED_PRODUCT_CATEGORY('part',$,(#7));
ENDSEC;
END-ISO-10303-21;
