ISO-10303-21;
HEADER;
FILE_DESCRIPTION(('Open CASCADE Model'),'2;1');
FILE_NAME('Open CASCADE Shape Model','2026-10-04T23:26:43',('Author'),(
    'Open CASCADE'),'Open CASCADE STEP processor 7.9','Open CASCADE 7.9'
  ,'Unknown');
FILE_SCHEMA(('AUTOMOTIVE_DESIGN { 1 0 10303 214 1 1 1 1 }'));
ENDSEC;
DATA;
#1 = APPLICATION_PROTOCOL_DEFINITION('international standard',
  'automotive_design',2000,#2);
#2 = APPLICATION_CONTEXT(
  'core data for automotive mechanical design processes');
#3 = SHAPE_DEFINITION_REPRESENTATION(#4,#10);
#4 = PRODUCT_DEFINITION_SHAPE('','',#5);
#5 = PRODUCT_DEFINITION('design','',#6,#9);
#6 = PRODUCT_DEFINITION_FORMATION('','',#7);
#7 = PRODUCT('Open CASCADE STEP translator 7.9 17',
  'Open CASCADE STEP translator 7.9 17','',(#8));
#8 = PRODUCT_CONTEXT('',#2,'mechanical');
#9 = PRODUCT_DEFINITION_CONTEXT('part definition',#2,'design');
#10 = SHAPE_REPRESENTATION('',(#11,#15,#19),#23);
#11 = AXIS2_PLACEMENT_3D('',#12,#13,#14);
#12 = CARTESIAN_POINT('',(0.,0.,0.));
#13 = DIRECTION('',(0.,0.,1.));
#14 = DIRECTION('',(1.,0.,-0.));
#15 = AXIS2_PLACEMENT_3D('',#16,#17,#18);
#16 = CARTESIAN_POINT('',(0.,0.,0.));
#17 = DIRECTION('',(0.,0.,1.));
#18 = DIRECTION('',(1.,0.,-0.));
#19 = AXIS2_PLACEMENT_3D('',#20,#21,#22);
#20 = CARTESIAN_POINT('',(0.,0.,0.));
#21 = DIRECTION('',(0.,0.,1.));
#22 = DIRECTION('',(1.,0.,-0.));
#23 = ( GEOMETRIC_REPRESENTATION_CONTEXT(3) 
GLOBAL_UNCERTAINTY_ASSIGNED_CONTEXT((#27)) GLOBAL_UNIT_ASSIGNED_CONTEXT(
(#24,#25,#26)) REPRESENTATION_CONTEXT('Context #1',
  '3D Context with UNIT and UNCERTAINTY') );
#24 = ( LENGTH_UNIT() NAMED_UNIT(*) SI_UNIT(.MILLI.,.METRE.) );
#25 = ( NAMED_UNIT(*) PLANE_ANGLE_UNIT() SI_UNIT($,.RADIAN.) );
#26 = ( NAMED_UNIT(*) SI_UNIT($,.STERADIAN.) SOLID_ANGLE_UNIT() );
#27 = UNCERTAINTY_MEASURE_WITH_UNIT(LENGTH_MEASURE(5.E-07),#24,
  'distance_accuracy_value','confusion accuracy');
#28 = PRODUCT_RELATED_PRODUCT_CATEGORY('part',$,(#7));
#29 = SHAPE_DEFINITION_REPRESENTATION(#30,#36);
#30 = PRODUCT_DEFINITION_SHAPE('','',#31);
#31 = PRODUCT_DEFINITION('design','',#32,#35);
#32 = PRODUCT_DEFINITION_FORMATION('','',#33);
#33 = PRODUCT('Open CASCADE STEP translator 7.9 17.1',
  'Open CASCADE STEP translator 7.9 17.1','',(#34));
#34 = PRODUCT_CONTEXT('',#2,'mechanical');
#35 = PRODUCT_DEFINITION_CONTEXT('part definition',#2,'design');
#36 = ADVANCED_BREP_SHAPE_REPRESENTATION('',(#11,#37),#6250);
#37 = MANIFOLD_SOLID_BREP('',#38);
#38 = CLOSED_SHELL('',(#39,#694,#729,#1095,#1150,#3300,#3711,#6113,#6224
    ));
#39 = ADVANCED_FACE('',(#40),#116,.T.);
#40 = FACE_BOUND('',#41,.T.);
#41 = EDGE_LOOP('',(#42,#332,#354,#693));
#42 = ORIENTED_EDGE('',*,*,#43,.T.);
#43 = EDGE_CURVE('',#44,#44,#46,.T.);
#44 = VERTEX_POINT('',#45);
#45 = CARTESIAN_POINT('',(-285.,7.,-20.));
#46 = SURFACE_CURVE('',#47,(#115,#256),.PCURVE_S1.);
#47 = B_SPLINE_CURVE_WITH_KNOTS('',3,(#48,#49,#50,#51,#52,#53,#54,#55,
    #56,#57,#58,#59,#60,#61,#62,#63,#64,#65,#66,#67,#68,#69,#70,#71,#72,
    #73,#74,#75,#76,#77,#78,#79,#80,#81,#82,#83,#84,#85,#86,#87,#88,#89,
    #90,#91,#92,#93,#94,#95,#96,#97,#98,#99,#100,#101,#102,#103,#104,
    #105,#106,#107,#108,#109,#110,#111,#112,#113,#114),.UNSPECIFIED.,.T.
  ,.F.,(1,1,2,1,1,1,1,1,1,1,1,1,1,1,1,1,1,1,1,1,1,1,1,1,1,1,1,1,1,1,1,1,
    1,1,1,1,1,1,1,1,1,1,1,1,1,1,1,1,1,1,1,1,1,1,1,1,1,1,1,1,1,1,1,1,1,1,
    2,1,1),(-2.357418160292,-1.488272013451,0.,1.488272013451,
    2.357418160292,3.08047751352,3.720954360613,4.307269448446,
    4.857114743783,5.384006594832,5.89973601881,6.415465442789,
    6.942357293838,7.492202589174,8.078517677008,8.718994524101,
    9.442053877329,10.31120002417,11.799472037512,13.287744051071,
    14.156890197912,14.879949551141,15.520426398233,16.106741486067,
    16.656586781404,17.183478632453,17.699208056431,18.21493748041,
    18.741829331459,19.291674626795,19.877989714629,20.518466561722,
    21.24152591495,22.110672061791,23.598944075069,25.087216088692,
    25.956362235533,26.679421588762,27.319898435854,27.906213523688,
    28.456058819025,28.982950670074,29.498680094052,30.014409518031,
    30.541301369079,31.091146664416,31.67746175225,32.317938599342,
    33.040997952571,33.910144099412,35.398416112636,36.886688126313,
    37.755834273154,38.478893626383,39.119370473475,39.705685561309,
    40.255530856645,40.782422707694,41.298152131673,41.813881555651,
    42.3407734067,42.890618702037,43.476933789871,44.117410636963,
    44.840469990192,45.709616137033,47.197888150483,48.686160163934,
    49.555306310775),.UNSPECIFIED.);
#48 = CARTESIAN_POINT('',(-285.,7.000578675214,-20.49439171611));
#49 = CARTESIAN_POINT('',(-285.,6.999421324786,-19.50560828388));
#50 = CARTESIAN_POINT('',(-285.,7.000245171945,-18.71721309419));
#51 = CARTESIAN_POINT('',(-285.,6.926074652891,-17.69270907378));
#52 = CARTESIAN_POINT('',(-285.,6.813420322345,-16.95605073631));
#53 = CARTESIAN_POINT('',(-285.,6.655696024057,-16.32446087418));
#54 = CARTESIAN_POINT('',(-285.,6.452421183252,-15.76694890655));
#55 = CARTESIAN_POINT('',(-285.,6.203118547682,-15.27033089589));
#56 = CARTESIAN_POINT('',(-285.,5.907218122298,-14.82790450041));
#57 = CARTESIAN_POINT('',(-285.,5.563940162306,-14.43605984932));
#58 = CARTESIAN_POINT('',(-285.,5.172095437288,-14.09278189299));
#59 = CARTESIAN_POINT('',(-285.,4.729669351842,-13.79688137607));
#60 = CARTESIAN_POINT('',(-285.,4.233050095843,-13.54757912817));
#61 = CARTESIAN_POINT('',(-285.,3.675543276131,-13.344302679));
#62 = CARTESIAN_POINT('',(-285.,3.043931276257,-13.186585299));
#63 = CARTESIAN_POINT('',(-285.,2.307374123717,-13.07389934646));
#64 = CARTESIAN_POINT('',(-285.,1.282291309399,-12.9999097105));
#65 = CARTESIAN_POINT('',(-285.,3.559346665263E-11,-13.00005700105));
#66 = CARTESIAN_POINT('',(-285.,-1.282291309325,-12.9999097105));
#67 = CARTESIAN_POINT('',(-285.,-2.307374123721,-13.07389934645));
#68 = CARTESIAN_POINT('',(-285.,-3.043931276246,-13.18658529904));
#69 = CARTESIAN_POINT('',(-285.,-3.675543276167,-13.34430267888));
#70 = CARTESIAN_POINT('',(-285.,-4.233050095723,-13.54757912855));
#71 = CARTESIAN_POINT('',(-285.,-4.729669352252,-13.79688137476));
#72 = CARTESIAN_POINT('',(-285.,-5.17209543584,-14.09278189762));
#73 = CARTESIAN_POINT('',(-285.,-5.563940167591,-14.4360598324));
#74 = CARTESIAN_POINT('',(-285.,-5.907218102377,-14.82790456416));
#75 = CARTESIAN_POINT('',(-285.,-6.203118625231,-15.27033064774));
#76 = CARTESIAN_POINT('',(-285.,-6.452420871445,-15.76694990427));
#77 = CARTESIAN_POINT('',(-285.,-6.655697321112,-16.32445672383));
#78 = CARTESIAN_POINT('',(-285.,-6.81341470096,-16.95606872375));
#79 = CARTESIAN_POINT('',(-285.,-6.926100653549,-17.69262587627));
#80 = CARTESIAN_POINT('',(-285.,-7.00009028949,-18.71770869058));
#81 = CARTESIAN_POINT('',(-285.,-6.999942998943,-19.99999999994));
#82 = CARTESIAN_POINT('',(-285.,-7.000090289498,-21.2822913093));
#83 = CARTESIAN_POINT('',(-285.,-6.926100653549,-22.30737412372));
#84 = CARTESIAN_POINT('',(-285.,-6.81341470096,-23.04393127624));
#85 = CARTESIAN_POINT('',(-285.,-6.655697321112,-23.67554327616));
#86 = CARTESIAN_POINT('',(-285.,-6.452420871445,-24.23305009572));
#87 = CARTESIAN_POINT('',(-285.,-6.203118625231,-24.72966935225));
#88 = CARTESIAN_POINT('',(-285.,-5.907218102377,-25.17209543584));
#89 = CARTESIAN_POINT('',(-285.,-5.563940167591,-25.56394016759));
#90 = CARTESIAN_POINT('',(-285.,-5.17209543584,-25.90721810237));
#91 = CARTESIAN_POINT('',(-285.,-4.729669352252,-26.20311862523));
#92 = CARTESIAN_POINT('',(-285.,-4.233050095723,-26.45242087144));
#93 = CARTESIAN_POINT('',(-285.,-3.675543276167,-26.65569732111));
#94 = CARTESIAN_POINT('',(-285.,-3.043931276246,-26.81341470096));
#95 = CARTESIAN_POINT('',(-285.,-2.307374123721,-26.92610065354));
#96 = CARTESIAN_POINT('',(-285.,-1.282291309436,-27.00009028948));
#97 = CARTESIAN_POINT('',(-285.,-7.476197171606E-11,-26.99994299894));
#98 = CARTESIAN_POINT('',(-285.,1.282291309284,-27.0000902895));
#99 = CARTESIAN_POINT('',(-285.,2.307374123725,-26.92610065353));
#100 = CARTESIAN_POINT('',(-285.,3.043931276234,-26.81341470099));
#101 = CARTESIAN_POINT('',(-285.,3.675543276204,-26.65569732099));
#102 = CARTESIAN_POINT('',(-285.,4.233050095603,-26.45242087182));
#103 = CARTESIAN_POINT('',(-285.,4.729669352661,-26.20311862392));
#104 = CARTESIAN_POINT('',(-285.,5.172095434392,-25.90721810701));
#105 = CARTESIAN_POINT('',(-285.,5.563940172876,-25.56394015068));
#106 = CARTESIAN_POINT('',(-285.,5.907218082456,-25.17209549958));
#107 = CARTESIAN_POINT('',(-285.,6.203118702781,-24.7296691041));
#108 = CARTESIAN_POINT('',(-285.,6.452420559638,-24.23305109344));
#109 = CARTESIAN_POINT('',(-285.,6.655698618168,-23.67553912581));
#110 = CARTESIAN_POINT('',(-285.,6.813409079575,-23.04394926368));
#111 = CARTESIAN_POINT('',(-285.,6.926126654207,-22.30729092621));
#112 = CARTESIAN_POINT('',(-285.,6.999935407043,-21.2827869058));
#113 = CARTESIAN_POINT('',(-285.,7.000578675214,-20.49439171611));
#114 = CARTESIAN_POINT('',(-285.,6.999421324786,-19.50560828388));
#115 = PCURVE('',#116,#251);
#116 = B_SPLINE_SURFACE_WITH_KNOTS('',3,1,(
    (#117,#118)
    ,(#119,#120)
    ,(#121,#122)
    ,(#123,#124)
    ,(#125,#126)
    ,(#127,#128)
    ,(#129,#130)
    ,(#131,#132)
    ,(#133,#134)
    ,(#135,#136)
    ,(#137,#138)
    ,(#139,#140)
    ,(#141,#142)
    ,(#143,#144)
    ,(#145,#146)
    ,(#147,#148)
    ,(#149,#150)
    ,(#151,#152)
    ,(#153,#154)
    ,(#155,#156)
    ,(#157,#158)
    ,(#159,#160)
    ,(#161,#162)
    ,(#163,#164)
    ,(#165,#166)
    ,(#167,#168)
    ,(#169,#170)
    ,(#171,#172)
    ,(#173,#174)
    ,(#175,#176)
    ,(#177,#178)
    ,(#179,#180)
    ,(#181,#182)
    ,(#183,#184)
    ,(#185,#186)
    ,(#187,#188)
    ,(#189,#190)
    ,(#191,#192)
    ,(#193,#194)
    ,(#195,#196)
    ,(#197,#198)
    ,(#199,#200)
    ,(#201,#202)
    ,(#203,#204)
    ,(#205,#206)
    ,(#207,#208)
    ,(#209,#210)
    ,(#211,#212)
    ,(#213,#214)
    ,(#215,#216)
    ,(#217,#218)
    ,(#219,#220)
    ,(#221,#222)
    ,(#223,#224)
    ,(#225,#226)
    ,(#227,#228)
    ,(#229,#230)
    ,(#231,#232)
    ,(#233,#234)
    ,(#235,#236)
    ,(#237,#238)
    ,(#239,#240)
    ,(#241,#242)
    ,(#243,#244)
    ,(#245,#246)
    ,(#247,#248)
    ,(#249,#250
    )),.UNSPECIFIED.,.T.,.F.,.F.,(1,1,2,1,1,1,1,1,1,1,1,1,1,1,1,1,1,1,1,
    1,1,1,1,1,1,1,1,1,1,1,1,1,1,1,1,1,1,1,1,1,1,1,1,1,1,1,1,1,1,1,1,1,1,
    1,1,1,1,1,1,1,1,1,1,1,1,1,2,1,1),(2,2),(-7.409028503773,
    -4.677426327987,0.,4.677426327987,7.409028503773,9.681500756777,
    11.694427990497,13.53713255226,15.265217766175,16.921163583757,
    18.54202748769,20.162891391622,21.818837209205,23.546922423119,
    25.389626984883,27.402554218602,29.675026471606,32.406628647392,
    37.084054975038,41.761481303367,44.493083479153,46.765555732157,
    48.778482965876,50.62118752764,52.349272741555,54.005218559137,
    55.62608246307,57.246946367002,58.902892184584,60.630977398499,
    62.473681960263,64.486609193982,66.759081446986,69.490683622772,
    74.168109950217,78.845536278747,81.577138454533,83.849610707537,
    85.862537941256,87.70524250302,89.433327716934,91.089273534517,
    92.710137438449,94.331001342382,95.986947159964,97.715032373879,
    99.557736935642,101.57066416936,103.84313642236,106.57473859815,
    111.25216492542,115.92959125412,118.66119342991,120.93366568291,
    122.94659291663,124.7892974784,126.51738269231,128.17332850989,
    129.79419241382,131.41505631776,133.07100213534,134.79908734925,
    136.64179191102,138.65471914474,140.92719139774,143.65879357353,
    148.33621990151,153.0136462295,155.74524840529),(0.,1.),
  .UNSPECIFIED.);
#117 = CARTESIAN_POINT('',(-285.,7.000578675214,-20.49439171611));
#118 = CARTESIAN_POINT('',(-270.,22.001818693531,-23.55380253636));
#119 = CARTESIAN_POINT('',(-285.,6.999421324786,-19.50560828388));
#120 = CARTESIAN_POINT('',(-270.,21.998181306469,-20.44619746363));
#121 = CARTESIAN_POINT('',(-285.,7.000245171945,-18.71721309419));
#122 = CARTESIAN_POINT('',(-270.,22.000770540397,-17.96838401033));
#123 = CARTESIAN_POINT('',(-285.,6.926074652891,-17.69270907378));
#124 = CARTESIAN_POINT('',(-270.,21.767663194801,-14.74851423189));
#125 = CARTESIAN_POINT('',(-285.,6.813420322345,-16.95605073631));
#126 = CARTESIAN_POINT('',(-270.,21.413606727369,-12.43330231414));
#127 = CARTESIAN_POINT('',(-285.,6.655696024057,-16.32446087418));
#128 = CARTESIAN_POINT('',(-270.,20.917901789893,-10.44830560456));
#129 = CARTESIAN_POINT('',(-285.,6.452421183252,-15.76694890655));
#130 = CARTESIAN_POINT('',(-270.,20.279038004505,-8.696125134873));
#131 = CARTESIAN_POINT('',(-285.,6.203118547682,-15.27033089589));
#132 = CARTESIAN_POINT('',(-270.,19.495515435572,-7.135325672806));
#133 = CARTESIAN_POINT('',(-285.,5.907218122298,-14.82790450041));
#134 = CARTESIAN_POINT('',(-270.,18.565542670079,-5.744842715595));
#135 = CARTESIAN_POINT('',(-285.,5.563940162306,-14.43605984932));
#136 = CARTESIAN_POINT('',(-270.,17.486669081533,-4.513330955007));
#137 = CARTESIAN_POINT('',(-285.,5.172095437288,-14.09278189299));
#138 = CARTESIAN_POINT('',(-270.,16.255157088618,-3.434457377968));
#139 = CARTESIAN_POINT('',(-285.,4.729669351842,-13.79688137607));
#140 = CARTESIAN_POINT('',(-270.,14.86467510579,-2.50448432482));
#141 = CARTESIAN_POINT('',(-285.,4.233050095843,-13.54757912817));
#142 = CARTESIAN_POINT('',(-270.,13.303871729791,-1.720962974256));
#143 = CARTESIAN_POINT('',(-285.,3.675543276131,-13.344302679));
#144 = CARTESIAN_POINT('',(-270.,11.55170743927,-1.08209413401));
#145 = CARTESIAN_POINT('',(-285.,3.043931276257,-13.186585299));
#146 = CARTESIAN_POINT('',(-270.,9.566641153951,-0.586410939726));
#147 = CARTESIAN_POINT('',(-285.,2.307374123717,-13.07389934646));
#148 = CARTESIAN_POINT('',(-270.,7.251747245969,-0.232255088884));
#149 = CARTESIAN_POINT('',(-285.,1.282291309399,-12.9999097105));
#150 = CARTESIAN_POINT('',(-270.,4.030058400968,2.837669940666E-04));
#151 = CARTESIAN_POINT('',(-285.,3.559346665263E-11,-13.00005700105));
#152 = CARTESIAN_POINT('',(-270.,1.118666061349E-10,-1.791461860164E-04)
  );
#153 = CARTESIAN_POINT('',(-285.,-1.282291309325,-12.9999097105));
#154 = CARTESIAN_POINT('',(-270.,-4.030058400734,2.837669895671E-04));
#155 = CARTESIAN_POINT('',(-285.,-2.307374123721,-13.07389934645));
#156 = CARTESIAN_POINT('',(-270.,-7.251747245981,-0.232255088845));
#157 = CARTESIAN_POINT('',(-285.,-3.043931276246,-13.18658529904));
#158 = CARTESIAN_POINT('',(-270.,-9.566641153915,-0.58641093984));
#159 = CARTESIAN_POINT('',(-285.,-3.675543276167,-13.34430267888));
#160 = CARTESIAN_POINT('',(-270.,-11.55170743938,-1.082094133647));
#161 = CARTESIAN_POINT('',(-285.,-4.233050095723,-13.54757912855));
#162 = CARTESIAN_POINT('',(-270.,-13.30387172941,-1.720962975459));
#163 = CARTESIAN_POINT('',(-285.,-4.729669352252,-13.79688137476));
#164 = CARTESIAN_POINT('',(-270.,-14.86467510707,-2.504484320701));
#165 = CARTESIAN_POINT('',(-285.,-5.17209543584,-14.09278189762));
#166 = CARTESIAN_POINT('',(-270.,-16.25515708406,-3.43445739253));
#167 = CARTESIAN_POINT('',(-285.,-5.563940167591,-14.4360598324));
#168 = CARTESIAN_POINT('',(-270.,-17.48666909814,-4.513330901857));
#169 = CARTESIAN_POINT('',(-285.,-5.907218102377,-14.82790456416));
#170 = CARTESIAN_POINT('',(-270.,-18.56554260747,-5.744842915933));
#171 = CARTESIAN_POINT('',(-285.,-6.203118625231,-15.27033064774));
#172 = CARTESIAN_POINT('',(-270.,-19.49551567929,-7.135324892923));
#173 = CARTESIAN_POINT('',(-285.,-6.452420871445,-15.76694990427));
#174 = CARTESIAN_POINT('',(-270.,-20.27903702454,-8.696128270585));
#175 = CARTESIAN_POINT('',(-285.,-6.655697321112,-16.32445672383));
#176 = CARTESIAN_POINT('',(-270.,-20.91790586635,-10.44829256061));
#177 = CARTESIAN_POINT('',(-285.,-6.81341470096,-16.95606872375));
#178 = CARTESIAN_POINT('',(-270.,-21.41358906016,-12.43335884608));
#179 = CARTESIAN_POINT('',(-285.,-6.926100653549,-17.69262587627));
#180 = CARTESIAN_POINT('',(-270.,-21.76774491115,-14.74825275401));
#181 = CARTESIAN_POINT('',(-285.,-7.00009028949,-18.71770869058));
#182 = CARTESIAN_POINT('',(-270.,-22.00028376696,-17.96994159897));
#183 = CARTESIAN_POINT('',(-285.,-6.999942998943,-19.99999999994));
#184 = CARTESIAN_POINT('',(-270.,-21.99982085382,-21.99999999981));
#185 = CARTESIAN_POINT('',(-285.,-7.000090289498,-21.2822913093));
#186 = CARTESIAN_POINT('',(-270.,-22.00028376699,-26.03005840066));
#187 = CARTESIAN_POINT('',(-285.,-6.926100653549,-22.30737412372));
#188 = CARTESIAN_POINT('',(-270.,-21.76774491115,-29.25174724598));
#189 = CARTESIAN_POINT('',(-285.,-6.81341470096,-23.04393127624));
#190 = CARTESIAN_POINT('',(-270.,-21.41358906016,-31.56664115391));
#191 = CARTESIAN_POINT('',(-285.,-6.655697321112,-23.67554327616));
#192 = CARTESIAN_POINT('',(-270.,-20.91790586635,-33.55170743938));
#193 = CARTESIAN_POINT('',(-285.,-6.452420871445,-24.23305009572));
#194 = CARTESIAN_POINT('',(-270.,-20.27903702454,-35.30387172941));
#195 = CARTESIAN_POINT('',(-285.,-6.203118625231,-24.72966935225));
#196 = CARTESIAN_POINT('',(-270.,-19.49551567929,-36.86467510707));
#197 = CARTESIAN_POINT('',(-285.,-5.907218102377,-25.17209543584));
#198 = CARTESIAN_POINT('',(-270.,-18.56554260747,-38.25515708406));
#199 = CARTESIAN_POINT('',(-285.,-5.563940167591,-25.56394016759));
#200 = CARTESIAN_POINT('',(-270.,-17.48666909814,-39.48666909814));
#201 = CARTESIAN_POINT('',(-285.,-5.17209543584,-25.90721810237));
#202 = CARTESIAN_POINT('',(-270.,-16.25515708406,-40.56554260747));
#203 = CARTESIAN_POINT('',(-285.,-4.729669352252,-26.20311862523));
#204 = CARTESIAN_POINT('',(-270.,-14.86467510707,-41.49551567929));
#205 = CARTESIAN_POINT('',(-285.,-4.233050095723,-26.45242087144));
#206 = CARTESIAN_POINT('',(-270.,-13.30387172941,-42.27903702454));
#207 = CARTESIAN_POINT('',(-285.,-3.675543276167,-26.65569732111));
#208 = CARTESIAN_POINT('',(-270.,-11.55170743938,-42.91790586635));
#209 = CARTESIAN_POINT('',(-285.,-3.043931276246,-26.81341470096));
#210 = CARTESIAN_POINT('',(-270.,-9.566641153916,-43.41358906016));
#211 = CARTESIAN_POINT('',(-285.,-2.307374123721,-26.92610065354));
#212 = CARTESIAN_POINT('',(-270.,-7.251747245981,-43.76774491115));
#213 = CARTESIAN_POINT('',(-285.,-1.282291309436,-27.00009028948));
#214 = CARTESIAN_POINT('',(-270.,-4.030058401085,-44.00028376696));
#215 = CARTESIAN_POINT('',(-285.,-7.476197171606E-11,-26.99994299894));
#216 = CARTESIAN_POINT('',(-270.,-2.349649480519E-10,-43.99982085381));
#217 = CARTESIAN_POINT('',(-285.,1.282291309284,-27.0000902895));
#218 = CARTESIAN_POINT('',(-270.,4.030058400605,-44.00028376701));
#219 = CARTESIAN_POINT('',(-285.,2.307374123725,-26.92610065353));
#220 = CARTESIAN_POINT('',(-270.,7.251747245993,-43.76774491111));
#221 = CARTESIAN_POINT('',(-285.,3.043931276234,-26.81341470099));
#222 = CARTESIAN_POINT('',(-270.,9.56664115388,-43.41358906027));
#223 = CARTESIAN_POINT('',(-285.,3.675543276204,-26.65569732099));
#224 = CARTESIAN_POINT('',(-270.,11.551707439497,-42.91790586599));
#225 = CARTESIAN_POINT('',(-285.,4.233050095603,-26.45242087182));
#226 = CARTESIAN_POINT('',(-270.,13.303871729039,-42.27903702574));
#227 = CARTESIAN_POINT('',(-285.,4.729669352661,-26.20311862392));
#228 = CARTESIAN_POINT('',(-270.,14.864675108365,-41.49551567518));
#229 = CARTESIAN_POINT('',(-285.,5.172095434392,-25.90721810701));
#230 = CARTESIAN_POINT('',(-270.,16.255157079517,-40.56554262203));
#231 = CARTESIAN_POINT('',(-285.,5.563940172876,-25.56394015068));
#232 = CARTESIAN_POINT('',(-270.,17.486669114753,-39.48666904499));
#233 = CARTESIAN_POINT('',(-285.,5.907218082456,-25.17209549958));
#234 = CARTESIAN_POINT('',(-270.,18.565542544861,-38.2551572844));
#235 = CARTESIAN_POINT('',(-285.,6.203118702781,-24.7296691041));
#236 = CARTESIAN_POINT('',(-270.,19.495515923026,-36.86467432719));
#237 = CARTESIAN_POINT('',(-285.,6.452420559638,-24.23305109344));
#238 = CARTESIAN_POINT('',(-270.,20.279036044577,-35.30387486512));
#239 = CARTESIAN_POINT('',(-285.,6.655698618168,-23.67553912581));
#240 = CARTESIAN_POINT('',(-270.,20.917909942813,-33.55169439543));
#241 = CARTESIAN_POINT('',(-285.,6.813409079575,-23.04394926368));
#242 = CARTESIAN_POINT('',(-270.,21.41357139295,-31.56669768585));
#243 = CARTESIAN_POINT('',(-285.,6.926126654207,-22.30729092621));
#244 = CARTESIAN_POINT('',(-270.,21.767826627508,-29.2514857681));
#245 = CARTESIAN_POINT('',(-285.,6.999935407043,-21.2827869058));
#246 = CARTESIAN_POINT('',(-270.,21.999796993565,-26.03161598966));
#247 = CARTESIAN_POINT('',(-285.,7.000578675214,-20.49439171611));
#248 = CARTESIAN_POINT('',(-270.,22.001818693531,-23.55380253636));
#249 = CARTESIAN_POINT('',(-285.,6.999421324786,-19.50560828388));
#250 = CARTESIAN_POINT('',(-270.,21.998181306469,-20.44619746363));
#251 = DEFINITIONAL_REPRESENTATION('',(#252),#255);
#252 = B_SPLINE_CURVE_WITH_KNOTS('',1,(#253,#254),.UNSPECIFIED.,.F.,.F.,
  (2,2),(0.,47.197888150483),.PIECEWISE_BEZIER_KNOTS.);
#253 = CARTESIAN_POINT('',(0.,0.));
#254 = CARTESIAN_POINT('',(148.33621990151,0.));
#255 = ( GEOMETRIC_REPRESENTATION_CONTEXT(2) 
PARAMETRIC_REPRESENTATION_CONTEXT() REPRESENTATION_CONTEXT('2D SPACE',''
  ) );
#256 = PCURVE('',#257,#262);
#257 = PLANE('',#258);
#258 = AXIS2_PLACEMENT_3D('',#259,#260,#261);
#259 = CARTESIAN_POINT('',(-285.,7.,-20.));
#260 = DIRECTION('',(-1.,-0.,0.));
#261 = DIRECTION('',(0.,-0.978110572277,-0.208085819793));
#262 = DEFINITIONAL_REPRESENTATION('',(#263),#331);
#263 = B_SPLINE_CURVE_WITH_KNOTS('',3,(#264,#265,#266,#267,#268,#269,
    #270,#271,#272,#273,#274,#275,#276,#277,#278,#279,#280,#281,#282,
    #283,#284,#285,#286,#287,#288,#289,#290,#291,#292,#293,#294,#295,
    #296,#297,#298,#299,#300,#301,#302,#303,#304,#305,#306,#307,#308,
    #309,#310,#311,#312,#313,#314,#315,#316,#317,#318,#319,#320,#321,
    #322,#323,#324,#325,#326,#327,#328,#329,#330),.UNSPECIFIED.,.F.,.F.,
  (1,1,2,1,1,1,1,1,1,1,1,1,1,1,1,1,1,1,1,1,1,1,1,1,1,1,1,1,1,1,1,1,1,1,1
    ,1,1,1,1,1,1,1,1,1,1,1,1,1,1,1,1,1,1,1,1,1,1,1,1,1,1,1,1,1,1,1,2,1,1
    ),(-2.357418160292,-1.488272013451,0.,1.488272013451,2.357418160292,
    3.08047751352,3.720954360613,4.307269448446,4.857114743783,
    5.384006594832,5.89973601881,6.415465442789,6.942357293838,
    7.492202589174,8.078517677008,8.718994524101,9.442053877329,
    10.31120002417,11.799472037512,13.287744051071,14.156890197912,
    14.879949551141,15.520426398233,16.106741486067,16.656586781404,
    17.183478632453,17.699208056431,18.21493748041,18.741829331459,
    19.291674626795,19.877989714629,20.518466561722,21.24152591495,
    22.110672061791,23.598944075069,25.087216088692,25.956362235533,
    26.679421588762,27.319898435854,27.906213523688,28.456058819025,
    28.982950670074,29.498680094052,30.014409518031,30.541301369079,
    31.091146664416,31.67746175225,32.317938599342,33.040997952571,
    33.910144099412,35.398416112636,36.886688126313,37.755834273154,
    38.478893626383,39.119370473475,39.705685561309,40.255530856645,
    40.782422707694,41.298152131673,41.813881555651,42.3407734067,
    42.890618702037,43.476933789871,44.117410636963,44.840469990192,
    45.709616137033,47.197888150483,48.686160163934,49.555306310775),
  .UNSPECIFIED.);
#264 = CARTESIAN_POINT('',(0.102309897202,-0.483690178486));
#265 = CARTESIAN_POINT('',(-0.102309897202,0.483690178486));
#266 = CARTESIAN_POINT('',(-0.267169570185,1.254656417738));
#267 = CARTESIAN_POINT('',(-0.407807360317,2.272168464708));
#268 = CARTESIAN_POINT('',(-0.450907122656,3.016143541466));
#269 = CARTESIAN_POINT('',(-0.428060213231,3.666728452876));
#270 = CARTESIAN_POINT('',(-0.345245277191,4.254335414478));
#271 = CARTESIAN_POINT('',(-0.204738899515,4.791959084385));
#272 = CARTESIAN_POINT('',(-7.378224306516E-03,5.286273701848));
#273 = CARTESIAN_POINT('',(0.246848262137,5.740972373498));
#274 = CARTESIAN_POINT('',(0.558684455408,6.158273502652));
#275 = CARTESIAN_POINT('',(0.929853385395,6.539759521272));
#276 = CARTESIAN_POINT('',(1.363725667453,6.886944110652));
#277 = CARTESIAN_POINT('',(1.866730035359,7.201780218299));
#278 = CARTESIAN_POINT('',(2.4516976597,7.487474755894));
#279 = CARTESIAN_POINT('',(3.148683648873,7.750961176332));
#280 = CARTESIAN_POINT('',(4.135931792962,8.036636419278));
#281 = CARTESIAN_POINT('',(5.390185128466,8.303318991149));
#282 = CARTESIAN_POINT('',(6.644377165815,8.570289695921));
#283 = CARTESIAN_POINT('',(7.662417698089,8.711224848552));
#284 = CARTESIAN_POINT('',(8.406300384883,8.754272625885));
#285 = CARTESIAN_POINT('',(9.056905509865,8.731437090019));
#286 = CARTESIAN_POINT('',(9.644507770863,8.648619509092));
#287 = CARTESIAN_POINT('',(10.18213257835,8.508113771498));
#288 = CARTESIAN_POINT('',(10.676446911034,8.310752936053));
#289 = CARTESIAN_POINT('',(11.131145656328,8.056526491047));
#290 = CARTESIAN_POINT('',(11.54844676581,7.744690286707));
#291 = CARTESIAN_POINT('',(11.929932789858,7.373521359774));
#292 = CARTESIAN_POINT('',(12.277117377692,6.939649076846));
#293 = CARTESIAN_POINT('',(12.591953485794,6.436644709196));
#294 = CARTESIAN_POINT('',(12.87764802325,5.851677084776));
#295 = CARTESIAN_POINT('',(13.141134443732,5.154691095629));
#296 = CARTESIAN_POINT('',(13.426809686655,4.16744295155));
#297 = CARTESIAN_POINT('',(13.693492258536,2.913189616051));
#298 = CARTESIAN_POINT('',(13.960462963307,1.658997578701));
#299 = CARTESIAN_POINT('',(14.101398115941,0.640957046407));
#300 = CARTESIAN_POINT('',(14.144445893274,-0.102925640388));
#301 = CARTESIAN_POINT('',(14.121610357408,-0.75353076537));
#302 = CARTESIAN_POINT('',(14.038792776481,-1.341133026368));
#303 = CARTESIAN_POINT('',(13.898287038887,-1.878757833855));
#304 = CARTESIAN_POINT('',(13.700926203442,-2.373072166539));
#305 = CARTESIAN_POINT('',(13.446699758436,-2.827770911833));
#306 = CARTESIAN_POINT('',(13.134863554096,-3.245072021315));
#307 = CARTESIAN_POINT('',(12.763694627163,-3.626558045362));
#308 = CARTESIAN_POINT('',(12.329822344235,-3.973742633196));
#309 = CARTESIAN_POINT('',(11.826817976585,-4.288578741299));
#310 = CARTESIAN_POINT('',(11.241850352165,-4.574273278754));
#311 = CARTESIAN_POINT('',(10.544864363018,-4.837759699237));
#312 = CARTESIAN_POINT('',(9.557616218957,-5.123434942155));
#313 = CARTESIAN_POINT('',(8.303362883456,-5.390117514035));
#314 = CARTESIAN_POINT('',(7.049170846111,-5.657088218815));
#315 = CARTESIAN_POINT('',(6.031130313789,-5.798023371434));
#316 = CARTESIAN_POINT('',(5.28724762702,-5.841071148812));
#317 = CARTESIAN_POINT('',(4.63664250196,-5.818235612807));
#318 = CARTESIAN_POINT('',(4.049040241218,-5.735418032335));
#319 = CARTESIAN_POINT('',(3.511415432861,-5.594912293195));
#320 = CARTESIAN_POINT('',(3.017101103231,-5.397551463177));
#321 = CARTESIAN_POINT('',(2.562402346868,-5.1433249985));
#322 = CARTESIAN_POINT('',(2.145101278824,-4.831488867804));
#323 = CARTESIAN_POINT('',(1.763615094539,-4.460319656092));
#324 = CARTESIAN_POINT('',(1.416431146787,-4.026448510744));
#325 = CARTESIAN_POINT('',(1.101592393798,-3.523439442489));
#326 = CARTESIAN_POINT('',(0.815909229901,-2.938492031641));
#327 = CARTESIAN_POINT('',(0.552370824413,-2.241413652532));
#328 = CARTESIAN_POINT('',(0.266992943967,-1.254693993665));
#329 = CARTESIAN_POINT('',(0.102309897202,-0.483690178486));
#330 = CARTESIAN_POINT('',(-0.102309897202,0.483690178486));
#331 = ( GEOMETRIC_REPRESENTATION_CONTEXT(2) 
PARAMETRIC_REPRESENTATION_CONTEXT() REPRESENTATION_CONTEXT('2D SPACE',''
  ) );
#332 = ORIENTED_EDGE('',*,*,#333,.T.);
#333 = EDGE_CURVE('',#44,#334,#336,.T.);
#334 = VERTEX_POINT('',#335);
#335 = CARTESIAN_POINT('',(-270.,22.,-22.));
#336 = SEAM_CURVE('',#337,(#340,#347),.PCURVE_S1.);
#337 = B_SPLINE_CURVE_WITH_KNOTS('',1,(#338,#339),.UNSPECIFIED.,.F.,.F.,
  (2,2),(0.,1.),.PIECEWISE_BEZIER_KNOTS.);
#338 = CARTESIAN_POINT('',(-285.,7.,-20.));
#339 = CARTESIAN_POINT('',(-270.,22.,-22.));
#340 = PCURVE('',#116,#341);
#341 = DEFINITIONAL_REPRESENTATION('',(#342),#346);
#342 = LINE('',#343,#344);
#343 = CARTESIAN_POINT('',(148.33621990151,0.));
#344 = VECTOR('',#345,1.);
#345 = DIRECTION('',(0.,1.));
#346 = ( GEOMETRIC_REPRESENTATION_CONTEXT(2) 
PARAMETRIC_REPRESENTATION_CONTEXT() REPRESENTATION_CONTEXT('2D SPACE',''
  ) );
#347 = PCURVE('',#116,#348);
#348 = DEFINITIONAL_REPRESENTATION('',(#349),#353);
#349 = LINE('',#350,#351);
#350 = CARTESIAN_POINT('',(0.,0.));
#351 = VECTOR('',#352,1.);
#352 = DIRECTION('',(0.,1.));
#353 = ( GEOMETRIC_REPRESENTATION_CONTEXT(2) 
PARAMETRIC_REPRESENTATION_CONTEXT() REPRESENTATION_CONTEXT('2D SPACE',''
  ) );
#354 = ORIENTED_EDGE('',*,*,#355,.F.);
#355 = EDGE_CURVE('',#334,#334,#356,.T.);
#356 = SURFACE_CURVE('',#357,(#425,#432),.PCURVE_S1.);
#357 = B_SPLINE_CURVE_WITH_KNOTS('',3,(#358,#359,#360,#361,#362,#363,
    #364,#365,#366,#367,#368,#369,#370,#371,#372,#373,#374,#375,#376,
    #377,#378,#379,#380,#381,#382,#383,#384,#385,#386,#387,#388,#389,
    #390,#391,#392,#393,#394,#395,#396,#397,#398,#399,#400,#401,#402,
    #403,#404,#405,#406,#407,#408,#409,#410,#411,#412,#413,#414,#415,
    #416,#417,#418,#419,#420,#421,#422,#423,#424),.UNSPECIFIED.,.T.,.F.,
  (1,1,2,1,1,1,1,1,1,1,1,1,1,1,1,1,1,1,1,1,1,1,1,1,1,1,1,1,1,1,1,1,1,1,1
    ,1,1,1,1,1,1,1,1,1,1,1,1,1,1,1,1,1,1,1,1,1,1,1,1,1,1,1,1,1,1,1,2,1,1
    ),(-7.409028503773,-4.677426327987,0.,4.677426327987,7.409028503773,
    9.681500756777,11.694427990497,13.53713255226,15.265217766175,
    16.921163583757,18.54202748769,20.162891391622,21.818837209205,
    23.546922423119,25.389626984883,27.402554218602,29.675026471606,
    32.406628647392,37.084054975038,41.761481303367,44.493083479153,
    46.765555732157,48.778482965876,50.62118752764,52.349272741555,
    54.005218559137,55.62608246307,57.246946367002,58.902892184584,
    60.630977398499,62.473681960263,64.486609193982,66.759081446986,
    69.490683622772,74.168109950217,78.845536278747,81.577138454533,
    83.849610707537,85.862537941256,87.70524250302,89.433327716934,
    91.089273534517,92.710137438449,94.331001342382,95.986947159964,
    97.715032373879,99.557736935642,101.57066416936,103.84313642236,
    106.57473859815,111.25216492542,115.92959125412,118.66119342991,
    120.93366568291,122.94659291663,124.7892974784,126.51738269231,
    128.17332850989,129.79419241382,131.41505631776,133.07100213534,
    134.79908734925,136.64179191102,138.65471914474,140.92719139774,
    143.65879357353,148.33621990151,153.0136462295,155.74524840529),
  .UNSPECIFIED.);
#358 = CARTESIAN_POINT('',(-270.,22.001818693531,-23.55380253636));
#359 = CARTESIAN_POINT('',(-270.,21.998181306469,-20.44619746363));
#360 = CARTESIAN_POINT('',(-270.,22.000770540397,-17.96838401033));
#361 = CARTESIAN_POINT('',(-270.,21.767663194801,-14.74851423189));
#362 = CARTESIAN_POINT('',(-270.,21.413606727369,-12.43330231414));
#363 = CARTESIAN_POINT('',(-270.,20.917901789893,-10.44830560456));
#364 = CARTESIAN_POINT('',(-270.,20.279038004505,-8.696125134873));
#365 = CARTESIAN_POINT('',(-270.,19.495515435572,-7.135325672806));
#366 = CARTESIAN_POINT('',(-270.,18.565542670079,-5.744842715595));
#367 = CARTESIAN_POINT('',(-270.,17.486669081533,-4.513330955007));
#368 = CARTESIAN_POINT('',(-270.,16.255157088618,-3.434457377968));
#369 = CARTESIAN_POINT('',(-270.,14.86467510579,-2.50448432482));
#370 = CARTESIAN_POINT('',(-270.,13.303871729791,-1.720962974256));
#371 = CARTESIAN_POINT('',(-270.,11.55170743927,-1.08209413401));
#372 = CARTESIAN_POINT('',(-270.,9.566641153951,-0.586410939726));
#373 = CARTESIAN_POINT('',(-270.,7.251747245969,-0.232255088884));
#374 = CARTESIAN_POINT('',(-270.,4.030058400968,2.837669940666E-04));
#375 = CARTESIAN_POINT('',(-270.,1.118666061349E-10,-1.791461860164E-04)
  );
#376 = CARTESIAN_POINT('',(-270.,-4.030058400734,2.837669895671E-04));
#377 = CARTESIAN_POINT('',(-270.,-7.251747245981,-0.232255088845));
#378 = CARTESIAN_POINT('',(-270.,-9.566641153915,-0.58641093984));
#379 = CARTESIAN_POINT('',(-270.,-11.55170743938,-1.082094133647));
#380 = CARTESIAN_POINT('',(-270.,-13.30387172941,-1.720962975459));
#381 = CARTESIAN_POINT('',(-270.,-14.86467510707,-2.504484320701));
#382 = CARTESIAN_POINT('',(-270.,-16.25515708406,-3.43445739253));
#383 = CARTESIAN_POINT('',(-270.,-17.48666909814,-4.513330901857));
#384 = CARTESIAN_POINT('',(-270.,-18.56554260747,-5.744842915933));
#385 = CARTESIAN_POINT('',(-270.,-19.49551567929,-7.135324892923));
#386 = CARTESIAN_POINT('',(-270.,-20.27903702454,-8.696128270585));
#387 = CARTESIAN_POINT('',(-270.,-20.91790586635,-10.44829256061));
#388 = CARTESIAN_POINT('',(-270.,-21.41358906016,-12.43335884608));
#389 = CARTESIAN_POINT('',(-270.,-21.76774491115,-14.74825275401));
#390 = CARTESIAN_POINT('',(-270.,-22.00028376696,-17.96994159897));
#391 = CARTESIAN_POINT('',(-270.,-21.99982085382,-21.99999999981));
#392 = CARTESIAN_POINT('',(-270.,-22.00028376699,-26.03005840066));
#393 = CARTESIAN_POINT('',(-270.,-21.76774491115,-29.25174724598));
#394 = CARTESIAN_POINT('',(-270.,-21.41358906016,-31.56664115391));
#395 = CARTESIAN_POINT('',(-270.,-20.91790586635,-33.55170743938));
#396 = CARTESIAN_POINT('',(-270.,-20.27903702454,-35.30387172941));
#397 = CARTESIAN_POINT('',(-270.,-19.49551567929,-36.86467510707));
#398 = CARTESIAN_POINT('',(-270.,-18.56554260747,-38.25515708406));
#399 = CARTESIAN_POINT('',(-270.,-17.48666909814,-39.48666909814));
#400 = CARTESIAN_POINT('',(-270.,-16.25515708406,-40.56554260747));
#401 = CARTESIAN_POINT('',(-270.,-14.86467510707,-41.49551567929));
#402 = CARTESIAN_POINT('',(-270.,-13.30387172941,-42.27903702454));
#403 = CARTESIAN_POINT('',(-270.,-11.55170743938,-42.91790586635));
#404 = CARTESIAN_POINT('',(-270.,-9.566641153916,-43.41358906016));
#405 = CARTESIAN_POINT('',(-270.,-7.251747245981,-43.76774491115));
#406 = CARTESIAN_POINT('',(-270.,-4.030058401085,-44.00028376696));
#407 = CARTESIAN_POINT('',(-270.,-2.349649480519E-10,-43.99982085381));
#408 = CARTESIAN_POINT('',(-270.,4.030058400605,-44.00028376701));
#409 = CARTESIAN_POINT('',(-270.,7.251747245993,-43.76774491111));
#410 = CARTESIAN_POINT('',(-270.,9.56664115388,-43.41358906027));
#411 = CARTESIAN_POINT('',(-270.,11.551707439497,-42.91790586599));
#412 = CARTESIAN_POINT('',(-270.,13.303871729039,-42.27903702574));
#413 = CARTESIAN_POINT('',(-270.,14.864675108365,-41.49551567518));
#414 = CARTESIAN_POINT('',(-270.,16.255157079517,-40.56554262203));
#415 = CARTESIAN_POINT('',(-270.,17.486669114753,-39.48666904499));
#416 = CARTESIAN_POINT('',(-270.,18.565542544861,-38.2551572844));
#417 = CARTESIAN_POINT('',(-270.,19.495515923026,-36.86467432719));
#418 = CARTESIAN_POINT('',(-270.,20.279036044577,-35.30387486512));
#419 = CARTESIAN_POINT('',(-270.,20.917909942813,-33.55169439543));
#420 = CARTESIAN_POINT('',(-270.,21.41357139295,-31.56669768585));
#421 = CARTESIAN_POINT('',(-270.,21.767826627508,-29.2514857681));
#422 = CARTESIAN_POINT('',(-270.,21.999796993565,-26.03161598966));
#423 = CARTESIAN_POINT('',(-270.,22.001818693531,-23.55380253636));
#424 = CARTESIAN_POINT('',(-270.,21.998181306469,-20.44619746363));
#425 = PCURVE('',#116,#426);
#426 = DEFINITIONAL_REPRESENTATION('',(#427),#431);
#427 = LINE('',#428,#429);
#428 = CARTESIAN_POINT('',(0.,1.));
#429 = VECTOR('',#430,1.);
#430 = DIRECTION('',(1.,0.));
#431 = ( GEOMETRIC_REPRESENTATION_CONTEXT(2) 
PARAMETRIC_REPRESENTATION_CONTEXT() REPRESENTATION_CONTEXT('2D SPACE',''
  ) );
#432 = PCURVE('',#433,#688);
#433 = B_SPLINE_SURFACE_WITH_KNOTS('',3,1,(
    (#434,#435)
    ,(#436,#437)
    ,(#438,#439)
    ,(#440,#441)
    ,(#442,#443)
    ,(#444,#445)
    ,(#446,#447)
    ,(#448,#449)
    ,(#450,#451)
    ,(#452,#453)
    ,(#454,#455)
    ,(#456,#457)
    ,(#458,#459)
    ,(#460,#461)
    ,(#462,#463)
    ,(#464,#465)
    ,(#466,#467)
    ,(#468,#469)
    ,(#470,#471)
    ,(#472,#473)
    ,(#474,#475)
    ,(#476,#477)
    ,(#478,#479)
    ,(#480,#481)
    ,(#482,#483)
    ,(#484,#485)
    ,(#486,#487)
    ,(#488,#489)
    ,(#490,#491)
    ,(#492,#493)
    ,(#494,#495)
    ,(#496,#497)
    ,(#498,#499)
    ,(#500,#501)
    ,(#502,#503)
    ,(#504,#505)
    ,(#506,#507)
    ,(#508,#509)
    ,(#510,#511)
    ,(#512,#513)
    ,(#514,#515)
    ,(#516,#517)
    ,(#518,#519)
    ,(#520,#521)
    ,(#522,#523)
    ,(#524,#525)
    ,(#526,#527)
    ,(#528,#529)
    ,(#530,#531)
    ,(#532,#533)
    ,(#534,#535)
    ,(#536,#537)
    ,(#538,#539)
    ,(#540,#541)
    ,(#542,#543)
    ,(#544,#545)
    ,(#546,#547)
    ,(#548,#549)
    ,(#550,#551)
    ,(#552,#553)
    ,(#554,#555)
    ,(#556,#557)
    ,(#558,#559)
    ,(#560,#561)
    ,(#562,#563)
    ,(#564,#565)
    ,(#566,#567)
    ,(#568,#569)
    ,(#570,#571)
    ,(#572,#573)
    ,(#574,#575)
    ,(#576,#577)
    ,(#578,#579)
    ,(#580,#581)
    ,(#582,#583)
    ,(#584,#585)
    ,(#586,#587)
    ,(#588,#589)
    ,(#590,#591)
    ,(#592,#593)
    ,(#594,#595)
    ,(#596,#597)
    ,(#598,#599)
    ,(#600,#601)
    ,(#602,#603)
    ,(#604,#605)
    ,(#606,#607)
    ,(#608,#609)
    ,(#610,#611)
    ,(#612,#613)
    ,(#614,#615)
    ,(#616,#617)
    ,(#618,#619)
    ,(#620,#621)
    ,(#622,#623)
    ,(#624,#625)
    ,(#626,#627)
    ,(#628,#629)
    ,(#630,#631)
    ,(#632,#633)
    ,(#634,#635)
    ,(#636,#637)
    ,(#638,#639)
    ,(#640,#641)
    ,(#642,#643)
    ,(#644,#645)
    ,(#646,#647)
    ,(#648,#649)
    ,(#650,#651)
    ,(#652,#653)
    ,(#654,#655)
    ,(#656,#657)
    ,(#658,#659)
    ,(#660,#661)
    ,(#662,#663)
    ,(#664,#665)
    ,(#666,#667)
    ,(#668,#669)
    ,(#670,#671)
    ,(#672,#673)
    ,(#674,#675)
    ,(#676,#677)
    ,(#678,#679)
    ,(#680,#681)
    ,(#682,#683)
    ,(#684,#685)
    ,(#686,#687
    )),.UNSPECIFIED.,.T.,.F.,.F.,(1,1,2,1,1,1,1,1,1,1,1,1,1,1,1,1,1,1,1,
    1,1,1,1,1,1,1,1,1,1,1,1,1,1,1,1,1,1,1,1,1,1,1,1,1,1,1,1,1,1,1,1,1,1,
    1,1,1,1,1,1,1,1,1,1,1,1,1,1,1,1,1,1,1,1,1,1,1,1,1,1,1,1,1,1,1,1,1,1,
    1,1,1,1,1,1,1,1,1,1,1,1,1,1,1,1,1,1,1,1,1,1,1,1,1,1,1,1,1,1,1,1,1,1,
    1,1,1,1,1,2,1,1),(2,2),(-8.9295841103,-8.823521997172,0.,
    8.823521997172,8.9295841103,13.976430925177,14.143721646464,
    18.263234715622,18.47960817579,22.060431396018,22.316999661917,
    25.536519119244,25.824994687833,28.796388292753,29.108250154005,
    31.920173323879,32.246417926789,34.9777796458,35.308979348723,
    38.03538596772,38.361931646276,41.159170998846,41.471584168603,
    44.419040172355,44.708229486493,47.895127895581,48.152468437894,
    51.692324575977,51.909427669696,55.979128366422,56.147017944934,
    61.132037294427,61.23848835839,69.955559290955,78.672630224809,
    78.779081288772,83.764100638264,83.931990216777,88.001690913503,
    88.218794007222,91.758650145305,92.015990687618,95.202889096706,
    95.492078410844,98.439534414596,98.751947584352,101.54918693692,
    101.87573261547,104.60213923447,104.93333893739,107.66470065641,
    107.99094525931,110.80286842919,111.11473029044,114.08612389536,
    114.37459946395,117.59411892128,117.85068718718,121.4315104074,
    121.64788386757,125.76739693673,125.93468765802,130.98153447289,
    131.08759658602,139.91111858217,148.73464058037,148.84070269349,
    153.88754950837,154.05484022966,158.17435329882,158.39072675898,
    161.97154997921,162.22811824511,165.44763770244,165.73611327103,
    168.70750687595,169.0193687372,171.83129190707,172.15753650998,
    174.88889822899,175.22009793192,177.94650455091,178.27305022947,
    181.07028958204,181.3827027518,184.33015875555,184.61934806969,
    187.80624647878,188.06358702109,191.60344315917,191.82054625289,
    195.89024694962,196.05813652813,201.04315587762,201.14960694158,
    209.86667787345,218.583748808,218.69019987197,223.67521922146,
    223.84310879997,227.9128094967,228.12991259042,231.6697687285,
    231.92710927081,235.1140076799,235.40319699404,238.35065299779,
    238.66306616755,241.46030552012,241.78685119867,244.51325781767,
    244.84445752059,247.5758192396,247.90206384251,250.71398701239,
    251.02584887364,253.99724247856,254.28571804715,257.50523750448,
    257.76180577037,261.3426289906,261.55900245077,265.67851551993,
    265.84580624122,270.89265305609,270.99871516922,279.82223716639,
    288.64575916357,288.75182127669),(0.,1.),.UNSPECIFIED.);
#434 = CARTESIAN_POINT('',(-270.,22.001818693531,-23.55380253636));
#435 = CARTESIAN_POINT('',(-240.,41.003525459747,-29.93155037926));
#436 = CARTESIAN_POINT('',(-270.,21.998181306469,-20.44619746363));
#437 = CARTESIAN_POINT('',(-240.,40.996474540253,-24.06844962073));
#438 = CARTESIAN_POINT('',(-270.,21.999835575879,-18.86311493281));
#439 = CARTESIAN_POINT('',(-240.,40.999585444825,-21.08278251431));
#440 = CARTESIAN_POINT('',(-270.,21.88679556928,-16.39406826296));
#441 = CARTESIAN_POINT('',(-240.,40.796505039422,-16.42472340621));
#442 = CARTESIAN_POINT('',(-270.,21.818053968073,-15.45618269287));
#443 = CARTESIAN_POINT('',(-240.,40.672946047316,-14.65503528971));
#444 = CARTESIAN_POINT('',(-270.,21.625360257076,-13.81798058074));
#445 = CARTESIAN_POINT('',(-240.,40.326462329444,-11.56292011071));
#446 = CARTESIAN_POINT('',(-270.,21.503407340925,-13.03064656528));
#447 = CARTESIAN_POINT('',(-240.,40.107217036249,-10.07615642098));
#448 = CARTESIAN_POINT('',(-270.,21.220507231934,-11.66005630813));
#449 = CARTESIAN_POINT('',(-240.,39.598324370455,-7.485796830208));
#450 = CARTESIAN_POINT('',(-270.,21.044535640917,-10.96462608096));
#451 = CARTESIAN_POINT('',(-240.,39.281657610365,-6.170236142742));
#452 = CARTESIAN_POINT('',(-270.,20.672030161829,-9.773965511108));
#453 = CARTESIAN_POINT('',(-240.,38.610572311396,-3.914678357625));
#454 = CARTESIAN_POINT('',(-270.,20.441001621588,-9.14888797164));
#455 = CARTESIAN_POINT('',(-240.,38.193942394357,-2.728695636115));
#456 = CARTESIAN_POINT('',(-270.,19.979880042472,-8.100193881928));
#457 = CARTESIAN_POINT('',(-240.,37.360912360995,-0.734801728837));
#458 = CARTESIAN_POINT('',(-270.,19.692973647289,-7.536567190135));
#459 = CARTESIAN_POINT('',(-240.,36.841667398233,0.339262498164));
#460 = CARTESIAN_POINT('',(-270.,19.143696673803,-6.609290921661));
#461 = CARTESIAN_POINT('',(-240.,35.845142879505,2.111218088516));
#462 = CARTESIAN_POINT('',(-270.,18.800685019233,-6.103613778246));
#463 = CARTESIAN_POINT('',(-240.,35.2212048418,3.080362310066));
#464 = CARTESIAN_POINT('',(-270.,18.162669330047,-5.284971177776));
#465 = CARTESIAN_POINT('',(-240.,34.057098903833,4.654513195982));
#466 = CARTESIAN_POINT('',(-270.,17.763958430578,-4.836247311459));
#467 = CARTESIAN_POINT('',(-240.,33.327262124811,5.520264781722));
#468 = CARTESIAN_POINT('',(-270.,17.034958256606,-4.117606937474));
#469 = CARTESIAN_POINT('',(-240.,31.98827745536,6.911675097443));
#470 = CARTESIAN_POINT('',(-270.,16.581332495759,-3.725739696891));
#471 = CARTESIAN_POINT('',(-240.,31.152158354584,7.673018716247));
#472 = CARTESIAN_POINT('',(-270.,15.756748812459,-3.101115218905));
#473 = CARTESIAN_POINT('',(-240.,29.627141668823,8.890611081317));
#474 = CARTESIAN_POINT('',(-270.,15.248737687502,-2.765992167193));
#475 = CARTESIAN_POINT('',(-240.,28.684451476171,9.545932309348));
#476 = CARTESIAN_POINT('',(-270.,14.320722759798,-2.231420924697));
#477 = CARTESIAN_POINT('',(-240.,26.95722691117,10.59413234566));
#478 = CARTESIAN_POINT('',(-270.,13.757579995635,-1.952485698265));
#479 = CARTESIAN_POINT('',(-240.,25.906107538169,11.142476782141));
#480 = CARTESIAN_POINT('',(-270.,12.713494545837,-1.505701432367));
#481 = CARTESIAN_POINT('',(-240.,23.952715407713,12.022491059738));
#482 = CARTESIAN_POINT('',(-270.,12.091650810558,-1.281895753192));
#483 = CARTESIAN_POINT('',(-240.,22.786768108564,12.464130226042));
#484 = CARTESIAN_POINT('',(-270.,10.910613491355,-0.922009053583));
#485 = CARTESIAN_POINT('',(-240.,20.568723811255,13.175096196371));
#486 = CARTESIAN_POINT('',(-270.,10.220884677056,-0.751940946698));
#487 = CARTESIAN_POINT('',(-240.,19.271464213409,13.511468793498));
#488 = CARTESIAN_POINT('',(-270.,8.864613376023,-0.479007639665));
#489 = CARTESIAN_POINT('',(-240.,16.718046428221,14.051530071641));
#490 = CARTESIAN_POINT('',(-270.,8.085412941149,-0.361258185203));
#491 = CARTESIAN_POINT('',(-240.,15.249788294244,14.284677772687));
#492 = CARTESIAN_POINT('',(-270.,6.465926105374,-0.175535164103));
#493 = CARTESIAN_POINT('',(-240.,12.196713050187,14.652399077158));
#494 = CARTESIAN_POINT('',(-270.,5.538136996284,-0.109375417782));
#495 = CARTESIAN_POINT('',(-240.,10.446897125509,14.783432587479));
#496 = CARTESIAN_POINT('',(-270.,3.10042806397,1.769848850256E-04));
#497 = CARTESIAN_POINT('',(-240.,5.848753274253,15.000344049559));
#498 = CARTESIAN_POINT('',(-270.,1.119201814559E-10,-1.748496555322E-04)
  );
#499 = CARTESIAN_POINT('',(-240.,2.084262773567E-10,14.999660101217));
#500 = CARTESIAN_POINT('',(-270.,-3.100428063738,1.76984881564E-04));
#501 = CARTESIAN_POINT('',(-240.,-5.848753273821,15.000344049554));
#502 = CARTESIAN_POINT('',(-270.,-5.538136996287,-0.109375417774));
#503 = CARTESIAN_POINT('',(-240.,-10.44689712551,14.783432587494));
#504 = CARTESIAN_POINT('',(-270.,-6.465926105382,-0.175535164078));
#505 = CARTESIAN_POINT('',(-240.,-12.1967130502,14.652399077202));
#506 = CARTESIAN_POINT('',(-270.,-8.085412941143,-0.36125818522));
#507 = CARTESIAN_POINT('',(-240.,-15.24978829423,14.284677772647));
#508 = CARTESIAN_POINT('',(-270.,-8.864613376001,-0.479007639734));
#509 = CARTESIAN_POINT('',(-240.,-16.71804642817,14.051530071518));
#510 = CARTESIAN_POINT('',(-270.,-10.22088467707,-0.751940946648));
#511 = CARTESIAN_POINT('',(-240.,-19.27146421345,13.511468793625));
#512 = CARTESIAN_POINT('',(-270.,-10.91061349142,-0.922009053374));
#513 = CARTESIAN_POINT('',(-240.,-20.56872381138,13.175096196752));
#514 = CARTESIAN_POINT('',(-270.,-12.09165081051,-1.28189575334));
#515 = CARTESIAN_POINT('',(-240.,-22.78676810842,12.464130225619));
#516 = CARTESIAN_POINT('',(-270.,-12.71349454562,-1.505701433042));
#517 = CARTESIAN_POINT('',(-240.,-23.95271540729,12.022491058501));
#518 = CARTESIAN_POINT('',(-270.,-13.75757999577,-1.952485697803));
#519 = CARTESIAN_POINT('',(-240.,-25.90610753866,11.142476783612));
#520 = CARTESIAN_POINT('',(-270.,-14.3207227605,-2.231420922432));
#521 = CARTESIAN_POINT('',(-240.,-26.95722691256,10.594132349822));
#522 = CARTESIAN_POINT('',(-270.,-15.24873768703,-2.765992168703));
#523 = CARTESIAN_POINT('',(-240.,-28.6844514744,9.545932304102));
#524 = CARTESIAN_POINT('',(-270.,-15.75674881,-3.101115226771));
#525 = CARTESIAN_POINT('',(-240.,-29.62714166394,8.890611066819));
#526 = CARTESIAN_POINT('',(-270.,-16.58133249738,-3.725739691692));
#527 = CARTESIAN_POINT('',(-240.,-31.15215836102,7.673018735395));
#528 = CARTESIAN_POINT('',(-270.,-17.03495826545,-4.11760690916));
#529 = CARTESIAN_POINT('',(-240.,-31.98827747293,6.911675149732));
#530 = CARTESIAN_POINT('',(-270.,-17.76395842464,-4.836247330447));
#531 = CARTESIAN_POINT('',(-240.,-33.32726210081,5.520264710336));
#532 = CARTESIAN_POINT('',(-270.,-18.16266929702,-5.284971283456));
#533 = CARTESIAN_POINT('',(-240.,-34.05709883812,4.654513000531));
#534 = CARTESIAN_POINT('',(-270.,-18.80068504226,-6.103613704537));
#535 = CARTESIAN_POINT('',(-240.,-35.22120493313,3.08036258173));
#536 = CARTESIAN_POINT('',(-270.,-19.14369680163,-6.609290512606));
#537 = CARTESIAN_POINT('',(-240.,-35.84514313402,2.111218845567));
#538 = CARTESIAN_POINT('',(-270.,-19.69297355256,-7.536567493244));
#539 = CARTESIAN_POINT('',(-240.,-36.8416670434,0.339261442767));
#540 = CARTESIAN_POINT('',(-270.,-19.97987952972,-8.100195522621));
#541 = CARTESIAN_POINT('',(-240.,-37.36091134055,-0.734804764043));
#542 = CARTESIAN_POINT('',(-270.,-20.4410020315,-9.148886659989));
#543 = CARTESIAN_POINT('',(-240.,-38.19394380371,-2.728691444079));
#544 = CARTESIAN_POINT('',(-270.,-20.67203229228,-9.773958694024));
#545 = CARTESIAN_POINT('',(-240.,-38.61057654344,-3.914665769739));
#546 = CARTESIAN_POINT('',(-270.,-21.04453378395,-10.9646320229));
#547 = CARTESIAN_POINT('',(-240.,-39.28165186049,-6.170253245286));
#548 = CARTESIAN_POINT('',(-270.,-21.22049803486,-11.66008573712));
#549 = CARTESIAN_POINT('',(-240.,-39.59830616406,-7.485850983649));
#550 = CARTESIAN_POINT('',(-270.,-21.50341617768,-13.03061828921));
#551 = CARTESIAN_POINT('',(-240.,-40.1072414251,-10.07608387827));
#552 = CARTESIAN_POINT('',(-270.,-21.62540202903,-13.81784691787));
#553 = CARTESIAN_POINT('',(-240.,-40.32654460416,-11.56267539114));
#554 = CARTESIAN_POINT('',(-270.,-21.81800844603,-15.45632835536));
#555 = CARTESIAN_POINT('',(-240.,-40.67283453863,-14.65536696337));
#556 = CARTESIAN_POINT('',(-270.,-21.88658675194,-16.39473644147));
#557 = CARTESIAN_POINT('',(-240.,-40.79609643836,-16.42593875741));
#558 = CARTESIAN_POINT('',(-270.,-22.00018129957,-18.86200867794));
#559 = CARTESIAN_POINT('',(-240.,-41.00033183421,-21.08056243833));
#560 = CARTESIAN_POINT('',(-270.,-21.99982085382,-21.99999999981));
#561 = CARTESIAN_POINT('',(-240.,-40.99967210716,-26.99999999965));
#562 = CARTESIAN_POINT('',(-270.,-22.00018129959,-25.13799132169));
#563 = CARTESIAN_POINT('',(-240.,-41.00033183424,-32.91943756097));
#564 = CARTESIAN_POINT('',(-270.,-21.88658675194,-27.60526355852));
#565 = CARTESIAN_POINT('',(-240.,-40.79609643836,-37.57406124258));
#566 = CARTESIAN_POINT('',(-270.,-21.81800844603,-28.54367164464));
#567 = CARTESIAN_POINT('',(-240.,-40.67283453863,-39.34463303662));
#568 = CARTESIAN_POINT('',(-270.,-21.62540202903,-30.18215308212));
#569 = CARTESIAN_POINT('',(-240.,-40.32654460416,-42.43732460885));
#570 = CARTESIAN_POINT('',(-270.,-21.50341617768,-30.96938171078));
#571 = CARTESIAN_POINT('',(-240.,-40.1072414251,-43.92391612172));
#572 = CARTESIAN_POINT('',(-270.,-21.22049803486,-32.33991426287));
#573 = CARTESIAN_POINT('',(-240.,-39.59830616406,-46.51414901635));
#574 = CARTESIAN_POINT('',(-270.,-21.04453378395,-33.0353679771));
#575 = CARTESIAN_POINT('',(-240.,-39.28165186049,-47.82974675471));
#576 = CARTESIAN_POINT('',(-270.,-20.67203229228,-34.22604130597));
#577 = CARTESIAN_POINT('',(-240.,-38.61057654344,-50.08533423026));
#578 = CARTESIAN_POINT('',(-270.,-20.4410020315,-34.85111334001));
#579 = CARTESIAN_POINT('',(-240.,-38.19394380371,-51.27130855592));
#580 = CARTESIAN_POINT('',(-270.,-19.97987952972,-35.89980447737));
#581 = CARTESIAN_POINT('',(-240.,-37.36091134055,-53.26519523595));
#582 = CARTESIAN_POINT('',(-270.,-19.69297355256,-36.46343250675));
#583 = CARTESIAN_POINT('',(-240.,-36.8416670434,-54.33926144276));
#584 = CARTESIAN_POINT('',(-270.,-19.14369680163,-37.39070948739));
#585 = CARTESIAN_POINT('',(-240.,-35.84514313402,-56.11121884556));
#586 = CARTESIAN_POINT('',(-270.,-18.80068504226,-37.89638629546));
#587 = CARTESIAN_POINT('',(-240.,-35.22120493313,-57.08036258173));
#588 = CARTESIAN_POINT('',(-270.,-18.16266929702,-38.71502871654));
#589 = CARTESIAN_POINT('',(-240.,-34.05709883812,-58.65451300053));
#590 = CARTESIAN_POINT('',(-270.,-17.76395842464,-39.16375266955));
#591 = CARTESIAN_POINT('',(-240.,-33.32726210081,-59.52026471033));
#592 = CARTESIAN_POINT('',(-270.,-17.03495826545,-39.88239309084));
#593 = CARTESIAN_POINT('',(-240.,-31.98827747293,-60.91167514973));
#594 = CARTESIAN_POINT('',(-270.,-16.58133249738,-40.2742603083));
#595 = CARTESIAN_POINT('',(-240.,-31.15215836102,-61.67301873539));
#596 = CARTESIAN_POINT('',(-270.,-15.75674881,-40.89888477322));
#597 = CARTESIAN_POINT('',(-240.,-29.62714166394,-62.89061106681));
#598 = CARTESIAN_POINT('',(-270.,-15.24873768703,-41.23400783129));
#599 = CARTESIAN_POINT('',(-240.,-28.6844514744,-63.5459323041));
#600 = CARTESIAN_POINT('',(-270.,-14.3207227605,-41.76857907756));
#601 = CARTESIAN_POINT('',(-240.,-26.95722691256,-64.59413234982));
#602 = CARTESIAN_POINT('',(-270.,-13.75757999577,-42.04751430219));
#603 = CARTESIAN_POINT('',(-240.,-25.90610753866,-65.14247678361));
#604 = CARTESIAN_POINT('',(-270.,-12.71349454562,-42.49429856695));
#605 = CARTESIAN_POINT('',(-240.,-23.95271540729,-66.0224910585));
#606 = CARTESIAN_POINT('',(-270.,-12.09165081051,-42.71810424666));
#607 = CARTESIAN_POINT('',(-240.,-22.78676810842,-66.46413022561));
#608 = CARTESIAN_POINT('',(-270.,-10.91061349142,-43.07799094662));
#609 = CARTESIAN_POINT('',(-240.,-20.56872381138,-67.17509619675));
#610 = CARTESIAN_POINT('',(-270.,-10.22088467707,-43.24805905335));
#611 = CARTESIAN_POINT('',(-240.,-19.27146421345,-67.51146879362));
#612 = CARTESIAN_POINT('',(-270.,-8.864613376001,-43.52099236026));
#613 = CARTESIAN_POINT('',(-240.,-16.71804642817,-68.05153007151));
#614 = CARTESIAN_POINT('',(-270.,-8.085412941143,-43.63874181477));
#615 = CARTESIAN_POINT('',(-240.,-15.24978829423,-68.28467777264));
#616 = CARTESIAN_POINT('',(-270.,-6.465926105382,-43.82446483592));
#617 = CARTESIAN_POINT('',(-240.,-12.1967130502,-68.6523990772));
#618 = CARTESIAN_POINT('',(-270.,-5.538136996287,-43.89062458222));
#619 = CARTESIAN_POINT('',(-240.,-10.44689712551,-68.78343258749));
#620 = CARTESIAN_POINT('',(-270.,-3.100428064088,-44.00017698486));
#621 = CARTESIAN_POINT('',(-240.,-5.848753274473,-69.00034404952));
#622 = CARTESIAN_POINT('',(-270.,-2.350011053809E-10,-43.99982515034));
#623 = CARTESIAN_POINT('',(-240.,-4.378440876836E-10,-68.99966010121));
#624 = CARTESIAN_POINT('',(-270.,3.10042806361,-44.0001769849));
#625 = CARTESIAN_POINT('',(-240.,5.848753273583,-69.00034404959));
#626 = CARTESIAN_POINT('',(-270.,5.538136996289,-43.89062458221));
#627 = CARTESIAN_POINT('',(-240.,10.446897125519,-68.78343258747));
#628 = CARTESIAN_POINT('',(-270.,6.46592610539,-43.82446483589));
#629 = CARTESIAN_POINT('',(-240.,12.196713050216,-68.65239907715));
#630 = CARTESIAN_POINT('',(-270.,8.085412941138,-43.63874181479));
#631 = CARTESIAN_POINT('',(-240.,15.249788294217,-68.28467777268));
#632 = CARTESIAN_POINT('',(-270.,8.86461337598,-43.52099236033));
#633 = CARTESIAN_POINT('',(-240.,16.718046428138,-68.05153007164));
#634 = CARTESIAN_POINT('',(-270.,10.220884677087,-43.2480590533));
#635 = CARTESIAN_POINT('',(-240.,19.271464213494,-67.51146879349));
#636 = CARTESIAN_POINT('',(-270.,10.910613491486,-43.07799094641));
#637 = CARTESIAN_POINT('',(-240.,20.568723811511,-67.17509619637));
#638 = CARTESIAN_POINT('',(-270.,12.091650810466,-42.7181042468));
#639 = CARTESIAN_POINT('',(-240.,22.786768108279,-66.46413022604));
#640 = CARTESIAN_POINT('',(-270.,12.713494545415,-42.49429856763));
#641 = CARTESIAN_POINT('',(-240.,23.952715406881,-66.02249105973));
#642 = CARTESIAN_POINT('',(-270.,13.757579995924,-42.04751430173));
#643 = CARTESIAN_POINT('',(-240.,25.906107539158,-65.14247678214));
#644 = CARTESIAN_POINT('',(-270.,14.320722761213,-41.7685790753));
#645 = CARTESIAN_POINT('',(-240.,26.957226913968,-64.59413234566));
#646 = CARTESIAN_POINT('',(-270.,15.248737686558,-41.2340078328));
#647 = CARTESIAN_POINT('',(-240.,28.684451472643,-63.54593230934));
#648 = CARTESIAN_POINT('',(-270.,15.756748807542,-40.89888478109));
#649 = CARTESIAN_POINT('',(-240.,29.627141659075,-62.89061108131));
#650 = CARTESIAN_POINT('',(-270.,16.581332499009,-40.2742603031));
#651 = CARTESIAN_POINT('',(-240.,31.152158367459,-61.67301871624));
#652 = CARTESIAN_POINT('',(-270.,17.034958274303,-39.88239306252));
#653 = CARTESIAN_POINT('',(-240.,31.988277490519,-60.91167509744));
#654 = CARTESIAN_POINT('',(-270.,17.76395841871,-39.16375268854));
#655 = CARTESIAN_POINT('',(-240.,33.327262076811,-59.52026478172));
#656 = CARTESIAN_POINT('',(-270.,18.162669263993,-38.71502882222));
#657 = CARTESIAN_POINT('',(-240.,34.057098772412,-58.65451319598));
#658 = CARTESIAN_POINT('',(-270.,18.800685065304,-37.89638622175));
#659 = CARTESIAN_POINT('',(-240.,35.221205024467,-57.08036231006));
#660 = CARTESIAN_POINT('',(-270.,19.143696929476,-37.39070907833));
#661 = CARTESIAN_POINT('',(-240.,35.845143388546,-56.11121808851));
#662 = CARTESIAN_POINT('',(-270.,19.692973457835,-36.46343280986));
#663 = CARTESIAN_POINT('',(-240.,36.841666688584,-54.33926249816));
#664 = CARTESIAN_POINT('',(-270.,19.979879016982,-35.89980611807));
#665 = CARTESIAN_POINT('',(-240.,37.360910320123,-53.26519827116));
#666 = CARTESIAN_POINT('',(-270.,20.441002441415,-34.85111202836));
#667 = CARTESIAN_POINT('',(-240.,38.193945213082,-51.27130436388));
#668 = CARTESIAN_POINT('',(-270.,20.672034422742,-34.22603448889));
#669 = CARTESIAN_POINT('',(-240.,38.61058077549,-50.08532164237));
#670 = CARTESIAN_POINT('',(-270.,21.044531927,-33.03537391903));
#671 = CARTESIAN_POINT('',(-240.,39.281646110615,-47.82976385725));
#672 = CARTESIAN_POINT('',(-270.,21.220488837801,-32.33994369186));
#673 = CARTESIAN_POINT('',(-240.,39.598287957683,-46.51420316979));
#674 = CARTESIAN_POINT('',(-270.,21.503425014448,-30.96935343471));
#675 = CARTESIAN_POINT('',(-240.,40.107265813967,-43.92384357901));
#676 = CARTESIAN_POINT('',(-270.,21.625443800984,-30.18201941925));
#677 = CARTESIAN_POINT('',(-240.,40.32662687888,-42.43707988928));
#678 = CARTESIAN_POINT('',(-270.,21.817962923989,-28.54381730712));
#679 = CARTESIAN_POINT('',(-240.,40.672723029949,-39.34496471029));
#680 = CARTESIAN_POINT('',(-270.,21.886377934616,-27.60593173703));
#681 = CARTESIAN_POINT('',(-240.,40.795687837305,-37.57527659378));
#682 = CARTESIAN_POINT('',(-270.,22.000527023291,-25.13688506718));
#683 = CARTESIAN_POINT('',(-240.,41.001078223633,-32.91721748568));
#684 = CARTESIAN_POINT('',(-270.,22.001818693531,-23.55380253636));
#685 = CARTESIAN_POINT('',(-240.,41.003525459747,-29.93155037926));
#686 = CARTESIAN_POINT('',(-270.,21.998181306469,-20.44619746363));
#687 = CARTESIAN_POINT('',(-240.,40.996474540253,-24.06844962073));
#688 = DEFINITIONAL_REPRESENTATION('',(#689),#692);
#689 = B_SPLINE_CURVE_WITH_KNOTS('',1,(#690,#691),.UNSPECIFIED.,.F.,.F.,
  (2,2),(0.,148.33621990151),.PIECEWISE_BEZIER_KNOTS.);
#690 = CARTESIAN_POINT('',(0.,0.));
#691 = CARTESIAN_POINT('',(279.82223716639,0.));
#692 = ( GEOMETRIC_REPRESENTATION_CONTEXT(2) 
PARAMETRIC_REPRESENTATION_CONTEXT() REPRESENTATION_CONTEXT('2D SPACE',''
  ) );
#693 = ORIENTED_EDGE('',*,*,#333,.F.);
#694 = ADVANCED_FACE('',(#695,#698),#257,.T.);
#695 = FACE_BOUND('',#696,.T.);
#696 = EDGE_LOOP('',(#697));
#697 = ORIENTED_EDGE('',*,*,#43,.F.);
#698 = FACE_BOUND('',#699,.T.);
#699 = EDGE_LOOP('',(#700));
#700 = ORIENTED_EDGE('',*,*,#701,.F.);
#701 = EDGE_CURVE('',#702,#702,#704,.T.);
#702 = VERTEX_POINT('',#703);
#703 = CARTESIAN_POINT('',(-285.,2.1,-20.));
#704 = SURFACE_CURVE('',#705,(#710,#717),.PCURVE_S1.);
#705 = CIRCLE('',#706,2.1);
#706 = AXIS2_PLACEMENT_3D('',#707,#708,#709);
#707 = CARTESIAN_POINT('',(-285.,0.,-20.));
#708 = DIRECTION('',(-1.,0.,0.));
#709 = DIRECTION('',(0.,1.,0.));
#710 = PCURVE('',#257,#711);
#711 = DEFINITIONAL_REPRESENTATION('',(#712),#716);
#712 = CIRCLE('',#713,2.1);
#713 = AXIS2_PLACEMENT_2D('',#714,#715);
#714 = CARTESIAN_POINT('',(6.846774005942,1.456600738553));
#715 = DIRECTION('',(-0.978110572277,-0.208085819793));
#716 = ( GEOMETRIC_REPRESENTATION_CONTEXT(2) 
PARAMETRIC_REPRESENTATION_CONTEXT() REPRESENTATION_CONTEXT('2D SPACE',''
  ) );
#717 = PCURVE('',#718,#723);
#718 = CYLINDRICAL_SURFACE('',#719,2.1);
#719 = AXIS2_PLACEMENT_3D('',#720,#721,#722);
#720 = CARTESIAN_POINT('',(-290.,0.,-20.));
#721 = DIRECTION('',(-1.,-0.,-0.));
#722 = DIRECTION('',(0.,1.,0.));
#723 = DEFINITIONAL_REPRESENTATION('',(#724),#728);
#724 = LINE('',#725,#726);
#725 = CARTESIAN_POINT('',(-6.28318530718,-5.));
#726 = VECTOR('',#727,1.);
#727 = DIRECTION('',(1.,-0.));
#728 = ( GEOMETRIC_REPRESENTATION_CONTEXT(2) 
PARAMETRIC_REPRESENTATION_CONTEXT() REPRESENTATION_CONTEXT('2D SPACE',''
  ) );
#729 = ADVANCED_FACE('',(#730),#433,.T.);
#730 = FACE_BOUND('',#731,.T.);
#731 = EDGE_LOOP('',(#732,#733,#755,#1094));
#732 = ORIENTED_EDGE('',*,*,#355,.T.);
#733 = ORIENTED_EDGE('',*,*,#734,.T.);
#734 = EDGE_CURVE('',#334,#735,#737,.T.);
#735 = VERTEX_POINT('',#736);
#736 = CARTESIAN_POINT('',(-240.,41.,-27.));
#737 = SEAM_CURVE('',#738,(#741,#748),.PCURVE_S1.);
#738 = B_SPLINE_CURVE_WITH_KNOTS('',1,(#739,#740),.UNSPECIFIED.,.F.,.F.,
  (2,2),(0.,1.),.PIECEWISE_BEZIER_KNOTS.);
#739 = CARTESIAN_POINT('',(-270.,22.,-22.));
#740 = CARTESIAN_POINT('',(-240.,41.,-27.));
#741 = PCURVE('',#433,#742);
#742 = DEFINITIONAL_REPRESENTATION('',(#743),#747);
#743 = LINE('',#744,#745);
#744 = CARTESIAN_POINT('',(279.82223716639,0.));
#745 = VECTOR('',#746,1.);
#746 = DIRECTION('',(0.,1.));
#747 = ( GEOMETRIC_REPRESENTATION_CONTEXT(2) 
PARAMETRIC_REPRESENTATION_CONTEXT() REPRESENTATION_CONTEXT('2D SPACE',''
  ) );
#748 = PCURVE('',#433,#749);
#749 = DEFINITIONAL_REPRESENTATION('',(#750),#754);
#750 = LINE('',#751,#752);
#751 = CARTESIAN_POINT('',(0.,0.));
#752 = VECTOR('',#753,1.);
#753 = DIRECTION('',(0.,1.));
#754 = ( GEOMETRIC_REPRESENTATION_CONTEXT(2) 
PARAMETRIC_REPRESENTATION_CONTEXT() REPRESENTATION_CONTEXT('2D SPACE',''
  ) );
#755 = ORIENTED_EDGE('',*,*,#756,.F.);
#756 = EDGE_CURVE('',#735,#735,#757,.T.);
#757 = SURFACE_CURVE('',#758,(#826,#833),.PCURVE_S1.);
#758 = B_SPLINE_CURVE_WITH_KNOTS('',3,(#759,#760,#761,#762,#763,#764,
    #765,#766,#767,#768,#769,#770,#771,#772,#773,#774,#775,#776,#777,
    #778,#779,#780,#781,#782,#783,#784,#785,#786,#787,#788,#789,#790,
    #791,#792,#793,#794,#795,#796,#797,#798,#799,#800,#801,#802,#803,
    #804,#805,#806,#807,#808,#809,#810,#811,#812,#813,#814,#815,#816,
    #817,#818,#819,#820,#821,#822,#823,#824,#825),.UNSPECIFIED.,.T.,.F.,
  (1,1,2,1,1,1,1,1,1,1,1,1,1,1,1,1,1,1,1,1,1,1,1,1,1,1,1,1,1,1,1,1,1,1,1
    ,1,1,1,1,1,1,1,1,1,1,1,1,1,1,1,1,1,1,1,1,1,1,1,1,1,1,1,1,1,1,1,2,1,1
    ),(-14.14372164646,-8.9295841103,0.,8.9295841103,14.143721646464,
    18.47960817579,22.316999661917,25.824994687833,29.108250154005,
    32.246417926789,35.308979348723,38.361931646276,41.471584168603,
    44.708229486493,48.152468437894,51.909427669696,56.147017944934,
    61.23848835839,69.955559290963,78.672630224809,83.764100638264,
    88.001690913503,91.758650145305,95.202889096706,98.439534414596,
    101.54918693692,104.60213923447,107.66470065641,110.80286842919,
    114.08612389536,117.59411892128,121.4315104074,125.76739693673,
    130.98153447289,139.91111858216,148.84070269349,154.05484022966,
    158.39072675898,162.22811824511,165.73611327103,169.0193687372,
    172.15753650998,175.22009793192,178.27305022947,181.3827027518,
    184.61934806969,188.06358702109,191.82054625289,196.05813652813,
    201.14960694158,209.86667787347,218.583748808,223.67521922146,
    227.9128094967,231.6697687285,235.1140076799,238.35065299779,
    241.46030552012,244.51325781767,247.5758192396,250.71398701239,
    253.99724247856,257.50523750448,261.3426289906,265.67851551993,
    270.89265305609,279.82223716639,288.75182127669,293.96595881286),
  .UNSPECIFIED.);
#759 = CARTESIAN_POINT('',(-240.,41.003567837123,-29.96678873737));
#760 = CARTESIAN_POINT('',(-240.,40.996432162877,-24.03321126262));
#761 = CARTESIAN_POINT('',(-240.,41.001486736567,-19.3038024203));
#762 = CARTESIAN_POINT('',(-240.,40.567090914081,-13.15721209736));
#763 = CARTESIAN_POINT('',(-240.,39.907485903759,-8.738000963213));
#764 = CARTESIAN_POINT('',(-240.,38.984062991538,-4.949209543188));
#765 = CARTESIAN_POINT('',(-240.,37.794036786823,-1.604821677868));
#766 = CARTESIAN_POINT('',(-240.,36.334566682349,1.374413868226));
#767 = CARTESIAN_POINT('',(-240.,34.602196353554,4.028837933667));
#768 = CARTESIAN_POINT('',(-240.,32.592182553832,6.380165930266));
#769 = CARTESIAN_POINT('',(-240.,30.297393130853,8.440426376089));
#770 = CARTESIAN_POINT('',(-240.,27.705949469402,10.216594990202));
#771 = CARTESIAN_POINT('',(-240.,24.796736505665,11.713163808417));
#772 = CARTESIAN_POINT('',(-240.,21.530667733848,12.933435713601));
#773 = CARTESIAN_POINT('',(-240.,17.830467375211,13.880157950084));
#774 = CARTESIAN_POINT('',(-240.,13.515623218146,14.556507057514));
#775 = CARTESIAN_POINT('',(-240.,7.510963232447,15.000538427008));
#776 = CARTESIAN_POINT('',(-240.,2.084262773567E-10,14.999660101217));
#777 = CARTESIAN_POINT('',(-240.,-7.510963232011,15.000538427003));
#778 = CARTESIAN_POINT('',(-240.,-13.51562321816,14.556507057582));
#779 = CARTESIAN_POINT('',(-240.,-17.83046737514,13.880157949882));
#780 = CARTESIAN_POINT('',(-240.,-21.53066773406,12.933435714242));
#781 = CARTESIAN_POINT('',(-240.,-24.79673650495,11.71316380629));
#782 = CARTESIAN_POINT('',(-240.,-27.70594947185,10.216594997508));
#783 = CARTESIAN_POINT('',(-240.,-30.29739312213,8.440426350153));
#784 = CARTESIAN_POINT('',(-240.,-32.5921825858,6.380166025368));
#785 = CARTESIAN_POINT('',(-240.,-34.60219623247,4.028837573522));
#786 = CARTESIAN_POINT('',(-240.,-36.33456715573,1.374415276275));
#787 = CARTESIAN_POINT('',(-240.,-37.79403487656,-1.604827359785));
#788 = CARTESIAN_POINT('',(-240.,-38.9840709597,-4.949185842516));
#789 = CARTESIAN_POINT('',(-240.,-39.90745130545,-8.738103873113));
#790 = CARTESIAN_POINT('',(-240.,-40.5672511188,-13.15673558121));
#791 = CARTESIAN_POINT('',(-240.,-41.0005319158,-19.30664245796));
#792 = CARTESIAN_POINT('',(-240.,-40.99966417699,-26.99999999965));
#793 = CARTESIAN_POINT('',(-240.,-41.00053191584,-34.69335754134));
#794 = CARTESIAN_POINT('',(-240.,-40.5672511188,-40.84326441878));
#795 = CARTESIAN_POINT('',(-240.,-39.90745130545,-45.26189612688));
#796 = CARTESIAN_POINT('',(-240.,-38.9840709597,-49.05081415748));
#797 = CARTESIAN_POINT('',(-240.,-37.79403487656,-52.39517264021));
#798 = CARTESIAN_POINT('',(-240.,-36.33456715573,-55.37441527627));
#799 = CARTESIAN_POINT('',(-240.,-34.60219623247,-58.02883757352));
#800 = CARTESIAN_POINT('',(-240.,-32.5921825858,-60.38016602536));
#801 = CARTESIAN_POINT('',(-240.,-30.29739312213,-62.44042635015));
#802 = CARTESIAN_POINT('',(-240.,-27.70594947185,-64.2165949975));
#803 = CARTESIAN_POINT('',(-240.,-24.79673650495,-65.71316380629));
#804 = CARTESIAN_POINT('',(-240.,-21.53066773406,-66.93343571424));
#805 = CARTESIAN_POINT('',(-240.,-17.83046737514,-67.88015794988));
#806 = CARTESIAN_POINT('',(-240.,-13.51562321816,-68.55650705758));
#807 = CARTESIAN_POINT('',(-240.,-7.510963232665,-69.00053842695));
#808 = CARTESIAN_POINT('',(-240.,-4.378440876836E-10,-68.99966010121));
#809 = CARTESIAN_POINT('',(-240.,7.510963231771,-69.00053842705));
#810 = CARTESIAN_POINT('',(-240.,13.515623218192,-68.55650705751));
#811 = CARTESIAN_POINT('',(-240.,17.830467375075,-67.88015795008));
#812 = CARTESIAN_POINT('',(-240.,21.530667734279,-66.9334357136));
#813 = CARTESIAN_POINT('',(-240.,24.796736504235,-65.71316380841));
#814 = CARTESIAN_POINT('',(-240.,27.705949474315,-64.2165949902));
#815 = CARTESIAN_POINT('',(-240.,30.297393113413,-62.44042637608));
#816 = CARTESIAN_POINT('',(-240.,32.592182617778,-60.38016593026));
#817 = CARTESIAN_POINT('',(-240.,34.602196111393,-58.02883793366));
#818 = CARTESIAN_POINT('',(-240.,36.334567629122,-55.37441386822));
#819 = CARTESIAN_POINT('',(-240.,37.794032966302,-52.39517832213));
#820 = CARTESIAN_POINT('',(-240.,38.984078927869,-49.05079045681));
#821 = CARTESIAN_POINT('',(-240.,39.907416707144,-45.26199903678));
#822 = CARTESIAN_POINT('',(-240.,40.567411323531,-40.84278790263));
#823 = CARTESIAN_POINT('',(-240.,40.999577095078,-34.69619757969));
#824 = CARTESIAN_POINT('',(-240.,41.003567837123,-29.96678873737));
#825 = CARTESIAN_POINT('',(-240.,40.996432162877,-24.03321126262));
#826 = PCURVE('',#433,#827);
#827 = DEFINITIONAL_REPRESENTATION('',(#828),#832);
#828 = LINE('',#829,#830);
#829 = CARTESIAN_POINT('',(0.,1.));
#830 = VECTOR('',#831,1.);
#831 = DIRECTION('',(1.,0.));
#832 = ( GEOMETRIC_REPRESENTATION_CONTEXT(2) 
PARAMETRIC_REPRESENTATION_CONTEXT() REPRESENTATION_CONTEXT('2D SPACE',''
  ) );
#833 = PCURVE('',#834,#1089);
#834 = B_SPLINE_SURFACE_WITH_KNOTS('',3,1,(
    (#835,#836)
    ,(#837,#838)
    ,(#839,#840)
    ,(#841,#842)
    ,(#843,#844)
    ,(#845,#846)
    ,(#847,#848)
    ,(#849,#850)
    ,(#851,#852)
    ,(#853,#854)
    ,(#855,#856)
    ,(#857,#858)
    ,(#859,#860)
    ,(#861,#862)
    ,(#863,#864)
    ,(#865,#866)
    ,(#867,#868)
    ,(#869,#870)
    ,(#871,#872)
    ,(#873,#874)
    ,(#875,#876)
    ,(#877,#878)
    ,(#879,#880)
    ,(#881,#882)
    ,(#883,#884)
    ,(#885,#886)
    ,(#887,#888)
    ,(#889,#890)
    ,(#891,#892)
    ,(#893,#894)
    ,(#895,#896)
    ,(#897,#898)
    ,(#899,#900)
    ,(#901,#902)
    ,(#903,#904)
    ,(#905,#906)
    ,(#907,#908)
    ,(#909,#910)
    ,(#911,#912)
    ,(#913,#914)
    ,(#915,#916)
    ,(#917,#918)
    ,(#919,#920)
    ,(#921,#922)
    ,(#923,#924)
    ,(#925,#926)
    ,(#927,#928)
    ,(#929,#930)
    ,(#931,#932)
    ,(#933,#934)
    ,(#935,#936)
    ,(#937,#938)
    ,(#939,#940)
    ,(#941,#942)
    ,(#943,#944)
    ,(#945,#946)
    ,(#947,#948)
    ,(#949,#950)
    ,(#951,#952)
    ,(#953,#954)
    ,(#955,#956)
    ,(#957,#958)
    ,(#959,#960)
    ,(#961,#962)
    ,(#963,#964)
    ,(#965,#966)
    ,(#967,#968)
    ,(#969,#970)
    ,(#971,#972)
    ,(#973,#974)
    ,(#975,#976)
    ,(#977,#978)
    ,(#979,#980)
    ,(#981,#982)
    ,(#983,#984)
    ,(#985,#986)
    ,(#987,#988)
    ,(#989,#990)
    ,(#991,#992)
    ,(#993,#994)
    ,(#995,#996)
    ,(#997,#998)
    ,(#999,#1000)
    ,(#1001,#1002)
    ,(#1003,#1004)
    ,(#1005,#1006)
    ,(#1007,#1008)
    ,(#1009,#1010)
    ,(#1011,#1012)
    ,(#1013,#1014)
    ,(#1015,#1016)
    ,(#1017,#1018)
    ,(#1019,#1020)
    ,(#1021,#1022)
    ,(#1023,#1024)
    ,(#1025,#1026)
    ,(#1027,#1028)
    ,(#1029,#1030)
    ,(#1031,#1032)
    ,(#1033,#1034)
    ,(#1035,#1036)
    ,(#1037,#1038)
    ,(#1039,#1040)
    ,(#1041,#1042)
    ,(#1043,#1044)
    ,(#1045,#1046)
    ,(#1047,#1048)
    ,(#1049,#1050)
    ,(#1051,#1052)
    ,(#1053,#1054)
    ,(#1055,#1056)
    ,(#1057,#1058)
    ,(#1059,#1060)
    ,(#1061,#1062)
    ,(#1063,#1064)
    ,(#1065,#1066)
    ,(#1067,#1068)
    ,(#1069,#1070)
    ,(#1071,#1072)
    ,(#1073,#1074)
    ,(#1075,#1076)
    ,(#1077,#1078)
    ,(#1079,#1080)
    ,(#1081,#1082)
    ,(#1083,#1084)
    ,(#1085,#1086)
    ,(#1087,#1088
    )),.UNSPECIFIED.,.T.,.F.,.F.,(1,1,2,1,1,1,1,1,1,1,1,1,1,1,1,1,1,1,1,
    1,1,1,1,1,1,1,1,1,1,1,1,1,1,1,1,1,1,1,1,1,1,1,1,1,1,1,1,1,1,1,1,1,1,
    1,1,1,1,1,1,1,1,1,1,1,1,1,1,1,1,1,1,1,1,1,1,1,1,1,1,1,1,1,1,1,1,1,1,
    1,1,1,1,1,1,1,1,1,1,1,1,1,1,1,1,1,1,1,1,1,1,1,1,1,1,1,1,1,1,1,1,1,1,
    1,1,1,1,1,2,1,1),(2,2),(-11.48086023356,-11.40441337292,0.,
    11.404413372921,11.480860233561,18.063646223092,18.184233088747,
    23.601221289043,23.757212646051,28.502143688223,28.687163841086,
    32.982377581708,33.190492276555,37.175585471642,37.400693736726,
    41.183494694773,41.419138585095,45.094843309029,45.334238382385,
    48.993919635433,49.230121921852,52.965410622326,53.191541417524,
    57.099090387341,57.308528947683,61.49789824577,61.684350888428,
    66.296096636137,66.453441429059,71.708132695929,71.829830435797,
    78.210701298655,78.287869665504,89.343703585006,100.39953750613,
    100.47670587298,106.85757673584,106.97927447571,112.23396574257,
    112.3913105355,117.00305628321,117.18950892586,121.37887822395,
    121.58831678429,125.49586575411,125.72199654931,129.45728524978,
    129.6934875362,133.35316878925,133.59256386261,137.26826858654,
    137.50391247686,141.28671343491,141.51182169999,145.49691489508,
    145.70502958993,150.00024333055,150.18526348341,154.93019452558,
    155.08618588259,160.50317408289,160.62376094854,167.20654693807,
    167.28299379871,178.68740717031,190.09182054456,190.1682674052,
    196.75105339473,196.87164026038,202.28862846068,202.44461981769,
    207.18955085986,207.37457101272,211.66978475334,211.87789944819,
    215.86299264328,216.08810090836,219.87090186641,220.10654575673,
    223.78225048066,224.02164555402,227.68132680707,227.91752909349,
    231.65281779396,231.87894858916,235.78649755898,235.99593611932,
    240.1853054174,240.37175806006,244.98350380777,245.14084860069,
    250.39553986756,250.51723760743,256.89810847029,256.97527683714,
    268.03111075576,279.08694467777,279.16411304462,285.54498390748,
    285.66668164734,290.92137291421,291.07871770714,295.69046345484,
    295.8769160975,300.06628539559,300.27572395593,304.18327292575,
    304.40940372095,308.14469242142,308.38089470784,312.04057596089,
    312.27997103424,315.95567575818,316.1913196485,319.97412060655,
    320.19922887163,324.18432206672,324.39243676156,328.68765050219,
    328.87267065505,333.61760169722,333.77359305423,339.19058125453,
    339.31116812018,345.89395410971,345.97040097035,357.37481434327,
    368.77922771619,368.85567457683),(0.,1.),.UNSPECIFIED.);
#835 = CARTESIAN_POINT('',(-240.,41.003567837123,-29.96678873737));
#836 = CARTESIAN_POINT('',(-190.,52.004617761179,-34.78935024061));
#837 = CARTESIAN_POINT('',(-240.,40.996432162877,-24.03321126262));
#838 = CARTESIAN_POINT('',(-190.,51.995382238821,-27.21064975938));
#839 = CARTESIAN_POINT('',(-240.,40.999644739859,-21.02730197745));
#840 = CARTESIAN_POINT('',(-190.,51.99947139128,-23.37212411488));
#841 = CARTESIAN_POINT('',(-240.,40.790174039528,-16.31378154188));
#842 = CARTESIAN_POINT('',(-190.,51.739194945059,-17.35195022633));
#843 = CARTESIAN_POINT('',(-240.,40.664529816132,-14.54816100712));
#844 = CARTESIAN_POINT('',(-190.,51.583032745358,-15.09667480822));
#845 = CARTESIAN_POINT('',(-240.,40.3055355514,-11.40484764763));
#846 = CARTESIAN_POINT('',(-190.,51.136749812701,-11.08092514086));
#847 = CARTESIAN_POINT('',(-240.,40.084352510928,-9.933540945207));
#848 = CARTESIAN_POINT('',(-190.,50.861819368206,-9.200798440559));
#849 = CARTESIAN_POINT('',(-240.,39.555071910851,-7.29205123102));
#850 = CARTESIAN_POINT('',(-190.,50.203714976555,-5.823775004527));
#851 = CARTESIAN_POINT('',(-240.,39.238088548655,-6.001056505926));
#852 = CARTESIAN_POINT('',(-190.,49.809508058019,-4.172463837202));
#853 = CARTESIAN_POINT('',(-240.,38.538192759151,-3.696158989515));
#854 = CARTESIAN_POINT('',(-190.,48.938574235015,-1.222010325855));
#855 = CARTESIAN_POINT('',(-240.,38.124436095421,-2.542210370949));
#856 = CARTESIAN_POINT('',(-190.,48.423438089871,0.256394327807));
#857 = CARTESIAN_POINT('',(-240.,37.25446457559,-0.503385816687));
#858 = CARTESIAN_POINT('',(-190.,47.339266161571,2.871482000711));
#859 = CARTESIAN_POINT('',(-240.,36.742837638683,0.532841672911));
#860 = CARTESIAN_POINT('',(-190.,46.70105747679,4.202253105044));
#861 = CARTESIAN_POINT('',(-240.,35.702642515751,2.342679537218));
#862 = CARTESIAN_POINT('',(-190.,45.401751782963,6.530106182926));
#863 = CARTESIAN_POINT('',(-240.,35.092450456215,3.270210539414));
#864 = CARTESIAN_POINT('',(-190.,44.638483091546,7.725061803503));
#865 = CARTESIAN_POINT('',(-240.,33.880470245654,4.873118109065));
#866 = CARTESIAN_POINT('',(-190.,43.119872664215,9.793945297587));
#867 = CARTESIAN_POINT('',(-240.,33.171436075879,5.695916559155));
#868 = CARTESIAN_POINT('',(-190.,42.229864788411,10.857956602832));
#869 = CARTESIAN_POINT('',(-240.,31.783733166619,7.105991262319));
#870 = CARTESIAN_POINT('',(-190.,40.484618966344,12.685051474948));
#871 = CARTESIAN_POINT('',(-240.,30.97564133726,7.825728188217));
#872 = CARTESIAN_POINT('',(-190.,39.46631807032,13.619491501831));
#873 = CARTESIAN_POINT('',(-240.,29.404680620054,9.052289163884));
#874 = CARTESIAN_POINT('',(-190.,37.482886424972,15.214979554161));
#875 = CARTESIAN_POINT('',(-240.,28.496456274266,9.66991762174));
#876 = CARTESIAN_POINT('',(-190.,36.334001832934,16.019852201439));
#877 = CARTESIAN_POINT('',(-240.,26.729318263777,10.718997470684));
#878 = CARTESIAN_POINT('',(-190.,34.094763010541,17.38915480343));
#879 = CARTESIAN_POINT('',(-240.,25.717414936026,11.235574046419));
#880 = CARTESIAN_POINT('',(-190.,32.810403851373,18.064430690472));
#881 = CARTESIAN_POINT('',(-240.,23.732655998475,12.110726639604));
#882 = CARTESIAN_POINT('',(-190.,30.287811490237,19.209749653557));
#883 = CARTESIAN_POINT('',(-240.,22.608385397663,12.527663241029));
#884 = CARTESIAN_POINT('',(-190.,28.857066276527,19.756001276386));
#885 = CARTESIAN_POINT('',(-240.,20.369306010596,13.230578263041));
#886 = CARTESIAN_POINT('',(-190.,26.004898045927,20.67754750295));
#887 = CARTESIAN_POINT('',(-240.,19.113715605509,13.549514369929));
#888 = CARTESIAN_POINT('',(-190.,24.404118259365,21.095982274461));
#889 = CARTESIAN_POINT('',(-240.,16.551065201809,14.080703435975));
#890 = CARTESIAN_POINT('',(-190.,21.135054046184,21.793074824796));
#891 = CARTESIAN_POINT('',(-240.,15.122215862851,14.303098177565));
#892 = CARTESIAN_POINT('',(-190.,19.311393900879,22.085045143994));
#893 = CARTESIAN_POINT('',(-240.,12.073903477262,14.663119054279));
#894 = CARTESIAN_POINT('',(-190.,15.419700174975,22.557690923652));
#895 = CARTESIAN_POINT('',(-240.,10.359640550173,14.789007027388));
#896 = CARTESIAN_POINT('',(-190.,13.230603312017,22.722991331507));
#897 = CARTESIAN_POINT('',(-240.,5.79311083316,15.000337542778));
#898 = CARTESIAN_POINT('',(-190.,7.398734645908,23.000438458278));
#899 = CARTESIAN_POINT('',(-240.,2.08467618168E-10,14.999664796901));
#900 = CARTESIAN_POINT('',(-190.,2.643137359102E-10,22.999564580896));
#901 = CARTESIAN_POINT('',(-240.,-5.793110832728,15.000337542774));
#902 = CARTESIAN_POINT('',(-190.,-7.398734645359,23.000438458274));
#903 = CARTESIAN_POINT('',(-240.,-10.35964055017,14.789007027401));
#904 = CARTESIAN_POINT('',(-190.,-13.23060331202,22.722991331525));
#905 = CARTESIAN_POINT('',(-240.,-12.07390347727,14.663119054322));
#906 = CARTESIAN_POINT('',(-190.,-15.41970017499,22.557690923706));
#907 = CARTESIAN_POINT('',(-240.,-15.12221586284,14.303098177531));
#908 = CARTESIAN_POINT('',(-190.,-19.31139390086,22.085045143947));
#909 = CARTESIAN_POINT('',(-240.,-16.55106520176,14.080703435854));
#910 = CARTESIAN_POINT('',(-190.,-21.13505404613,21.793074824644));
#911 = CARTESIAN_POINT('',(-240.,-19.11371560554,13.549514370026));
#912 = CARTESIAN_POINT('',(-190.,-24.40411825941,21.095982274607));
#913 = CARTESIAN_POINT('',(-240.,-20.36930601072,13.230578263417));
#914 = CARTESIAN_POINT('',(-190.,-26.00489804609,20.677547503423));
#915 = CARTESIAN_POINT('',(-240.,-22.60838539756,12.527663240728));
#916 = CARTESIAN_POINT('',(-190.,-28.85706627635,19.756001275902));
#917 = CARTESIAN_POINT('',(-240.,-23.73265599806,12.11072663838));
#918 = CARTESIAN_POINT('',(-190.,-30.28781148969,19.209749652014));
#919 = CARTESIAN_POINT('',(-240.,-25.71741493635,11.235574047393));
#920 = CARTESIAN_POINT('',(-190.,-32.81040385195,18.064430692136));
#921 = CARTESIAN_POINT('',(-240.,-26.72931826516,10.718997474824));
#922 = CARTESIAN_POINT('',(-190.,-34.09476301236,17.389154808658));
#923 = CARTESIAN_POINT('',(-240.,-28.49645627315,9.669917618448));
#924 = CARTESIAN_POINT('',(-190.,-36.33400183087,16.019852195551));
#925 = CARTESIAN_POINT('',(-240.,-29.40468061518,9.052289149398));
#926 = CARTESIAN_POINT('',(-190.,-37.48288641856,15.214979535826));
#927 = CARTESIAN_POINT('',(-240.,-30.97564134116,7.825728199835));
#928 = CARTESIAN_POINT('',(-190.,-39.4663180778,13.619491523232));
#929 = CARTESIAN_POINT('',(-240.,-31.78373318425,7.10599131478));
#930 = CARTESIAN_POINT('',(-190.,-40.48461898959,12.685051541452));
#931 = CARTESIAN_POINT('',(-240.,-33.17143606145,5.695916516251));
#932 = CARTESIAN_POINT('',(-190.,-42.2298647605,10.857956523035));
#933 = CARTESIAN_POINT('',(-240.,-33.88047017953,4.873117912383));
#934 = CARTESIAN_POINT('',(-190.,-43.11987257696,9.793945048065));
#935 = CARTESIAN_POINT('',(-240.,-35.09245051196,3.270210705247));
#936 = CARTESIAN_POINT('',(-190.,-44.63848319819,7.725062108483));
#937 = CARTESIAN_POINT('',(-240.,-35.70264277229,2.342680300275));
#938 = CARTESIAN_POINT('',(-190.,-45.40175212142,6.530107150843));
#939 = CARTESIAN_POINT('',(-240.,-36.74283741357,0.53284100335));
#940 = CARTESIAN_POINT('',(-190.,-46.70105705907,4.202251910483));
#941 = CARTESIAN_POINT('',(-240.,-37.25446354657,-0.503388877414));
#942 = CARTESIAN_POINT('',(-190.,-47.33926480543,2.871478122489));
#943 = CARTESIAN_POINT('',(-240.,-38.12443704215,-2.542207554967));
#944 = CARTESIAN_POINT('',(-190.,-48.4234397683,0.256399127709));
#945 = CARTESIAN_POINT('',(-240.,-38.53819702614,-3.696146297694));
#946 = CARTESIAN_POINT('',(-190.,-48.93857984714,-1.221994276547));
#947 = CARTESIAN_POINT('',(-240.,-39.23808440385,-6.001068834305));
#948 = CARTESIAN_POINT('',(-190.,-49.80950111167,-4.172483702011));
#949 = CARTESIAN_POINT('',(-240.,-39.55505355756,-7.292105821416));
#950 = CARTESIAN_POINT('',(-190.,-50.20369090627,-5.823843839558));
#951 = CARTESIAN_POINT('',(-240.,-40.08437153714,-9.933484353245));
#952 = CARTESIAN_POINT('',(-190.,-50.86184932223,-9.200712779474));
#953 = CARTESIAN_POINT('',(-240.,-40.30561851023,-11.40460089321));
#954 = CARTESIAN_POINT('',(-190.,-51.13685822646,-11.08061510437));
#955 = CARTESIAN_POINT('',(-240.,-40.66443521842,-14.54844238046));
#956 = CARTESIAN_POINT('',(-190.,-51.58289326921,-15.09707367541));
#957 = CARTESIAN_POINT('',(-240.,-40.7897616251,-16.31500823562));
#958 = CARTESIAN_POINT('',(-190.,-51.7386582251,-17.35348511228));
#959 = CARTESIAN_POINT('',(-240.,-41.00033807409,-21.02523970977));
#960 = CARTESIAN_POINT('',(-190.,-52.0004244312,-23.36939865657));
#961 = CARTESIAN_POINT('',(-240.,-40.99966417699,-26.99999999965));
#962 = CARTESIAN_POINT('',(-190.,-51.99957839491,-30.99999999955));
#963 = CARTESIAN_POINT('',(-240.,-41.00033807413,-32.97476028953));
#964 = CARTESIAN_POINT('',(-190.,-52.00042443124,-38.63060134253));
#965 = CARTESIAN_POINT('',(-240.,-40.7897616251,-37.68499176437));
#966 = CARTESIAN_POINT('',(-190.,-51.7386582251,-44.64651488771));
#967 = CARTESIAN_POINT('',(-240.,-40.66443521841,-39.45155761953));
#968 = CARTESIAN_POINT('',(-190.,-51.58289326921,-46.90292632459));
#969 = CARTESIAN_POINT('',(-240.,-40.30561851023,-42.59539910678));
#970 = CARTESIAN_POINT('',(-190.,-51.13685822646,-50.91938489562));
#971 = CARTESIAN_POINT('',(-240.,-40.08437153714,-44.06651564675));
#972 = CARTESIAN_POINT('',(-190.,-50.86184932223,-52.79928722052));
#973 = CARTESIAN_POINT('',(-240.,-39.55505355756,-46.70789417858));
#974 = CARTESIAN_POINT('',(-190.,-50.20369090627,-56.17615616044));
#975 = CARTESIAN_POINT('',(-240.,-39.23808440385,-47.99893116569));
#976 = CARTESIAN_POINT('',(-190.,-49.80950111167,-57.82751629798));
#977 = CARTESIAN_POINT('',(-240.,-38.53819702614,-50.3038537023));
#978 = CARTESIAN_POINT('',(-190.,-48.93857984714,-60.77800572345));
#979 = CARTESIAN_POINT('',(-240.,-38.12443704215,-51.45779244503));
#980 = CARTESIAN_POINT('',(-190.,-48.4234397683,-62.2563991277));
#981 = CARTESIAN_POINT('',(-240.,-37.25446354657,-53.49661112258));
#982 = CARTESIAN_POINT('',(-190.,-47.33926480543,-64.87147812248));
#983 = CARTESIAN_POINT('',(-240.,-36.74283741357,-54.53284100335));
#984 = CARTESIAN_POINT('',(-190.,-46.70105705907,-66.20225191048));
#985 = CARTESIAN_POINT('',(-240.,-35.70264277229,-56.34268030027));
#986 = CARTESIAN_POINT('',(-190.,-45.40175212142,-68.53010715084));
#987 = CARTESIAN_POINT('',(-240.,-35.09245051196,-57.27021070524));
#988 = CARTESIAN_POINT('',(-190.,-44.63848319819,-69.72506210848));
#989 = CARTESIAN_POINT('',(-240.,-33.88047017953,-58.87311791238));
#990 = CARTESIAN_POINT('',(-190.,-43.11987257696,-71.79394504806));
#991 = CARTESIAN_POINT('',(-240.,-33.17143606145,-59.69591651625));
#992 = CARTESIAN_POINT('',(-190.,-42.2298647605,-72.85795652303));
#993 = CARTESIAN_POINT('',(-240.,-31.78373318425,-61.10599131478));
#994 = CARTESIAN_POINT('',(-190.,-40.48461898959,-74.68505154145));
#995 = CARTESIAN_POINT('',(-240.,-30.97564134116,-61.82572819983));
#996 = CARTESIAN_POINT('',(-190.,-39.4663180778,-75.61949152323));
#997 = CARTESIAN_POINT('',(-240.,-29.40468061518,-63.05228914939));
#998 = CARTESIAN_POINT('',(-190.,-37.48288641856,-77.21497953582));
#999 = CARTESIAN_POINT('',(-240.,-28.49645627315,-63.66991761844));
#1000 = CARTESIAN_POINT('',(-190.,-36.33400183087,-78.01985219555));
#1001 = CARTESIAN_POINT('',(-240.,-26.72931826516,-64.71899747482));
#1002 = CARTESIAN_POINT('',(-190.,-34.09476301236,-79.38915480865));
#1003 = CARTESIAN_POINT('',(-240.,-25.71741493635,-65.23557404739));
#1004 = CARTESIAN_POINT('',(-190.,-32.81040385195,-80.06443069213));
#1005 = CARTESIAN_POINT('',(-240.,-23.73265599806,-66.11072663838));
#1006 = CARTESIAN_POINT('',(-190.,-30.28781148969,-81.20974965201));
#1007 = CARTESIAN_POINT('',(-240.,-22.60838539756,-66.52766324072));
#1008 = CARTESIAN_POINT('',(-190.,-28.85706627635,-81.7560012759));
#1009 = CARTESIAN_POINT('',(-240.,-20.36930601072,-67.23057826341));
#1010 = CARTESIAN_POINT('',(-190.,-26.00489804609,-82.67754750342));
#1011 = CARTESIAN_POINT('',(-240.,-19.11371560554,-67.54951437002));
#1012 = CARTESIAN_POINT('',(-190.,-24.40411825941,-83.0959822746));
#1013 = CARTESIAN_POINT('',(-240.,-16.55106520176,-68.08070343585));
#1014 = CARTESIAN_POINT('',(-190.,-21.13505404613,-83.79307482464));
#1015 = CARTESIAN_POINT('',(-240.,-15.12221586284,-68.30309817753));
#1016 = CARTESIAN_POINT('',(-190.,-19.31139390086,-84.08504514394));
#1017 = CARTESIAN_POINT('',(-240.,-12.07390347727,-68.66311905432));
#1018 = CARTESIAN_POINT('',(-190.,-15.41970017499,-84.5576909237));
#1019 = CARTESIAN_POINT('',(-240.,-10.35964055017,-68.7890070274));
#1020 = CARTESIAN_POINT('',(-190.,-13.23060331202,-84.72299133152));
#1021 = CARTESIAN_POINT('',(-240.,-5.79311083338,-69.00033754274));
#1022 = CARTESIAN_POINT('',(-190.,-7.398734646187,-85.00043845823));
#1023 = CARTESIAN_POINT('',(-240.,-4.378497599211E-10,-68.9996647969));
#1024 = CARTESIAN_POINT('',(-190.,-5.55281174971E-10,-84.99956458089));
#1025 = CARTESIAN_POINT('',(-240.,5.79311083249,-69.00033754281));
#1026 = CARTESIAN_POINT('',(-190.,7.398734645058,-85.00043845832));
#1027 = CARTESIAN_POINT('',(-240.,10.359640550183,-68.78900702738));
#1028 = CARTESIAN_POINT('',(-190.,13.23060331203,-84.7229913315));
#1029 = CARTESIAN_POINT('',(-240.,12.073903477291,-68.66311905427));
#1030 = CARTESIAN_POINT('',(-190.,15.419700175013,-84.55769092365));
#1031 = CARTESIAN_POINT('',(-240.,15.122215862829,-68.30309817756));
#1032 = CARTESIAN_POINT('',(-190.,19.311393900846,-84.08504514399));
#1033 = CARTESIAN_POINT('',(-240.,16.551065201727,-68.08070343597));
#1034 = CARTESIAN_POINT('',(-190.,21.135054046078,-83.79307482479));
#1035 = CARTESIAN_POINT('',(-240.,19.113715605574,-67.54951436992));
#1036 = CARTESIAN_POINT('',(-190.,24.404118259467,-83.09598227446));
#1037 = CARTESIAN_POINT('',(-240.,20.369306010849,-67.23057826304));
#1038 = CARTESIAN_POINT('',(-190.,26.004898046257,-82.67754750295));
#1039 = CARTESIAN_POINT('',(-240.,22.608385397461,-66.52766324102));
#1040 = CARTESIAN_POINT('',(-190.,28.857066276188,-81.75600127638));
#1041 = CARTESIAN_POINT('',(-240.,23.732655997652,-66.1107266396));
#1042 = CARTESIAN_POINT('',(-190.,30.287811489158,-81.20974965355));
#1043 = CARTESIAN_POINT('',(-240.,25.717414936681,-65.23557404641));
#1044 = CARTESIAN_POINT('',(-190.,32.810403852537,-80.06443069047));
#1045 = CARTESIAN_POINT('',(-240.,26.72931826656,-64.71899747068));
#1046 = CARTESIAN_POINT('',(-190.,34.094763014197,-79.38915480343));
#1047 = CARTESIAN_POINT('',(-240.,28.496456272052,-63.66991762174));
#1048 = CARTESIAN_POINT('',(-190.,36.334001828816,-78.01985220143));
#1049 = CARTESIAN_POINT('',(-240.,29.404680610314,-63.05228916388));
#1050 = CARTESIAN_POINT('',(-190.,37.482886412149,-77.21497955416));
#1051 = CARTESIAN_POINT('',(-240.,30.975641345072,-61.82572818821));
#1052 = CARTESIAN_POINT('',(-190.,39.466318085287,-75.61949150183));
#1053 = CARTESIAN_POINT('',(-240.,31.783733201893,-61.10599126231));
#1054 = CARTESIAN_POINT('',(-190.,40.484619012854,-74.68505147494));
#1055 = CARTESIAN_POINT('',(-240.,33.171436047031,-59.69591655915));
#1056 = CARTESIAN_POINT('',(-190.,42.229864732604,-72.85795660283));
#1057 = CARTESIAN_POINT('',(-240.,33.880470113405,-58.87311810906));
#1058 = CARTESIAN_POINT('',(-190.,43.119872489709,-71.79394529758));
#1059 = CARTESIAN_POINT('',(-240.,35.092450567721,-57.27021053941));
#1060 = CARTESIAN_POINT('',(-190.,44.638483304837,-69.7250618035));
#1061 = CARTESIAN_POINT('',(-240.,35.702643028831,-56.34267953721));
#1062 = CARTESIAN_POINT('',(-190.,45.401752459887,-68.53010618292));
#1063 = CARTESIAN_POINT('',(-240.,36.742837188471,-54.53284167291));
#1064 = CARTESIAN_POINT('',(-190.,46.70105664136,-66.20225310504));
#1065 = CARTESIAN_POINT('',(-240.,37.254462517558,-53.49661418331));
#1066 = CARTESIAN_POINT('',(-190.,47.339263449293,-64.87148200071));
#1067 = CARTESIAN_POINT('',(-240.,38.124437988887,-51.45778962905));
#1068 = CARTESIAN_POINT('',(-190.,48.423441446737,-62.2563943278));
#1069 = CARTESIAN_POINT('',(-240.,38.538201293131,-50.30384101048));
#1070 = CARTESIAN_POINT('',(-190.,48.938585459281,-60.77798967414));
#1071 = CARTESIAN_POINT('',(-240.,39.238080259054,-47.99894349407));
#1072 = CARTESIAN_POINT('',(-190.,49.809494165339,-57.82753616279));
#1073 = CARTESIAN_POINT('',(-240.,39.55503520427,-46.70794876898));
#1074 = CARTESIAN_POINT('',(-190.,50.203666835995,-56.17622499547));
#1075 = CARTESIAN_POINT('',(-240.,40.084390563361,-44.06645905479));
#1076 = CARTESIAN_POINT('',(-190.,50.861879276258,-52.79920155944));
#1077 = CARTESIAN_POINT('',(-240.,40.305701469065,-42.59515235237));
#1078 = CARTESIAN_POINT('',(-190.,51.136966640232,-50.91907485914));
#1079 = CARTESIAN_POINT('',(-240.,40.664340620707,-39.45183899287));
#1080 = CARTESIAN_POINT('',(-190.,51.582753793067,-46.90332519177));
#1081 = CARTESIAN_POINT('',(-240.,40.789349210678,-37.68621845812));
#1082 = CARTESIAN_POINT('',(-190.,51.738121505155,-44.64804977366));
#1083 = CARTESIAN_POINT('',(-240.,41.001031408371,-32.97269802254));
#1084 = CARTESIAN_POINT('',(-190.,52.001377471162,-38.62787588511));
#1085 = CARTESIAN_POINT('',(-240.,41.003567837123,-29.96678873737));
#1086 = CARTESIAN_POINT('',(-190.,52.004617761179,-34.78935024061));
#1087 = CARTESIAN_POINT('',(-240.,40.996432162877,-24.03321126262));
#1088 = CARTESIAN_POINT('',(-190.,51.995382238821,-27.21064975938));
#1089 = DEFINITIONAL_REPRESENTATION('',(#1090),#1093);
#1090 = B_SPLINE_CURVE_WITH_KNOTS('',1,(#1091,#1092),.UNSPECIFIED.,.F.,
  .F.,(2,2),(0.,279.82223716639),.PIECEWISE_BEZIER_KNOTS.);
#1091 = CARTESIAN_POINT('',(0.,0.));
#1092 = CARTESIAN_POINT('',(357.37481434327,0.));
#1093 = ( GEOMETRIC_REPRESENTATION_CONTEXT(2) 
PARAMETRIC_REPRESENTATION_CONTEXT() REPRESENTATION_CONTEXT('2D SPACE',''
  ) );
#1094 = ORIENTED_EDGE('',*,*,#734,.F.);
#1095 = ADVANCED_FACE('',(#1096),#718,.F.);
#1096 = FACE_BOUND('',#1097,.T.);
#1097 = EDGE_LOOP('',(#1098,#1099,#1122,#1149));
#1098 = ORIENTED_EDGE('',*,*,#701,.T.);
#1099 = ORIENTED_EDGE('',*,*,#1100,.T.);
#1100 = EDGE_CURVE('',#702,#1101,#1103,.T.);
#1101 = VERTEX_POINT('',#1102);
#1102 = CARTESIAN_POINT('',(-270.,2.1,-20.));
#1103 = SEAM_CURVE('',#1104,(#1108,#1115),.PCURVE_S1.);
#1104 = LINE('',#1105,#1106);
#1105 = CARTESIAN_POINT('',(-290.,2.1,-20.));
#1106 = VECTOR('',#1107,1.);
#1107 = DIRECTION('',(1.,0.,0.));
#1108 = PCURVE('',#718,#1109);
#1109 = DEFINITIONAL_REPRESENTATION('',(#1110),#1114);
#1110 = LINE('',#1111,#1112);
#1111 = CARTESIAN_POINT('',(-6.28318530718,0.));
#1112 = VECTOR('',#1113,1.);
#1113 = DIRECTION('',(-0.,-1.));
#1114 = ( GEOMETRIC_REPRESENTATION_CONTEXT(2) 
PARAMETRIC_REPRESENTATION_CONTEXT() REPRESENTATION_CONTEXT('2D SPACE',''
  ) );
#1115 = PCURVE('',#718,#1116);
#1116 = DEFINITIONAL_REPRESENTATION('',(#1117),#1121);
#1117 = LINE('',#1118,#1119);
#1118 = CARTESIAN_POINT('',(-0.,0.));
#1119 = VECTOR('',#1120,1.);
#1120 = DIRECTION('',(-0.,-1.));
#1121 = ( GEOMETRIC_REPRESENTATION_CONTEXT(2) 
PARAMETRIC_REPRESENTATION_CONTEXT() REPRESENTATION_CONTEXT('2D SPACE',''
  ) );
#1122 = ORIENTED_EDGE('',*,*,#1123,.F.);
#1123 = EDGE_CURVE('',#1101,#1101,#1124,.T.);
#1124 = SURFACE_CURVE('',#1125,(#1130,#1137),.PCURVE_S1.);
#1125 = CIRCLE('',#1126,2.1);
#1126 = AXIS2_PLACEMENT_3D('',#1127,#1128,#1129);
#1127 = CARTESIAN_POINT('',(-270.,0.,-20.));
#1128 = DIRECTION('',(-1.,0.,0.));
#1129 = DIRECTION('',(0.,1.,0.));
#1130 = PCURVE('',#718,#1131);
#1131 = DEFINITIONAL_REPRESENTATION('',(#1132),#1136);
#1132 = LINE('',#1133,#1134);
#1133 = CARTESIAN_POINT('',(-6.28318530718,-20.));
#1134 = VECTOR('',#1135,1.);
#1135 = DIRECTION('',(1.,-0.));
#1136 = ( GEOMETRIC_REPRESENTATION_CONTEXT(2) 
PARAMETRIC_REPRESENTATION_CONTEXT() REPRESENTATION_CONTEXT('2D SPACE',''
  ) );
#1137 = PCURVE('',#1138,#1143);
#1138 = PLANE('',#1139);
#1139 = AXIS2_PLACEMENT_3D('',#1140,#1141,#1142);
#1140 = CARTESIAN_POINT('',(-270.,21.,-22.));
#1141 = DIRECTION('',(-1.,-0.,0.));
#1142 = DIRECTION('',(0.,-0.978110572277,-0.208085819793));
#1143 = DEFINITIONAL_REPRESENTATION('',(#1144),#1148);
#1144 = CIRCLE('',#1145,2.1);
#1145 = AXIS2_PLACEMENT_2D('',#1146,#1147);
#1146 = CARTESIAN_POINT('',(20.12415037824,6.326023360214));
#1147 = DIRECTION('',(-0.978110572277,-0.208085819793));
#1148 = ( GEOMETRIC_REPRESENTATION_CONTEXT(2) 
PARAMETRIC_REPRESENTATION_CONTEXT() REPRESENTATION_CONTEXT('2D SPACE',''
  ) );
#1149 = ORIENTED_EDGE('',*,*,#1100,.F.);
#1150 = ADVANCED_FACE('',(#1151),#834,.T.);
#1151 = FACE_BOUND('',#1152,.T.);
#1152 = EDGE_LOOP('',(#1153,#1175,#1176,#1177));
#1153 = ORIENTED_EDGE('',*,*,#1154,.F.);
#1154 = EDGE_CURVE('',#735,#1155,#1157,.T.);
#1155 = VERTEX_POINT('',#1156);
#1156 = CARTESIAN_POINT('',(-205.,48.7,-29.8));
#1157 = SEAM_CURVE('',#1158,(#1161,#1168),.PCURVE_S1.);
#1158 = B_SPLINE_CURVE_WITH_KNOTS('',1,(#1159,#1160),.UNSPECIFIED.,.F.,
  .F.,(2,2),(0.,1.),.PIECEWISE_BEZIER_KNOTS.);
#1159 = CARTESIAN_POINT('',(-240.,41.,-27.));
#1160 = CARTESIAN_POINT('',(-190.,52.,-31.));
#1161 = PCURVE('',#834,#1162);
#1162 = DEFINITIONAL_REPRESENTATION('',(#1163),#1167);
#1163 = LINE('',#1164,#1165);
#1164 = CARTESIAN_POINT('',(0.,0.));
#1165 = VECTOR('',#1166,1.);
#1166 = DIRECTION('',(0.,1.));
#1167 = ( GEOMETRIC_REPRESENTATION_CONTEXT(2) 
PARAMETRIC_REPRESENTATION_CONTEXT() REPRESENTATION_CONTEXT('2D SPACE',''
  ) );
#1168 = PCURVE('',#834,#1169);
#1169 = DEFINITIONAL_REPRESENTATION('',(#1170),#1174);
#1170 = LINE('',#1171,#1172);
#1171 = CARTESIAN_POINT('',(357.37481434327,0.));
#1172 = VECTOR('',#1173,1.);
#1173 = DIRECTION('',(0.,1.));
#1174 = ( GEOMETRIC_REPRESENTATION_CONTEXT(2) 
PARAMETRIC_REPRESENTATION_CONTEXT() REPRESENTATION_CONTEXT('2D SPACE',''
  ) );
#1175 = ORIENTED_EDGE('',*,*,#756,.T.);
#1176 = ORIENTED_EDGE('',*,*,#1154,.T.);
#1177 = ORIENTED_EDGE('',*,*,#1178,.T.);
#1178 = EDGE_CURVE('',#1155,#1155,#1179,.T.);
#1179 = SURFACE_CURVE('',#1180,(#1883,#2589),.PCURVE_S1.);
#1180 = B_SPLINE_CURVE_WITH_KNOTS('',8,(#1181,#1182,#1183,#1184,#1185,
    #1186,#1187,#1188,#1189,#1190,#1191,#1192,#1193,#1194,#1195,#1196,
    #1197,#1198,#1199,#1200,#1201,#1202,#1203,#1204,#1205,#1206,#1207,
    #1208,#1209,#1210,#1211,#1212,#1213,#1214,#1215,#1216,#1217,#1218,
    #1219,#1220,#1221,#1222,#1223,#1224,#1225,#1226,#1227,#1228,#1229,
    #1230,#1231,#1232,#1233,#1234,#1235,#1236,#1237,#1238,#1239,#1240,
    #1241,#1242,#1243,#1244,#1245,#1246,#1247,#1248,#1249,#1250,#1251,
    #1252,#1253,#1254,#1255,#1256,#1257,#1258,#1259,#1260,#1261,#1262,
    #1263,#1264,#1265,#1266,#1267,#1268,#1269,#1270,#1271,#1272,#1273,
    #1274,#1275,#1276,#1277,#1278,#1279,#1280,#1281,#1282,#1283,#1284,
    #1285,#1286,#1287,#1288,#1289,#1290,#1291,#1292,#1293,#1294,#1295,
    #1296,#1297,#1298,#1299,#1300,#1301,#1302,#1303,#1304,#1305,#1306,
    #1307,#1308,#1309,#1310,#1311,#1312,#1313,#1314,#1315,#1316,#1317,
    #1318,#1319,#1320,#1321,#1322,#1323,#1324,#1325,#1326,#1327,#1328,
    #1329,#1330,#1331,#1332,#1333,#1334,#1335,#1336,#1337,#1338,#1339,
    #1340,#1341,#1342,#1343,#1344,#1345,#1346,#1347,#1348,#1349,#1350,
    #1351,#1352,#1353,#1354,#1355,#1356,#1357,#1358,#1359,#1360,#1361,
    #1362,#1363,#1364,#1365,#1366,#1367,#1368,#1369,#1370,#1371,#1372,
    #1373,#1374,#1375,#1376,#1377,#1378,#1379,#1380,#1381,#1382,#1383,
    #1384,#1385,#1386,#1387,#1388,#1389,#1390,#1391,#1392,#1393,#1394,
    #1395,#1396,#1397,#1398,#1399,#1400,#1401,#1402,#1403,#1404,#1405,
    #1406,#1407,#1408,#1409,#1410,#1411,#1412,#1413,#1414,#1415,#1416,
    #1417,#1418,#1419,#1420,#1421,#1422,#1423,#1424,#1425,#1426,#1427,
    #1428,#1429,#1430,#1431,#1432,#1433,#1434,#1435,#1436,#1437,#1438,
    #1439,#1440,#1441,#1442,#1443,#1444,#1445,#1446,#1447,#1448,#1449,
    #1450,#1451,#1452,#1453,#1454,#1455,#1456,#1457,#1458,#1459,#1460,
    #1461,#1462,#1463,#1464,#1465,#1466,#1467,#1468,#1469,#1470,#1471,
    #1472,#1473,#1474,#1475,#1476,#1477,#1478,#1479,#1480,#1481,#1482,
    #1483,#1484,#1485,#1486,#1487,#1488,#1489,#1490,#1491,#1492,#1493,
    #1494,#1495,#1496,#1497,#1498,#1499,#1500,#1501,#1502,#1503,#1504,
    #1505,#1506,#1507,#1508,#1509,#1510,#1511,#1512,#1513,#1514,#1515,
    #1516,#1517,#1518,#1519,#1520,#1521,#1522,#1523,#1524,#1525,#1526,
    #1527,#1528,#1529,#1530,#1531,#1532,#1533,#1534,#1535,#1536,#1537,
    #1538,#1539,#1540,#1541,#1542,#1543,#1544,#1545,#1546,#1547,#1548,
    #1549,#1550,#1551,#1552,#1553,#1554,#1555,#1556,#1557,#1558,#1559,
    #1560,#1561,#1562,#1563,#1564,#1565,#1566,#1567,#1568,#1569,#1570,
    #1571,#1572,#1573,#1574,#1575,#1576,#1577,#1578,#1579,#1580,#1581,
    #1582,#1583,#1584,#1585,#1586,#1587,#1588,#1589,#1590,#1591,#1592,
    #1593,#1594,#1595,#1596,#1597,#1598,#1599,#1600,#1601,#1602,#1603,
    #1604,#1605,#1606,#1607,#1608,#1609,#1610,#1611,#1612,#1613,#1614,
    #1615,#1616,#1617,#1618,#1619,#1620,#1621,#1622,#1623,#1624,#1625,
    #1626,#1627,#1628,#1629,#1630,#1631,#1632,#1633,#1634,#1635,#1636,
    #1637,#1638,#1639,#1640,#1641,#1642,#1643,#1644,#1645,#1646,#1647,
    #1648,#1649,#1650,#1651,#1652,#1653,#1654,#1655,#1656,#1657,#1658,
    #1659,#1660,#1661,#1662,#1663,#1664,#1665,#1666,#1667,#1668,#1669,
    #1670,#1671,#1672,#1673,#1674,#1675,#1676,#1677,#1678,#1679,#1680,
    #1681,#1682,#1683,#1684,#1685,#1686,#1687,#1688,#1689,#1690,#1691,
    #1692,#1693,#1694,#1695,#1696,#1697,#1698,#1699,#1700,#1701,#1702,
    #1703,#1704,#1705,#1706,#1707,#1708,#1709,#1710,#1711,#1712,#1713,
    #1714,#1715,#1716,#1717,#1718,#1719,#1720,#1721,#1722,#1723,#1724,
    #1725,#1726,#1727,#1728,#1729,#1730,#1731,#1732,#1733,#1734,#1735,
    #1736,#1737,#1738,#1739,#1740,#1741,#1742,#1743,#1744,#1745,#1746,
    #1747,#1748,#1749,#1750,#1751,#1752,#1753,#1754,#1755,#1756,#1757,
    #1758,#1759,#1760,#1761,#1762,#1763,#1764,#1765,#1766,#1767,#1768,
    #1769,#1770,#1771,#1772,#1773,#1774,#1775,#1776,#1777,#1778,#1779,
    #1780,#1781,#1782,#1783,#1784,#1785,#1786,#1787,#1788,#1789,#1790,
    #1791,#1792,#1793,#1794,#1795,#1796,#1797,#1798,#1799,#1800,#1801,
    #1802,#1803,#1804,#1805,#1806,#1807,#1808,#1809,#1810,#1811,#1812,
    #1813,#1814,#1815,#1816,#1817,#1818,#1819,#1820,#1821,#1822,#1823,
    #1824,#1825,#1826,#1827,#1828,#1829,#1830,#1831,#1832,#1833,#1834,
    #1835,#1836,#1837,#1838,#1839,#1840,#1841,#1842,#1843,#1844,#1845,
    #1846,#1847,#1848,#1849,#1850,#1851,#1852,#1853,#1854,#1855,#1856,
    #1857,#1858,#1859,#1860,#1861,#1862,#1863,#1864,#1865,#1866,#1867,
    #1868,#1869,#1870,#1871,#1872,#1873,#1874,#1875,#1876,#1877,#1878,
    #1879,#1880,#1881,#1882),.UNSPECIFIED.,.T.,.F.,(9,7,7,7,7,7,7,7,7,7,
    7,7,7,7,7,7,7,7,7,7,7,7,7,7,7,7,7,7,7,7,7,7,7,7,7,7,7,7,7,7,7,7,7,7,
    7,7,7,7,7,7,7,7,7,7,7,7,7,7,7,7,7,7,7,7,7,7,7,7,7,7,7,7,7,7,7,7,7,7,
    7,7,7,7,7,7,7,7,7,7,7,7,7,7,7,7,7,7,7,7,7,7,9),(0.,1.89969392046E-02
    ,2.900272414347E-02,3.900670693641E-02,4.600820435547E-02,
    5.200949507029E-02,6.401202901112E-02,7.301386963168E-02,
    8.001532699621E-02,9.001740335365E-02,0.101019527215,0.107020861332,
    0.117023334032,0.127025954587,0.139029060657,0.148031399219,
    0.155033237454,0.165035775384,0.176038378127,0.184040361597,
    0.190041868813,0.200044350323,0.210046436824,0.216047677079,
    0.226049804773,0.237052087437,0.248054370102,0.259056524024,
    0.277057742865,0.288057984605,0.297058248449,0.303058633137,
    0.313059476945,0.32406032866,0.336061823094,0.34506294382,
    0.352063882686,0.362065196278,0.37306663897,0.380067560321,
    0.390068645048,0.401069748853,0.409070465926,0.418071343061,
    0.427071814905,0.434072158142,0.444072657765,0.455073175032,
    0.462073465616,0.473073261472,0.485072215672,0.497071169873,
    0.509070049659,0.527066392947,0.538064417699,0.547063342134,
    0.55306263832,0.563061455474,0.57406004798,0.584059045221,
    0.595058432984,0.603057860192,0.615057456356,0.627057062985,
    0.639056640082,0.648056331906,0.655056111562,0.665055708692,
    0.676055076609,0.684054707453,0.690054450193,0.700053990919,
    0.710053136752,0.71605261261,0.726051799623,0.737050847556,
    0.74804989549,0.759048814719,0.777044741103,0.788041748712,
    0.79703936643,0.803037986971,0.813035890477,0.824033507881,
    0.836031473811,0.845029948158,0.85202882871,0.86202720186,
    0.873025410068,0.880024273111,0.890022417952,0.901020287643,
    0.909018652668,0.918016883112,0.927014684483,0.934012965234,
    0.944010517268,0.955007774469,0.970006735588,0.985010240807,1.),
  .UNSPECIFIED.);
#1181 = CARTESIAN_POINT('',(-205.,48.7,-29.8));
#1182 = CARTESIAN_POINT('',(-205.,48.700961875809,-30.59193465356));
#1183 = CARTESIAN_POINT('',(-205.,48.701644854016,-31.38432143277));
#1184 = CARTESIAN_POINT('',(-205.,48.70150068795,-32.1770937683));
#1185 = CARTESIAN_POINT('',(-205.,48.699983175766,-32.97018305979));
#1186 = CARTESIAN_POINT('',(-205.,48.696547412819,-33.76351856775));
#1187 = CARTESIAN_POINT('',(-205.,48.690649044027,-34.55702730533));
#1188 = CARTESIAN_POINT('',(-205.,48.68174351624,-35.35063393022));
#1189 = CARTESIAN_POINT('',(-205.,48.662723540588,-36.56226787746));
#1190 = CARTESIAN_POINT('',(-205.,48.655175909145,-36.98029822958));
#1191 = CARTESIAN_POINT('',(-205.,48.646562707062,-37.39833317347));
#1192 = CARTESIAN_POINT('',(-205.,48.636804205121,-37.81635418979));
#1193 = CARTESIAN_POINT('',(-205.,48.625820674104,-38.23434275918));
#1194 = CARTESIAN_POINT('',(-205.,48.613532384791,-38.65228036231));
#1195 = CARTESIAN_POINT('',(-205.,48.599859607963,-39.07014847982));
#1196 = CARTESIAN_POINT('',(-205.,48.569588347172,-39.90563345838));
#1197 = CARTESIAN_POINT('',(-205.,48.552987013391,-40.32326716281));
#1198 = CARTESIAN_POINT('',(-205.,48.534848901517,-40.74081367749));
#1199 = CARTESIAN_POINT('',(-205.,48.51508829144,-41.15825955992));
#1200 = CARTESIAN_POINT('',(-205.,48.49360940673,-41.57559272571));
#1201 = CARTESIAN_POINT('',(-205.,48.470312366875,-41.9928012209));
#1202 = CARTESIAN_POINT('',(-205.,48.445099139524,-42.40987199443));
#1203 = CARTESIAN_POINT('',(-205.,48.39882925137,-43.11857826041));
#1204 = CARTESIAN_POINT('',(-205.,48.378796066049,-43.41028254606));
#1205 = CARTESIAN_POINT('',(-205.,48.357747357099,-43.70189840858));
#1206 = CARTESIAN_POINT('',(-205.,48.33565054485,-43.99342172907));
#1207 = CARTESIAN_POINT('',(-205.,48.312473049632,-44.28484838867));
#1208 = CARTESIAN_POINT('',(-205.,48.288182291777,-44.57617426852));
#1209 = CARTESIAN_POINT('',(-205.,48.262745691614,-44.86739524973));
#1210 = CARTESIAN_POINT('',(-205.,48.213317765937,-45.40803205365));
#1211 = CARTESIAN_POINT('',(-205.,48.189638951098,-45.65747545062));
#1212 = CARTESIAN_POINT('',(-205.,48.165073929046,-45.90683654568));
#1213 = CARTESIAN_POINT('',(-205.,48.139602278605,-46.15611354727));
#1214 = CARTESIAN_POINT('',(-205.,48.113203453332,-46.40530373091));
#1215 = CARTESIAN_POINT('',(-205.,48.085856781523,-46.65440343927));
#1216 = CARTESIAN_POINT('',(-205.,48.057541466207,-46.90340808208));
#1217 = CARTESIAN_POINT('',(-205.,47.969627054929,-47.65011827482));
#1218 = CARTESIAN_POINT('',(-205.,47.907058710855,-48.14750622317));
#1219 = CARTESIAN_POINT('',(-205.,47.84036191016,-48.64439617608));
#1220 = CARTESIAN_POINT('',(-205.,47.769367010075,-49.14070832837));
#1221 = CARTESIAN_POINT('',(-205.,47.693904367833,-49.63636287487));
#1222 = CARTESIAN_POINT('',(-205.,47.613804340664,-50.1312800104));
#1223 = CARTESIAN_POINT('',(-205.,47.528897285801,-50.6253799298));
#1224 = CARTESIAN_POINT('',(-205.,47.371601214567,-51.48848254275));
#1225 = CARTESIAN_POINT('',(-205.,47.301388156063,-51.85788179855));
#1226 = CARTESIAN_POINT('',(-205.,47.228305655116,-52.22674877329));
#1227 = CARTESIAN_POINT('',(-205.,47.152281047684,-52.59503913349));
#1228 = CARTESIAN_POINT('',(-205.,47.073239397043,-52.96270025653));
#1229 = CARTESIAN_POINT('',(-205.,46.991105155309,-53.32967545308));
#1230 = CARTESIAN_POINT('',(-205.,46.90580382496,-53.69590818945));
#1231 = CARTESIAN_POINT('',(-205.,46.748398763286,-54.34557700545));
#1232 = CARTESIAN_POINT('',(-205.,46.677573838475,-54.62932785136));
#1233 = CARTESIAN_POINT('',(-205.,46.604753953972,-54.91257381454));
#1234 = CARTESIAN_POINT('',(-205.,46.52990422222,-55.1952898508));
#1235 = CARTESIAN_POINT('',(-205.,46.45298976005,-55.47745090492));
#1236 = CARTESIAN_POINT('',(-205.,46.373975688675,-55.75903191065));
#1237 = CARTESIAN_POINT('',(-205.,46.292827133701,-56.0400077907));
#1238 = CARTESIAN_POINT('',(-205.,46.090483707965,-56.72084704158));
#1239 = CARTESIAN_POINT('',(-205.,45.967030224174,-57.12005698681));
#1240 = CARTESIAN_POINT('',(-205.,45.839058161103,-57.51787553566));
#1241 = CARTESIAN_POINT('',(-205.,45.706477357027,-57.91419350804));
#1242 = CARTESIAN_POINT('',(-205.,45.569197665755,-58.30890167351));
#1243 = CARTESIAN_POINT('',(-205.,45.427128777653,-58.7018913165));
#1244 = CARTESIAN_POINT('',(-205.,45.280180297036,-59.09305399367));
#1245 = CARTESIAN_POINT('',(-205.,44.96115446496,-59.91042339114));
#1246 = CARTESIAN_POINT('',(-205.,44.788033148024,-60.33623504564));
#1247 = CARTESIAN_POINT('',(-205.,44.608759534201,-60.75956991269));
#1248 = CARTESIAN_POINT('',(-205.,44.423237802199,-61.18026189642));
#1249 = CARTESIAN_POINT('',(-205.,44.231405642823,-61.59811962829));
#1250 = CARTESIAN_POINT('',(-205.,44.033192545257,-62.01295195139));
#1251 = CARTESIAN_POINT('',(-205.,43.828501367244,-62.42458246163));
#1252 = CARTESIAN_POINT('',(-205.,43.50204786342,-63.0554891237));
#1253 = CARTESIAN_POINT('',(-205.,43.38488100814,-63.27715771269));
#1254 = CARTESIAN_POINT('',(-205.,43.265751174257,-63.49778670876));
#1255 = CARTESIAN_POINT('',(-205.,43.144644771597,-63.7173449382));
#1256 = CARTESIAN_POINT('',(-205.,43.021551808904,-63.9358010789));
#1257 = CARTESIAN_POINT('',(-205.,42.896465893843,-64.15312366032));
#1258 = CARTESIAN_POINT('',(-205.,42.769384233,-64.36928106348));
#1259 = CARTESIAN_POINT('',(-205.,42.425174604154,-64.94251787523));
#1260 = CARTESIAN_POINT('',(-205.,42.204501907661,-65.29747143057));
#1261 = CARTESIAN_POINT('',(-205.,41.978265811389,-65.64894695461));
#1262 = CARTESIAN_POINT('',(-205.,41.746476885878,-65.99680236772));
#1263 = CARTESIAN_POINT('',(-205.,41.509133001593,-66.34088678346));
#1264 = CARTESIAN_POINT('',(-205.,41.266210579586,-66.68103649923));
#1265 = CARTESIAN_POINT('',(-205.,41.017694094464,-67.01708893723));
#1266 = CARTESIAN_POINT('',(-205.,40.509589809488,-67.68074503925));
#1267 = CARTESIAN_POINT('',(-205.,40.250003989974,-68.00835383883));
#1268 = CARTESIAN_POINT('',(-205.,39.984942672451,-68.33160279353));
#1269 = CARTESIAN_POINT('',(-205.,39.71446775419,-68.65035919808));
#1270 = CARTESIAN_POINT('',(-205.,39.438639000916,-68.96448838383));
#1271 = CARTESIAN_POINT('',(-205.,39.157512348277,-69.27385208461));
#1272 = CARTESIAN_POINT('',(-205.,38.87114423225,-69.57831256737));
#1273 = CARTESIAN_POINT('',(-205.,38.229752332867,-70.2370573247));
#1274 = CARTESIAN_POINT('',(-205.,37.872460217483,-70.58913821293));
#1275 = CARTESIAN_POINT('',(-205.,37.507918312341,-70.93381602579));
#1276 = CARTESIAN_POINT('',(-205.,37.136366769057,-71.27099715507));
#1277 = CARTESIAN_POINT('',(-205.,36.757924622516,-71.60039934882));
#1278 = CARTESIAN_POINT('',(-205.,36.372921927983,-71.92207432509));
#1279 = CARTESIAN_POINT('',(-205.,35.981415818117,-72.23564066982));
#1280 = CARTESIAN_POINT('',(-205.,35.28545937842,-72.77027868872));
#1281 = CARTESIAN_POINT('',(-205.,34.983709162401,-72.99487266249));
#1282 = CARTESIAN_POINT('',(-205.,34.678584450953,-73.21491422768));
#1283 = CARTESIAN_POINT('',(-205.,34.370193748531,-73.43038771248));
#1284 = CARTESIAN_POINT('',(-205.,34.05864555959,-73.64127744509));
#1285 = CARTESIAN_POINT('',(-205.,33.744048388584,-73.84756775368));
#1286 = CARTESIAN_POINT('',(-205.,33.426510739969,-74.04924296646));
#1287 = CARTESIAN_POINT('',(-205.,32.856964056957,-74.39954462591));
#1288 = CARTESIAN_POINT('',(-205.,32.606074688143,-74.54999263804));
#1289 = CARTESIAN_POINT('',(-205.,32.353523330486,-74.69764277307));
#1290 = CARTESIAN_POINT('',(-205.,32.099360487859,-74.84250730206));
#1291 = CARTESIAN_POINT('',(-205.,31.843636849279,-74.98459944207));
#1292 = CARTESIAN_POINT('',(-205.,31.586403288902,-75.12393335612));
#1293 = CARTESIAN_POINT('',(-205.,31.327710866027,-75.26052415325));
#1294 = CARTESIAN_POINT('',(-205.,30.696042611461,-75.58562011121));
#1295 = CARTESIAN_POINT('',(-205.,30.321593506053,-75.7712832172));
#1296 = CARTESIAN_POINT('',(-205.,29.94441852699,-75.95143778973));
#1297 = CARTESIAN_POINT('',(-205.,29.564677251215,-76.12609068669));
#1298 = CARTESIAN_POINT('',(-205.,29.182516155585,-76.29527499799));
#1299 = CARTESIAN_POINT('',(-205.,28.798062587749,-76.4590780188));
#1300 = CARTESIAN_POINT('',(-205.,28.411430366812,-76.61761723857));
#1301 = CARTESIAN_POINT('',(-205.,27.595181669175,-76.93964326695));
#1302 = CARTESIAN_POINT('',(-205.,27.165124219275,-77.10204826764));
#1303 = CARTESIAN_POINT('',(-205.,26.732757339325,-77.25827362359));
#1304 = CARTESIAN_POINT('',(-205.,26.298215989893,-77.40846219842));
#1305 = CARTESIAN_POINT('',(-205.,25.861691119103,-77.55270561791));
#1306 = CARTESIAN_POINT('',(-205.,25.423359726333,-77.69110221886));
#1307 = CARTESIAN_POINT('',(-205.,24.983315471298,-77.82381699632));
#1308 = CARTESIAN_POINT('',(-205.,24.220493861599,-78.0434766572));
#1309 = CARTESIAN_POINT('',(-205.,23.898459601281,-78.13303433597));
#1310 = CARTESIAN_POINT('',(-205.,23.575626009037,-78.21971556552));
#1311 = CARTESIAN_POINT('',(-205.,23.252037862457,-78.30357510219));
#1312 = CARTESIAN_POINT('',(-205.,22.927739939126,-78.38466770228));
#1313 = CARTESIAN_POINT('',(-205.,22.602777016635,-78.46304812212));
#1314 = CARTESIAN_POINT('',(-205.,22.277193872569,-78.53877111802));
#1315 = CARTESIAN_POINT('',(-205.,21.706415544055,-78.66673187175));
#1316 = CARTESIAN_POINT('',(-205.,21.461474374184,-78.72010798895));
#1317 = CARTESIAN_POINT('',(-205.,21.216229648825,-78.77204302861));
#1318 = CARTESIAN_POINT('',(-205.,20.970697194431,-78.82256040857));
#1319 = CARTESIAN_POINT('',(-205.,20.724890789979,-78.87168373382));
#1320 = CARTESIAN_POINT('',(-205.,20.478822166975,-78.9194367965));
#1321 = CARTESIAN_POINT('',(-205.,20.232501009454,-78.96584357592));
#1322 = CARTESIAN_POINT('',(-205.,19.574992781913,-79.08606911357));
#1323 = CARTESIAN_POINT('',(-205.,19.163378067154,-79.1575365844));
#1324 = CARTESIAN_POINT('',(-205.,18.751142905018,-79.22544092915));
#1325 = CARTESIAN_POINT('',(-205.,18.338339390819,-79.28989242599));
#1326 = CARTESIAN_POINT('',(-205.,17.925019619876,-79.35100135308));
#1327 = CARTESIAN_POINT('',(-205.,17.511235687504,-79.40887798858));
#1328 = CARTESIAN_POINT('',(-205.,17.09703968902,-79.46363261066));
#1329 = CARTESIAN_POINT('',(-205.,16.267944121751,-79.56711634091));
#1330 = CARTESIAN_POINT('',(-205.,15.853039430036,-79.61584763264));
#1331 = CARTESIAN_POINT('',(-205.,15.437810917998,-79.66167759086));
#1332 = CARTESIAN_POINT('',(-205.,15.022286262514,-79.70470890976));
#1333 = CARTESIAN_POINT('',(-205.,14.606491098025,-79.74504426165));
#1334 = CARTESIAN_POINT('',(-205.,14.190453883398,-79.78278856696));
#1335 = CARTESIAN_POINT('',(-205.,13.774204081573,-79.81804803221));
#1336 = CARTESIAN_POINT('',(-205.,13.107899879094,-79.87065267153));
#1337 = CARTESIAN_POINT('',(-205.,12.857967249287,-79.88952220476));
#1338 = CARTESIAN_POINT('',(-205.,12.60797131753,-79.90755714888));
#1339 = CARTESIAN_POINT('',(-205.,12.357917638782,-79.92478009738));
#1340 = CARTESIAN_POINT('',(-205.,12.107811768,-79.94121364375));
#1341 = CARTESIAN_POINT('',(-205.,11.857659260141,-79.95688038148));
#1342 = CARTESIAN_POINT('',(-205.,11.607465670163,-79.97180290405));
#1343 = CARTESIAN_POINT('',(-205.,10.940185497637,-80.00967211654));
#1344 = CARTESIAN_POINT('',(-205.,10.523037543535,-80.03133398855));
#1345 = CARTESIAN_POINT('',(-205.,10.105826611173,-80.05110033876));
#1346 = CARTESIAN_POINT('',(-205.,9.688567155951,-80.06907214453));
#1347 = CARTESIAN_POINT('',(-205.,9.271263392386,-80.08534617567));
#1348 = CARTESIAN_POINT('',(-205.,8.85391561178,-80.1000187827));
#1349 = CARTESIAN_POINT('',(-205.,8.436523593359,-80.11318774064));
#1350 = CARTESIAN_POINT('',(-205.,7.559909388165,-80.1378929288));
#1351 = CARTESIAN_POINT('',(-205.,7.100682728259,-80.1491335923));
#1352 = CARTESIAN_POINT('',(-205.,6.641410867588,-80.15880442832));
#1353 = CARTESIAN_POINT('',(-205.,6.182097544563,-80.16703572636));
#1354 = CARTESIAN_POINT('',(-205.,5.722746497592,-80.1739577759));
#1355 = CARTESIAN_POINT('',(-205.,5.263361465084,-80.17970086645));
#1356 = CARTESIAN_POINT('',(-205.,4.803946185448,-80.18439528751));
#1357 = CARTESIAN_POINT('',(-205.,3.88506260874,-80.1919473696));
#1358 = CARTESIAN_POINT('',(-205.,3.425594311667,-80.19480503065));
#1359 = CARTESIAN_POINT('',(-205.,2.966103244284,-80.19687460118));
#1360 = CARTESIAN_POINT('',(-205.,2.506593145001,-80.1982863707));
#1361 = CARTESIAN_POINT('',(-205.,2.047067752226,-80.1991706287));
#1362 = CARTESIAN_POINT('',(-205.,1.587530804368,-80.19965766467));
#1363 = CARTESIAN_POINT('',(-205.,1.127986039837,-80.19987776812));
#1364 = CARTESIAN_POINT('',(-205.,0.208893731641,-80.20004468796));
#1365 = CARTESIAN_POINT('',(-205.,-0.250652066283,-80.19994636078));
#1366 = CARTESIAN_POINT('',(-205.,-0.710198064204,-80.20007143402));
#1367 = CARTESIAN_POINT('',(-205.,-1.169742200769,-80.20004599831));
#1368 = CARTESIAN_POINT('',(-205.,-1.629282508058,-80.19971993497));
#1369 = CARTESIAN_POINT('',(-205.,-2.088816878426,-80.19907656007));
#1370 = CARTESIAN_POINT('',(-205.,-2.54834293762,-80.19790693135));
#1371 = CARTESIAN_POINT('',(-205.,-3.75969645338,-80.19316130833));
#1372 = CARTESIAN_POINT('',(-205.,-4.51150330062,-80.18851813579));
#1373 = CARTESIAN_POINT('',(-205.,-5.263269827913,-80.18160645623));
#1374 = CARTESIAN_POINT('',(-205.,-6.014981844636,-80.1718550714));
#1375 = CARTESIAN_POINT('',(-205.,-6.766620076859,-80.15869262331));
#1376 = CARTESIAN_POINT('',(-205.,-7.51816017503,-80.14154788224));
#1377 = CARTESIAN_POINT('',(-205.,-8.269572721657,-80.11985003469));
#1378 = CARTESIAN_POINT('',(-205.,-9.479899781079,-80.07663907123));
#1379 = CARTESIAN_POINT('',(-205.,-9.938925194853,-80.05833687151));
#1380 = CARTESIAN_POINT('',(-205.,-10.39788488318,-80.03798447667));
#1381 = CARTESIAN_POINT('',(-205.,-10.85680618602,-80.0154718052));
#1382 = CARTESIAN_POINT('',(-205.,-11.31564765154,-79.99065189444));
#1383 = CARTESIAN_POINT('',(-205.,-11.77435190318,-79.96337134222));
#1384 = CARTESIAN_POINT('',(-205.,-12.23290654621,-79.93350582123));
#1385 = CARTESIAN_POINT('',(-205.,-13.06627477367,-79.87424158967));
#1386 = CARTESIAN_POINT('',(-205.,-13.44116205911,-79.84574558767));
#1387 = CARTESIAN_POINT('',(-205.,-13.81590066584,-79.81534634251));
#1388 = CARTESIAN_POINT('',(-205.,-14.19047184587,-79.78296760115));
#1389 = CARTESIAN_POINT('',(-205.,-14.56485685123,-79.74853311059));
#1390 = CARTESIAN_POINT('',(-205.,-14.93903693392,-79.71196661779));
#1391 = CARTESIAN_POINT('',(-205.,-15.31299334598,-79.67319186974));
#1392 = CARTESIAN_POINT('',(-205.,-15.93585867125,-79.60475882334));
#1393 = CARTESIAN_POINT('',(-205.,-16.18490083573,-79.57636995954));
#1394 = CARTESIAN_POINT('',(-205.,-16.43382764283,-79.54694367526));
#1395 = CARTESIAN_POINT('',(-205.,-16.68263172374,-79.5164571587));
#1396 = CARTESIAN_POINT('',(-205.,-16.93130453085,-79.48488713297));
#1397 = CARTESIAN_POINT('',(-205.,-17.17983633777,-79.4522098561));
#1398 = CARTESIAN_POINT('',(-205.,-17.42821623931,-79.41840112104));
#1399 = CARTESIAN_POINT('',(-205.,-18.09013372197,-79.32516029903));
#1400 = CARTESIAN_POINT('',(-205.,-18.50338155007,-79.26367410647));
#1401 = CARTESIAN_POINT('',(-205.,-18.91612354049,-79.19886739979));
#1402 = CARTESIAN_POINT('',(-205.,-19.32830759791,-79.13062990084));
#1403 = CARTESIAN_POINT('',(-205.,-19.73988162701,-79.05885133145));
#1404 = CARTESIAN_POINT('',(-205.,-20.15079353247,-78.98342141347));
#1405 = CARTESIAN_POINT('',(-205.,-20.56099121899,-78.90422986872));
#1406 = CARTESIAN_POINT('',(-205.,-21.4207939699,-78.72979725958));
#1407 = CARTESIAN_POINT('',(-205.,-21.87025019628,-78.63374068724));
#1408 = CARTESIAN_POINT('',(-205.,-22.31870944701,-78.532854126));
#1409 = CARTESIAN_POINT('',(-205.,-22.76602995325,-78.42699522188));
#1410 = CARTESIAN_POINT('',(-205.,-23.2121000426,-78.31602146462));
#1411 = CARTESIAN_POINT('',(-205.,-23.65681634779,-78.19979040172));
#1412 = CARTESIAN_POINT('',(-205.,-24.10004792344,-78.07815988295));
#1413 = CARTESIAN_POINT('',(-205.,-25.02349153053,-77.81224802749));
#1414 = CARTESIAN_POINT('',(-205.,-25.50340309582,-77.66690948173));
#1415 = CARTESIAN_POINT('',(-205.,-25.98122854847,-77.51481608592));
#1416 = CARTESIAN_POINT('',(-205.,-26.45692320223,-77.35568576159));
#1417 = CARTESIAN_POINT('',(-205.,-26.93010772003,-77.18952647682));
#1418 = CARTESIAN_POINT('',(-205.,-27.40070185164,-77.01607219508));
#1419 = CARTESIAN_POINT('',(-205.,-27.86843588403,-76.83522673766));
#1420 = CARTESIAN_POINT('',(-205.,-28.68161152634,-76.50553055048));
#1421 = CARTESIAN_POINT('',(-205.,-29.02838710554,-76.35999349582));
#1422 = CARTESIAN_POINT('',(-205.,-29.37335356957,-76.21013423676));
#1423 = CARTESIAN_POINT('',(-205.,-29.71642054183,-76.05589235934));
#1424 = CARTESIAN_POINT('',(-205.,-30.05748915968,-75.8972249964));
#1425 = CARTESIAN_POINT('',(-205.,-30.39645311514,-75.73410127357));
#1426 = CARTESIAN_POINT('',(-205.,-30.73319969557,-75.56649675527));
#1427 = CARTESIAN_POINT('',(-205.,-31.32771086516,-75.26052415576));
#1428 = CARTESIAN_POINT('',(-205.,-31.58640328798,-75.12393335881));
#1429 = CARTESIAN_POINT('',(-205.,-31.84363684835,-74.98459944477));
#1430 = CARTESIAN_POINT('',(-205.,-32.09936048699,-74.84250730458));
#1431 = CARTESIAN_POINT('',(-205.,-32.35352332976,-74.69764277516));
#1432 = CARTESIAN_POINT('',(-205.,-32.60607468766,-74.54999263941));
#1433 = CARTESIAN_POINT('',(-205.,-32.85696405683,-74.39954462627));
#1434 = CARTESIAN_POINT('',(-205.,-33.46210736561,-74.02734913634));
#1435 = CARTESIAN_POINT('',(-205.,-33.8145773497,-73.80269386448));
#1436 = CARTESIAN_POINT('',(-205.,-34.1634022305,-73.57234309325));
#1437 = CARTESIAN_POINT('',(-205.,-34.5084331677,-73.33631832083));
#1438 = CARTESIAN_POINT('',(-205.,-34.84952132101,-73.09464104539));
#1439 = CARTESIAN_POINT('',(-205.,-35.18651785012,-72.84733276513));
#1440 = CARTESIAN_POINT('',(-205.,-35.51927391472,-72.59441497822));
#1441 = CARTESIAN_POINT('',(-205.,-36.2088440361,-72.05155286633));
#1442 = CARTESIAN_POINT('',(-205.,-36.56473309316,-71.76042670497));
#1443 = CARTESIAN_POINT('',(-205.,-36.91513783275,-71.46262125503));
#1444 = CARTESIAN_POINT('',(-205.,-37.25991593994,-71.15827583877));
#1445 = CARTESIAN_POINT('',(-205.,-37.59890908572,-70.84750212855));
#1446 = CARTESIAN_POINT('',(-205.,-37.93195499656,-70.53040523183));
#1447 = CARTESIAN_POINT('',(-205.,-38.25890565084,-70.2071152811));
#1448 = CARTESIAN_POINT('',(-205.,-38.78368150325,-69.66814159487));
#1449 = CARTESIAN_POINT('',(-205.,-38.98522487594,-69.45607481011));
#1450 = CARTESIAN_POINT('',(-205.,-39.18421089943,-69.24158770205));
#1451 = CARTESIAN_POINT('',(-205.,-39.3806187153,-69.02472610336));
#1452 = CARTESIAN_POINT('',(-205.,-39.57442777204,-68.8055361558));
#1453 = CARTESIAN_POINT('',(-205.,-39.76561782506,-68.58406431024));
#1454 = CARTESIAN_POINT('',(-205.,-39.95416893674,-68.36035732665));
#1455 = CARTESIAN_POINT('',(-205.,-40.40561610058,-67.81176252556));
#1456 = CARTESIAN_POINT('',(-205.,-40.66574644563,-67.48459503495));
#1457 = CARTESIAN_POINT('',(-205.,-40.92039989692,-67.15310121991));
#1458 = CARTESIAN_POINT('',(-205.,-41.16948592033,-66.81739788883));
#1459 = CARTESIAN_POINT('',(-205.,-41.41296197868,-66.47762080494));
#1460 = CARTESIAN_POINT('',(-205.,-41.65085422173,-66.13393623299));
#1461 = CARTESIAN_POINT('',(-205.,-41.88321294996,-65.78652046843));
#1462 = CARTESIAN_POINT('',(-205.,-42.35946971683,-65.04939605569));
#1463 = CARTESIAN_POINT('',(-205.,-42.6022120298,-64.65892406354));
#1464 = CARTESIAN_POINT('',(-205.,-42.83826620272,-64.26430506716));
#1465 = CARTESIAN_POINT('',(-205.,-43.06758568681,-63.86574871006));
#1466 = CARTESIAN_POINT('',(-205.,-43.29016949472,-63.46344776444));
#1467 = CARTESIAN_POINT('',(-205.,-43.50610564402,-63.05758972508));
#1468 = CARTESIAN_POINT('',(-205.,-43.71552805711,-62.64836438294));
#1469 = CARTESIAN_POINT('',(-205.,-44.06608924969,-61.93599638156));
#1470 = CARTESIAN_POINT('',(-205.,-44.21027880432,-61.63436277653));
#1471 = CARTESIAN_POINT('',(-205.,-44.35107972922,-61.33111359076));
#1472 = CARTESIAN_POINT('',(-205.,-44.48852019252,-61.02632200556));
#1473 = CARTESIAN_POINT('',(-205.,-44.62263091748,-60.72005892092));
#1474 = CARTESIAN_POINT('',(-205.,-44.75344518252,-60.41239295549));
#1475 = CARTESIAN_POINT('',(-205.,-44.88099882118,-60.1033904466));
#1476 = CARTESIAN_POINT('',(-205.,-45.14520414266,-59.44405334812));
#1477 = CARTESIAN_POINT('',(-205.,-45.28100862425,-59.09337026958));
#1478 = CARTESIAN_POINT('',(-205.,-45.41280954989,-58.74114533891));
#1479 = CARTESIAN_POINT('',(-205.,-45.54067280256,-58.38745768037));
#1480 = CARTESIAN_POINT('',(-205.,-45.66466426527,-58.03238641826));
#1481 = CARTESIAN_POINT('',(-205.,-45.784849821,-57.67601067685));
#1482 = CARTESIAN_POINT('',(-205.,-45.90129535274,-57.31840958041));
#1483 = CARTESIAN_POINT('',(-205.,-46.12683305635,-56.60093107966));
#1484 = CARTESIAN_POINT('',(-205.,-46.2359265765,-56.24105101306));
#1485 = CARTESIAN_POINT('',(-205.,-46.34141333022,-55.88009854497));
#1486 = CARTESIAN_POINT('',(-205.,-46.4433636703,-55.51813797199));
#1487 = CARTESIAN_POINT('',(-205.,-46.5418507613,-55.15522569941));
#1488 = CARTESIAN_POINT('',(-205.,-46.63694906486,-54.7914145448));
#1489 = CARTESIAN_POINT('',(-205.,-46.72873282497,-54.42675804161));
#1490 = CARTESIAN_POINT('',(-205.,-46.88614010822,-53.77708203032));
#1491 = CARTESIAN_POINT('',(-205.,-46.95304513405,-53.4923705451));
#1492 = CARTESIAN_POINT('',(-205.,-47.01802444494,-53.20720589886));
#1493 = CARTESIAN_POINT('',(-205.,-47.0811128289,-52.92161359161));
#1494 = CARTESIAN_POINT('',(-205.,-47.14234504776,-52.63561901156));
#1495 = CARTESIAN_POINT('',(-205.,-47.20175583718,-52.34924743519));
#1496 = CARTESIAN_POINT('',(-205.,-47.25937990662,-52.06252402717));
#1497 = CARTESIAN_POINT('',(-205.,-47.39506920304,-51.36540176432));
#1498 = CARTESIAN_POINT('',(-205.,-47.47131063561,-50.95465712665));
#1499 = CARTESIAN_POINT('',(-205.,-47.54407549507,-50.54328297651));
#1500 = CARTESIAN_POINT('',(-205.,-47.61346303944,-50.13132236301));
#1501 = CARTESIAN_POINT('',(-205.,-47.67957252674,-49.71881833525));
#1502 = CARTESIAN_POINT('',(-205.,-47.74250321501,-49.30581394232));
#1503 = CARTESIAN_POINT('',(-205.,-47.80235436228,-48.89235223334));
#1504 = CARTESIAN_POINT('',(-205.,-47.92178299347,-48.02321402137));
#1505 = CARTESIAN_POINT('',(-205.,-47.98073724994,-47.56744874543));
#1506 = CARTESIAN_POINT('',(-205.,-48.03620893859,-47.11123122378));
#1507 = CARTESIAN_POINT('',(-205.,-48.0883474957,-46.65464446872));
#1508 = CARTESIAN_POINT('',(-205.,-48.13728215027,-46.19773750405));
#1509 = CARTESIAN_POINT('',(-205.,-48.18312697073,-45.7405303937));
#1510 = CARTESIAN_POINT('',(-205.,-48.22600218466,-45.28304301586));
#1511 = CARTESIAN_POINT('',(-205.,-48.29150913771,-44.53401074869));
#1512 = CARTESIAN_POINT('',(-205.,-48.31583204775,-44.24262005221));
#1513 = CARTESIAN_POINT('',(-205.,-48.3390345402,-43.95113520493));
#1514 = CARTESIAN_POINT('',(-205.,-48.36114812779,-43.65956340764));
#1515 = CARTESIAN_POINT('',(-205.,-48.38220432325,-43.36791186111));
#1516 = CARTESIAN_POINT('',(-205.,-48.40223463932,-43.07618776613));
#1517 = CARTESIAN_POINT('',(-205.,-48.42127058873,-42.78439832347));
#1518 = CARTESIAN_POINT('',(-205.,-48.46774255689,-42.03396064141));
#1519 = CARTESIAN_POINT('',(-205.,-48.4937647146,-41.57522629348));
#1520 = CARTESIAN_POINT('',(-205.,-48.51753059707,-41.11636997274));
#1521 = CARTESIAN_POINT('',(-205.,-48.53916277023,-40.65741513567));
#1522 = CARTESIAN_POINT('',(-205.,-48.55879124007,-40.19839634736));
#1523 = CARTESIAN_POINT('',(-205.,-48.57653339308,-39.73932864577));
#1524 = CARTESIAN_POINT('',(-205.,-48.59248691574,-39.28019584051));
#1525 = CARTESIAN_POINT('',(-205.,-48.62235893597,-38.32012951364));
#1526 = CARTESIAN_POINT('',(-205.,-48.63595879516,-37.81918846406));
#1527 = CARTESIAN_POINT('',(-205.,-48.64772110661,-37.31819805163));
#1528 = CARTESIAN_POINT('',(-205.,-48.65779335396,-36.81716222538));
#1529 = CARTESIAN_POINT('',(-205.,-48.66632302083,-36.31608493432));
#1530 = CARTESIAN_POINT('',(-205.,-48.67345759086,-35.8149701275));
#1531 = CARTESIAN_POINT('',(-205.,-48.67934454767,-35.31382175394));
#1532 = CARTESIAN_POINT('',(-205.,-48.68891820213,-34.31146577139));
#1533 = CARTESIAN_POINT('',(-205.,-48.69260489978,-33.8102581624));
#1534 = CARTESIAN_POINT('',(-205.,-48.69533895147,-33.30902488473));
#1535 = CARTESIAN_POINT('',(-205.,-48.69726784084,-32.80776988741));
#1536 = CARTESIAN_POINT('',(-205.,-48.69853905152,-32.30649711946));
#1537 = CARTESIAN_POINT('',(-205.,-48.69930006713,-31.8052105299));
#1538 = CARTESIAN_POINT('',(-205.,-48.69969837132,-31.30391406778));
#1539 = CARTESIAN_POINT('',(-205.,-48.70006452295,-30.3013124054));
#1540 = CARTESIAN_POINT('',(-205.,-48.70003545719,-29.80001001977));
#1541 = CARTESIAN_POINT('',(-205.,-48.69983348004,-29.29870590613));
#1542 = CARTESIAN_POINT('',(-205.,-48.70032095586,-28.79740379799));
#1543 = CARTESIAN_POINT('',(-205.,-48.69979939532,-28.29610404556));
#1544 = CARTESIAN_POINT('',(-205.,-48.69940198328,-27.79481032299));
#1545 = CARTESIAN_POINT('',(-205.,-48.69832087672,-27.29352399219));
#1546 = CARTESIAN_POINT('',(-205.,-48.69404437205,-26.04041628724));
#1547 = CARTESIAN_POINT('',(-205.,-48.68999895905,-25.28860982446));
#1548 = CARTESIAN_POINT('',(-205.,-48.68397625969,-24.53683587771));
#1549 = CARTESIAN_POINT('',(-205.,-48.67547830243,-23.78510569721));
#1550 = CARTESIAN_POINT('',(-205.,-48.66400699274,-23.03343439609));
#1551 = CARTESIAN_POINT('',(-205.,-48.64906429818,-22.28184094582));
#1552 = CARTESIAN_POINT('',(-205.,-48.63015243343,-21.53034817177));
#1553 = CARTESIAN_POINT('',(-205.,-48.59248691574,-20.31980415947));
#1554 = CARTESIAN_POINT('',(-205.,-48.57653339308,-19.8606713542));
#1555 = CARTESIAN_POINT('',(-205.,-48.55879124007,-19.40160365263));
#1556 = CARTESIAN_POINT('',(-205.,-48.53916277023,-18.94258486431));
#1557 = CARTESIAN_POINT('',(-205.,-48.51753059707,-18.48363002723));
#1558 = CARTESIAN_POINT('',(-205.,-48.4937647146,-18.02477370651));
#1559 = CARTESIAN_POINT('',(-205.,-48.46774255689,-17.56603935856));
#1560 = CARTESIAN_POINT('',(-205.,-48.41610684717,-16.73221665092));
#1561 = CARTESIAN_POINT('',(-205.,-48.39127835362,-16.35708015616));
#1562 = CARTESIAN_POINT('',(-205.,-48.36479122755,-15.98205508606));
#1563 = CARTESIAN_POINT('',(-205.,-48.3365784929,-15.6071567449));
#1564 = CARTESIAN_POINT('',(-205.,-48.30657317363,-15.23240043696));
#1565 = CARTESIAN_POINT('',(-205.,-48.2747082937,-14.85780146652));
#1566 = CARTESIAN_POINT('',(-205.,-48.24091687706,-14.48337513788));
#1567 = CARTESIAN_POINT('',(-205.,-48.18127527548,-13.85964395008));
#1568 = CARTESIAN_POINT('',(-205.,-48.15653216903,-13.61023669591));
#1569 = CARTESIAN_POINT('',(-205.,-48.13088356634,-13.36091679893));
#1570 = CARTESIAN_POINT('',(-205.,-48.10430989291,-13.11168769472));
#1571 = CARTESIAN_POINT('',(-205.,-48.0767910618,-12.86255444829));
#1572 = CARTESIAN_POINT('',(-205.,-48.04830647359,-12.61352375409));
#1573 = CARTESIAN_POINT('',(-205.,-48.01883501639,-12.36460393601));
#1574 = CARTESIAN_POINT('',(-205.,-47.93755519816,-11.7011403736));
#1575 = CARTESIAN_POINT('',(-205.,-47.88395371194,-11.28681257841));
#1576 = CARTESIAN_POINT('',(-205.,-47.82745134916,-10.87286461091));
#1577 = CARTESIAN_POINT('',(-205.,-47.76794885179,-10.45933952018));
#1578 = CARTESIAN_POINT('',(-205.,-47.7053469618,-10.04628035534));
#1579 = CARTESIAN_POINT('',(-205.,-47.63954642117,-9.633730165487));
#1580 = CARTESIAN_POINT('',(-205.,-47.57044797188,-9.22173199971));
#1581 = CARTESIAN_POINT('',(-205.,-47.4182079495,-8.357789881655));
#1582 = CARTESIAN_POINT('',(-205.,-47.33435158479,-7.905963957293));
#1583 = CARTESIAN_POINT('',(-205.,-47.24625048416,-7.454912916825));
#1584 = CARTESIAN_POINT('',(-205.,-47.15378147389,-7.004679782249));
#1585 = CARTESIAN_POINT('',(-205.,-47.05680296223,-6.555378021982));
#1586 = CARTESIAN_POINT('',(-205.,-46.95517275384,-6.107129080519));
#1587 = CARTESIAN_POINT('',(-205.,-46.84876568954,-5.660004074998));
#1588 = CARTESIAN_POINT('',(-205.,-46.63624176324,-4.808770126391));
#1589 = CARTESIAN_POINT('',(-205.,-46.53097466339,-4.404429980527));
#1590 = CARTESIAN_POINT('',(-205.,-46.42154642278,-4.001191022997));
#1591 = CARTESIAN_POINT('',(-205.,-46.30785232995,-3.599119348586));
#1592 = CARTESIAN_POINT('',(-205.,-46.18979020039,-3.198287015478));
#1593 = CARTESIAN_POINT('',(-205.,-46.06726469307,-2.798784293216));
#1594 = CARTESIAN_POINT('',(-205.,-45.94018608293,-2.400718332575));
#1595 = CARTESIAN_POINT('',(-205.,-45.66356217126,-1.568006711524));
#1596 = CARTESIAN_POINT('',(-205.,-45.51304435488,-1.133690773567));
#1597 = CARTESIAN_POINT('',(-205.,-45.35678051323,-0.70138507314));
#1598 = CARTESIAN_POINT('',(-205.,-45.19466043956,-0.271238375414));
#1599 = CARTESIAN_POINT('',(-205.,-45.02656396173,0.156604275557));
#1600 = CARTESIAN_POINT('',(-205.,-44.85235812076,0.582003760659));
#1601 = CARTESIAN_POINT('',(-205.,-44.6719208138,1.004813436725));
#1602 = CARTESIAN_POINT('',(-205.,-44.34938949417,1.730326326915));
#1603 = CARTESIAN_POINT('',(-205.,-44.21026126106,2.034328595501));
#1604 = CARTESIAN_POINT('',(-205.,-44.0677759109,2.336785684054));
#1605 = CARTESIAN_POINT('',(-205.,-43.92190315224,2.637626436147));
#1606 = CARTESIAN_POINT('',(-205.,-43.77261269366,2.936779695353));
#1607 = CARTESIAN_POINT('',(-205.,-43.61987424371,3.234174305244));
#1608 = CARTESIAN_POINT('',(-205.,-43.46365751097,3.529739109393));
#1609 = CARTESIAN_POINT('',(-205.,-43.06433515152,4.263915430568));
#1610 = CARTESIAN_POINT('',(-205.,-42.8168550009,4.700143307558));
#1611 = CARTESIAN_POINT('',(-205.,-42.56132353304,5.131833815554));
#1612 = CARTESIAN_POINT('',(-205.,-42.2978895472,5.558745596936));
#1613 = CARTESIAN_POINT('',(-205.,-42.02640060627,5.980611230595));
#1614 = CARTESIAN_POINT('',(-205.,-41.7469288811,6.397175251464));
#1615 = CARTESIAN_POINT('',(-205.,-41.45943013379,6.808167349245));
#1616 = CARTESIAN_POINT('',(-205.,-40.8683889544,7.618468288302));
#1617 = CARTESIAN_POINT('',(-205.,-40.56483468596,8.017786550463));
#1618 = CARTESIAN_POINT('',(-205.,-40.25324412551,8.410992388023));
#1619 = CARTESIAN_POINT('',(-205.,-39.93388714792,8.797933171977));
#1620 = CARTESIAN_POINT('',(-205.,-39.60666769789,9.178271283831));
#1621 = CARTESIAN_POINT('',(-205.,-39.27185770712,9.551870052949));
#1622 = CARTESIAN_POINT('',(-205.,-38.92945243175,9.91842682748));
#1623 = CARTESIAN_POINT('',(-205.,-38.22975232277,10.637057353755));
#1624 = CARTESIAN_POINT('',(-205.,-37.87246020408,10.989138251767));
#1625 = CARTESIAN_POINT('',(-205.,-37.50791829879,11.333816064761));
#1626 = CARTESIAN_POINT('',(-205.,-37.13636675876,11.670997184915));
#1627 = CARTESIAN_POINT('',(-205.,-36.75792461551,12.000399369312));
#1628 = CARTESIAN_POINT('',(-205.,-36.37292192555,12.322074331414));
#1629 = CARTESIAN_POINT('',(-205.,-35.98141581862,12.635640668673));
#1630 = CARTESIAN_POINT('',(-205.,-35.28545938135,13.170278680234));
#1631 = CARTESIAN_POINT('',(-205.,-34.98370916582,13.394872652609));
#1632 = CARTESIAN_POINT('',(-205.,-34.67858445436,13.614914217837));
#1633 = CARTESIAN_POINT('',(-205.,-34.37019375156,13.830387703743));
#1634 = CARTESIAN_POINT('',(-205.,-34.05864556199,14.041277438151));
#1635 = CARTESIAN_POINT('',(-205.,-33.74404839024,14.247567748887));
#1636 = CARTESIAN_POINT('',(-205.,-33.4265107409,14.449242963776));
#1637 = CARTESIAN_POINT('',(-205.,-32.85696405682,14.799544626276));
#1638 = CARTESIAN_POINT('',(-205.,-32.60607468765,14.949992639423));
#1639 = CARTESIAN_POINT('',(-205.,-32.35352332975,15.097642775168));
#1640 = CARTESIAN_POINT('',(-205.,-32.09936048698,15.242507304594));
#1641 = CARTESIAN_POINT('',(-205.,-31.84363684834,15.384599444784));
#1642 = CARTESIAN_POINT('',(-205.,-31.58640328797,15.523933358816));
#1643 = CARTESIAN_POINT('',(-205.,-31.32771086515,15.660524155767));
#1644 = CARTESIAN_POINT('',(-205.,-30.6960426108,15.985620113083));
#1645 = CARTESIAN_POINT('',(-205.,-30.32159350562,16.171283218483));
#1646 = CARTESIAN_POINT('',(-205.,-29.9444185268,16.351437790263));
#1647 = CARTESIAN_POINT('',(-205.,-29.56467725124,16.526090686579));
#1648 = CARTESIAN_POINT('',(-205.,-29.18251615575,16.695274997499));
#1649 = CARTESIAN_POINT('',(-205.,-28.79806258798,16.859078018139));
#1650 = CARTESIAN_POINT('',(-205.,-28.41143036706,17.017617237821));
#1651 = CARTESIAN_POINT('',(-205.,-27.59518166944,17.339643266204));
#1652 = CARTESIAN_POINT('',(-205.,-27.16512421948,17.502048267023));
#1653 = CARTESIAN_POINT('',(-205.,-26.73275733947,17.658273623136));
#1654 = CARTESIAN_POINT('',(-205.,-26.29821598997,17.808462198206));
#1655 = CARTESIAN_POINT('',(-205.,-25.86169111911,17.952705617916));
#1656 = CARTESIAN_POINT('',(-205.,-25.42335972629,18.09110221897));
#1657 = CARTESIAN_POINT('',(-205.,-24.98331547123,18.223816996508));
#1658 = CARTESIAN_POINT('',(-205.,-24.22049386151,18.443476657439));
#1659 = CARTESIAN_POINT('',(-205.,-23.89845960119,18.533034336213));
#1660 = CARTESIAN_POINT('',(-205.,-23.57562600895,18.619715565759));
#1661 = CARTESIAN_POINT('',(-205.,-23.25203786238,18.7035751024));
#1662 = CARTESIAN_POINT('',(-205.,-22.92773993906,18.784667702459));
#1663 = CARTESIAN_POINT('',(-205.,-22.60277701658,18.86304812226));
#1664 = CARTESIAN_POINT('',(-205.,-22.27719387253,18.938771118126));
#1665 = CARTESIAN_POINT('',(-205.,-21.70641554404,19.066731871791));
#1666 = CARTESIAN_POINT('',(-205.,-21.46147437418,19.120107988967));
#1667 = CARTESIAN_POINT('',(-205.,-21.21622964882,19.172043028603));
#1668 = CARTESIAN_POINT('',(-205.,-20.97069719444,19.222560408541));
#1669 = CARTESIAN_POINT('',(-205.,-20.72489078999,19.271683733776));
#1670 = CARTESIAN_POINT('',(-205.,-20.47882216699,19.319436796451));
#1671 = CARTESIAN_POINT('',(-205.,-20.23250100947,19.365843575857));
#1672 = CARTESIAN_POINT('',(-205.,-19.57499278193,19.486069113497));
#1673 = CARTESIAN_POINT('',(-205.,-19.16337806718,19.557536584324));
#1674 = CARTESIAN_POINT('',(-205.,-18.75114290504,19.625440929082));
#1675 = CARTESIAN_POINT('',(-205.,-18.33833939084,19.689892425931));
#1676 = CARTESIAN_POINT('',(-205.,-17.92501961989,19.751001353034));
#1677 = CARTESIAN_POINT('',(-205.,-17.51123568751,19.808877988552));
#1678 = CARTESIAN_POINT('',(-205.,-17.09703968902,19.863632610645));
#1679 = CARTESIAN_POINT('',(-205.,-16.26794412175,19.967116340919));
#1680 = CARTESIAN_POINT('',(-205.,-15.85303943003,20.015847632657));
#1681 = CARTESIAN_POINT('',(-205.,-15.43781091799,20.061677590885));
#1682 = CARTESIAN_POINT('',(-205.,-15.02228626251,20.104708909789));
#1683 = CARTESIAN_POINT('',(-205.,-14.60649109801,20.145044261678));
#1684 = CARTESIAN_POINT('',(-205.,-14.19045388338,20.182788566997));
#1685 = CARTESIAN_POINT('',(-205.,-13.77420408156,20.218048032239));
#1686 = CARTESIAN_POINT('',(-205.,-13.10789987908,20.270652671561));
#1687 = CARTESIAN_POINT('',(-205.,-12.85796724927,20.289522204787));
#1688 = CARTESIAN_POINT('',(-205.,-12.60797131752,20.307557148905));
#1689 = CARTESIAN_POINT('',(-205.,-12.35791763877,20.324780097404));
#1690 = CARTESIAN_POINT('',(-205.,-12.10781176799,20.341213643773));
#1691 = CARTESIAN_POINT('',(-205.,-11.85765926013,20.356880381498));
#1692 = CARTESIAN_POINT('',(-205.,-11.60746567015,20.371802904069));
#1693 = CARTESIAN_POINT('',(-205.,-10.94018549763,20.409672116548));
#1694 = CARTESIAN_POINT('',(-205.,-10.52303754353,20.431333988556));
#1695 = CARTESIAN_POINT('',(-205.,-10.10582661117,20.451100338761));
#1696 = CARTESIAN_POINT('',(-205.,-9.688567155954,20.469072144533));
#1697 = CARTESIAN_POINT('',(-205.,-9.271263392388,20.485346175668));
#1698 = CARTESIAN_POINT('',(-205.,-8.853915611781,20.500018782689));
#1699 = CARTESIAN_POINT('',(-205.,-8.436523593365,20.513187740632));
#1700 = CARTESIAN_POINT('',(-205.,-7.55990938817,20.537892928787));
#1701 = CARTESIAN_POINT('',(-205.,-7.100682728264,20.549133592285));
#1702 = CARTESIAN_POINT('',(-205.,-6.641410867594,20.558804428304));
#1703 = CARTESIAN_POINT('',(-205.,-6.182097544568,20.56703572634));
#1704 = CARTESIAN_POINT('',(-205.,-5.722746497597,20.573957775886));
#1705 = CARTESIAN_POINT('',(-205.,-5.263361465089,20.579700866438));
#1706 = CARTESIAN_POINT('',(-205.,-4.803946185453,20.584395287491));
#1707 = CARTESIAN_POINT('',(-205.,-3.885062608744,20.591947369589));
#1708 = CARTESIAN_POINT('',(-205.,-3.42559431167,20.594805030634));
#1709 = CARTESIAN_POINT('',(-205.,-2.966103244287,20.596874601169));
#1710 = CARTESIAN_POINT('',(-205.,-2.506593145004,20.59828637069));
#1711 = CARTESIAN_POINT('',(-205.,-2.047067752228,20.599170628691));
#1712 = CARTESIAN_POINT('',(-205.,-1.58753080437,20.599657664668));
#1713 = CARTESIAN_POINT('',(-205.,-1.127986039838,20.599877768114));
#1714 = CARTESIAN_POINT('',(-205.,-0.208893731637,20.600044687961));
#1715 = CARTESIAN_POINT('',(-205.,0.250652066277,20.59994636079));
#1716 = CARTESIAN_POINT('',(-205.,0.710198064212,20.600071434031));
#1717 = CARTESIAN_POINT('',(-205.,1.169742200773,20.600045998317));
#1718 = CARTESIAN_POINT('',(-205.,1.629282508054,20.599719934987));
#1719 = CARTESIAN_POINT('',(-205.,2.088816878435,20.599076560086));
#1720 = CARTESIAN_POINT('',(-205.,2.548342937623,20.597906931367));
#1721 = CARTESIAN_POINT('',(-205.,3.759696453385,20.593161308355));
#1722 = CARTESIAN_POINT('',(-205.,4.511503300625,20.588518135817));
#1723 = CARTESIAN_POINT('',(-205.,5.263269827918,20.581606456252));
#1724 = CARTESIAN_POINT('',(-205.,6.014981844641,20.571855071422));
#1725 = CARTESIAN_POINT('',(-205.,6.766620076865,20.558692623339));
#1726 = CARTESIAN_POINT('',(-205.,7.518160175034,20.541547882266));
#1727 = CARTESIAN_POINT('',(-205.,8.26957272166,20.51985003471));
#1728 = CARTESIAN_POINT('',(-205.,9.479899781076,20.476639071243));
#1729 = CARTESIAN_POINT('',(-205.,9.938925194864,20.458336871523));
#1730 = CARTESIAN_POINT('',(-205.,10.397884883172,20.437984476672));
#1731 = CARTESIAN_POINT('',(-205.,10.856806186027,20.415471805202));
#1732 = CARTESIAN_POINT('',(-205.,11.315647651556,20.390651894433));
#1733 = CARTESIAN_POINT('',(-205.,11.774351903163,20.363371342209));
#1734 = CARTESIAN_POINT('',(-205.,12.232906546215,20.33350582122));
#1735 = CARTESIAN_POINT('',(-205.,13.066274773665,20.274241589653));
#1736 = CARTESIAN_POINT('',(-205.,13.441162059105,20.245745587651));
#1737 = CARTESIAN_POINT('',(-205.,13.815900665832,20.215346342484));
#1738 = CARTESIAN_POINT('',(-205.,14.190471845865,20.18296760113));
#1739 = CARTESIAN_POINT('',(-205.,14.564856851221,20.148533110567));
#1740 = CARTESIAN_POINT('',(-205.,14.939036933919,20.111966617772));
#1741 = CARTESIAN_POINT('',(-205.,15.312993345976,20.073191869722));
#1742 = CARTESIAN_POINT('',(-205.,15.935858671248,20.004758823338));
#1743 = CARTESIAN_POINT('',(-205.,16.184900835731,19.976369959535));
#1744 = CARTESIAN_POINT('',(-205.,16.433827642834,19.946943675262));
#1745 = CARTESIAN_POINT('',(-205.,16.682631723744,19.916457158711));
#1746 = CARTESIAN_POINT('',(-205.,16.931304530857,19.884887132992));
#1747 = CARTESIAN_POINT('',(-205.,17.179836337778,19.852209856132));
#1748 = CARTESIAN_POINT('',(-205.,17.428216239325,19.818401121074));
#1749 = CARTESIAN_POINT('',(-205.,18.090133721994,19.725160299084));
#1750 = CARTESIAN_POINT('',(-205.,18.503381550098,19.663674106536));
#1751 = CARTESIAN_POINT('',(-205.,18.916123540518,19.59886739987));
#1752 = CARTESIAN_POINT('',(-205.,19.328307597938,19.530629900925));
#1753 = CARTESIAN_POINT('',(-205.,19.739881627038,19.458851331536));
#1754 = CARTESIAN_POINT('',(-205.,20.150793532502,19.383421413543));
#1755 = CARTESIAN_POINT('',(-205.,20.560991219012,19.30422986878));
#1756 = CARTESIAN_POINT('',(-205.,21.4207939699,19.129797259588));
#1757 = CARTESIAN_POINT('',(-205.,21.870250196276,19.0337406872));
#1758 = CARTESIAN_POINT('',(-205.,22.318709446972,18.932854125902));
#1759 = CARTESIAN_POINT('',(-205.,22.766029953201,18.826995221723));
#1760 = CARTESIAN_POINT('',(-205.,23.212100042541,18.716021464409));
#1761 = CARTESIAN_POINT('',(-205.,23.656816347697,18.599790401485));
#1762 = CARTESIAN_POINT('',(-205.,24.100047923366,18.478159882706));
#1763 = CARTESIAN_POINT('',(-205.,25.023491530466,18.212248027325));
#1764 = CARTESIAN_POINT('',(-205.,25.503403095796,18.066909481644));
#1765 = CARTESIAN_POINT('',(-205.,25.981228548452,17.914816085938));
#1766 = CARTESIAN_POINT('',(-205.,26.456923202387,17.755685761933));
#1767 = CARTESIAN_POINT('',(-205.,26.930107720159,17.589526477369));
#1768 = CARTESIAN_POINT('',(-205.,27.400701851931,17.416072195807));
#1769 = CARTESIAN_POINT('',(-205.,27.868435884301,17.235226738476));
#1770 = CARTESIAN_POINT('',(-205.,28.681611526573,16.905530551159));
#1771 = CARTESIAN_POINT('',(-205.,29.028387105737,16.759993496382));
#1772 = CARTESIAN_POINT('',(-205.,29.373353569668,16.610134237046));
#1773 = CARTESIAN_POINT('',(-205.,29.716420541765,16.455892359172));
#1774 = CARTESIAN_POINT('',(-205.,30.057489159417,16.297224995649));
#1775 = CARTESIAN_POINT('',(-205.,30.396453114672,16.134101272208));
#1776 = CARTESIAN_POINT('',(-205.,30.733199694917,15.966496753379));
#1777 = CARTESIAN_POINT('',(-205.,31.327710864295,15.66052415325));
#1778 = CARTESIAN_POINT('',(-205.,31.58640328705,15.523933356122));
#1779 = CARTESIAN_POINT('',(-205.,31.843636847413,15.384599442068));
#1780 = CARTESIAN_POINT('',(-205.,32.09936048612,15.242507302063));
#1781 = CARTESIAN_POINT('',(-205.,32.353523329044,15.09764277307));
#1782 = CARTESIAN_POINT('',(-205.,32.606074687194,14.94999263804));
#1783 = CARTESIAN_POINT('',(-205.,32.856964056714,14.799544625911));
#1784 = CARTESIAN_POINT('',(-205.,33.462107366616,14.427349139218));
#1785 = CARTESIAN_POINT('',(-205.,33.814577351531,14.202693869758));
#1786 = CARTESIAN_POINT('',(-205.,34.163402233153,13.972343100911));
#1787 = CARTESIAN_POINT('',(-205.,34.508433171004,13.736318330356));
#1788 = CARTESIAN_POINT('',(-205.,34.849521324605,13.494641055772));
#1789 = CARTESIAN_POINT('',(-205.,35.186517853479,13.24733277484));
#1790 = CARTESIAN_POINT('',(-205.,35.519273917145,12.994414985237));
#1791 = CARTESIAN_POINT('',(-205.,36.208844034724,12.451552862392));
#1792 = CARTESIAN_POINT('',(-205.,36.56473308866,12.160426691926));
#1793 = CARTESIAN_POINT('',(-205.,36.915137824447,11.862621231118));
#1794 = CARTESIAN_POINT('',(-205.,37.259915928455,11.558275805649));
#1795 = CARTESIAN_POINT('',(-205.,37.598909072467,11.247502090263));
#1796 = CARTESIAN_POINT('',(-205.,37.931954983666,10.93040519456));
#1797 = CARTESIAN_POINT('',(-205.,38.258905641516,10.607115254117));
#1798 = CARTESIAN_POINT('',(-205.,38.783681506359,10.068141603666));
#1799 = CARTESIAN_POINT('',(-205.,38.985224885706,9.856074838127));
#1800 = CARTESIAN_POINT('',(-205.,39.184210916888,9.641587752305));
#1801 = CARTESIAN_POINT('',(-205.,39.380618740662,9.424726176501));
#1802 = CARTESIAN_POINT('',(-205.,39.574427804696,9.205536250069));
#1803 = CARTESIAN_POINT('',(-205.,39.765617863568,8.984064421415));
#1804 = CARTESIAN_POINT('',(-205.,39.954168978767,8.760357447999));
#1805 = CARTESIAN_POINT('',(-205.,40.405616156279,8.211762633328));
#1806 = CARTESIAN_POINT('',(-205.,40.665746505605,7.884595112111));
#1807 = CARTESIAN_POINT('',(-205.,40.920399948819,7.553101249817));
#1808 = CARTESIAN_POINT('',(-205.,41.169485939056,7.217397834987));
#1809 = CARTESIAN_POINT('',(-205.,41.412961940249,6.877620631263));
#1810 = CARTESIAN_POINT('',(-205.,41.650854122313,6.533935933794));
#1811 = CARTESIAN_POINT('',(-205.,41.883212811711,6.186520078372));
#1812 = CARTESIAN_POINT('',(-205.,42.35946953842,5.449395557591));
#1813 = CARTESIAN_POINT('',(-205.,42.602211872037,5.058923571819));
#1814 = CARTESIAN_POINT('',(-205.,42.838266051147,4.664304637049));
#1815 = CARTESIAN_POINT('',(-205.,43.067585614813,4.265748530572));
#1816 = CARTESIAN_POINT('',(-205.,43.290169605726,3.8634480759));
#1817 = CARTESIAN_POINT('',(-205.,43.506105971361,3.457590641809));
#1818 = CARTESIAN_POINT('',(-205.,43.715528536651,3.048365783382));
#1819 = CARTESIAN_POINT('',(-205.,44.066089909304,2.335998272791));
#1820 = CARTESIAN_POINT('',(-205.,44.21027951799,2.034364810766));
#1821 = CARTESIAN_POINT('',(-205.,44.351080435853,1.731115604021));
#1822 = CARTESIAN_POINT('',(-205.,44.488520805144,1.426323763296));
#1823 = CARTESIAN_POINT('',(-205.,44.622631336582,1.120060148024));
#1824 = CARTESIAN_POINT('',(-205.,44.753445309352,0.812393366325));
#1825 = CARTESIAN_POINT('',(-205.,44.880998571104,0.50338977501));
#1826 = CARTESIAN_POINT('',(-205.,45.145202960541,-0.155950060179));
#1827 = CARTESIAN_POINT('',(-205.,45.281006892635,-0.506634725897));
#1828 = CARTESIAN_POINT('',(-205.,45.412807294524,-0.858861170019));
#1829 = CARTESIAN_POINT('',(-205.,45.540670126496,-1.212550044987));
#1830 = CARTESIAN_POINT('',(-205.,45.664661348839,-1.567622003244));
#1831 = CARTESIAN_POINT('',(-205.,45.784846921842,-1.923997697233));
#1832 = CARTESIAN_POINT('',(-205.,45.901292805793,-2.281597779398));
#1833 = CARTESIAN_POINT('',(-205.,46.126831738718,-2.999070918482));
#1834 = CARTESIAN_POINT('',(-205.,46.235926330937,-3.358947060544));
#1835 = CARTESIAN_POINT('',(-205.,46.341414907459,-3.71989462217));
#1836 = CARTESIAN_POINT('',(-205.,46.443367620133,-4.081849561078));
#1837 = CARTESIAN_POINT('',(-205.,46.541857232227,-4.444756002638));
#1838 = CARTESIAN_POINT('',(-205.,46.636957747815,-4.8085617436));
#1839 = CARTESIAN_POINT('',(-205.,46.728743041168,-5.173213755829));
#1840 = CARTESIAN_POINT('',(-205.,46.886151741656,-5.82288437614));
#1841 = CARTESIAN_POINT('',(-205.,46.953057059724,-6.107595031082));
#1842 = CARTESIAN_POINT('',(-205.,47.018036116536,-6.39276041578));
#1843 = CARTESIAN_POINT('',(-205.,47.081123572027,-6.678355387778));
#1844 = CARTESIAN_POINT('',(-205.,47.142354069873,-6.964354901244));
#1845 = CARTESIAN_POINT('',(-205.,47.201762237494,-7.250734006966));
#1846 = CARTESIAN_POINT('',(-205.,47.259382686053,-7.537467852358));
#1847 = CARTESIAN_POINT('',(-205.,47.395060538582,-8.234623198299));
#1848 = CARTESIAN_POINT('',(-205.,47.471293233064,-8.645393066867));
#1849 = CARTESIAN_POINT('',(-205.,47.544048437053,-9.05679510361));
#1850 = CARTESIAN_POINT('',(-205.,47.613426493703,-9.468783124977));
#1851 = CARTESIAN_POINT('',(-205.,47.679527746169,-9.881310947421));
#1852 = CARTESIAN_POINT('',(-205.,47.742452537602,-10.29433238739));
#1853 = CARTESIAN_POINT('',(-205.,47.802301211158,-10.70780126134));
#1854 = CARTESIAN_POINT('',(-205.,47.921734014061,-11.57692645116));
#1855 = CARTESIAN_POINT('',(-205.,47.980697338861,-12.0326697769));
#1856 = CARTESIAN_POINT('',(-205.,48.036180183764,-12.48884998678));
#1857 = CARTESIAN_POINT('',(-205.,48.088343199417,-12.94536575528));
#1858 = CARTESIAN_POINT('',(-205.,48.137315446188,-13.40216842648));
#1859 = CARTESIAN_POINT('',(-205.,48.183202232511,-13.85925423195));
#1860 = CARTESIAN_POINT('',(-205.,48.226118437464,-14.31661969355));
#1861 = CARTESIAN_POINT('',(-205.,48.320840097873,-15.39841271197));
#1862 = CARTESIAN_POINT('',(-205.,48.370192500784,-16.02304586584));
#1863 = CARTESIAN_POINT('',(-205.,48.414543919013,-16.64809683379));
#1864 = CARTESIAN_POINT('',(-205.,48.4541968286,-17.27350768607));
#1865 = CARTESIAN_POINT('',(-205.,48.489444402711,-17.89924050326));
#1866 = CARTESIAN_POINT('',(-205.,48.520600079867,-18.52523012668));
#1867 = CARTESIAN_POINT('',(-205.,48.54794772415,-19.15146156203));
#1868 = CARTESIAN_POINT('',(-205.,48.595668000292,-20.4044742083));
#1869 = CARTESIAN_POINT('',(-205.,48.616037475857,-21.03125577237));
#1870 = CARTESIAN_POINT('',(-205.,48.633220914597,-21.65816923239));
#1871 = CARTESIAN_POINT('',(-205.,48.647526192752,-22.28516861258));
#1872 = CARTESIAN_POINT('',(-205.,48.65926082333,-22.91221041729));
#1873 = CARTESIAN_POINT('',(-205.,48.668731956105,-23.53925363096));
#1874 = CARTESIAN_POINT('',(-205.,48.676246377615,-24.16625971817));
#1875 = CARTESIAN_POINT('',(-205.,48.687969272063,-25.41955114084));
#1876 = CARTESIAN_POINT('',(-205.,48.692180883888,-26.04583522353));
#1877 = CARTESIAN_POINT('',(-205.,48.695051239275,-26.6720088433));
#1878 = CARTESIAN_POINT('',(-205.,48.696886141009,-27.29803658458));
#1879 = CARTESIAN_POINT('',(-205.,48.697991585549,-27.92388361061));
#1880 = CARTESIAN_POINT('',(-205.,48.698674046569,-28.54951562956));
#1881 = CARTESIAN_POINT('',(-205.,48.699240758487,-29.1748988606));
#1882 = CARTESIAN_POINT('',(-205.,48.7,-29.8));
#1883 = PCURVE('',#834,#1884);
#1884 = DEFINITIONAL_REPRESENTATION('',(#1885),#2588);
#1885 = B_SPLINE_CURVE_WITH_KNOTS('',8,(#1886,#1887,#1888,#1889,#1890,
    #1891,#1892,#1893,#1894,#1895,#1896,#1897,#1898,#1899,#1900,#1901,
    #1902,#1903,#1904,#1905,#1906,#1907,#1908,#1909,#1910,#1911,#1912,
    #1913,#1914,#1915,#1916,#1917,#1918,#1919,#1920,#1921,#1922,#1923,
    #1924,#1925,#1926,#1927,#1928,#1929,#1930,#1931,#1932,#1933,#1934,
    #1935,#1936,#1937,#1938,#1939,#1940,#1941,#1942,#1943,#1944,#1945,
    #1946,#1947,#1948,#1949,#1950,#1951,#1952,#1953,#1954,#1955,#1956,
    #1957,#1958,#1959,#1960,#1961,#1962,#1963,#1964,#1965,#1966,#1967,
    #1968,#1969,#1970,#1971,#1972,#1973,#1974,#1975,#1976,#1977,#1978,
    #1979,#1980,#1981,#1982,#1983,#1984,#1985,#1986,#1987,#1988,#1989,
    #1990,#1991,#1992,#1993,#1994,#1995,#1996,#1997,#1998,#1999,#2000,
    #2001,#2002,#2003,#2004,#2005,#2006,#2007,#2008,#2009,#2010,#2011,
    #2012,#2013,#2014,#2015,#2016,#2017,#2018,#2019,#2020,#2021,#2022,
    #2023,#2024,#2025,#2026,#2027,#2028,#2029,#2030,#2031,#2032,#2033,
    #2034,#2035,#2036,#2037,#2038,#2039,#2040,#2041,#2042,#2043,#2044,
    #2045,#2046,#2047,#2048,#2049,#2050,#2051,#2052,#2053,#2054,#2055,
    #2056,#2057,#2058,#2059,#2060,#2061,#2062,#2063,#2064,#2065,#2066,
    #2067,#2068,#2069,#2070,#2071,#2072,#2073,#2074,#2075,#2076,#2077,
    #2078,#2079,#2080,#2081,#2082,#2083,#2084,#2085,#2086,#2087,#2088,
    #2089,#2090,#2091,#2092,#2093,#2094,#2095,#2096,#2097,#2098,#2099,
    #2100,#2101,#2102,#2103,#2104,#2105,#2106,#2107,#2108,#2109,#2110,
    #2111,#2112,#2113,#2114,#2115,#2116,#2117,#2118,#2119,#2120,#2121,
    #2122,#2123,#2124,#2125,#2126,#2127,#2128,#2129,#2130,#2131,#2132,
    #2133,#2134,#2135,#2136,#2137,#2138,#2139,#2140,#2141,#2142,#2143,
    #2144,#2145,#2146,#2147,#2148,#2149,#2150,#2151,#2152,#2153,#2154,
    #2155,#2156,#2157,#2158,#2159,#2160,#2161,#2162,#2163,#2164,#2165,
    #2166,#2167,#2168,#2169,#2170,#2171,#2172,#2173,#2174,#2175,#2176,
    #2177,#2178,#2179,#2180,#2181,#2182,#2183,#2184,#2185,#2186,#2187,
    #2188,#2189,#2190,#2191,#2192,#2193,#2194,#2195,#2196,#2197,#2198,
    #2199,#2200,#2201,#2202,#2203,#2204,#2205,#2206,#2207,#2208,#2209,
    #2210,#2211,#2212,#2213,#2214,#2215,#2216,#2217,#2218,#2219,#2220,
    #2221,#2222,#2223,#2224,#2225,#2226,#2227,#2228,#2229,#2230,#2231,
    #2232,#2233,#2234,#2235,#2236,#2237,#2238,#2239,#2240,#2241,#2242,
    #2243,#2244,#2245,#2246,#2247,#2248,#2249,#2250,#2251,#2252,#2253,
    #2254,#2255,#2256,#2257,#2258,#2259,#2260,#2261,#2262,#2263,#2264,
    #2265,#2266,#2267,#2268,#2269,#2270,#2271,#2272,#2273,#2274,#2275,
    #2276,#2277,#2278,#2279,#2280,#2281,#2282,#2283,#2284,#2285,#2286,
    #2287,#2288,#2289,#2290,#2291,#2292,#2293,#2294,#2295,#2296,#2297,
    #2298,#2299,#2300,#2301,#2302,#2303,#2304,#2305,#2306,#2307,#2308,
    #2309,#2310,#2311,#2312,#2313,#2314,#2315,#2316,#2317,#2318,#2319,
    #2320,#2321,#2322,#2323,#2324,#2325,#2326,#2327,#2328,#2329,#2330,
    #2331,#2332,#2333,#2334,#2335,#2336,#2337,#2338,#2339,#2340,#2341,
    #2342,#2343,#2344,#2345,#2346,#2347,#2348,#2349,#2350,#2351,#2352,
    #2353,#2354,#2355,#2356,#2357,#2358,#2359,#2360,#2361,#2362,#2363,
    #2364,#2365,#2366,#2367,#2368,#2369,#2370,#2371,#2372,#2373,#2374,
    #2375,#2376,#2377,#2378,#2379,#2380,#2381,#2382,#2383,#2384,#2385,
    #2386,#2387,#2388,#2389,#2390,#2391,#2392,#2393,#2394,#2395,#2396,
    #2397,#2398,#2399,#2400,#2401,#2402,#2403,#2404,#2405,#2406,#2407,
    #2408,#2409,#2410,#2411,#2412,#2413,#2414,#2415,#2416,#2417,#2418,
    #2419,#2420,#2421,#2422,#2423,#2424,#2425,#2426,#2427,#2428,#2429,
    #2430,#2431,#2432,#2433,#2434,#2435,#2436,#2437,#2438,#2439,#2440,
    #2441,#2442,#2443,#2444,#2445,#2446,#2447,#2448,#2449,#2450,#2451,
    #2452,#2453,#2454,#2455,#2456,#2457,#2458,#2459,#2460,#2461,#2462,
    #2463,#2464,#2465,#2466,#2467,#2468,#2469,#2470,#2471,#2472,#2473,
    #2474,#2475,#2476,#2477,#2478,#2479,#2480,#2481,#2482,#2483,#2484,
    #2485,#2486,#2487,#2488,#2489,#2490,#2491,#2492,#2493,#2494,#2495,
    #2496,#2497,#2498,#2499,#2500,#2501,#2502,#2503,#2504,#2505,#2506,
    #2507,#2508,#2509,#2510,#2511,#2512,#2513,#2514,#2515,#2516,#2517,
    #2518,#2519,#2520,#2521,#2522,#2523,#2524,#2525,#2526,#2527,#2528,
    #2529,#2530,#2531,#2532,#2533,#2534,#2535,#2536,#2537,#2538,#2539,
    #2540,#2541,#2542,#2543,#2544,#2545,#2546,#2547,#2548,#2549,#2550,
    #2551,#2552,#2553,#2554,#2555,#2556,#2557,#2558,#2559,#2560,#2561,
    #2562,#2563,#2564,#2565,#2566,#2567,#2568,#2569,#2570,#2571,#2572,
    #2573,#2574,#2575,#2576,#2577,#2578,#2579,#2580,#2581,#2582,#2583,
    #2584,#2585,#2586,#2587),.UNSPECIFIED.,.F.,.F.,(9,7,7,7,7,7,7,7,7,7,
    7,7,7,7,7,7,7,7,7,7,7,7,7,7,7,7,7,7,7,7,7,7,7,7,7,7,7,7,7,7,7,7,7,7,
    7,7,7,7,7,7,7,7,7,7,7,7,7,7,7,7,7,7,7,7,7,7,7,7,7,7,7,7,7,7,7,7,7,7,
    7,7,7,7,7,7,7,7,7,7,7,7,7,7,7,7,7,7,7,7,7,7,9),(0.,1.89969392046E-02
    ,2.900272414347E-02,3.900670693641E-02,4.600820435547E-02,
    5.200949507029E-02,6.401202901112E-02,7.301386963168E-02,
    8.001532699621E-02,9.001740335365E-02,0.101019527215,0.107020861332,
    0.117023334032,0.127025954587,0.139029060657,0.148031399219,
    0.155033237454,0.165035775384,0.176038378127,0.184040361597,
    0.190041868813,0.200044350323,0.210046436824,0.216047677079,
    0.226049804773,0.237052087437,0.248054370102,0.259056524024,
    0.277057742865,0.288057984605,0.297058248449,0.303058633137,
    0.313059476945,0.32406032866,0.336061823094,0.34506294382,
    0.352063882686,0.362065196278,0.37306663897,0.380067560321,
    0.390068645048,0.401069748853,0.409070465926,0.418071343061,
    0.427071814905,0.434072158142,0.444072657765,0.455073175032,
    0.462073465616,0.473073261472,0.485072215672,0.497071169873,
    0.509070049659,0.527066392947,0.538064417699,0.547063342134,
    0.55306263832,0.563061455474,0.57406004798,0.584059045221,
    0.595058432984,0.603057860192,0.615057456356,0.627057062985,
    0.639056640082,0.648056331906,0.655056111562,0.665055708692,
    0.676055076609,0.684054707453,0.690054450193,0.700053990919,
    0.710053136752,0.71605261261,0.726051799623,0.737050847556,
    0.74804989549,0.759048814719,0.777044741103,0.788041748712,
    0.79703936643,0.803037986971,0.813035890477,0.824033507881,
    0.836031473811,0.845029948158,0.85202882871,0.86202720186,
    0.873025410068,0.880024273111,0.890022417952,0.901020287643,
    0.909018652668,0.918016883112,0.927014684483,0.934012965234,
    0.944010517268,0.955007774469,0.970006735588,0.985010240807,1.),
  .UNSPECIFIED.);
#1886 = CARTESIAN_POINT('',(357.37481434327,0.7));
#1887 = CARTESIAN_POINT('',(356.5250056736,0.7));
#1888 = CARTESIAN_POINT('',(355.67562143404,0.7));
#1889 = CARTESIAN_POINT('',(354.82659467796,0.7));
#1890 = CARTESIAN_POINT('',(353.97786157932,0.7));
#1891 = CARTESIAN_POINT('',(353.12936133287,0.7));
#1892 = CARTESIAN_POINT('',(352.2810360544,0.7));
#1893 = CARTESIAN_POINT('',(351.43283068088,0.7));
#1894 = CARTESIAN_POINT('',(350.13797435282,0.7));
#1895 = CARTESIAN_POINT('',(349.69125583489,0.7));
#1896 = CARTESIAN_POINT('',(349.24453731696,0.7));
#1897 = CARTESIAN_POINT('',(348.79781879903,0.7));
#1898 = CARTESIAN_POINT('',(348.3511002811,0.7));
#1899 = CARTESIAN_POINT('',(347.90438176318,0.7));
#1900 = CARTESIAN_POINT('',(347.45766324525,0.7));
#1901 = CARTESIAN_POINT('',(346.56430666804,0.7));
#1902 = CARTESIAN_POINT('',(346.11765191966,0.7));
#1903 = CARTESIAN_POINT('',(345.6709730479,0.7));
#1904 = CARTESIAN_POINT('',(345.22426716949,0.7));
#1905 = CARTESIAN_POINT('',(344.77753454813,0.7));
#1906 = CARTESIAN_POINT('',(344.33077719051,0.7));
#1907 = CARTESIAN_POINT('',(343.88399744225,0.7));
#1908 = CARTESIAN_POINT('',(343.12449362133,0.7));
#1909 = CARTESIAN_POINT('',(342.81179065878,0.7));
#1910 = CARTESIAN_POINT('',(342.49908769623,0.7));
#1911 = CARTESIAN_POINT('',(342.18638473368,0.7));
#1912 = CARTESIAN_POINT('',(341.87368177113,0.7));
#1913 = CARTESIAN_POINT('',(341.56097880858,0.7));
#1914 = CARTESIAN_POINT('',(341.24827584603,0.7));
#1915 = CARTESIAN_POINT('',(340.66754145058,0.7));
#1916 = CARTESIAN_POINT('',(340.39951002949,0.7));
#1917 = CARTESIAN_POINT('',(340.13147889795,0.7));
#1918 = CARTESIAN_POINT('',(339.86344814362,0.7));
#1919 = CARTESIAN_POINT('',(339.59541766402,0.7));
#1920 = CARTESIAN_POINT('',(339.3273871666,0.7));
#1921 = CARTESIAN_POINT('',(339.05935616866,0.7));
#1922 = CARTESIAN_POINT('',(338.25526177591,0.7));
#1923 = CARTESIAN_POINT('',(337.71919955439,0.7));
#1924 = CARTESIAN_POINT('',(337.18313733288,0.7));
#1925 = CARTESIAN_POINT('',(336.64707511136,0.7));
#1926 = CARTESIAN_POINT('',(336.11101288985,0.7));
#1927 = CARTESIAN_POINT('',(335.57495066833,0.7));
#1928 = CARTESIAN_POINT('',(335.03888844682,0.7));
#1929 = CARTESIAN_POINT('',(334.10078223154,0.7));
#1930 = CARTESIAN_POINT('',(333.69873192972,0.7));
#1931 = CARTESIAN_POINT('',(333.29668385908,0.7));
#1932 = CARTESIAN_POINT('',(332.89463907508,0.7));
#1933 = CARTESIAN_POINT('',(332.49259473709,0.7));
#1934 = CARTESIAN_POINT('',(332.09054769627,0.7));
#1935 = CARTESIAN_POINT('',(331.6884980833,0.7));
#1936 = CARTESIAN_POINT('',(330.97374993304,0.7));
#1937 = CARTESIAN_POINT('',(330.66104695713,0.7));
#1938 = CARTESIAN_POINT('',(330.34834398687,0.7));
#1939 = CARTESIAN_POINT('',(330.03564103111,0.7));
#1940 = CARTESIAN_POINT('',(329.72293808916,0.7));
#1941 = CARTESIAN_POINT('',(329.41023515074,0.7));
#1942 = CARTESIAN_POINT('',(329.09753219608,0.7));
#1943 = CARTESIAN_POINT('',(328.33811087374,0.7));
#1944 = CARTESIAN_POINT('',(327.8913919763,0.7));
#1945 = CARTESIAN_POINT('',(327.44467355002,0.7));
#1946 = CARTESIAN_POINT('',(326.99795524952,0.7));
#1947 = CARTESIAN_POINT('',(326.551236688,0.7));
#1948 = CARTESIAN_POINT('',(326.10451799286,0.7));
#1949 = CARTESIAN_POINT('',(325.65779956655,0.7));
#1950 = CARTESIAN_POINT('',(324.71969783869,0.7));
#1951 = CARTESIAN_POINT('',(324.22829461648,0.7));
#1952 = CARTESIAN_POINT('',(323.7369024343,0.7));
#1953 = CARTESIAN_POINT('',(323.2455232119,0.7));
#1954 = CARTESIAN_POINT('',(322.7541372643,0.7));
#1955 = CARTESIAN_POINT('',(322.26273734514,0.7));
#1956 = CARTESIAN_POINT('',(321.77134413438,0.7));
#1957 = CARTESIAN_POINT('',(321.01192150073,0.7));
#1958 = CARTESIAN_POINT('',(320.7438830029,0.7));
#1959 = CARTESIAN_POINT('',(320.47584562257,0.7));
#1960 = CARTESIAN_POINT('',(320.20781135224,0.7));
#1961 = CARTESIAN_POINT('',(319.93978115549,0.7));
#1962 = CARTESIAN_POINT('',(319.67175496697,0.7));
#1963 = CARTESIAN_POINT('',(319.40373169239,0.7));
#1964 = CARTESIAN_POINT('',(318.68899394064,0.7));
#1965 = CARTESIAN_POINT('',(318.24227965811,0.7));
#1966 = CARTESIAN_POINT('',(317.79556517137,0.7));
#1967 = CARTESIAN_POINT('',(317.3488441285,0.7));
#1968 = CARTESIAN_POINT('',(316.90211623884,0.7));
#1969 = CARTESIAN_POINT('',(316.45538942046,0.7));
#1970 = CARTESIAN_POINT('',(316.00867287147,0.7));
#1971 = CARTESIAN_POINT('',(315.11524265554,0.7));
#1972 = CARTESIAN_POINT('',(314.668524021,0.7));
#1973 = CARTESIAN_POINT('',(314.22180550244,0.7));
#1974 = CARTESIAN_POINT('',(313.77508696511,0.7));
#1975 = CARTESIAN_POINT('',(313.32836836759,0.7));
#1976 = CARTESIAN_POINT('',(312.88164989413,0.7));
#1977 = CARTESIAN_POINT('',(312.43493165025,0.7));
#1978 = CARTESIAN_POINT('',(311.45215217103,0.7));
#1979 = CARTESIAN_POINT('',(310.91608928011,0.7));
#1980 = CARTESIAN_POINT('',(310.38002409363,0.7));
#1981 = CARTESIAN_POINT('',(309.8439657575,0.7));
#1982 = CARTESIAN_POINT('',(309.30789667831,0.7));
#1983 = CARTESIAN_POINT('',(308.77184437091,0.7));
#1984 = CARTESIAN_POINT('',(308.23577683465,0.7));
#1985 = CARTESIAN_POINT('',(307.29766848342,0.7));
#1986 = CARTESIAN_POINT('',(306.89562181728,0.7));
#1987 = CARTESIAN_POINT('',(306.49357515115,0.7));
#1988 = CARTESIAN_POINT('',(306.09152848501,0.7));
#1989 = CARTESIAN_POINT('',(305.68948181887,0.7));
#1990 = CARTESIAN_POINT('',(305.28743515274,0.7));
#1991 = CARTESIAN_POINT('',(304.8853884866,0.7));
#1992 = CARTESIAN_POINT('',(304.17063799357,0.7));
#1993 = CARTESIAN_POINT('',(303.85793522678,0.7));
#1994 = CARTESIAN_POINT('',(303.54523282639,0.7));
#1995 = CARTESIAN_POINT('',(303.23253032839,0.7));
#1996 = CARTESIAN_POINT('',(302.91982749848,0.7));
#1997 = CARTESIAN_POINT('',(302.60712433208,0.7));
#1998 = CARTESIAN_POINT('',(302.29442105432,0.7));
#1999 = CARTESIAN_POINT('',(301.53500357797,0.7));
#2000 = CARTESIAN_POINT('',(301.08827518679,0.7));
#2001 = CARTESIAN_POINT('',(300.64156158373,0.7));
#2002 = CARTESIAN_POINT('',(300.19484900002,0.7));
#2003 = CARTESIAN_POINT('',(299.74812652542,0.7));
#2004 = CARTESIAN_POINT('',(299.30140229744,0.7));
#2005 = CARTESIAN_POINT('',(298.854690615,0.7));
#2006 = CARTESIAN_POINT('',(297.91658571444,0.7));
#2007 = CARTESIAN_POINT('',(297.42519151214,0.7));
#2008 = CARTESIAN_POINT('',(296.93378362789,0.7));
#2009 = CARTESIAN_POINT('',(296.44240805933,0.7));
#2010 = CARTESIAN_POINT('',(295.95103302541,0.7));
#2011 = CARTESIAN_POINT('',(295.45962605099,0.7));
#2012 = CARTESIAN_POINT('',(294.96823182699,0.7));
#2013 = CARTESIAN_POINT('',(294.11947220451,0.7));
#2014 = CARTESIAN_POINT('',(293.76209739017,0.7));
#2015 = CARTESIAN_POINT('',(293.40472257582,0.7));
#2016 = CARTESIAN_POINT('',(293.04734776148,0.7));
#2017 = CARTESIAN_POINT('',(292.68997294714,0.7));
#2018 = CARTESIAN_POINT('',(292.33259813279,0.7));
#2019 = CARTESIAN_POINT('',(291.97522331845,0.7));
#2020 = CARTESIAN_POINT('',(291.34981651741,0.7));
#2021 = CARTESIAN_POINT('',(291.08178530236,0.7));
#2022 = CARTESIAN_POINT('',(290.81375457952,0.7));
#2023 = CARTESIAN_POINT('',(290.54572408448,0.7));
#2024 = CARTESIAN_POINT('',(290.27769356777,0.7));
#2025 = CARTESIAN_POINT('',(290.00966279494,0.7));
#2026 = CARTESIAN_POINT('',(289.74163154653,0.7));
#2027 = CARTESIAN_POINT('',(289.02688110012,0.7));
#2028 = CARTESIAN_POINT('',(288.58016258219,0.7));
#2029 = CARTESIAN_POINT('',(288.13344406426,0.7));
#2030 = CARTESIAN_POINT('',(287.68672554633,0.7));
#2031 = CARTESIAN_POINT('',(287.2400070284,0.7));
#2032 = CARTESIAN_POINT('',(286.79328851047,0.7));
#2033 = CARTESIAN_POINT('',(286.34656999254,0.7));
#2034 = CARTESIAN_POINT('',(285.45315059811,0.7));
#2035 = CARTESIAN_POINT('',(285.00644012009,0.7));
#2036 = CARTESIAN_POINT('',(284.55971798928,0.7));
#2037 = CARTESIAN_POINT('',(284.11299130467,0.7));
#2038 = CARTESIAN_POINT('',(283.66626631952,0.7));
#2039 = CARTESIAN_POINT('',(283.21954422536,0.7));
#2040 = CARTESIAN_POINT('',(282.77282271594,0.7));
#2041 = CARTESIAN_POINT('',(282.05807222042,0.7));
#2042 = CARTESIAN_POINT('',(281.79004110966,0.7));
#2043 = CARTESIAN_POINT('',(281.52200999891,0.7));
#2044 = CARTESIAN_POINT('',(281.25397888815,0.7));
#2045 = CARTESIAN_POINT('',(280.98594777739,0.7));
#2046 = CARTESIAN_POINT('',(280.71791666663,0.7));
#2047 = CARTESIAN_POINT('',(280.44988555588,0.7));
#2048 = CARTESIAN_POINT('',(279.7351332206,0.7));
#2049 = CARTESIAN_POINT('',(279.28841950516,0.7));
#2050 = CARTESIAN_POINT('',(278.84170146117,0.7));
#2051 = CARTESIAN_POINT('',(278.3949798023,0.7));
#2052 = CARTESIAN_POINT('',(277.94825917853,0.7));
#2053 = CARTESIAN_POINT('',(277.50154235236,0.7));
#2054 = CARTESIAN_POINT('',(277.05482716634,0.7));
#2055 = CARTESIAN_POINT('',(276.11671593196,0.7));
#2056 = CARTESIAN_POINT('',(275.62532556224,0.7));
#2057 = CARTESIAN_POINT('',(275.13393519252,0.7));
#2058 = CARTESIAN_POINT('',(274.6425448228,0.7));
#2059 = CARTESIAN_POINT('',(274.15115445308,0.7));
#2060 = CARTESIAN_POINT('',(273.65976408335,0.7));
#2061 = CARTESIAN_POINT('',(273.16837371363,0.7));
#2062 = CARTESIAN_POINT('',(272.18559297419,0.7));
#2063 = CARTESIAN_POINT('',(271.69420260447,0.7));
#2064 = CARTESIAN_POINT('',(271.20281223474,0.7));
#2065 = CARTESIAN_POINT('',(270.71142186502,0.7));
#2066 = CARTESIAN_POINT('',(270.2200314953,0.7));
#2067 = CARTESIAN_POINT('',(269.72864112558,0.7));
#2068 = CARTESIAN_POINT('',(269.23725075586,0.7));
#2069 = CARTESIAN_POINT('',(268.2544757664,0.7));
#2070 = CARTESIAN_POINT('',(267.76309301326,0.7));
#2071 = CARTESIAN_POINT('',(267.27171040966,0.7));
#2072 = CARTESIAN_POINT('',(266.78032616262,0.7));
#2073 = CARTESIAN_POINT('',(266.28893837921,0.7));
#2074 = CARTESIAN_POINT('',(265.79754531547,0.7));
#2075 = CARTESIAN_POINT('',(265.30614551186,0.7));
#2076 = CARTESIAN_POINT('',(264.01071809598,0.7));
#2077 = CARTESIAN_POINT('',(263.20667960696,0.7));
#2078 = CARTESIAN_POINT('',(262.40261418012,0.7));
#2079 = CARTESIAN_POINT('',(261.59851946423,0.7));
#2080 = CARTESIAN_POINT('',(260.79439853865,0.7));
#2081 = CARTESIAN_POINT('',(259.99025991402,0.7));
#2082 = CARTESIAN_POINT('',(259.18611753284,0.7));
#2083 = CARTESIAN_POINT('',(257.89060244488,0.7));
#2084 = CARTESIAN_POINT('',(257.39921349365,0.7));
#2085 = CARTESIAN_POINT('',(256.90781040437,0.7));
#2086 = CARTESIAN_POINT('',(256.4164279941,0.7));
#2087 = CARTESIAN_POINT('',(255.92504815264,0.7));
#2088 = CARTESIAN_POINT('',(255.43364783447,0.7));
#2089 = CARTESIAN_POINT('',(254.94225457562,0.7));
#2090 = CARTESIAN_POINT('',(254.04882114627,0.7));
#2091 = CARTESIAN_POINT('',(253.64677448013,0.7));
#2092 = CARTESIAN_POINT('',(253.24472781399,0.7));
#2093 = CARTESIAN_POINT('',(252.84268114786,0.7));
#2094 = CARTESIAN_POINT('',(252.44063448172,0.7));
#2095 = CARTESIAN_POINT('',(252.03858781559,0.7));
#2096 = CARTESIAN_POINT('',(251.63654114945,0.7));
#2097 = CARTESIAN_POINT('',(250.96645404574,0.7));
#2098 = CARTESIAN_POINT('',(250.69841580361,0.7));
#2099 = CARTESIAN_POINT('',(250.43038078277,0.7));
#2100 = CARTESIAN_POINT('',(250.1623493761,0.7));
#2101 = CARTESIAN_POINT('',(249.8943213436,0.7));
#2102 = CARTESIAN_POINT('',(249.62629581235,0.7));
#2103 = CARTESIAN_POINT('',(249.35827127648,0.7));
#2104 = CARTESIAN_POINT('',(248.64352707932,0.7));
#2105 = CARTESIAN_POINT('',(248.19680856139,0.7));
#2106 = CARTESIAN_POINT('',(247.75009004347,0.7));
#2107 = CARTESIAN_POINT('',(247.30337152554,0.7));
#2108 = CARTESIAN_POINT('',(246.85665300761,0.7));
#2109 = CARTESIAN_POINT('',(246.40993448968,0.7));
#2110 = CARTESIAN_POINT('',(245.96321597175,0.7));
#2111 = CARTESIAN_POINT('',(245.02511050003,0.7));
#2112 = CARTESIAN_POINT('',(244.53371099816,0.7));
#2113 = CARTESIAN_POINT('',(244.04232848066,0.7));
#2114 = CARTESIAN_POINT('',(243.55093806485,0.7));
#2115 = CARTESIAN_POINT('',(243.05954335144,0.7));
#2116 = CARTESIAN_POINT('',(242.56815635022,0.7));
#2117 = CARTESIAN_POINT('',(242.07676445578,0.7));
#2118 = CARTESIAN_POINT('',(241.04928747119,0.7));
#2119 = CARTESIAN_POINT('',(240.51320489094,0.7));
#2120 = CARTESIAN_POINT('',(239.97709879796,0.7));
#2121 = CARTESIAN_POINT('',(239.44111590961,0.7));
#2122 = CARTESIAN_POINT('',(238.9050370584,0.7));
#2123 = CARTESIAN_POINT('',(238.3690005014,0.7));
#2124 = CARTESIAN_POINT('',(237.83293887968,0.7));
#2125 = CARTESIAN_POINT('',(236.89483011155,0.7));
#2126 = CARTESIAN_POINT('',(236.49278134307,0.7));
#2127 = CARTESIAN_POINT('',(236.09073548724,0.7));
#2128 = CARTESIAN_POINT('',(235.68869162044,0.7));
#2129 = CARTESIAN_POINT('',(235.28664631873,0.7));
#2130 = CARTESIAN_POINT('',(234.88459714998,0.7));
#2131 = CARTESIAN_POINT('',(234.48254616605,0.7));
#2132 = CARTESIAN_POINT('',(233.76780046057,0.7));
#2133 = CARTESIAN_POINT('',(233.45509718281,0.7));
#2134 = CARTESIAN_POINT('',(233.14239401641,0.7));
#2135 = CARTESIAN_POINT('',(232.8296911865,0.7));
#2136 = CARTESIAN_POINT('',(232.51698868851,0.7));
#2137 = CARTESIAN_POINT('',(232.20428628813,0.7));
#2138 = CARTESIAN_POINT('',(231.89158352134,0.7));
#2139 = CARTESIAN_POINT('',(231.1321611765,0.7));
#2140 = CARTESIAN_POINT('',(230.68544265857,0.7));
#2141 = CARTESIAN_POINT('',(230.23872414065,0.7));
#2142 = CARTESIAN_POINT('',(229.79200562272,0.7));
#2143 = CARTESIAN_POINT('',(229.34528710479,0.7));
#2144 = CARTESIAN_POINT('',(228.89856858686,0.7));
#2145 = CARTESIAN_POINT('',(228.45185006893,0.7));
#2146 = CARTESIAN_POINT('',(227.51374128219,0.7));
#2147 = CARTESIAN_POINT('',(227.02235021248,0.7));
#2148 = CARTESIAN_POINT('',(226.53096084725,0.7));
#2149 = CARTESIAN_POINT('',(226.03957042809,0.7));
#2150 = CARTESIAN_POINT('',(225.54817945125,0.7));
#2151 = CARTESIAN_POINT('',(225.05678934739,0.7));
#2152 = CARTESIAN_POINT('',(224.56539885169,0.7));
#2153 = CARTESIAN_POINT('',(223.76130555517,0.7));
#2154 = CARTESIAN_POINT('',(223.44860262972,0.7));
#2155 = CARTESIAN_POINT('',(223.13589972829,0.7));
#2156 = CARTESIAN_POINT('',(222.82319679674,0.7));
#2157 = CARTESIAN_POINT('',(222.51049381541,0.7));
#2158 = CARTESIAN_POINT('',(222.19779079907,0.7));
#2159 = CARTESIAN_POINT('',(221.88508779697,0.7));
#2160 = CARTESIAN_POINT('',(221.12567679808,0.7));
#2161 = CARTESIAN_POINT('',(220.67896648332,0.7));
#2162 = CARTESIAN_POINT('',(220.23225832648,0.7));
#2163 = CARTESIAN_POINT('',(219.78554086893,0.7));
#2164 = CARTESIAN_POINT('',(219.33881028507,0.7));
#2165 = CARTESIAN_POINT('',(218.89207699025,0.7));
#2166 = CARTESIAN_POINT('',(218.44535538696,0.7));
#2167 = CARTESIAN_POINT('',(217.50725024101,0.7));
#2168 = CARTESIAN_POINT('',(217.01584982774,0.7));
#2169 = CARTESIAN_POINT('',(216.52446445512,0.7));
#2170 = CARTESIAN_POINT('',(216.03308157858,0.7));
#2171 = CARTESIAN_POINT('',(215.54168623496,0.7));
#2172 = CARTESIAN_POINT('',(215.05028734426,0.7));
#2173 = CARTESIAN_POINT('',(214.55890766069,0.7));
#2174 = CARTESIAN_POINT('',(213.71014026007,0.7));
#2175 = CARTESIAN_POINT('',(213.35276616998,0.7));
#2176 = CARTESIAN_POINT('',(212.99539113066,0.7));
#2177 = CARTESIAN_POINT('',(212.63801514076,0.7));
#2178 = CARTESIAN_POINT('',(212.28063858834,0.7));
#2179 = CARTESIAN_POINT('',(211.92326225079,0.7));
#2180 = CARTESIAN_POINT('',(211.56588729491,0.7));
#2181 = CARTESIAN_POINT('',(210.80646861073,0.7));
#2182 = CARTESIAN_POINT('',(210.40442194459,0.7));
#2183 = CARTESIAN_POINT('',(210.00237527846,0.7));
#2184 = CARTESIAN_POINT('',(209.60032861232,0.7));
#2185 = CARTESIAN_POINT('',(209.19828194619,0.7));
#2186 = CARTESIAN_POINT('',(208.79623528005,0.7));
#2187 = CARTESIAN_POINT('',(208.39418861391,0.7));
#2188 = CARTESIAN_POINT('',(207.59011338494,0.7));
#2189 = CARTESIAN_POINT('',(207.18808003022,0.7));
#2190 = CARTESIAN_POINT('',(206.78603484878,0.7));
#2191 = CARTESIAN_POINT('',(206.38397969036,0.7));
#2192 = CARTESIAN_POINT('',(205.98192102815,0.7));
#2193 = CARTESIAN_POINT('',(205.57986569767,0.7));
#2194 = CARTESIAN_POINT('',(205.1778166356,0.7));
#2195 = CARTESIAN_POINT('',(204.46306566661,0.7));
#2196 = CARTESIAN_POINT('',(204.15036280565,0.7));
#2197 = CARTESIAN_POINT('',(203.83765989873,0.7));
#2198 = CARTESIAN_POINT('',(203.52495688077,0.7));
#2199 = CARTESIAN_POINT('',(203.21225375875,0.7));
#2200 = CARTESIAN_POINT('',(202.89955061165,0.7));
#2201 = CARTESIAN_POINT('',(202.58684759048,0.7));
#2202 = CARTESIAN_POINT('',(201.82742640036,0.7));
#2203 = CARTESIAN_POINT('',(201.38070788243,0.7));
#2204 = CARTESIAN_POINT('',(200.9339893645,0.7));
#2205 = CARTESIAN_POINT('',(200.48727084657,0.7));
#2206 = CARTESIAN_POINT('',(200.04055232864,0.7));
#2207 = CARTESIAN_POINT('',(199.59383381071,0.7));
#2208 = CARTESIAN_POINT('',(199.14711529278,0.7));
#2209 = CARTESIAN_POINT('',(198.20900784879,0.7));
#2210 = CARTESIAN_POINT('',(197.71761150466,0.7));
#2211 = CARTESIAN_POINT('',(197.22622836362,0.7));
#2212 = CARTESIAN_POINT('',(196.73483878792,0.7));
#2213 = CARTESIAN_POINT('',(196.24344228515,0.7));
#2214 = CARTESIAN_POINT('',(195.75205165745,0.7));
#2215 = CARTESIAN_POINT('',(195.26066689541,0.7));
#2216 = CARTESIAN_POINT('',(194.45657085453,0.7));
#2217 = CARTESIAN_POINT('',(194.14386789197,0.7));
#2218 = CARTESIAN_POINT('',(193.83116492942,0.7));
#2219 = CARTESIAN_POINT('',(193.51846196687,0.7));
#2220 = CARTESIAN_POINT('',(193.20575900432,0.7));
#2221 = CARTESIAN_POINT('',(192.89305604177,0.7));
#2222 = CARTESIAN_POINT('',(192.58035307922,0.7));
#2223 = CARTESIAN_POINT('',(191.77628926377,0.7));
#2224 = CARTESIAN_POINT('',(191.28492608634,0.7));
#2225 = CARTESIAN_POINT('',(190.79355993822,0.7));
#2226 = CARTESIAN_POINT('',(190.30218636168,0.7));
#2227 = CARTESIAN_POINT('',(189.81078951424,0.7));
#2228 = CARTESIAN_POINT('',(189.31936929753,0.7));
#2229 = CARTESIAN_POINT('',(188.82795123671,0.7));
#2230 = CARTESIAN_POINT('',(187.80046493738,0.7));
#2231 = CARTESIAN_POINT('',(187.26440271587,0.7));
#2232 = CARTESIAN_POINT('',(186.72834049435,0.7));
#2233 = CARTESIAN_POINT('',(186.19227827284,0.7));
#2234 = CARTESIAN_POINT('',(185.65621605132,0.7));
#2235 = CARTESIAN_POINT('',(185.12015382981,0.7));
#2236 = CARTESIAN_POINT('',(184.58409160829,0.7));
#2237 = CARTESIAN_POINT('',(183.51196716526,0.7));
#2238 = CARTESIAN_POINT('',(182.97590494375,0.7));
#2239 = CARTESIAN_POINT('',(182.43984272223,0.7));
#2240 = CARTESIAN_POINT('',(181.90378050072,0.7));
#2241 = CARTESIAN_POINT('',(181.3677182792,0.7));
#2242 = CARTESIAN_POINT('',(180.83165605769,0.7));
#2243 = CARTESIAN_POINT('',(180.29559383617,0.7));
#2244 = CARTESIAN_POINT('',(179.22347271767,0.7));
#2245 = CARTESIAN_POINT('',(178.68741683037,0.7));
#2246 = CARTESIAN_POINT('',(178.15136120663,0.7));
#2247 = CARTESIAN_POINT('',(177.615305616,0.7));
#2248 = CARTESIAN_POINT('',(177.0792462108,0.7));
#2249 = CARTESIAN_POINT('',(176.54318269669,0.7));
#2250 = CARTESIAN_POINT('',(176.00711230665,0.7));
#2251 = CARTESIAN_POINT('',(174.66700444636,0.7));
#2252 = CARTESIAN_POINT('',(173.86295917432,0.7));
#2253 = CARTESIAN_POINT('',(173.05889167179,0.7));
#2254 = CARTESIAN_POINT('',(172.25479971081,0.7));
#2255 = CARTESIAN_POINT('',(171.45068519056,0.7));
#2256 = CARTESIAN_POINT('',(170.64655413793,0.7));
#2257 = CARTESIAN_POINT('',(169.84241670796,0.7));
#2258 = CARTESIAN_POINT('',(168.54686310655,0.7));
#2259 = CARTESIAN_POINT('',(168.05544504572,0.7));
#2260 = CARTESIAN_POINT('',(167.56402482903,0.7));
#2261 = CARTESIAN_POINT('',(167.07262798157,0.7));
#2262 = CARTESIAN_POINT('',(166.58125440502,0.7));
#2263 = CARTESIAN_POINT('',(166.08988825693,0.7));
#2264 = CARTESIAN_POINT('',(165.59852507948,0.7));
#2265 = CARTESIAN_POINT('',(164.70511756045,0.7));
#2266 = CARTESIAN_POINT('',(164.30307089431,0.7));
#2267 = CARTESIAN_POINT('',(163.90102422818,0.7));
#2268 = CARTESIAN_POINT('',(163.49897756204,0.7));
#2269 = CARTESIAN_POINT('',(163.0969308959,0.7));
#2270 = CARTESIAN_POINT('',(162.69488422977,0.7));
#2271 = CARTESIAN_POINT('',(162.29283756363,0.7));
#2272 = CARTESIAN_POINT('',(161.6227591957,0.7));
#2273 = CARTESIAN_POINT('',(161.35472811784,0.7));
#2274 = CARTESIAN_POINT('',(161.0866973309,0.7));
#2275 = CARTESIAN_POINT('',(160.81866658623,0.7));
#2276 = CARTESIAN_POINT('',(160.55063571961,0.7));
#2277 = CARTESIAN_POINT('',(160.28260465117,0.7));
#2278 = CARTESIAN_POINT('',(160.01457338547,0.7));
#2279 = CARTESIAN_POINT('',(159.29982349351,0.7));
#2280 = CARTESIAN_POINT('',(158.85310497558,0.7));
#2281 = CARTESIAN_POINT('',(158.40638645765,0.7));
#2282 = CARTESIAN_POINT('',(157.95966793972,0.7));
#2283 = CARTESIAN_POINT('',(157.51294942179,0.7));
#2284 = CARTESIAN_POINT('',(157.06623090386,0.7));
#2285 = CARTESIAN_POINT('',(156.61951238593,0.7));
#2286 = CARTESIAN_POINT('',(155.68140825035,0.7));
#2287 = CARTESIAN_POINT('',(155.19001361196,0.7));
#2288 = CARTESIAN_POINT('',(154.69861210348,0.7));
#2289 = CARTESIAN_POINT('',(154.20723293174,0.7));
#2290 = CARTESIAN_POINT('',(153.71585263195,0.7));
#2291 = CARTESIAN_POINT('',(153.22444993886,0.7));
#2292 = CARTESIAN_POINT('',(152.73305727947,0.7));
#2293 = CARTESIAN_POINT('',(151.79494366331,0.7));
#2294 = CARTESIAN_POINT('',(151.3482161011,0.7));
#2295 = CARTESIAN_POINT('',(150.90147761513,0.7));
#2296 = CARTESIAN_POINT('',(150.45474238267,0.7));
#2297 = CARTESIAN_POINT('',(150.00802355791,0.7));
#2298 = CARTESIAN_POINT('',(149.5613211426,0.7));
#2299 = CARTESIAN_POINT('',(149.1146235364,0.7));
#2300 = CARTESIAN_POINT('',(148.17652999399,0.7));
#2301 = CARTESIAN_POINT('',(147.68514084919,0.7));
#2302 = CARTESIAN_POINT('',(147.19375655157,0.7));
#2303 = CARTESIAN_POINT('',(146.7023648822,0.7));
#2304 = CARTESIAN_POINT('',(146.2109657014,0.7));
#2305 = CARTESIAN_POINT('',(145.71957364685,0.7));
#2306 = CARTESIAN_POINT('',(145.22819801263,0.7));
#2307 = CARTESIAN_POINT('',(144.37942499467,0.7));
#2308 = CARTESIAN_POINT('',(144.02205018033,0.7));
#2309 = CARTESIAN_POINT('',(143.66467536599,0.7));
#2310 = CARTESIAN_POINT('',(143.30730055164,0.7));
#2311 = CARTESIAN_POINT('',(142.9499257373,0.7));
#2312 = CARTESIAN_POINT('',(142.59255092296,0.7));
#2313 = CARTESIAN_POINT('',(142.23517610861,0.7));
#2314 = CARTESIAN_POINT('',(141.34171872991,0.7));
#2315 = CARTESIAN_POINT('',(140.8056418345,0.7));
#2316 = CARTESIAN_POINT('',(140.26961291418,0.7));
#2317 = CARTESIAN_POINT('',(139.73354840491,0.7));
#2318 = CARTESIAN_POINT('',(139.19750078551,0.7));
#2319 = CARTESIAN_POINT('',(138.66143244385,0.7));
#2320 = CARTESIAN_POINT('',(138.12536436613,0.7));
#2321 = CARTESIAN_POINT('',(137.05324221061,0.7));
#2322 = CARTESIAN_POINT('',(136.51717549922,0.7));
#2323 = CARTESIAN_POINT('',(135.98112207394,0.7));
#2324 = CARTESIAN_POINT('',(135.44505046839,0.7));
#2325 = CARTESIAN_POINT('',(134.90899490811,0.7));
#2326 = CARTESIAN_POINT('',(134.37292934995,0.7));
#2327 = CARTESIAN_POINT('',(133.83686782014,0.7));
#2328 = CARTESIAN_POINT('',(132.76474499928,0.7));
#2329 = CARTESIAN_POINT('',(132.22868210861,0.7));
#2330 = CARTESIAN_POINT('',(131.6926169218,0.7));
#2331 = CARTESIAN_POINT('',(131.15655858608,0.7));
#2332 = CARTESIAN_POINT('',(130.62048950677,0.7));
#2333 = CARTESIAN_POINT('',(130.08443719888,0.7));
#2334 = CARTESIAN_POINT('',(129.54836966323,0.7));
#2335 = CARTESIAN_POINT('',(128.61026131178,0.7));
#2336 = CARTESIAN_POINT('',(128.20821464564,0.7));
#2337 = CARTESIAN_POINT('',(127.8061679795,0.7));
#2338 = CARTESIAN_POINT('',(127.40412131337,0.7));
#2339 = CARTESIAN_POINT('',(127.00207464723,0.7));
#2340 = CARTESIAN_POINT('',(126.6000279811,0.7));
#2341 = CARTESIAN_POINT('',(126.19798131496,0.7));
#2342 = CARTESIAN_POINT('',(125.48323082191,0.7));
#2343 = CARTESIAN_POINT('',(125.17052805513,0.7));
#2344 = CARTESIAN_POINT('',(124.85782565475,0.7));
#2345 = CARTESIAN_POINT('',(124.54512315675,0.7));
#2346 = CARTESIAN_POINT('',(124.23242032684,0.7));
#2347 = CARTESIAN_POINT('',(123.91971716044,0.7));
#2348 = CARTESIAN_POINT('',(123.60701388268,0.7));
#2349 = CARTESIAN_POINT('',(122.84759640632,0.7));
#2350 = CARTESIAN_POINT('',(122.40086801516,0.7));
#2351 = CARTESIAN_POINT('',(121.9541544121,0.7));
#2352 = CARTESIAN_POINT('',(121.50744182836,0.7));
#2353 = CARTESIAN_POINT('',(121.06071935377,0.7));
#2354 = CARTESIAN_POINT('',(120.61399512582,0.7));
#2355 = CARTESIAN_POINT('',(120.16728344336,0.7));
#2356 = CARTESIAN_POINT('',(119.22917854281,0.7));
#2357 = CARTESIAN_POINT('',(118.73778434049,0.7));
#2358 = CARTESIAN_POINT('',(118.24637645624,0.7));
#2359 = CARTESIAN_POINT('',(117.75500088769,0.7));
#2360 = CARTESIAN_POINT('',(117.26362585377,0.7));
#2361 = CARTESIAN_POINT('',(116.77221887934,0.7));
#2362 = CARTESIAN_POINT('',(116.28082465535,0.7));
#2363 = CARTESIAN_POINT('',(115.43206503287,0.7));
#2364 = CARTESIAN_POINT('',(115.07469021853,0.7));
#2365 = CARTESIAN_POINT('',(114.71731540418,0.7));
#2366 = CARTESIAN_POINT('',(114.35994058984,0.7));
#2367 = CARTESIAN_POINT('',(114.0025657755,0.7));
#2368 = CARTESIAN_POINT('',(113.64519096115,0.7));
#2369 = CARTESIAN_POINT('',(113.28781614681,0.7));
#2370 = CARTESIAN_POINT('',(112.66240934577,0.7));
#2371 = CARTESIAN_POINT('',(112.39437813072,0.7));
#2372 = CARTESIAN_POINT('',(112.12634740788,0.7));
#2373 = CARTESIAN_POINT('',(111.85831691284,0.7));
#2374 = CARTESIAN_POINT('',(111.59028639613,0.7));
#2375 = CARTESIAN_POINT('',(111.3222556233,0.7));
#2376 = CARTESIAN_POINT('',(111.05422437489,0.7));
#2377 = CARTESIAN_POINT('',(110.33947392848,0.7));
#2378 = CARTESIAN_POINT('',(109.89275541055,0.7));
#2379 = CARTESIAN_POINT('',(109.44603689262,0.7));
#2380 = CARTESIAN_POINT('',(108.99931837469,0.7));
#2381 = CARTESIAN_POINT('',(108.55259985676,0.7));
#2382 = CARTESIAN_POINT('',(108.10588133883,0.7));
#2383 = CARTESIAN_POINT('',(107.6591628209,0.7));
#2384 = CARTESIAN_POINT('',(106.76574342647,0.7));
#2385 = CARTESIAN_POINT('',(106.31903294845,0.7));
#2386 = CARTESIAN_POINT('',(105.87231081764,0.7));
#2387 = CARTESIAN_POINT('',(105.42558413304,0.7));
#2388 = CARTESIAN_POINT('',(104.97885914789,0.7));
#2389 = CARTESIAN_POINT('',(104.53213705372,0.7));
#2390 = CARTESIAN_POINT('',(104.0854155443,0.7));
#2391 = CARTESIAN_POINT('',(103.37066504878,0.7));
#2392 = CARTESIAN_POINT('',(103.10263393803,0.7));
#2393 = CARTESIAN_POINT('',(102.83460282727,0.7));
#2394 = CARTESIAN_POINT('',(102.56657171651,0.7));
#2395 = CARTESIAN_POINT('',(102.29854060575,0.7));
#2396 = CARTESIAN_POINT('',(102.030509495,0.7));
#2397 = CARTESIAN_POINT('',(101.76247838424,0.7));
#2398 = CARTESIAN_POINT('',(101.04772604896,0.7));
#2399 = CARTESIAN_POINT('',(100.60101233352,0.7));
#2400 = CARTESIAN_POINT('',(100.15429428953,0.7));
#2401 = CARTESIAN_POINT('',(99.707572630668,0.7));
#2402 = CARTESIAN_POINT('',(99.260852006893,0.7));
#2403 = CARTESIAN_POINT('',(98.814135180727,0.7));
#2404 = CARTESIAN_POINT('',(98.367419994705,0.7));
#2405 = CARTESIAN_POINT('',(97.429308760331,0.7));
#2406 = CARTESIAN_POINT('',(96.937918390609,0.7));
#2407 = CARTESIAN_POINT('',(96.446528020887,0.7));
#2408 = CARTESIAN_POINT('',(95.955137651165,0.7));
#2409 = CARTESIAN_POINT('',(95.463747281443,0.7));
#2410 = CARTESIAN_POINT('',(94.972356911721,0.7));
#2411 = CARTESIAN_POINT('',(94.480966541999,0.7));
#2412 = CARTESIAN_POINT('',(93.498185802555,0.7));
#2413 = CARTESIAN_POINT('',(93.006795432833,0.7));
#2414 = CARTESIAN_POINT('',(92.515405063111,0.7));
#2415 = CARTESIAN_POINT('',(92.024014693389,0.7));
#2416 = CARTESIAN_POINT('',(91.532624323667,0.7));
#2417 = CARTESIAN_POINT('',(91.041233953945,0.7));
#2418 = CARTESIAN_POINT('',(90.549843584223,0.7));
#2419 = CARTESIAN_POINT('',(89.567068594762,0.7));
#2420 = CARTESIAN_POINT('',(89.075685841637,0.7));
#2421 = CARTESIAN_POINT('',(88.584303238019,0.7));
#2422 = CARTESIAN_POINT('',(88.092918990985,0.7));
#2423 = CARTESIAN_POINT('',(87.601531207578,0.7));
#2424 = CARTESIAN_POINT('',(87.110138143832,0.7));
#2425 = CARTESIAN_POINT('',(86.618738340224,0.7));
#2426 = CARTESIAN_POINT('',(85.323310924343,0.7));
#2427 = CARTESIAN_POINT('',(84.51927243533,0.7));
#2428 = CARTESIAN_POINT('',(83.715207008491,0.7));
#2429 = CARTESIAN_POINT('',(82.911112292596,0.7));
#2430 = CARTESIAN_POINT('',(82.106991367019,0.7));
#2431 = CARTESIAN_POINT('',(81.302852742385,0.7));
#2432 = CARTESIAN_POINT('',(80.498710361209,0.7));
#2433 = CARTESIAN_POINT('',(79.203195273252,0.7));
#2434 = CARTESIAN_POINT('',(78.711806322,0.7));
#2435 = CARTESIAN_POINT('',(78.220403232754,0.7));
#2436 = CARTESIAN_POINT('',(77.72902082246,0.7));
#2437 = CARTESIAN_POINT('',(77.237640980988,0.7));
#2438 = CARTESIAN_POINT('',(76.746240662853,0.7));
#2439 = CARTESIAN_POINT('',(76.254847403986,0.7));
#2440 = CARTESIAN_POINT('',(75.361413974634,0.7));
#2441 = CARTESIAN_POINT('',(74.959367308497,0.7));
#2442 = CARTESIAN_POINT('',(74.557320642361,0.7));
#2443 = CARTESIAN_POINT('',(74.155273976225,0.7));
#2444 = CARTESIAN_POINT('',(73.753227310089,0.7));
#2445 = CARTESIAN_POINT('',(73.351180643953,0.7));
#2446 = CARTESIAN_POINT('',(72.949133977817,0.7));
#2447 = CARTESIAN_POINT('',(72.279046874104,0.7));
#2448 = CARTESIAN_POINT('',(72.011008631981,0.7));
#2449 = CARTESIAN_POINT('',(71.742973611133,0.7));
#2450 = CARTESIAN_POINT('',(71.474942204467,0.7));
#2451 = CARTESIAN_POINT('',(71.20691417197,0.7));
#2452 = CARTESIAN_POINT('',(70.938888640714,0.7));
#2453 = CARTESIAN_POINT('',(70.670864104852,0.7));
#2454 = CARTESIAN_POINT('',(69.956119907692,0.7));
#2455 = CARTESIAN_POINT('',(69.509401389762,0.7));
#2456 = CARTESIAN_POINT('',(69.062682871833,0.7));
#2457 = CARTESIAN_POINT('',(68.615964353904,0.7));
#2458 = CARTESIAN_POINT('',(68.169245835975,0.7));
#2459 = CARTESIAN_POINT('',(67.722527318046,0.7));
#2460 = CARTESIAN_POINT('',(67.275808800117,0.7));
#2461 = CARTESIAN_POINT('',(66.337703328403,0.7));
#2462 = CARTESIAN_POINT('',(65.846303826514,0.7));
#2463 = CARTESIAN_POINT('',(65.354921309043,0.7));
#2464 = CARTESIAN_POINT('',(64.86353089322,0.7));
#2465 = CARTESIAN_POINT('',(64.372136179794,0.7));
#2466 = CARTESIAN_POINT('',(63.880749178601,0.7));
#2467 = CARTESIAN_POINT('',(63.389357284141,0.7));
#2468 = CARTESIAN_POINT('',(62.361880299563,0.7));
#2469 = CARTESIAN_POINT('',(61.825797719289,0.7));
#2470 = CARTESIAN_POINT('',(61.289691626413,0.7));
#2471 = CARTESIAN_POINT('',(60.753708737855,0.7));
#2472 = CARTESIAN_POINT('',(60.217629886891,0.7));
#2473 = CARTESIAN_POINT('',(59.681593329716,0.7));
#2474 = CARTESIAN_POINT('',(59.14553170806,0.7));
#2475 = CARTESIAN_POINT('',(58.207422939921,0.7));
#2476 = CARTESIAN_POINT('',(57.805374171432,0.7));
#2477 = CARTESIAN_POINT('',(57.403328315609,0.7));
#2478 = CARTESIAN_POINT('',(57.00128444881,0.7));
#2479 = CARTESIAN_POINT('',(56.599239147096,0.7));
#2480 = CARTESIAN_POINT('',(56.197189978351,0.7));
#2481 = CARTESIAN_POINT('',(55.795138994415,0.7));
#2482 = CARTESIAN_POINT('',(55.080393288939,0.7));
#2483 = CARTESIAN_POINT('',(54.767690011183,0.7));
#2484 = CARTESIAN_POINT('',(54.454986844782,0.7));
#2485 = CARTESIAN_POINT('',(54.142284014874,0.7));
#2486 = CARTESIAN_POINT('',(53.829581516875,0.7));
#2487 = CARTESIAN_POINT('',(53.516879116491,0.7));
#2488 = CARTESIAN_POINT('',(53.204176349708,0.7));
#2489 = CARTESIAN_POINT('',(52.444754004871,0.7));
#2490 = CARTESIAN_POINT('',(51.998035486942,0.7));
#2491 = CARTESIAN_POINT('',(51.551316969013,0.7));
#2492 = CARTESIAN_POINT('',(51.104598451084,0.7));
#2493 = CARTESIAN_POINT('',(50.657879933155,0.7));
#2494 = CARTESIAN_POINT('',(50.211161415225,0.7));
#2495 = CARTESIAN_POINT('',(49.764442897296,0.7));
#2496 = CARTESIAN_POINT('',(48.826334110566,0.7));
#2497 = CARTESIAN_POINT('',(48.334943040829,0.7));
#2498 = CARTESIAN_POINT('',(47.84355367562,0.7));
#2499 = CARTESIAN_POINT('',(47.352163256471,0.7));
#2500 = CARTESIAN_POINT('',(46.860772279614,0.7));
#2501 = CARTESIAN_POINT('',(46.369382175747,0.7));
#2502 = CARTESIAN_POINT('',(45.877991680053,0.7));
#2503 = CARTESIAN_POINT('',(45.073898383505,0.7));
#2504 = CARTESIAN_POINT('',(44.76119545806,0.7));
#2505 = CARTESIAN_POINT('',(44.448492556647,0.7));
#2506 = CARTESIAN_POINT('',(44.13578962512,0.7));
#2507 = CARTESIAN_POINT('',(43.823086643795,0.7));
#2508 = CARTESIAN_POINT('',(43.510383627457,0.7));
#2509 = CARTESIAN_POINT('',(43.197680625351,0.7));
#2510 = CARTESIAN_POINT('',(42.438269604654,0.7));
#2511 = CARTESIAN_POINT('',(41.991559271887,0.7));
#2512 = CARTESIAN_POINT('',(41.544851104202,0.7));
#2513 = CARTESIAN_POINT('',(41.098133650862,0.7));
#2514 = CARTESIAN_POINT('',(40.651403085812,0.7));
#2515 = CARTESIAN_POINT('',(40.204669812856,0.7));
#2516 = CARTESIAN_POINT('',(39.757948219252,0.7));
#2517 = CARTESIAN_POINT('',(38.819843077,0.7));
#2518 = CARTESIAN_POINT('',(38.328442640263,0.7));
#2519 = CARTESIAN_POINT('',(37.83705728656,0.7));
#2520 = CARTESIAN_POINT('',(37.345674420798,0.7));
#2521 = CARTESIAN_POINT('',(36.854279060641,0.7));
#2522 = CARTESIAN_POINT('',(36.362880159197,0.7));
#2523 = CARTESIAN_POINT('',(35.871500497404,0.7));
#2524 = CARTESIAN_POINT('',(35.022733081909,0.7));
#2525 = CARTESIAN_POINT('',(34.665358984493,0.7));
#2526 = CARTESIAN_POINT('',(34.307983944123,0.7));
#2527 = CARTESIAN_POINT('',(33.950607961954,0.7));
#2528 = CARTESIAN_POINT('',(33.59323142391,0.7));
#2529 = CARTESIAN_POINT('',(33.235855100678,0.7));
#2530 = CARTESIAN_POINT('',(32.878480147713,0.7));
#2531 = CARTESIAN_POINT('',(32.119061439097,0.7));
#2532 = CARTESIAN_POINT('',(31.717014772961,0.7));
#2533 = CARTESIAN_POINT('',(31.314968106824,0.7));
#2534 = CARTESIAN_POINT('',(30.912921440688,0.7));
#2535 = CARTESIAN_POINT('',(30.510874774552,0.7));
#2536 = CARTESIAN_POINT('',(30.108828108416,0.7));
#2537 = CARTESIAN_POINT('',(29.70678144228,0.7));
#2538 = CARTESIAN_POINT('',(28.902707281292,0.7));
#2539 = CARTESIAN_POINT('',(28.500674450877,0.7));
#2540 = CARTESIAN_POINT('',(28.098629086426,0.7));
#2541 = CARTESIAN_POINT('',(27.69657320469,0.7));
#2542 = CARTESIAN_POINT('',(27.294513646117,0.7));
#2543 = CARTESIAN_POINT('',(26.892457683313,0.7));
#2544 = CARTESIAN_POINT('',(26.490408629515,0.7));
#2545 = CARTESIAN_POINT('',(25.775658494197,0.7));
#2546 = CARTESIAN_POINT('',(25.462955620219,0.7));
#2547 = CARTESIAN_POINT('',(25.150252705876,0.7));
#2548 = CARTESIAN_POINT('',(24.837549694659,0.7));
#2549 = CARTESIAN_POINT('',(24.524846592796,0.7));
#2550 = CARTESIAN_POINT('',(24.21214346925,0.7));
#2551 = CARTESIAN_POINT('',(23.899440455723,0.7));
#2552 = CARTESIAN_POINT('',(23.140019228722,0.7));
#2553 = CARTESIAN_POINT('',(22.693300710793,0.7));
#2554 = CARTESIAN_POINT('',(22.246582192864,0.7));
#2555 = CARTESIAN_POINT('',(21.799863674935,0.7));
#2556 = CARTESIAN_POINT('',(21.353145157006,0.7));
#2557 = CARTESIAN_POINT('',(20.906426639076,0.7));
#2558 = CARTESIAN_POINT('',(20.459708121147,0.7));
#2559 = CARTESIAN_POINT('',(19.521601469272,0.7));
#2560 = CARTESIAN_POINT('',(19.03020184741,0.7));
#2561 = CARTESIAN_POINT('',(18.53882267188,0.7));
#2562 = CARTESIAN_POINT('',(18.047433532045,0.7));
#2563 = CARTESIAN_POINT('',(17.556033664658,0.7));
#2564 = CARTESIAN_POINT('',(17.064642895092,0.7));
#2565 = CARTESIAN_POINT('',(16.573261210195,0.7));
#2566 = CARTESIAN_POINT('',(15.411662444846,0.7));
#2567 = CARTESIAN_POINT('',(14.741469080381,0.7));
#2568 = CARTESIAN_POINT('',(14.071305702657,0.7));
#2569 = CARTESIAN_POINT('',(13.401182164703,0.7));
#2570 = CARTESIAN_POINT('',(12.731117724371,0.7));
#2571 = CARTESIAN_POINT('',(12.061099333277,0.7));
#2572 = CARTESIAN_POINT('',(11.391150567192,0.7));
#2573 = CARTESIAN_POINT('',(10.051135337975,0.7));
#2574 = CARTESIAN_POINT('',(9.381071849647,0.7));
#2575 = CARTESIAN_POINT('',(8.711038954821,0.7));
#2576 = CARTESIAN_POINT('',(8.041018988711,0.7));
#2577 = CARTESIAN_POINT('',(7.370991632228,0.7));
#2578 = CARTESIAN_POINT('',(6.700933911983,0.7));
#2579 = CARTESIAN_POINT('',(6.030820200285,0.7));
#2580 = CARTESIAN_POINT('',(4.691038257113,0.7));
#2581 = CARTESIAN_POINT('',(4.021371616493,0.7));
#2582 = CARTESIAN_POINT('',(3.351594065898,0.7));
#2583 = CARTESIAN_POINT('',(2.681676621401,0.7));
#2584 = CARTESIAN_POINT('',(2.011589511341,0.7));
#2585 = CARTESIAN_POINT('',(1.341302145122,0.7));
#2586 = CARTESIAN_POINT('',(0.670783082023,0.7));
#2587 = CARTESIAN_POINT('',(0.,0.7));
#2588 = ( GEOMETRIC_REPRESENTATION_CONTEXT(2) 
PARAMETRIC_REPRESENTATION_CONTEXT() REPRESENTATION_CONTEXT('2D SPACE',''
  ) );
#2589 = PCURVE('',#2590,#2595);
#2590 = PLANE('',#2591);
#2591 = AXIS2_PLACEMENT_3D('',#2592,#2593,#2594);
#2592 = CARTESIAN_POINT('',(-205.,-200.,-200.));
#2593 = DIRECTION('',(1.,0.,0.));
#2594 = DIRECTION('',(0.,0.,1.));
#2595 = DEFINITIONAL_REPRESENTATION('',(#2596),#3299);
#2596 = B_SPLINE_CURVE_WITH_KNOTS('',8,(#2597,#2598,#2599,#2600,#2601,
    #2602,#2603,#2604,#2605,#2606,#2607,#2608,#2609,#2610,#2611,#2612,
    #2613,#2614,#2615,#2616,#2617,#2618,#2619,#2620,#2621,#2622,#2623,
    #2624,#2625,#2626,#2627,#2628,#2629,#2630,#2631,#2632,#2633,#2634,
    #2635,#2636,#2637,#2638,#2639,#2640,#2641,#2642,#2643,#2644,#2645,
    #2646,#2647,#2648,#2649,#2650,#2651,#2652,#2653,#2654,#2655,#2656,
    #2657,#2658,#2659,#2660,#2661,#2662,#2663,#2664,#2665,#2666,#2667,
    #2668,#2669,#2670,#2671,#2672,#2673,#2674,#2675,#2676,#2677,#2678,
    #2679,#2680,#2681,#2682,#2683,#2684,#2685,#2686,#2687,#2688,#2689,
    #2690,#2691,#2692,#2693,#2694,#2695,#2696,#2697,#2698,#2699,#2700,
    #2701,#2702,#2703,#2704,#2705,#2706,#2707,#2708,#2709,#2710,#2711,
    #2712,#2713,#2714,#2715,#2716,#2717,#2718,#2719,#2720,#2721,#2722,
    #2723,#2724,#2725,#2726,#2727,#2728,#2729,#2730,#2731,#2732,#2733,
    #2734,#2735,#2736,#2737,#2738,#2739,#2740,#2741,#2742,#2743,#2744,
    #2745,#2746,#2747,#2748,#2749,#2750,#2751,#2752,#2753,#2754,#2755,
    #2756,#2757,#2758,#2759,#2760,#2761,#2762,#2763,#2764,#2765,#2766,
    #2767,#2768,#2769,#2770,#2771,#2772,#2773,#2774,#2775,#2776,#2777,
    #2778,#2779,#2780,#2781,#2782,#2783,#2784,#2785,#2786,#2787,#2788,
    #2789,#2790,#2791,#2792,#2793,#2794,#2795,#2796,#2797,#2798,#2799,
    #2800,#2801,#2802,#2803,#2804,#2805,#2806,#2807,#2808,#2809,#2810,
    #2811,#2812,#2813,#2814,#2815,#2816,#2817,#2818,#2819,#2820,#2821,
    #2822,#2823,#2824,#2825,#2826,#2827,#2828,#2829,#2830,#2831,#2832,
    #2833,#2834,#2835,#2836,#2837,#2838,#2839,#2840,#2841,#2842,#2843,
    #2844,#2845,#2846,#2847,#2848,#2849,#2850,#2851,#2852,#2853,#2854,
    #2855,#2856,#2857,#2858,#2859,#2860,#2861,#2862,#2863,#2864,#2865,
    #2866,#2867,#2868,#2869,#2870,#2871,#2872,#2873,#2874,#2875,#2876,
    #2877,#2878,#2879,#2880,#2881,#2882,#2883,#2884,#2885,#2886,#2887,
    #2888,#2889,#2890,#2891,#2892,#2893,#2894,#2895,#2896,#2897,#2898,
    #2899,#2900,#2901,#2902,#2903,#2904,#2905,#2906,#2907,#2908,#2909,
    #2910,#2911,#2912,#2913,#2914,#2915,#2916,#2917,#2918,#2919,#2920,
    #2921,#2922,#2923,#2924,#2925,#2926,#2927,#2928,#2929,#2930,#2931,
    #2932,#2933,#2934,#2935,#2936,#2937,#2938,#2939,#2940,#2941,#2942,
    #2943,#2944,#2945,#2946,#2947,#2948,#2949,#2950,#2951,#2952,#2953,
    #2954,#2955,#2956,#2957,#2958,#2959,#2960,#2961,#2962,#2963,#2964,
    #2965,#2966,#2967,#2968,#2969,#2970,#2971,#2972,#2973,#2974,#2975,
    #2976,#2977,#2978,#2979,#2980,#2981,#2982,#2983,#2984,#2985,#2986,
    #2987,#2988,#2989,#2990,#2991,#2992,#2993,#2994,#2995,#2996,#2997,
    #2998,#2999,#3000,#3001,#3002,#3003,#3004,#3005,#3006,#3007,#3008,
    #3009,#3010,#3011,#3012,#3013,#3014,#3015,#3016,#3017,#3018,#3019,
    #3020,#3021,#3022,#3023,#3024,#3025,#3026,#3027,#3028,#3029,#3030,
    #3031,#3032,#3033,#3034,#3035,#3036,#3037,#3038,#3039,#3040,#3041,
    #3042,#3043,#3044,#3045,#3046,#3047,#3048,#3049,#3050,#3051,#3052,
    #3053,#3054,#3055,#3056,#3057,#3058,#3059,#3060,#3061,#3062,#3063,
    #3064,#3065,#3066,#3067,#3068,#3069,#3070,#3071,#3072,#3073,#3074,
    #3075,#3076,#3077,#3078,#3079,#3080,#3081,#3082,#3083,#3084,#3085,
    #3086,#3087,#3088,#3089,#3090,#3091,#3092,#3093,#3094,#3095,#3096,
    #3097,#3098,#3099,#3100,#3101,#3102,#3103,#3104,#3105,#3106,#3107,
    #3108,#3109,#3110,#3111,#3112,#3113,#3114,#3115,#3116,#3117,#3118,
    #3119,#3120,#3121,#3122,#3123,#3124,#3125,#3126,#3127,#3128,#3129,
    #3130,#3131,#3132,#3133,#3134,#3135,#3136,#3137,#3138,#3139,#3140,
    #3141,#3142,#3143,#3144,#3145,#3146,#3147,#3148,#3149,#3150,#3151,
    #3152,#3153,#3154,#3155,#3156,#3157,#3158,#3159,#3160,#3161,#3162,
    #3163,#3164,#3165,#3166,#3167,#3168,#3169,#3170,#3171,#3172,#3173,
    #3174,#3175,#3176,#3177,#3178,#3179,#3180,#3181,#3182,#3183,#3184,
    #3185,#3186,#3187,#3188,#3189,#3190,#3191,#3192,#3193,#3194,#3195,
    #3196,#3197,#3198,#3199,#3200,#3201,#3202,#3203,#3204,#3205,#3206,
    #3207,#3208,#3209,#3210,#3211,#3212,#3213,#3214,#3215,#3216,#3217,
    #3218,#3219,#3220,#3221,#3222,#3223,#3224,#3225,#3226,#3227,#3228,
    #3229,#3230,#3231,#3232,#3233,#3234,#3235,#3236,#3237,#3238,#3239,
    #3240,#3241,#3242,#3243,#3244,#3245,#3246,#3247,#3248,#3249,#3250,
    #3251,#3252,#3253,#3254,#3255,#3256,#3257,#3258,#3259,#3260,#3261,
    #3262,#3263,#3264,#3265,#3266,#3267,#3268,#3269,#3270,#3271,#3272,
    #3273,#3274,#3275,#3276,#3277,#3278,#3279,#3280,#3281,#3282,#3283,
    #3284,#3285,#3286,#3287,#3288,#3289,#3290,#3291,#3292,#3293,#3294,
    #3295,#3296,#3297,#3298),.UNSPECIFIED.,.T.,.F.,(9,7,7,7,7,7,7,7,7,7,
    7,7,7,7,7,7,7,7,7,7,7,7,7,7,7,7,7,7,7,7,7,7,7,7,7,7,7,7,7,7,7,7,7,7,
    7,7,7,7,7,7,7,7,7,7,7,7,7,7,7,7,7,7,7,7,7,7,7,7,7,7,7,7,7,7,7,7,7,7,
    7,7,7,7,7,7,7,7,7,7,7,7,7,7,7,7,7,7,7,7,7,7,9),(0.,1.89969392046E-02
    ,2.900272414347E-02,3.900670693641E-02,4.600820435547E-02,
    5.200949507029E-02,6.401202901112E-02,7.301386963168E-02,
    8.001532699621E-02,9.001740335365E-02,0.101019527215,0.107020861332,
    0.117023334032,0.127025954587,0.139029060657,0.148031399219,
    0.155033237454,0.165035775384,0.176038378127,0.184040361597,
    0.190041868813,0.200044350323,0.210046436824,0.216047677079,
    0.226049804773,0.237052087437,0.248054370102,0.259056524024,
    0.277057742865,0.288057984605,0.297058248449,0.303058633137,
    0.313059476945,0.32406032866,0.336061823094,0.34506294382,
    0.352063882686,0.362065196278,0.37306663897,0.380067560321,
    0.390068645048,0.401069748853,0.409070465926,0.418071343061,
    0.427071814905,0.434072158142,0.444072657765,0.455073175032,
    0.462073465616,0.473073261472,0.485072215672,0.497071169873,
    0.509070049659,0.527066392947,0.538064417699,0.547063342134,
    0.55306263832,0.563061455474,0.57406004798,0.584059045221,
    0.595058432984,0.603057860192,0.615057456356,0.627057062985,
    0.639056640082,0.648056331906,0.655056111562,0.665055708692,
    0.676055076609,0.684054707453,0.690054450193,0.700053990919,
    0.710053136752,0.71605261261,0.726051799623,0.737050847556,
    0.74804989549,0.759048814719,0.777044741103,0.788041748712,
    0.79703936643,0.803037986971,0.813035890477,0.824033507881,
    0.836031473811,0.845029948158,0.85202882871,0.86202720186,
    0.873025410068,0.880024273111,0.890022417952,0.901020287643,
    0.909018652668,0.918016883112,0.927014684483,0.934012965234,
    0.944010517268,0.955007774469,0.970006735588,0.985010240807,1.),
  .UNSPECIFIED.);
#2597 = CARTESIAN_POINT('',(170.2,-248.7));
#2598 = CARTESIAN_POINT('',(169.40806534643,-248.7009618758));
#2599 = CARTESIAN_POINT('',(168.61567856722,-248.701644854));
#2600 = CARTESIAN_POINT('',(167.82290623169,-248.7015006879));
#2601 = CARTESIAN_POINT('',(167.0298169402,-248.6999831757));
#2602 = CARTESIAN_POINT('',(166.23648143224,-248.6965474128));
#2603 = CARTESIAN_POINT('',(165.44297269466,-248.690649044));
#2604 = CARTESIAN_POINT('',(164.64936606977,-248.6817435162));
#2605 = CARTESIAN_POINT('',(163.43773212253,-248.6627235405));
#2606 = CARTESIAN_POINT('',(163.01970177041,-248.6551759091));
#2607 = CARTESIAN_POINT('',(162.60166682652,-248.646562707));
#2608 = CARTESIAN_POINT('',(162.1836458102,-248.6368042051));
#2609 = CARTESIAN_POINT('',(161.76565724081,-248.6258206741));
#2610 = CARTESIAN_POINT('',(161.34771963768,-248.6135323847));
#2611 = CARTESIAN_POINT('',(160.92985152017,-248.5998596079));
#2612 = CARTESIAN_POINT('',(160.09436654161,-248.5695883471));
#2613 = CARTESIAN_POINT('',(159.67673283718,-248.5529870133));
#2614 = CARTESIAN_POINT('',(159.2591863225,-248.5348489015));
#2615 = CARTESIAN_POINT('',(158.84174044007,-248.5150882914));
#2616 = CARTESIAN_POINT('',(158.42440727428,-248.4936094067));
#2617 = CARTESIAN_POINT('',(158.00719877909,-248.4703123668));
#2618 = CARTESIAN_POINT('',(157.59012800556,-248.4450991395));
#2619 = CARTESIAN_POINT('',(156.88142173958,-248.3988292513));
#2620 = CARTESIAN_POINT('',(156.58971745393,-248.378796066));
#2621 = CARTESIAN_POINT('',(156.29810159142,-248.357747357));
#2622 = CARTESIAN_POINT('',(156.00657827092,-248.3356505448));
#2623 = CARTESIAN_POINT('',(155.71515161132,-248.3124730496));
#2624 = CARTESIAN_POINT('',(155.42382573147,-248.2881822917));
#2625 = CARTESIAN_POINT('',(155.13260475026,-248.2627456916));
#2626 = CARTESIAN_POINT('',(154.59196794634,-248.2133177659));
#2627 = CARTESIAN_POINT('',(154.34252454937,-248.189638951));
#2628 = CARTESIAN_POINT('',(154.09316345431,-248.165073929));
#2629 = CARTESIAN_POINT('',(153.84388645272,-248.1396022786));
#2630 = CARTESIAN_POINT('',(153.59469626908,-248.1132034533));
#2631 = CARTESIAN_POINT('',(153.34559656072,-248.0858567815));
#2632 = CARTESIAN_POINT('',(153.09659191792,-248.0575414662));
#2633 = CARTESIAN_POINT('',(152.34988172517,-247.9696270549));
#2634 = CARTESIAN_POINT('',(151.85249377682,-247.9070587108));
#2635 = CARTESIAN_POINT('',(151.35560382391,-247.8403619101));
#2636 = CARTESIAN_POINT('',(150.85929167162,-247.76936701));
#2637 = CARTESIAN_POINT('',(150.36363712512,-247.6939043678));
#2638 = CARTESIAN_POINT('',(149.86871998959,-247.6138043406));
#2639 = CARTESIAN_POINT('',(149.37462007019,-247.5288972858));
#2640 = CARTESIAN_POINT('',(148.51151745724,-247.3716012145));
#2641 = CARTESIAN_POINT('',(148.14211820144,-247.301388156));
#2642 = CARTESIAN_POINT('',(147.7732512267,-247.2283056551));
#2643 = CARTESIAN_POINT('',(147.4049608665,-247.1522810476));
#2644 = CARTESIAN_POINT('',(147.03729974346,-247.073239397));
#2645 = CARTESIAN_POINT('',(146.67032454691,-246.9911051553));
#2646 = CARTESIAN_POINT('',(146.30409181054,-246.9058038249));
#2647 = CARTESIAN_POINT('',(145.65442299454,-246.7483987632));
#2648 = CARTESIAN_POINT('',(145.37067214863,-246.6775738384));
#2649 = CARTESIAN_POINT('',(145.08742618545,-246.6047539539));
#2650 = CARTESIAN_POINT('',(144.80471014919,-246.5299042222));
#2651 = CARTESIAN_POINT('',(144.52254909507,-246.45298976));
#2652 = CARTESIAN_POINT('',(144.24096808935,-246.3739756886));
#2653 = CARTESIAN_POINT('',(143.95999220929,-246.2928271337));
#2654 = CARTESIAN_POINT('',(143.27915295841,-246.0904837079));
#2655 = CARTESIAN_POINT('',(142.87994301318,-245.9670302241));
#2656 = CARTESIAN_POINT('',(142.48212446433,-245.8390581611));
#2657 = CARTESIAN_POINT('',(142.08580649196,-245.706477357));
#2658 = CARTESIAN_POINT('',(141.69109832648,-245.5691976657));
#2659 = CARTESIAN_POINT('',(141.29810868349,-245.4271287776));
#2660 = CARTESIAN_POINT('',(140.90694600632,-245.280180297));
#2661 = CARTESIAN_POINT('',(140.08957660885,-244.9611544649));
#2662 = CARTESIAN_POINT('',(139.66376495436,-244.788033148));
#2663 = CARTESIAN_POINT('',(139.2404300873,-244.6087595342));
#2664 = CARTESIAN_POINT('',(138.81973810357,-244.4232378021));
#2665 = CARTESIAN_POINT('',(138.4018803717,-244.2314056428));
#2666 = CARTESIAN_POINT('',(137.9870480486,-244.0331925452));
#2667 = CARTESIAN_POINT('',(137.57541753836,-243.8285013672));
#2668 = CARTESIAN_POINT('',(136.94451087629,-243.5020478634));
#2669 = CARTESIAN_POINT('',(136.7228422873,-243.3848810081));
#2670 = CARTESIAN_POINT('',(136.50221329124,-243.2657511742));
#2671 = CARTESIAN_POINT('',(136.28265506179,-243.1446447715));
#2672 = CARTESIAN_POINT('',(136.06419892109,-243.0215518089));
#2673 = CARTESIAN_POINT('',(135.84687633967,-242.8964658938));
#2674 = CARTESIAN_POINT('',(135.63071893651,-242.769384233));
#2675 = CARTESIAN_POINT('',(135.05748212476,-242.4251746041));
#2676 = CARTESIAN_POINT('',(134.70252856942,-242.2045019076));
#2677 = CARTESIAN_POINT('',(134.35105304538,-241.9782658113));
#2678 = CARTESIAN_POINT('',(134.00319763227,-241.7464768858));
#2679 = CARTESIAN_POINT('',(133.65911321653,-241.5091330015));
#2680 = CARTESIAN_POINT('',(133.31896350076,-241.2662105795));
#2681 = CARTESIAN_POINT('',(132.98291106276,-241.0176940944));
#2682 = CARTESIAN_POINT('',(132.31925496074,-240.5095898094));
#2683 = CARTESIAN_POINT('',(131.99164616117,-240.2500039899));
#2684 = CARTESIAN_POINT('',(131.66839720646,-239.9849426724));
#2685 = CARTESIAN_POINT('',(131.34964080191,-239.7144677541));
#2686 = CARTESIAN_POINT('',(131.03551161616,-239.4386390009));
#2687 = CARTESIAN_POINT('',(130.72614791539,-239.1575123482));
#2688 = CARTESIAN_POINT('',(130.42168743262,-238.8711442322));
#2689 = CARTESIAN_POINT('',(129.76294267529,-238.2297523328));
#2690 = CARTESIAN_POINT('',(129.41086178706,-237.8724602174));
#2691 = CARTESIAN_POINT('',(129.0661839742,-237.5079183123));
#2692 = CARTESIAN_POINT('',(128.72900284492,-237.136366769));
#2693 = CARTESIAN_POINT('',(128.39960065117,-236.7579246225));
#2694 = CARTESIAN_POINT('',(128.0779256749,-236.3729219279));
#2695 = CARTESIAN_POINT('',(127.76435933017,-235.9814158181));
#2696 = CARTESIAN_POINT('',(127.22972131127,-235.2854593784));
#2697 = CARTESIAN_POINT('',(127.0051273375,-234.9837091624));
#2698 = CARTESIAN_POINT('',(126.78508577231,-234.6785844509));
#2699 = CARTESIAN_POINT('',(126.56961228751,-234.3701937485));
#2700 = CARTESIAN_POINT('',(126.35872255491,-234.0586455595));
#2701 = CARTESIAN_POINT('',(126.15243224631,-233.7440483885));
#2702 = CARTESIAN_POINT('',(125.95075703353,-233.4265107399));
#2703 = CARTESIAN_POINT('',(125.60045537408,-232.8569640569));
#2704 = CARTESIAN_POINT('',(125.45000736196,-232.6060746881));
#2705 = CARTESIAN_POINT('',(125.30235722692,-232.3535233304));
#2706 = CARTESIAN_POINT('',(125.15749269793,-232.0993604878));
#2707 = CARTESIAN_POINT('',(125.01540055792,-231.8436368492));
#2708 = CARTESIAN_POINT('',(124.87606664387,-231.5864032889));
#2709 = CARTESIAN_POINT('',(124.73947584674,-231.327710866));
#2710 = CARTESIAN_POINT('',(124.41437988878,-230.6960426114));
#2711 = CARTESIAN_POINT('',(124.22871678279,-230.321593506));
#2712 = CARTESIAN_POINT('',(124.04856221026,-229.9444185269));
#2713 = CARTESIAN_POINT('',(123.8739093133,-229.5646772512));
#2714 = CARTESIAN_POINT('',(123.704725002,-229.1825161555));
#2715 = CARTESIAN_POINT('',(123.54092198119,-228.7980625877));
#2716 = CARTESIAN_POINT('',(123.38238276142,-228.4114303668));
#2717 = CARTESIAN_POINT('',(123.06035673304,-227.5951816691));
#2718 = CARTESIAN_POINT('',(122.89795173235,-227.1651242192));
#2719 = CARTESIAN_POINT('',(122.7417263764,-226.7327573393));
#2720 = CARTESIAN_POINT('',(122.59153780157,-226.2982159898));
#2721 = CARTESIAN_POINT('',(122.44729438208,-225.8616911191));
#2722 = CARTESIAN_POINT('',(122.30889778113,-225.4233597263));
#2723 = CARTESIAN_POINT('',(122.17618300367,-224.9833154712));
#2724 = CARTESIAN_POINT('',(121.95652334279,-224.2204938615));
#2725 = CARTESIAN_POINT('',(121.86696566402,-223.8984596012));
#2726 = CARTESIAN_POINT('',(121.78028443447,-223.575626009));
#2727 = CARTESIAN_POINT('',(121.6964248978,-223.2520378624));
#2728 = CARTESIAN_POINT('',(121.61533229771,-222.9277399391));
#2729 = CARTESIAN_POINT('',(121.53695187787,-222.6027770166));
#2730 = CARTESIAN_POINT('',(121.46122888197,-222.2771938725));
#2731 = CARTESIAN_POINT('',(121.33326812824,-221.706415544));
#2732 = CARTESIAN_POINT('',(121.27989201104,-221.4614743741));
#2733 = CARTESIAN_POINT('',(121.22795697138,-221.2162296488));
#2734 = CARTESIAN_POINT('',(121.17743959142,-220.9706971944));
#2735 = CARTESIAN_POINT('',(121.12831626617,-220.7248907899));
#2736 = CARTESIAN_POINT('',(121.08056320349,-220.4788221669));
#2737 = CARTESIAN_POINT('',(121.03415642407,-220.2325010094));
#2738 = CARTESIAN_POINT('',(120.91393088642,-219.5749927819));
#2739 = CARTESIAN_POINT('',(120.84246341559,-219.1633780671));
#2740 = CARTESIAN_POINT('',(120.77455907084,-218.751142905));
#2741 = CARTESIAN_POINT('',(120.710107574,-218.3383393908));
#2742 = CARTESIAN_POINT('',(120.64899864691,-217.9250196198));
#2743 = CARTESIAN_POINT('',(120.59112201141,-217.5112356875));
#2744 = CARTESIAN_POINT('',(120.53636738933,-217.097039689));
#2745 = CARTESIAN_POINT('',(120.43288365908,-216.2679441217));
#2746 = CARTESIAN_POINT('',(120.38415236735,-215.85303943));
#2747 = CARTESIAN_POINT('',(120.33832240913,-215.4378109179));
#2748 = CARTESIAN_POINT('',(120.29529109023,-215.0222862625));
#2749 = CARTESIAN_POINT('',(120.25495573834,-214.606491098));
#2750 = CARTESIAN_POINT('',(120.21721143303,-214.1904538833));
#2751 = CARTESIAN_POINT('',(120.18195196778,-213.7742040815));
#2752 = CARTESIAN_POINT('',(120.12934732846,-213.107899879));
#2753 = CARTESIAN_POINT('',(120.11047779523,-212.8579672492));
#2754 = CARTESIAN_POINT('',(120.09244285111,-212.6079713175));
#2755 = CARTESIAN_POINT('',(120.07521990261,-212.3579176387));
#2756 = CARTESIAN_POINT('',(120.05878635624,-212.107811768));
#2757 = CARTESIAN_POINT('',(120.04311961851,-211.8576592601));
#2758 = CARTESIAN_POINT('',(120.02819709594,-211.6074656701));
#2759 = CARTESIAN_POINT('',(119.99032788345,-210.9401854976));
#2760 = CARTESIAN_POINT('',(119.96866601144,-210.5230375435));
#2761 = CARTESIAN_POINT('',(119.94889966123,-210.1058266111));
#2762 = CARTESIAN_POINT('',(119.93092785546,-209.6885671559));
#2763 = CARTESIAN_POINT('',(119.91465382432,-209.2712633923));
#2764 = CARTESIAN_POINT('',(119.89998121729,-208.8539156117));
#2765 = CARTESIAN_POINT('',(119.88681225935,-208.4365235933));
#2766 = CARTESIAN_POINT('',(119.86210707119,-207.5599093881));
#2767 = CARTESIAN_POINT('',(119.85086640769,-207.1006827282));
#2768 = CARTESIAN_POINT('',(119.84119557167,-206.6414108675));
#2769 = CARTESIAN_POINT('',(119.83296427364,-206.1820975445));
#2770 = CARTESIAN_POINT('',(119.82604222409,-205.7227464975));
#2771 = CARTESIAN_POINT('',(119.82029913354,-205.263361465));
#2772 = CARTESIAN_POINT('',(119.81560471248,-204.8039461854));
#2773 = CARTESIAN_POINT('',(119.80805263039,-203.8850626087));
#2774 = CARTESIAN_POINT('',(119.80519496934,-203.4255943116));
#2775 = CARTESIAN_POINT('',(119.80312539881,-202.9661032442));
#2776 = CARTESIAN_POINT('',(119.80171362929,-202.506593145));
#2777 = CARTESIAN_POINT('',(119.80082937129,-202.0470677522));
#2778 = CARTESIAN_POINT('',(119.80034233532,-201.5875308043));
#2779 = CARTESIAN_POINT('',(119.80012223187,-201.1279860398));
#2780 = CARTESIAN_POINT('',(119.79995531203,-200.2088937316));
#2781 = CARTESIAN_POINT('',(119.80005363921,-199.7493479337));
#2782 = CARTESIAN_POINT('',(119.79992856597,-199.2898019357));
#2783 = CARTESIAN_POINT('',(119.79995400169,-198.8302577992));
#2784 = CARTESIAN_POINT('',(119.80028006502,-198.3707174919));
#2785 = CARTESIAN_POINT('',(119.80092343992,-197.9111831215));
#2786 = CARTESIAN_POINT('',(119.80209306864,-197.4516570623));
#2787 = CARTESIAN_POINT('',(119.80683869166,-196.2403035466));
#2788 = CARTESIAN_POINT('',(119.8114818642,-195.4884966993));
#2789 = CARTESIAN_POINT('',(119.81839354377,-194.736730172));
#2790 = CARTESIAN_POINT('',(119.8281449286,-193.9850181553));
#2791 = CARTESIAN_POINT('',(119.84130737668,-193.2333799231));
#2792 = CARTESIAN_POINT('',(119.85845211775,-192.4818398249));
#2793 = CARTESIAN_POINT('',(119.8801499653,-191.7304272783));
#2794 = CARTESIAN_POINT('',(119.92336092876,-190.5201002189));
#2795 = CARTESIAN_POINT('',(119.94166312848,-190.0610748051));
#2796 = CARTESIAN_POINT('',(119.96201552332,-189.6021151168));
#2797 = CARTESIAN_POINT('',(119.98452819479,-189.1431938139));
#2798 = CARTESIAN_POINT('',(120.00934810555,-188.6843523484));
#2799 = CARTESIAN_POINT('',(120.03662865777,-188.2256480968));
#2800 = CARTESIAN_POINT('',(120.06649417876,-187.7670934537));
#2801 = CARTESIAN_POINT('',(120.12575841032,-186.9337252263));
#2802 = CARTESIAN_POINT('',(120.15425441232,-186.5588379408));
#2803 = CARTESIAN_POINT('',(120.18465365748,-186.1840993341));
#2804 = CARTESIAN_POINT('',(120.21703239884,-185.8095281541));
#2805 = CARTESIAN_POINT('',(120.2514668894,-185.4351431487));
#2806 = CARTESIAN_POINT('',(120.2880333822,-185.060963066));
#2807 = CARTESIAN_POINT('',(120.32680813025,-184.687006654));
#2808 = CARTESIAN_POINT('',(120.39524117665,-184.0641413287));
#2809 = CARTESIAN_POINT('',(120.42363004046,-183.8150991642));
#2810 = CARTESIAN_POINT('',(120.45305632473,-183.5661723571));
#2811 = CARTESIAN_POINT('',(120.48354284129,-183.3173682762));
#2812 = CARTESIAN_POINT('',(120.51511286702,-183.0686954691));
#2813 = CARTESIAN_POINT('',(120.54779014389,-182.8201636622));
#2814 = CARTESIAN_POINT('',(120.58159887895,-182.5717837606));
#2815 = CARTESIAN_POINT('',(120.67483970096,-181.909866278));
#2816 = CARTESIAN_POINT('',(120.73632589353,-181.4966184499));
#2817 = CARTESIAN_POINT('',(120.8011326002,-181.0838764595));
#2818 = CARTESIAN_POINT('',(120.86937009915,-180.671692402));
#2819 = CARTESIAN_POINT('',(120.94114866854,-180.2601183729));
#2820 = CARTESIAN_POINT('',(121.01657858653,-179.8492064675));
#2821 = CARTESIAN_POINT('',(121.09577013127,-179.439008781));
#2822 = CARTESIAN_POINT('',(121.27020274041,-178.57920603));
#2823 = CARTESIAN_POINT('',(121.36625931275,-178.1297498037));
#2824 = CARTESIAN_POINT('',(121.46714587399,-177.6812905529));
#2825 = CARTESIAN_POINT('',(121.57300477811,-177.2339700467));
#2826 = CARTESIAN_POINT('',(121.68397853537,-176.7878999573));
#2827 = CARTESIAN_POINT('',(121.80020959827,-176.3431836522));
#2828 = CARTESIAN_POINT('',(121.92184011704,-175.8999520765));
#2829 = CARTESIAN_POINT('',(122.1877519725,-174.9765084694));
#2830 = CARTESIAN_POINT('',(122.33309051827,-174.4965969041));
#2831 = CARTESIAN_POINT('',(122.48518391407,-174.0187714515));
#2832 = CARTESIAN_POINT('',(122.6443142384,-173.5430767977));
#2833 = CARTESIAN_POINT('',(122.81047352317,-173.0698922799));
#2834 = CARTESIAN_POINT('',(122.98392780491,-172.5992981483));
#2835 = CARTESIAN_POINT('',(123.16477326233,-172.1315641159));
#2836 = CARTESIAN_POINT('',(123.49446944951,-171.3183884736));
#2837 = CARTESIAN_POINT('',(123.64000650417,-170.9716128944));
#2838 = CARTESIAN_POINT('',(123.78986576323,-170.6266464304));
#2839 = CARTESIAN_POINT('',(123.94410764065,-170.2835794581));
#2840 = CARTESIAN_POINT('',(124.10277500359,-169.9425108403));
#2841 = CARTESIAN_POINT('',(124.26589872642,-169.6035468848));
#2842 = CARTESIAN_POINT('',(124.43350324472,-169.2668003044));
#2843 = CARTESIAN_POINT('',(124.73947584423,-168.6722891348));
#2844 = CARTESIAN_POINT('',(124.87606664119,-168.413596712));
#2845 = CARTESIAN_POINT('',(125.01540055522,-168.1563631516));
#2846 = CARTESIAN_POINT('',(125.15749269541,-167.900639513));
#2847 = CARTESIAN_POINT('',(125.30235722483,-167.6464766702));
#2848 = CARTESIAN_POINT('',(125.45000736058,-167.3939253123));
#2849 = CARTESIAN_POINT('',(125.60045537373,-167.1430359431));
#2850 = CARTESIAN_POINT('',(125.97265086366,-166.5378926343));
#2851 = CARTESIAN_POINT('',(126.19730613551,-166.1854226502));
#2852 = CARTESIAN_POINT('',(126.42765690674,-165.8365977694));
#2853 = CARTESIAN_POINT('',(126.66368167916,-165.4915668322));
#2854 = CARTESIAN_POINT('',(126.9053589546,-165.1504786789));
#2855 = CARTESIAN_POINT('',(127.15266723486,-164.8134821498));
#2856 = CARTESIAN_POINT('',(127.40558502177,-164.4807260852));
#2857 = CARTESIAN_POINT('',(127.94844713366,-163.7911559638));
#2858 = CARTESIAN_POINT('',(128.23957329502,-163.4352669068));
#2859 = CARTESIAN_POINT('',(128.53737874496,-163.0848621672));
#2860 = CARTESIAN_POINT('',(128.84172416122,-162.74008406));
#2861 = CARTESIAN_POINT('',(129.15249787144,-162.4010909142));
#2862 = CARTESIAN_POINT('',(129.46959476816,-162.0680450034));
#2863 = CARTESIAN_POINT('',(129.79288471889,-161.7410943491));
#2864 = CARTESIAN_POINT('',(130.33185840512,-161.2163184967));
#2865 = CARTESIAN_POINT('',(130.54392518988,-161.014775124));
#2866 = CARTESIAN_POINT('',(130.75841229794,-160.8157891005));
#2867 = CARTESIAN_POINT('',(130.97527389663,-160.6193812846));
#2868 = CARTESIAN_POINT('',(131.19446384419,-160.4255722279));
#2869 = CARTESIAN_POINT('',(131.41593568975,-160.2343821749));
#2870 = CARTESIAN_POINT('',(131.63964267334,-160.0458310632));
#2871 = CARTESIAN_POINT('',(132.18823747443,-159.5943838994));
#2872 = CARTESIAN_POINT('',(132.51540496504,-159.3342535543));
#2873 = CARTESIAN_POINT('',(132.84689878008,-159.079600103));
#2874 = CARTESIAN_POINT('',(133.18260211116,-158.8305140796));
#2875 = CARTESIAN_POINT('',(133.52237919505,-158.5870380213));
#2876 = CARTESIAN_POINT('',(133.866063767,-158.3491457782));
#2877 = CARTESIAN_POINT('',(134.21347953156,-158.11678705));
#2878 = CARTESIAN_POINT('',(134.9506039443,-157.6405302831));
#2879 = CARTESIAN_POINT('',(135.34107593645,-157.3977879701));
#2880 = CARTESIAN_POINT('',(135.73569493283,-157.1617337972));
#2881 = CARTESIAN_POINT('',(136.13425128993,-156.9324143131));
#2882 = CARTESIAN_POINT('',(136.53655223555,-156.7098305052));
#2883 = CARTESIAN_POINT('',(136.94241027491,-156.4938943559));
#2884 = CARTESIAN_POINT('',(137.35163561705,-156.2844719428));
#2885 = CARTESIAN_POINT('',(138.06400361843,-155.9339107503));
#2886 = CARTESIAN_POINT('',(138.36563722346,-155.7897211956));
#2887 = CARTESIAN_POINT('',(138.66888640923,-155.6489202707));
#2888 = CARTESIAN_POINT('',(138.97367799443,-155.5114798074));
#2889 = CARTESIAN_POINT('',(139.27994107907,-155.3773690825));
#2890 = CARTESIAN_POINT('',(139.5876070445,-155.2465548174));
#2891 = CARTESIAN_POINT('',(139.89660955339,-155.1190011788));
#2892 = CARTESIAN_POINT('',(140.55594665187,-154.8547958573));
#2893 = CARTESIAN_POINT('',(140.90662973041,-154.7189913757));
#2894 = CARTESIAN_POINT('',(141.25885466108,-154.5871904501));
#2895 = CARTESIAN_POINT('',(141.61254231962,-154.4593271974));
#2896 = CARTESIAN_POINT('',(141.96761358173,-154.3353357347));
#2897 = CARTESIAN_POINT('',(142.32398932314,-154.2151501789));
#2898 = CARTESIAN_POINT('',(142.68159041958,-154.0987046472));
#2899 = CARTESIAN_POINT('',(143.39906892033,-153.8731669436));
#2900 = CARTESIAN_POINT('',(143.75894898693,-153.7640734234));
#2901 = CARTESIAN_POINT('',(144.11990145503,-153.6585866697));
#2902 = CARTESIAN_POINT('',(144.481862028,-153.5566363296));
#2903 = CARTESIAN_POINT('',(144.84477430058,-153.4581492386));
#2904 = CARTESIAN_POINT('',(145.20858545519,-153.3630509351));
#2905 = CARTESIAN_POINT('',(145.57324195839,-153.271267175));
#2906 = CARTESIAN_POINT('',(146.22291796967,-153.1138598917));
#2907 = CARTESIAN_POINT('',(146.50762945489,-153.0469548659));
#2908 = CARTESIAN_POINT('',(146.79279410113,-152.981975555));
#2909 = CARTESIAN_POINT('',(147.07838640838,-152.918887171));
#2910 = CARTESIAN_POINT('',(147.36438098843,-152.8576549522));
#2911 = CARTESIAN_POINT('',(147.6507525648,-152.7982441628));
#2912 = CARTESIAN_POINT('',(147.93747597282,-152.7406200933));
#2913 = CARTESIAN_POINT('',(148.63459823567,-152.6049307969));
#2914 = CARTESIAN_POINT('',(149.04534287334,-152.5286893643));
#2915 = CARTESIAN_POINT('',(149.45671702348,-152.4559245049));
#2916 = CARTESIAN_POINT('',(149.86867763698,-152.3865369605));
#2917 = CARTESIAN_POINT('',(150.28118166474,-152.3204274732));
#2918 = CARTESIAN_POINT('',(150.69418605767,-152.2574967849));
#2919 = CARTESIAN_POINT('',(151.10764776665,-152.1976456377));
#2920 = CARTESIAN_POINT('',(151.97678597862,-152.0782170065));
#2921 = CARTESIAN_POINT('',(152.43255125456,-152.01926275));
#2922 = CARTESIAN_POINT('',(152.88876877621,-151.9637910614));
#2923 = CARTESIAN_POINT('',(153.34535553127,-151.9116525042));
#2924 = CARTESIAN_POINT('',(153.80226249594,-151.8627178497));
#2925 = CARTESIAN_POINT('',(154.25946960629,-151.8168730292));
#2926 = CARTESIAN_POINT('',(154.71695698413,-151.7739978153));
#2927 = CARTESIAN_POINT('',(155.4659892513,-151.7084908622));
#2928 = CARTESIAN_POINT('',(155.75737994778,-151.6841679522));
#2929 = CARTESIAN_POINT('',(156.04886479506,-151.6609654597));
#2930 = CARTESIAN_POINT('',(156.34043659235,-151.6388518722));
#2931 = CARTESIAN_POINT('',(156.63208813888,-151.6177956767));
#2932 = CARTESIAN_POINT('',(156.92381223386,-151.5977653606));
#2933 = CARTESIAN_POINT('',(157.21560167652,-151.5787294112));
#2934 = CARTESIAN_POINT('',(157.96603935858,-151.5322574431));
#2935 = CARTESIAN_POINT('',(158.42477370651,-151.5062352853));
#2936 = CARTESIAN_POINT('',(158.88363002725,-151.4824694029));
#2937 = CARTESIAN_POINT('',(159.34258486432,-151.4608372297));
#2938 = CARTESIAN_POINT('',(159.80160365263,-151.4412087599));
#2939 = CARTESIAN_POINT('',(160.26067135422,-151.4234666069));
#2940 = CARTESIAN_POINT('',(160.71980415948,-151.4075130842));
#2941 = CARTESIAN_POINT('',(161.67987048635,-151.377641064));
#2942 = CARTESIAN_POINT('',(162.18081153593,-151.3640412048));
#2943 = CARTESIAN_POINT('',(162.68180194836,-151.3522788933));
#2944 = CARTESIAN_POINT('',(163.18283777462,-151.342206646));
#2945 = CARTESIAN_POINT('',(163.68391506567,-151.3336769791));
#2946 = CARTESIAN_POINT('',(164.18502987249,-151.3265424091));
#2947 = CARTESIAN_POINT('',(164.68617824605,-151.3206554523));
#2948 = CARTESIAN_POINT('',(165.6885342286,-151.3110817978));
#2949 = CARTESIAN_POINT('',(166.18974183759,-151.3073951002));
#2950 = CARTESIAN_POINT('',(166.69097511526,-151.3046610485));
#2951 = CARTESIAN_POINT('',(167.19223011258,-151.3027321591));
#2952 = CARTESIAN_POINT('',(167.69350288053,-151.3014609484));
#2953 = CARTESIAN_POINT('',(168.19478947009,-151.3006999328));
#2954 = CARTESIAN_POINT('',(168.69608593221,-151.3003016286));
#2955 = CARTESIAN_POINT('',(169.69868759459,-151.299935477));
#2956 = CARTESIAN_POINT('',(170.19998998022,-151.2999645428));
#2957 = CARTESIAN_POINT('',(170.70129409386,-151.3001665199));
#2958 = CARTESIAN_POINT('',(171.20259620201,-151.2996790441));
#2959 = CARTESIAN_POINT('',(171.70389595444,-151.3002006046));
#2960 = CARTESIAN_POINT('',(172.205189677,-151.3005980167));
#2961 = CARTESIAN_POINT('',(172.7064760078,-151.3016791232));
#2962 = CARTESIAN_POINT('',(173.95958371275,-151.3059556279));
#2963 = CARTESIAN_POINT('',(174.71139017553,-151.3100010409));
#2964 = CARTESIAN_POINT('',(175.46316412229,-151.3160237403));
#2965 = CARTESIAN_POINT('',(176.21489430278,-151.3245216975));
#2966 = CARTESIAN_POINT('',(176.9665656039,-151.3359930072));
#2967 = CARTESIAN_POINT('',(177.71815905417,-151.3509357018));
#2968 = CARTESIAN_POINT('',(178.46965182822,-151.3698475665));
#2969 = CARTESIAN_POINT('',(179.68019584052,-151.4075130842));
#2970 = CARTESIAN_POINT('',(180.13932864579,-151.4234666069));
#2971 = CARTESIAN_POINT('',(180.59839634736,-151.4412087599));
#2972 = CARTESIAN_POINT('',(181.05741513568,-151.4608372297));
#2973 = CARTESIAN_POINT('',(181.51636997277,-151.4824694029));
#2974 = CARTESIAN_POINT('',(181.97522629348,-151.5062352853));
#2975 = CARTESIAN_POINT('',(182.43396064143,-151.5322574431));
#2976 = CARTESIAN_POINT('',(183.26778334907,-151.5838931528));
#2977 = CARTESIAN_POINT('',(183.64291984383,-151.6087216463));
#2978 = CARTESIAN_POINT('',(184.01794491394,-151.6352087724));
#2979 = CARTESIAN_POINT('',(184.3928432551,-151.663421507));
#2980 = CARTESIAN_POINT('',(184.76759956303,-151.6934268263));
#2981 = CARTESIAN_POINT('',(185.14219853347,-151.7252917062));
#2982 = CARTESIAN_POINT('',(185.51662486211,-151.7590831229));
#2983 = CARTESIAN_POINT('',(186.14035604991,-151.8187247245));
#2984 = CARTESIAN_POINT('',(186.38976330408,-151.8434678309));
#2985 = CARTESIAN_POINT('',(186.63908320106,-151.8691164336));
#2986 = CARTESIAN_POINT('',(186.88831230527,-151.895690107));
#2987 = CARTESIAN_POINT('',(187.1374455517,-151.9232089381));
#2988 = CARTESIAN_POINT('',(187.3864762459,-151.9516935264));
#2989 = CARTESIAN_POINT('',(187.63539606398,-151.9811649836));
#2990 = CARTESIAN_POINT('',(188.29885962639,-152.0624448018));
#2991 = CARTESIAN_POINT('',(188.71318742158,-152.116046288));
#2992 = CARTESIAN_POINT('',(189.12713538908,-152.1725486508));
#2993 = CARTESIAN_POINT('',(189.54066047981,-152.2320511482));
#2994 = CARTESIAN_POINT('',(189.95371964465,-152.2946530381));
#2995 = CARTESIAN_POINT('',(190.36626983451,-152.3604535788));
#2996 = CARTESIAN_POINT('',(190.77826800029,-152.4295520281));
#2997 = CARTESIAN_POINT('',(191.64221011834,-152.5817920504));
#2998 = CARTESIAN_POINT('',(192.0940360427,-152.6656484152));
#2999 = CARTESIAN_POINT('',(192.54508708317,-152.7537495158));
#3000 = CARTESIAN_POINT('',(192.99532021775,-152.8462185261));
#3001 = CARTESIAN_POINT('',(193.44462197801,-152.9431970377));
#3002 = CARTESIAN_POINT('',(193.89287091948,-153.0448272461));
#3003 = CARTESIAN_POINT('',(194.339995925,-153.1512343104));
#3004 = CARTESIAN_POINT('',(195.1912298736,-153.3637582367));
#3005 = CARTESIAN_POINT('',(195.59557001947,-153.4690253366));
#3006 = CARTESIAN_POINT('',(195.998808977,-153.5784535772));
#3007 = CARTESIAN_POINT('',(196.40088065141,-153.69214767));
#3008 = CARTESIAN_POINT('',(196.80171298452,-153.8102097996));
#3009 = CARTESIAN_POINT('',(197.20121570678,-153.9327353069));
#3010 = CARTESIAN_POINT('',(197.59928166742,-154.059813917));
#3011 = CARTESIAN_POINT('',(198.43199328847,-154.3364378287));
#3012 = CARTESIAN_POINT('',(198.86630922643,-154.4869556451));
#3013 = CARTESIAN_POINT('',(199.29861492686,-154.6432194867));
#3014 = CARTESIAN_POINT('',(199.72876162458,-154.8053395604));
#3015 = CARTESIAN_POINT('',(200.15660427555,-154.9734360382));
#3016 = CARTESIAN_POINT('',(200.58200376065,-155.1476418792));
#3017 = CARTESIAN_POINT('',(201.00481343672,-155.3280791861));
#3018 = CARTESIAN_POINT('',(201.73032632691,-155.6506105058));
#3019 = CARTESIAN_POINT('',(202.0343285955,-155.7897387389));
#3020 = CARTESIAN_POINT('',(202.33678568405,-155.932224089));
#3021 = CARTESIAN_POINT('',(202.63762643614,-156.0780968477));
#3022 = CARTESIAN_POINT('',(202.93677969535,-156.2273873063));
#3023 = CARTESIAN_POINT('',(203.23417430524,-156.3801257562));
#3024 = CARTESIAN_POINT('',(203.52973910939,-156.536342489));
#3025 = CARTESIAN_POINT('',(204.26391543056,-156.9356648484));
#3026 = CARTESIAN_POINT('',(204.70014330755,-157.183144999));
#3027 = CARTESIAN_POINT('',(205.13183381555,-157.4386764669));
#3028 = CARTESIAN_POINT('',(205.55874559693,-157.7021104527));
#3029 = CARTESIAN_POINT('',(205.98061123059,-157.9735993937));
#3030 = CARTESIAN_POINT('',(206.39717525146,-158.2530711188));
#3031 = CARTESIAN_POINT('',(206.80816734924,-158.5405698662));
#3032 = CARTESIAN_POINT('',(207.6184682883,-159.1316110455));
#3033 = CARTESIAN_POINT('',(208.01778655046,-159.435165314));
#3034 = CARTESIAN_POINT('',(208.41099238802,-159.7467558744));
#3035 = CARTESIAN_POINT('',(208.79793317197,-160.066112852));
#3036 = CARTESIAN_POINT('',(209.17827128383,-160.3933323021));
#3037 = CARTESIAN_POINT('',(209.55187005294,-160.7281422928));
#3038 = CARTESIAN_POINT('',(209.91842682748,-161.0705475682));
#3039 = CARTESIAN_POINT('',(210.63705735375,-161.7702476772));
#3040 = CARTESIAN_POINT('',(210.98913825176,-162.1275397959));
#3041 = CARTESIAN_POINT('',(211.33381606476,-162.4920817012));
#3042 = CARTESIAN_POINT('',(211.67099718491,-162.8636332412));
#3043 = CARTESIAN_POINT('',(212.00039936931,-163.2420753844));
#3044 = CARTESIAN_POINT('',(212.32207433141,-163.6270780744));
#3045 = CARTESIAN_POINT('',(212.63564066867,-164.0185841813));
#3046 = CARTESIAN_POINT('',(213.17027868023,-164.7145406186));
#3047 = CARTESIAN_POINT('',(213.3948726526,-165.0162908341));
#3048 = CARTESIAN_POINT('',(213.61491421783,-165.3214155456));
#3049 = CARTESIAN_POINT('',(213.83038770374,-165.6298062484));
#3050 = CARTESIAN_POINT('',(214.04127743815,-165.941354438));
#3051 = CARTESIAN_POINT('',(214.24756774888,-166.2559516097));
#3052 = CARTESIAN_POINT('',(214.44924296377,-166.573489259));
#3053 = CARTESIAN_POINT('',(214.79954462627,-167.1430359431));
#3054 = CARTESIAN_POINT('',(214.94999263942,-167.3939253123));
#3055 = CARTESIAN_POINT('',(215.09764277516,-167.6464766702));
#3056 = CARTESIAN_POINT('',(215.24250730459,-167.900639513));
#3057 = CARTESIAN_POINT('',(215.38459944478,-168.1563631516));
#3058 = CARTESIAN_POINT('',(215.52393335881,-168.413596712));
#3059 = CARTESIAN_POINT('',(215.66052415576,-168.6722891348));
#3060 = CARTESIAN_POINT('',(215.98562011308,-169.3039573891));
#3061 = CARTESIAN_POINT('',(216.17128321848,-169.6784064943));
#3062 = CARTESIAN_POINT('',(216.35143779026,-170.0555814731));
#3063 = CARTESIAN_POINT('',(216.52609068657,-170.4353227487));
#3064 = CARTESIAN_POINT('',(216.69527499749,-170.8174838442));
#3065 = CARTESIAN_POINT('',(216.85907801813,-171.201937412));
#3066 = CARTESIAN_POINT('',(217.01761723782,-171.5885696329));
#3067 = CARTESIAN_POINT('',(217.3396432662,-172.4048183305));
#3068 = CARTESIAN_POINT('',(217.50204826702,-172.8348757805));
#3069 = CARTESIAN_POINT('',(217.65827362313,-173.2672426605));
#3070 = CARTESIAN_POINT('',(217.8084621982,-173.70178401));
#3071 = CARTESIAN_POINT('',(217.95270561791,-174.1383088808));
#3072 = CARTESIAN_POINT('',(218.09110221897,-174.5766402737));
#3073 = CARTESIAN_POINT('',(218.2238169965,-175.0166845287));
#3074 = CARTESIAN_POINT('',(218.44347665743,-175.7795061384));
#3075 = CARTESIAN_POINT('',(218.53303433621,-176.1015403988));
#3076 = CARTESIAN_POINT('',(218.61971556575,-176.424373991));
#3077 = CARTESIAN_POINT('',(218.7035751024,-176.7479621376));
#3078 = CARTESIAN_POINT('',(218.78466770245,-177.0722600609));
#3079 = CARTESIAN_POINT('',(218.86304812226,-177.3972229834));
#3080 = CARTESIAN_POINT('',(218.93877111812,-177.7228061274));
#3081 = CARTESIAN_POINT('',(219.06673187179,-178.2935844559));
#3082 = CARTESIAN_POINT('',(219.12010798896,-178.5385256258));
#3083 = CARTESIAN_POINT('',(219.1720430286,-178.7837703511));
#3084 = CARTESIAN_POINT('',(219.22256040854,-179.0293028055));
#3085 = CARTESIAN_POINT('',(219.27168373377,-179.27510921));
#3086 = CARTESIAN_POINT('',(219.31943679645,-179.521177833));
#3087 = CARTESIAN_POINT('',(219.36584357585,-179.7674989905));
#3088 = CARTESIAN_POINT('',(219.48606911349,-180.425007218));
#3089 = CARTESIAN_POINT('',(219.55753658432,-180.8366219328));
#3090 = CARTESIAN_POINT('',(219.62544092908,-181.2488570949));
#3091 = CARTESIAN_POINT('',(219.68989242593,-181.6616606091));
#3092 = CARTESIAN_POINT('',(219.75100135303,-182.0749803801));
#3093 = CARTESIAN_POINT('',(219.80887798855,-182.4887643124));
#3094 = CARTESIAN_POINT('',(219.86363261064,-182.9029603109));
#3095 = CARTESIAN_POINT('',(219.96711634091,-183.7320558782));
#3096 = CARTESIAN_POINT('',(220.01584763265,-184.1469605699));
#3097 = CARTESIAN_POINT('',(220.06167759088,-184.562189082));
#3098 = CARTESIAN_POINT('',(220.10470890978,-184.9777137374));
#3099 = CARTESIAN_POINT('',(220.14504426167,-185.3935089019));
#3100 = CARTESIAN_POINT('',(220.18278856699,-185.8095461166));
#3101 = CARTESIAN_POINT('',(220.21804803223,-186.2257959184));
#3102 = CARTESIAN_POINT('',(220.27065267156,-186.8921001209));
#3103 = CARTESIAN_POINT('',(220.28952220478,-187.1420327507));
#3104 = CARTESIAN_POINT('',(220.3075571489,-187.3920286824));
#3105 = CARTESIAN_POINT('',(220.3247800974,-187.6420823612));
#3106 = CARTESIAN_POINT('',(220.34121364377,-187.892188232));
#3107 = CARTESIAN_POINT('',(220.35688038149,-188.1423407398));
#3108 = CARTESIAN_POINT('',(220.37180290406,-188.3925343298));
#3109 = CARTESIAN_POINT('',(220.40967211654,-189.0598145023));
#3110 = CARTESIAN_POINT('',(220.43133398855,-189.4769624564));
#3111 = CARTESIAN_POINT('',(220.45110033876,-189.8941733888));
#3112 = CARTESIAN_POINT('',(220.46907214453,-190.311432844));
#3113 = CARTESIAN_POINT('',(220.48534617566,-190.7287366076));
#3114 = CARTESIAN_POINT('',(220.50001878268,-191.1460843882));
#3115 = CARTESIAN_POINT('',(220.51318774063,-191.5634764066));
#3116 = CARTESIAN_POINT('',(220.53789292878,-192.4400906118));
#3117 = CARTESIAN_POINT('',(220.54913359228,-192.8993172717));
#3118 = CARTESIAN_POINT('',(220.5588044283,-193.3585891324));
#3119 = CARTESIAN_POINT('',(220.56703572634,-193.8179024554));
#3120 = CARTESIAN_POINT('',(220.57395777588,-194.2772535024));
#3121 = CARTESIAN_POINT('',(220.57970086643,-194.7366385349));
#3122 = CARTESIAN_POINT('',(220.58439528749,-195.1960538145));
#3123 = CARTESIAN_POINT('',(220.59194736958,-196.1149373912));
#3124 = CARTESIAN_POINT('',(220.59480503063,-196.5744056883));
#3125 = CARTESIAN_POINT('',(220.59687460116,-197.0338967557));
#3126 = CARTESIAN_POINT('',(220.59828637069,-197.4934068549));
#3127 = CARTESIAN_POINT('',(220.59917062869,-197.9529322477));
#3128 = CARTESIAN_POINT('',(220.59965766466,-198.4124691956));
#3129 = CARTESIAN_POINT('',(220.59987776811,-198.8720139601));
#3130 = CARTESIAN_POINT('',(220.60004468796,-199.7911062683));
#3131 = CARTESIAN_POINT('',(220.59994636079,-200.2506520662));
#3132 = CARTESIAN_POINT('',(220.60007143403,-200.7101980642));
#3133 = CARTESIAN_POINT('',(220.60004599831,-201.1697422007));
#3134 = CARTESIAN_POINT('',(220.59971993498,-201.629282508));
#3135 = CARTESIAN_POINT('',(220.59907656008,-202.0888168784));
#3136 = CARTESIAN_POINT('',(220.59790693136,-202.5483429376));
#3137 = CARTESIAN_POINT('',(220.59316130835,-203.7596964533));
#3138 = CARTESIAN_POINT('',(220.58851813581,-204.5115033006));
#3139 = CARTESIAN_POINT('',(220.58160645625,-205.2632698279));
#3140 = CARTESIAN_POINT('',(220.57185507142,-206.0149818446));
#3141 = CARTESIAN_POINT('',(220.55869262333,-206.7666200768));
#3142 = CARTESIAN_POINT('',(220.54154788226,-207.518160175));
#3143 = CARTESIAN_POINT('',(220.51985003471,-208.2695727216));
#3144 = CARTESIAN_POINT('',(220.47663907124,-209.479899781));
#3145 = CARTESIAN_POINT('',(220.45833687152,-209.9389251948));
#3146 = CARTESIAN_POINT('',(220.43798447667,-210.3978848831));
#3147 = CARTESIAN_POINT('',(220.4154718052,-210.856806186));
#3148 = CARTESIAN_POINT('',(220.39065189443,-211.3156476515));
#3149 = CARTESIAN_POINT('',(220.3633713422,-211.7743519031));
#3150 = CARTESIAN_POINT('',(220.33350582122,-212.2329065462));
#3151 = CARTESIAN_POINT('',(220.27424158965,-213.0662747736));
#3152 = CARTESIAN_POINT('',(220.24574558765,-213.4411620591));
#3153 = CARTESIAN_POINT('',(220.21534634248,-213.8159006658));
#3154 = CARTESIAN_POINT('',(220.18296760113,-214.1904718458));
#3155 = CARTESIAN_POINT('',(220.14853311056,-214.5648568512));
#3156 = CARTESIAN_POINT('',(220.11196661777,-214.9390369339));
#3157 = CARTESIAN_POINT('',(220.07319186972,-215.3129933459));
#3158 = CARTESIAN_POINT('',(220.00475882333,-215.9358586712));
#3159 = CARTESIAN_POINT('',(219.97636995953,-216.1849008357));
#3160 = CARTESIAN_POINT('',(219.94694367526,-216.4338276428));
#3161 = CARTESIAN_POINT('',(219.91645715871,-216.6826317237));
#3162 = CARTESIAN_POINT('',(219.88488713299,-216.9313045308));
#3163 = CARTESIAN_POINT('',(219.85220985613,-217.1798363377));
#3164 = CARTESIAN_POINT('',(219.81840112107,-217.4282162393));
#3165 = CARTESIAN_POINT('',(219.72516029908,-218.0901337219));
#3166 = CARTESIAN_POINT('',(219.66367410653,-218.50338155));
#3167 = CARTESIAN_POINT('',(219.59886739987,-218.9161235405));
#3168 = CARTESIAN_POINT('',(219.53062990092,-219.3283075979));
#3169 = CARTESIAN_POINT('',(219.45885133153,-219.739881627));
#3170 = CARTESIAN_POINT('',(219.38342141354,-220.1507935325));
#3171 = CARTESIAN_POINT('',(219.30422986878,-220.560991219));
#3172 = CARTESIAN_POINT('',(219.12979725958,-221.4207939699));
#3173 = CARTESIAN_POINT('',(219.0337406872,-221.8702501962));
#3174 = CARTESIAN_POINT('',(218.9328541259,-222.3187094469));
#3175 = CARTESIAN_POINT('',(218.82699522172,-222.7660299532));
#3176 = CARTESIAN_POINT('',(218.7160214644,-223.2121000425));
#3177 = CARTESIAN_POINT('',(218.59979040148,-223.6568163476));
#3178 = CARTESIAN_POINT('',(218.4781598827,-224.1000479233));
#3179 = CARTESIAN_POINT('',(218.21224802732,-225.0234915304));
#3180 = CARTESIAN_POINT('',(218.06690948164,-225.5034030957));
#3181 = CARTESIAN_POINT('',(217.91481608593,-225.9812285484));
#3182 = CARTESIAN_POINT('',(217.75568576193,-226.4569232023));
#3183 = CARTESIAN_POINT('',(217.58952647736,-226.9301077201));
#3184 = CARTESIAN_POINT('',(217.4160721958,-227.4007018519));
#3185 = CARTESIAN_POINT('',(217.23522673847,-227.8684358843));
#3186 = CARTESIAN_POINT('',(216.90553055115,-228.6816115265));
#3187 = CARTESIAN_POINT('',(216.75999349638,-229.0283871057));
#3188 = CARTESIAN_POINT('',(216.61013423704,-229.3733535696));
#3189 = CARTESIAN_POINT('',(216.45589235917,-229.7164205417));
#3190 = CARTESIAN_POINT('',(216.29722499564,-230.0574891594));
#3191 = CARTESIAN_POINT('',(216.1341012722,-230.3964531146));
#3192 = CARTESIAN_POINT('',(215.96649675337,-230.7331996949));
#3193 = CARTESIAN_POINT('',(215.66052415325,-231.3277108642));
#3194 = CARTESIAN_POINT('',(215.52393335612,-231.586403287));
#3195 = CARTESIAN_POINT('',(215.38459944206,-231.8436368474));
#3196 = CARTESIAN_POINT('',(215.24250730206,-232.0993604861));
#3197 = CARTESIAN_POINT('',(215.09764277307,-232.353523329));
#3198 = CARTESIAN_POINT('',(214.94999263804,-232.6060746871));
#3199 = CARTESIAN_POINT('',(214.79954462591,-232.8569640567));
#3200 = CARTESIAN_POINT('',(214.42734913921,-233.4621073666));
#3201 = CARTESIAN_POINT('',(214.20269386975,-233.8145773515));
#3202 = CARTESIAN_POINT('',(213.97234310091,-234.1634022331));
#3203 = CARTESIAN_POINT('',(213.73631833035,-234.508433171));
#3204 = CARTESIAN_POINT('',(213.49464105577,-234.8495213246));
#3205 = CARTESIAN_POINT('',(213.24733277484,-235.1865178534));
#3206 = CARTESIAN_POINT('',(212.99441498523,-235.5192739171));
#3207 = CARTESIAN_POINT('',(212.45155286239,-236.2088440347));
#3208 = CARTESIAN_POINT('',(212.16042669192,-236.5647330886));
#3209 = CARTESIAN_POINT('',(211.86262123111,-236.9151378244));
#3210 = CARTESIAN_POINT('',(211.55827580564,-237.2599159284));
#3211 = CARTESIAN_POINT('',(211.24750209026,-237.5989090724));
#3212 = CARTESIAN_POINT('',(210.93040519456,-237.9319549836));
#3213 = CARTESIAN_POINT('',(210.60711525411,-238.2589056415));
#3214 = CARTESIAN_POINT('',(210.06814160366,-238.7836815063));
#3215 = CARTESIAN_POINT('',(209.85607483812,-238.9852248857));
#3216 = CARTESIAN_POINT('',(209.6415877523,-239.1842109168));
#3217 = CARTESIAN_POINT('',(209.4247261765,-239.3806187406));
#3218 = CARTESIAN_POINT('',(209.20553625006,-239.5744278046));
#3219 = CARTESIAN_POINT('',(208.98406442141,-239.7656178635));
#3220 = CARTESIAN_POINT('',(208.76035744799,-239.9541689787));
#3221 = CARTESIAN_POINT('',(208.21176263332,-240.4056161562));
#3222 = CARTESIAN_POINT('',(207.88459511211,-240.6657465056));
#3223 = CARTESIAN_POINT('',(207.55310124981,-240.9203999488));
#3224 = CARTESIAN_POINT('',(207.21739783498,-241.169485939));
#3225 = CARTESIAN_POINT('',(206.87762063126,-241.4129619402));
#3226 = CARTESIAN_POINT('',(206.53393593379,-241.6508541223));
#3227 = CARTESIAN_POINT('',(206.18652007837,-241.8832128117));
#3228 = CARTESIAN_POINT('',(205.44939555759,-242.3594695384));
#3229 = CARTESIAN_POINT('',(205.05892357181,-242.602211872));
#3230 = CARTESIAN_POINT('',(204.66430463704,-242.8382660511));
#3231 = CARTESIAN_POINT('',(204.26574853057,-243.0675856148));
#3232 = CARTESIAN_POINT('',(203.8634480759,-243.2901696057));
#3233 = CARTESIAN_POINT('',(203.4575906418,-243.5061059713));
#3234 = CARTESIAN_POINT('',(203.04836578338,-243.7155285366));
#3235 = CARTESIAN_POINT('',(202.33599827279,-244.0660899093));
#3236 = CARTESIAN_POINT('',(202.03436481076,-244.2102795179));
#3237 = CARTESIAN_POINT('',(201.73111560402,-244.3510804358));
#3238 = CARTESIAN_POINT('',(201.42632376329,-244.4885208051));
#3239 = CARTESIAN_POINT('',(201.12006014802,-244.6226313365));
#3240 = CARTESIAN_POINT('',(200.81239336632,-244.7534453093));
#3241 = CARTESIAN_POINT('',(200.50338977501,-244.8809985711));
#3242 = CARTESIAN_POINT('',(199.84404993982,-245.1452029605));
#3243 = CARTESIAN_POINT('',(199.4933652741,-245.2810068926));
#3244 = CARTESIAN_POINT('',(199.14113882998,-245.4128072945));
#3245 = CARTESIAN_POINT('',(198.78744995501,-245.5406701264));
#3246 = CARTESIAN_POINT('',(198.43237799675,-245.6646613488));
#3247 = CARTESIAN_POINT('',(198.07600230276,-245.7848469218));
#3248 = CARTESIAN_POINT('',(197.7184022206,-245.9012928057));
#3249 = CARTESIAN_POINT('',(197.00092908151,-246.1268317387));
#3250 = CARTESIAN_POINT('',(196.64105293945,-246.2359263309));
#3251 = CARTESIAN_POINT('',(196.28010537783,-246.3414149074));
#3252 = CARTESIAN_POINT('',(195.91815043892,-246.4433676201));
#3253 = CARTESIAN_POINT('',(195.55524399736,-246.5418572322));
#3254 = CARTESIAN_POINT('',(195.1914382564,-246.6369577478));
#3255 = CARTESIAN_POINT('',(194.82678624417,-246.7287430411));
#3256 = CARTESIAN_POINT('',(194.17711562386,-246.8861517416));
#3257 = CARTESIAN_POINT('',(193.89240496891,-246.9530570597));
#3258 = CARTESIAN_POINT('',(193.60723958422,-247.0180361165));
#3259 = CARTESIAN_POINT('',(193.32164461222,-247.081123572));
#3260 = CARTESIAN_POINT('',(193.03564509875,-247.1423540698));
#3261 = CARTESIAN_POINT('',(192.74926599303,-247.2017622374));
#3262 = CARTESIAN_POINT('',(192.46253214764,-247.259382686));
#3263 = CARTESIAN_POINT('',(191.7653768017,-247.3950605385));
#3264 = CARTESIAN_POINT('',(191.35460693313,-247.471293233));
#3265 = CARTESIAN_POINT('',(190.94320489639,-247.544048437));
#3266 = CARTESIAN_POINT('',(190.53121687502,-247.6134264937));
#3267 = CARTESIAN_POINT('',(190.11868905257,-247.6795277461));
#3268 = CARTESIAN_POINT('',(189.7056676126,-247.7424525376));
#3269 = CARTESIAN_POINT('',(189.29219873866,-247.8023012111));
#3270 = CARTESIAN_POINT('',(188.42307354883,-247.921734014));
#3271 = CARTESIAN_POINT('',(187.96733022309,-247.9806973388));
#3272 = CARTESIAN_POINT('',(187.51115001321,-248.0361801837));
#3273 = CARTESIAN_POINT('',(187.05463424471,-248.0883431994));
#3274 = CARTESIAN_POINT('',(186.59783157351,-248.1373154461));
#3275 = CARTESIAN_POINT('',(186.14074576804,-248.1832022325));
#3276 = CARTESIAN_POINT('',(185.68338030645,-248.2261184374));
#3277 = CARTESIAN_POINT('',(184.60158728802,-248.3208400978));
#3278 = CARTESIAN_POINT('',(183.97695413416,-248.3701925007));
#3279 = CARTESIAN_POINT('',(183.35190316621,-248.414543919));
#3280 = CARTESIAN_POINT('',(182.72649231392,-248.4541968286));
#3281 = CARTESIAN_POINT('',(182.10075949673,-248.4894444027));
#3282 = CARTESIAN_POINT('',(181.47476987331,-248.5206000798));
#3283 = CARTESIAN_POINT('',(180.84853843796,-248.5479477241));
#3284 = CARTESIAN_POINT('',(179.59552579169,-248.5956680002));
#3285 = CARTESIAN_POINT('',(178.96874422762,-248.6160374758));
#3286 = CARTESIAN_POINT('',(178.3418307676,-248.6332209145));
#3287 = CARTESIAN_POINT('',(177.71483138741,-248.6475261927));
#3288 = CARTESIAN_POINT('',(177.08778958271,-248.6592608233));
#3289 = CARTESIAN_POINT('',(176.46074636903,-248.6687319561));
#3290 = CARTESIAN_POINT('',(175.83374028182,-248.6762463776));
#3291 = CARTESIAN_POINT('',(174.58044885915,-248.687969272));
#3292 = CARTESIAN_POINT('',(173.95416477646,-248.6921808838));
#3293 = CARTESIAN_POINT('',(173.32799115669,-248.6950512392));
#3294 = CARTESIAN_POINT('',(172.70196341541,-248.696886141));
#3295 = CARTESIAN_POINT('',(172.07611638938,-248.6979915855));
#3296 = CARTESIAN_POINT('',(171.45048437043,-248.6986740465));
#3297 = CARTESIAN_POINT('',(170.82510113939,-248.6992407584));
#3298 = CARTESIAN_POINT('',(170.2,-248.7));
#3299 = ( GEOMETRIC_REPRESENTATION_CONTEXT(2) 
PARAMETRIC_REPRESENTATION_CONTEXT() REPRESENTATION_CONTEXT('2D SPACE',''
  ) );
#3300 = ADVANCED_FACE('',(#3301,#3708),#1138,.F.);
#3301 = FACE_BOUND('',#3302,.F.);
#3302 = EDGE_LOOP('',(#3303));
#3303 = ORIENTED_EDGE('',*,*,#3304,.F.);
#3304 = EDGE_CURVE('',#3305,#3305,#3307,.T.);
#3305 = VERTEX_POINT('',#3306);
#3306 = CARTESIAN_POINT('',(-270.,21.,-22.));
#3307 = SURFACE_CURVE('',#3308,(#3376,#3447),.PCURVE_S1.);
#3308 = B_SPLINE_CURVE_WITH_KNOTS('',3,(#3309,#3310,#3311,#3312,#3313,
    #3314,#3315,#3316,#3317,#3318,#3319,#3320,#3321,#3322,#3323,#3324,
    #3325,#3326,#3327,#3328,#3329,#3330,#3331,#3332,#3333,#3334,#3335,
    #3336,#3337,#3338,#3339,#3340,#3341,#3342,#3343,#3344,#3345,#3346,
    #3347,#3348,#3349,#3350,#3351,#3352,#3353,#3354,#3355,#3356,#3357,
    #3358,#3359,#3360,#3361,#3362,#3363,#3364,#3365,#3366,#3367,#3368,
    #3369,#3370,#3371,#3372,#3373,#3374,#3375),.UNSPECIFIED.,.T.,.F.,(1,
    1,2,1,1,1,1,1,1,1,1,1,1,1,1,1,1,1,1,1,1,1,1,1,1,1,1,1,1,1,1,1,1,1,1,
    1,1,1,1,1,1,1,1,1,1,1,1,1,1,1,1,1,1,1,1,1,1,1,1,1,1,1,1,1,1,1,2,1,1)
  ,(-7.072254480875,-4.464816040352,0.,4.464816040352,7.072254480875,
    9.24143254056,11.162863081838,12.921808345339,14.571344231349,
    16.152019784496,17.699208056431,19.246396328367,20.827071881514,
    22.476607767523,24.235553031025,26.156983572302,28.326161631988,
    30.933600072511,35.398416112536,39.863232153214,42.470670593737,
    44.639848653423,46.5612791947,48.320224458202,49.969760344211,
    51.550435897358,53.097624169294,54.644812441229,56.225487994376,
    57.875023880385,59.633969143887,61.555399685165,63.72457774485,
    66.332016185373,70.796832225207,75.261648266076,77.8690867066,
    80.038264766285,81.959695307563,83.718640571064,85.368176457074,
    86.948852010221,88.496040282156,90.043228554092,91.623904107238,
    93.273439993248,95.03238525675,96.953815798027,99.122993857713,
    101.73043229823,106.1952483379,110.66006437893,113.26750281946,
    115.43668087914,117.35811142042,119.11705668392,120.76659256993,
    122.34726812308,123.89445639501,125.44164466695,127.0223202201,
    128.67185610611,130.43080136961,132.35223191089,134.52140997057,
    137.12884841109,141.59366445145,146.0584804918,148.66591893232),
  .UNSPECIFIED.);
#3309 = CARTESIAN_POINT('',(-270.,21.001736025643,-23.48317514835));
#3310 = CARTESIAN_POINT('',(-270.,20.998263974357,-20.51682485165));
#3311 = CARTESIAN_POINT('',(-270.,21.000735515834,-18.15163928259));
#3312 = CARTESIAN_POINT('',(-270.,20.778223958674,-15.07812722135));
#3313 = CARTESIAN_POINT('',(-270.,20.440260967034,-12.86815220895));
#3314 = CARTESIAN_POINT('',(-270.,19.967088072171,-10.97338262254));
#3315 = CARTESIAN_POINT('',(-270.,19.357263549755,-9.300846719652));
#3316 = CARTESIAN_POINT('',(-270.,18.609355643046,-7.810992687678));
#3317 = CARTESIAN_POINT('',(-270.,17.721654366894,-6.48371350125));
#3318 = CARTESIAN_POINT('',(-270.,16.691820486918,-5.308179547961));
#3319 = CARTESIAN_POINT('',(-270.,15.516286311863,-4.278345678969));
#3320 = CARTESIAN_POINT('',(-270.,14.189008055527,-3.390644128237));
#3321 = CARTESIAN_POINT('',(-270.,12.699150287528,-2.642737384517));
#3322 = CARTESIAN_POINT('',(-270.,11.026629828394,-2.03290803701));
#3323 = CARTESIAN_POINT('',(-270.,9.131793828772,-1.559755897011));
#3324 = CARTESIAN_POINT('',(-270.,6.922122371152,-1.22169803939));
#3325 = CARTESIAN_POINT('',(-270.,3.846873928197,-0.999729131506));
#3326 = CARTESIAN_POINT('',(-270.,1.067802574352E-10,-1.000171003178));
#3327 = CARTESIAN_POINT('',(-270.,-3.846873927974,-0.99972913151));
#3328 = CARTESIAN_POINT('',(-270.,-6.922122371164,-1.221698039352));
#3329 = CARTESIAN_POINT('',(-270.,-9.131793828738,-1.55975589712));
#3330 = CARTESIAN_POINT('',(-270.,-11.0266298285,-2.032908036663));
#3331 = CARTESIAN_POINT('',(-270.,-12.69915028716,-2.642737385665));
#3332 = CARTESIAN_POINT('',(-270.,-14.18900805675,-3.390644124306));
#3333 = CARTESIAN_POINT('',(-270.,-15.51628630751,-4.278345692869));
#3334 = CARTESIAN_POINT('',(-270.,-16.69182050277,-5.308179497227));
#3335 = CARTESIAN_POINT('',(-270.,-17.72165430713,-6.483713692481));
#3336 = CARTESIAN_POINT('',(-270.,-18.60935587569,-7.810991943244));
#3337 = CARTESIAN_POINT('',(-270.,-19.35726261433,-9.300849712831));
#3338 = CARTESIAN_POINT('',(-270.,-19.96709196333,-10.97337017149));
#3339 = CARTESIAN_POINT('',(-270.,-20.44024410288,-12.86820617126));
#3340 = CARTESIAN_POINT('',(-270.,-20.77830196064,-15.07787762883));
#3341 = CARTESIAN_POINT('',(-270.,-21.00027086847,-18.15312607174));
#3342 = CARTESIAN_POINT('',(-270.,-20.99982899682,-21.99999999982));
#3343 = CARTESIAN_POINT('',(-270.,-21.00027086849,-25.84687392791));
#3344 = CARTESIAN_POINT('',(-270.,-20.77830196064,-28.92212237116));
#3345 = CARTESIAN_POINT('',(-270.,-20.44024410288,-31.13179382873));
#3346 = CARTESIAN_POINT('',(-270.,-19.96709196333,-33.0266298285));
#3347 = CARTESIAN_POINT('',(-270.,-19.35726261433,-34.69915028716));
#3348 = CARTESIAN_POINT('',(-270.,-18.60935587569,-36.18900805675));
#3349 = CARTESIAN_POINT('',(-270.,-17.72165430713,-37.51628630751));
#3350 = CARTESIAN_POINT('',(-270.,-16.69182050277,-38.69182050277));
#3351 = CARTESIAN_POINT('',(-270.,-15.51628630751,-39.72165430713));
#3352 = CARTESIAN_POINT('',(-270.,-14.18900805675,-40.60935587569));
#3353 = CARTESIAN_POINT('',(-270.,-12.69915028716,-41.35726261433));
#3354 = CARTESIAN_POINT('',(-270.,-11.0266298285,-41.96709196333));
#3355 = CARTESIAN_POINT('',(-270.,-9.131793828738,-42.44024410288));
#3356 = CARTESIAN_POINT('',(-270.,-6.922122371164,-42.77830196064));
#3357 = CARTESIAN_POINT('',(-270.,-3.846873928309,-43.00027086846));
#3358 = CARTESIAN_POINT('',(-270.,-2.242898107676E-10,-42.99982899682));
#3359 = CARTESIAN_POINT('',(-270.,3.846873927851,-43.00027086851));
#3360 = CARTESIAN_POINT('',(-270.,6.922122371175,-42.77830196061));
#3361 = CARTESIAN_POINT('',(-270.,9.131793828703,-42.44024410298));
#3362 = CARTESIAN_POINT('',(-270.,11.026629828611,-41.96709196299));
#3363 = CARTESIAN_POINT('',(-270.,12.69915028681,-41.35726261548));
#3364 = CARTESIAN_POINT('',(-270.,14.189008057984,-40.60935587176));
#3365 = CARTESIAN_POINT('',(-270.,15.516286303175,-39.72165432103));
#3366 = CARTESIAN_POINT('',(-270.,16.691820518628,-38.69182045203));
#3367 = CARTESIAN_POINT('',(-270.,17.721654247368,-37.51628649875));
#3368 = CARTESIAN_POINT('',(-270.,18.609356108343,-36.18900731232));
#3369 = CARTESIAN_POINT('',(-270.,19.357261678915,-34.69915328034));
#3370 = CARTESIAN_POINT('',(-270.,19.967095854503,-33.02661737745));
#3371 = CARTESIAN_POINT('',(-270.,20.440227238725,-31.13184779104));
#3372 = CARTESIAN_POINT('',(-270.,20.778379962621,-28.92187277864));
#3373 = CARTESIAN_POINT('',(-270.,20.99980622113,-25.8483607174));
#3374 = CARTESIAN_POINT('',(-270.,21.001736025643,-23.48317514835));
#3375 = CARTESIAN_POINT('',(-270.,20.998263974357,-20.51682485165));
#3376 = PCURVE('',#1138,#3377);
#3377 = DEFINITIONAL_REPRESENTATION('',(#3378),#3446);
#3378 = B_SPLINE_CURVE_WITH_KNOTS('',3,(#3379,#3380,#3381,#3382,#3383,
    #3384,#3385,#3386,#3387,#3388,#3389,#3390,#3391,#3392,#3393,#3394,
    #3395,#3396,#3397,#3398,#3399,#3400,#3401,#3402,#3403,#3404,#3405,
    #3406,#3407,#3408,#3409,#3410,#3411,#3412,#3413,#3414,#3415,#3416,
    #3417,#3418,#3419,#3420,#3421,#3422,#3423,#3424,#3425,#3426,#3427,
    #3428,#3429,#3430,#3431,#3432,#3433,#3434,#3435,#3436,#3437,#3438,
    #3439,#3440,#3441,#3442,#3443,#3444,#3445),.UNSPECIFIED.,.F.,.F.,(1,
    1,2,1,1,1,1,1,1,1,1,1,1,1,1,1,1,1,1,1,1,1,1,1,1,1,1,1,1,1,1,1,1,1,1,
    1,1,1,1,1,1,1,1,1,1,1,1,1,1,1,1,1,1,1,1,1,1,1,1,1,1,1,1,1,1,1,2,1,1)
  ,(-7.072254480875,-4.464816040352,0.,4.464816040352,7.072254480875,
    9.24143254056,11.162863081838,12.921808345339,14.571344231349,
    16.152019784496,17.699208056431,19.246396328367,20.827071881514,
    22.476607767523,24.235553031025,26.156983572302,28.326161631988,
    30.933600072511,35.398416112536,39.863232153214,42.470670593737,
    44.639848653423,46.5612791947,48.320224458202,49.969760344211,
    51.550435897358,53.097624169294,54.644812441229,56.225487994376,
    57.875023880385,59.633969143887,61.555399685165,63.72457774485,
    66.332016185373,70.796832225207,75.261648266076,77.8690867066,
    80.038264766285,81.959695307563,83.718640571064,85.368176457074,
    86.948852010221,88.496040282156,90.043228554092,91.623904107238,
    93.273439993248,95.03238525675,96.953815798027,99.122993857713,
    101.73043229823,106.1952483379,110.66006437893,113.26750281946,
    115.43668087914,117.35811142042,119.11705668392,120.76659256993,
    122.34726812308,123.89445639501,125.44164466695,127.0223202201,
    128.67185610611,130.43080136961,132.35223191089,134.52140997057,
    137.12884841109,141.59366445145,146.0584804918,148.66591893232),
  .UNSPECIFIED.);
#3379 = CARTESIAN_POINT('',(0.306929691606,-1.451070535459));
#3380 = CARTESIAN_POINT('',(-0.306929691606,1.451070535459));
#3381 = CARTESIAN_POINT('',(-0.801508710554,3.763969253215));
#3382 = CARTESIAN_POINT('',(-1.223422080951,6.816505394125));
#3383 = CARTESIAN_POINT('',(-1.352721367967,9.048430624397));
#3384 = CARTESIAN_POINT('',(-1.284180639694,11.000185358627));
#3385 = CARTESIAN_POINT('',(-1.035735831572,12.763006243434));
#3386 = CARTESIAN_POINT('',(-0.614216698545,14.375877253155));
#3387 = CARTESIAN_POINT('',(-2.213467291955E-02,15.858821105545));
#3388 = CARTESIAN_POINT('',(0.74054478641,17.222917120493));
#3389 = CARTESIAN_POINT('',(1.676053366224,18.474820507955));
#3390 = CARTESIAN_POINT('',(2.789560156185,19.619278563816));
#3391 = CARTESIAN_POINT('',(4.091177002358,20.660832331956));
#3392 = CARTESIAN_POINT('',(5.600190106078,21.605340654898));
#3393 = CARTESIAN_POINT('',(7.355092979101,22.462424267682));
#3394 = CARTESIAN_POINT('',(9.446050946618,23.252883528995));
#3395 = CARTESIAN_POINT('',(12.407795378886,24.109909257834));
#3396 = CARTESIAN_POINT('',(16.170555385399,24.909956973448));
#3397 = CARTESIAN_POINT('',(19.933131497445,25.710869087764));
#3398 = CARTESIAN_POINT('',(22.987253094266,26.133674545656));
#3399 = CARTESIAN_POINT('',(25.21890115465,26.262817877654));
#3400 = CARTESIAN_POINT('',(27.170716529596,26.194311270057));
#3401 = CARTESIAN_POINT('',(28.933523312589,25.945858527276));
#3402 = CARTESIAN_POINT('',(30.54639773505,25.524341314494));
#3403 = CARTESIAN_POINT('',(32.029340733102,24.932258808158));
#3404 = CARTESIAN_POINT('',(33.393436968984,24.169579473142));
#3405 = CARTESIAN_POINT('',(34.64534029743,23.234070860121));
#3406 = CARTESIAN_POINT('',(35.789798369573,22.120564079322));
#3407 = CARTESIAN_POINT('',(36.831352133075,20.818947230538));
#3408 = CARTESIAN_POINT('',(37.775860457382,19.309934127587));
#3409 = CARTESIAN_POINT('',(38.632944069749,17.555031254329));
#3410 = CARTESIAN_POINT('',(39.423403331196,15.464073286887));
#3411 = CARTESIAN_POINT('',(40.280429059966,12.502328854651));
#3412 = CARTESIAN_POINT('',(41.080476775608,8.739568848153));
#3413 = CARTESIAN_POINT('',(41.881388889921,4.976992736104));
#3414 = CARTESIAN_POINT('',(42.304194347823,1.92287113922));
#3415 = CARTESIAN_POINT('',(42.433337679822,-0.308776921164));
#3416 = CARTESIAN_POINT('',(42.364831072224,-2.260592296109));
#3417 = CARTESIAN_POINT('',(42.116378329443,-4.023399079103));
#3418 = CARTESIAN_POINT('',(41.694861116661,-5.636273501564));
#3419 = CARTESIAN_POINT('',(41.102778610326,-7.119216499616));
#3420 = CARTESIAN_POINT('',(40.340099275309,-8.483312735498));
#3421 = CARTESIAN_POINT('',(39.404590662288,-9.735216063944));
#3422 = CARTESIAN_POINT('',(38.291083881489,-10.87967413608));
#3423 = CARTESIAN_POINT('',(36.989467032705,-11.92122789958));
#3424 = CARTESIAN_POINT('',(35.480453929754,-12.86573622389));
#3425 = CARTESIAN_POINT('',(33.725551056496,-13.72281983626));
#3426 = CARTESIAN_POINT('',(31.634593089054,-14.51327909771));
#3427 = CARTESIAN_POINT('',(28.672848656871,-15.37030482646));
#3428 = CARTESIAN_POINT('',(24.910088650369,-16.1703525421));
#3429 = CARTESIAN_POINT('',(21.147512538334,-16.97126465644));
#3430 = CARTESIAN_POINT('',(18.093390941368,-17.3940701143));
#3431 = CARTESIAN_POINT('',(15.86174288106,-17.52321344643));
#3432 = CARTESIAN_POINT('',(13.90992750588,-17.45470683842));
#3433 = CARTESIAN_POINT('',(12.147120723655,-17.206254097));
#3434 = CARTESIAN_POINT('',(10.534246298583,-16.78473687958));
#3435 = CARTESIAN_POINT('',(9.051303309693,-16.19265438953));
#3436 = CARTESIAN_POINT('',(7.687207040604,-15.42997499549));
#3437 = CARTESIAN_POINT('',(6.435303836471,-14.49446660341));
#3438 = CARTESIAN_POINT('',(5.290845283618,-13.38095896827));
#3439 = CARTESIAN_POINT('',(4.249293440361,-12.07934553223));
#3440 = CARTESIAN_POINT('',(3.304777181395,-10.57031832746));
#3441 = CARTESIAN_POINT('',(2.447727689704,-8.815476094924));
#3442 = CARTESIAN_POINT('',(1.657112473239,-6.724240957595));
#3443 = CARTESIAN_POINT('',(0.800978831902,-3.764081980995));
#3444 = CARTESIAN_POINT('',(0.306929691606,-1.451070535459));
#3445 = CARTESIAN_POINT('',(-0.306929691606,1.451070535459));
#3446 = ( GEOMETRIC_REPRESENTATION_CONTEXT(2) 
PARAMETRIC_REPRESENTATION_CONTEXT() REPRESENTATION_CONTEXT('2D SPACE',''
  ) );
#3447 = PCURVE('',#3448,#3703);
#3448 = B_SPLINE_SURFACE_WITH_KNOTS('',3,1,(
    (#3449,#3450)
    ,(#3451,#3452)
    ,(#3453,#3454)
    ,(#3455,#3456)
    ,(#3457,#3458)
    ,(#3459,#3460)
    ,(#3461,#3462)
    ,(#3463,#3464)
    ,(#3465,#3466)
    ,(#3467,#3468)
    ,(#3469,#3470)
    ,(#3471,#3472)
    ,(#3473,#3474)
    ,(#3475,#3476)
    ,(#3477,#3478)
    ,(#3479,#3480)
    ,(#3481,#3482)
    ,(#3483,#3484)
    ,(#3485,#3486)
    ,(#3487,#3488)
    ,(#3489,#3490)
    ,(#3491,#3492)
    ,(#3493,#3494)
    ,(#3495,#3496)
    ,(#3497,#3498)
    ,(#3499,#3500)
    ,(#3501,#3502)
    ,(#3503,#3504)
    ,(#3505,#3506)
    ,(#3507,#3508)
    ,(#3509,#3510)
    ,(#3511,#3512)
    ,(#3513,#3514)
    ,(#3515,#3516)
    ,(#3517,#3518)
    ,(#3519,#3520)
    ,(#3521,#3522)
    ,(#3523,#3524)
    ,(#3525,#3526)
    ,(#3527,#3528)
    ,(#3529,#3530)
    ,(#3531,#3532)
    ,(#3533,#3534)
    ,(#3535,#3536)
    ,(#3537,#3538)
    ,(#3539,#3540)
    ,(#3541,#3542)
    ,(#3543,#3544)
    ,(#3545,#3546)
    ,(#3547,#3548)
    ,(#3549,#3550)
    ,(#3551,#3552)
    ,(#3553,#3554)
    ,(#3555,#3556)
    ,(#3557,#3558)
    ,(#3559,#3560)
    ,(#3561,#3562)
    ,(#3563,#3564)
    ,(#3565,#3566)
    ,(#3567,#3568)
    ,(#3569,#3570)
    ,(#3571,#3572)
    ,(#3573,#3574)
    ,(#3575,#3576)
    ,(#3577,#3578)
    ,(#3579,#3580)
    ,(#3581,#3582)
    ,(#3583,#3584)
    ,(#3585,#3586)
    ,(#3587,#3588)
    ,(#3589,#3590)
    ,(#3591,#3592)
    ,(#3593,#3594)
    ,(#3595,#3596)
    ,(#3597,#3598)
    ,(#3599,#3600)
    ,(#3601,#3602)
    ,(#3603,#3604)
    ,(#3605,#3606)
    ,(#3607,#3608)
    ,(#3609,#3610)
    ,(#3611,#3612)
    ,(#3613,#3614)
    ,(#3615,#3616)
    ,(#3617,#3618)
    ,(#3619,#3620)
    ,(#3621,#3622)
    ,(#3623,#3624)
    ,(#3625,#3626)
    ,(#3627,#3628)
    ,(#3629,#3630)
    ,(#3631,#3632)
    ,(#3633,#3634)
    ,(#3635,#3636)
    ,(#3637,#3638)
    ,(#3639,#3640)
    ,(#3641,#3642)
    ,(#3643,#3644)
    ,(#3645,#3646)
    ,(#3647,#3648)
    ,(#3649,#3650)
    ,(#3651,#3652)
    ,(#3653,#3654)
    ,(#3655,#3656)
    ,(#3657,#3658)
    ,(#3659,#3660)
    ,(#3661,#3662)
    ,(#3663,#3664)
    ,(#3665,#3666)
    ,(#3667,#3668)
    ,(#3669,#3670)
    ,(#3671,#3672)
    ,(#3673,#3674)
    ,(#3675,#3676)
    ,(#3677,#3678)
    ,(#3679,#3680)
    ,(#3681,#3682)
    ,(#3683,#3684)
    ,(#3685,#3686)
    ,(#3687,#3688)
    ,(#3689,#3690)
    ,(#3691,#3692)
    ,(#3693,#3694)
    ,(#3695,#3696)
    ,(#3697,#3698)
    ,(#3699,#3700)
    ,(#3701,#3702
    )),.UNSPECIFIED.,.T.,.F.,.F.,(1,1,2,1,1,1,1,1,1,1,1,1,1,1,1,1,1,1,1,
    1,1,1,1,1,1,1,1,1,1,1,1,1,1,1,1,1,1,1,1,1,1,1,1,1,1,1,1,1,1,1,1,1,1,
    1,1,1,1,1,1,1,1,1,1,1,1,1,1,1,1,1,1,1,1,1,1,1,1,1,1,1,1,1,1,1,1,1,1,
    1,1,1,1,1,1,1,1,1,1,1,1,1,1,1,1,1,1,1,1,1,1,1,1,1,1,1,1,1,1,1,1,1,1,
    1,1,1,1,1,2,1,1),(2,2),(-8.716973836758,-8.61091652602,0.,
    8.61091652602,8.716973836758,13.639664531573,13.806947853659,
    17.823176468731,18.039540898439,21.528878529455,21.785437205535,
    24.921208851906,25.209675504931,28.10253047697,28.414385373421,
    31.151046948837,31.47728763177,34.134979307811,34.466178790175,
    37.118911666786,37.445460858466,40.167428138653,40.479847954966,
    43.348749763716,43.63794778474,46.741080086167,46.998430106924,
    50.446782146892,50.663894226016,54.63029408405,54.798191050392,
    59.659042089603,59.765497955251,68.269958614994,76.774419275994,
    76.880875141642,81.741726180854,81.909623147195,85.87602300523,
    86.093135084353,89.541487124322,89.798837145078,92.901969446505,
    93.191167467529,96.06006927628,96.372489092593,99.094456372779,
    99.42100556446,102.07373844107,102.40493792343,105.06262959947,
    105.3888702824,108.12553185782,108.43738675427,111.33024172631,
    111.61870837933,114.75448002571,115.01103870179,118.5003763328,
    118.71674076251,122.73296937758,122.90025269967,127.82294339448,
    127.92900070522,136.53991723024,145.15083375726,145.256891068,
    150.17958176281,150.3468650849,154.36309369997,154.57945812968,
    158.0687957607,158.32535443678,161.46112608315,161.74959273617,
    164.64244770821,164.95430260466,167.69096418008,168.01720486301,
    170.67489653905,171.00609602142,173.65882889803,173.98537808971,
    176.70734536989,177.01976518621,179.88866699496,180.17786501598,
    183.28099731741,183.53834733816,186.98669937813,187.20381145726,
    191.17021131529,191.33810828163,196.19895932084,196.30541518649,
    204.80987584556,213.31433650723,213.42079237288,218.28164341209,
    218.44954037844,222.41594023647,222.63305231559,226.08140435556,
    226.33875437632,229.44188667775,229.73108469877,232.59998650752,
    232.91240632383,235.63437360402,235.9609227957,238.61365567231,
    238.94485515468,241.60254683072,241.92878751365,244.66544908907,
    244.97730398552,247.87015895755,248.15862561058,251.29439725695,
    251.55095593303,255.04029356405,255.25665799376,259.27288660883,
    259.44016993091,264.36286062573,264.46891793647,273.07983446249,
    281.69075098851,281.79680829924),(0.,1.),.UNSPECIFIED.);
#3449 = CARTESIAN_POINT('',(-270.,21.001736025643,-23.48317514835));
#3450 = CARTESIAN_POINT('',(-240.,40.0034426154,-29.86092435678));
#3451 = CARTESIAN_POINT('',(-270.,20.998263974357,-20.51682485165));
#3452 = CARTESIAN_POINT('',(-240.,39.9965573846,-24.13907564321));
#3453 = CARTESIAN_POINT('',(-270.,20.999843511914,-19.00525829685));
#3454 = CARTESIAN_POINT('',(-240.,39.999593823279,-21.22451176277));
#3455 = CARTESIAN_POINT('',(-270.,20.891909380069,-16.64844347056));
#3456 = CARTESIAN_POINT('',(-240.,39.80158524813,-16.67868455672));
#3457 = CARTESIAN_POINT('',(-270.,20.826221868683,-15.75249725631));
#3458 = CARTESIAN_POINT('',(-240.,39.681017200416,-14.95029233511));
#3459 = CARTESIAN_POINT('',(-270.,20.642284071896,-14.1892022195));
#3460 = CARTESIAN_POINT('',(-240.,39.343275344731,-11.93349593591));
#3461 = CARTESIAN_POINT('',(-270.,20.525701198262,-13.43677307881));
#3462 = CARTESIAN_POINT('',(-240.,39.129247839697,-10.48081532239));
#3463 = CARTESIAN_POINT('',(-270.,20.255720430877,-12.12917962796));
#3464 = CARTESIAN_POINT('',(-240.,38.633308583289,-7.954104266559));
#3465 = CARTESIAN_POINT('',(-270.,20.087434965762,-11.46433937594));
#3466 = CARTESIAN_POINT('',(-240.,38.324056101214,-6.668181503816));
#3467 = CARTESIAN_POINT('',(-270.,19.732026242452,-10.3286900345));
#3468 = CARTESIAN_POINT('',(-240.,37.670186617371,-4.468473289109));
#3469 = CARTESIAN_POINT('',(-270.,19.51101869667,-9.730924882087));
#3470 = CARTESIAN_POINT('',(-240.,37.2631620657,-3.308771339428));
#3471 = CARTESIAN_POINT('',(-270.,19.071164092651,-8.730928383599));
#3472 = CARTESIAN_POINT('',(-240.,36.451639094864,-1.364553580883));
#3473 = CARTESIAN_POINT('',(-270.,18.796636577327,-8.191804293252));
#3474 = CARTESIAN_POINT('',(-240.,35.944200280006,-0.313936075559));
#3475 = CARTESIAN_POINT('',(-270.,18.272805338172,-7.307787130983));
#3476 = CARTESIAN_POINT('',(-240.,34.973514022872,1.413694221592));
#3477 = CARTESIAN_POINT('',(-270.,17.944545984888,-6.824026335339));
#3478 = CARTESIAN_POINT('',(-240.,34.363600176587,2.361945024585));
#3479 = CARTESIAN_POINT('',(-270.,17.336196034827,-6.043720832788));
#3480 = CARTESIAN_POINT('',(-240.,33.229725131934,3.896665851947));
#3481 = CARTESIAN_POINT('',(-270.,16.95461947296,-5.614430483618));
#3482 = CARTESIAN_POINT('',(-240.,32.516158430008,4.743920099902));
#3483 = CARTESIAN_POINT('',(-270.,16.25960154095,-4.929531509628));
#3484 = CARTESIAN_POINT('',(-240.,31.211895565904,6.100535182501));
#3485 = CARTESIAN_POINT('',(-270.,15.825503174785,-4.55466313227));
#3486 = CARTESIAN_POINT('',(-240.,30.394339726401,6.845685503035));
#3487 = CARTESIAN_POINT('',(-270.,15.039399004846,-3.959397033542));
#3488 = CARTESIAN_POINT('',(-240.,28.908695097011,8.032967223847));
#3489 = CARTESIAN_POINT('',(-270.,14.553344000402,-3.638867190605));
#3490 = CARTESIAN_POINT('',(-240.,27.986946742336,8.674341932198));
#3491 = CARTESIAN_POINT('',(-270.,13.668614229681,-3.129407075882));
#3492 = CARTESIAN_POINT('',(-240.,26.304009112326,9.6966286472));
#3493 = CARTESIAN_POINT('',(-270.,13.129954747814,-2.862687585041));
#3494 = CARTESIAN_POINT('',(-240.,25.276365935344,10.233235578162));
#3495 = CARTESIAN_POINT('',(-270.,12.134473255561,-2.436846554258));
#3496 = CARTESIAN_POINT('',(-240.,23.372629666365,11.091681290034));
#3497 = CARTESIAN_POINT('',(-270.,11.539864568483,-2.222912097539));
#3498 = CARTESIAN_POINT('',(-240.,22.232976269847,11.523767751921));
#3499 = CARTESIAN_POINT('',(-270.,10.413633459718,-1.879839093994));
#3500 = CARTESIAN_POINT('',(-240.,20.070775511257,12.217474751721));
#3501 = CARTESIAN_POINT('',(-270.,9.754365750742,-1.717332911582));
#3502 = CARTESIAN_POINT('',(-240.,18.803157569333,12.546467953388));
#3503 = CARTESIAN_POINT('',(-270.,8.460780054613,-1.457097432494));
#3504 = CARTESIAN_POINT('',(-240.,16.313386159979,13.073549369833));
#3505 = CARTESIAN_POINT('',(-270.,7.716300761827,-1.344629394595));
#3506 = CARTESIAN_POINT('',(-240.,14.879203897682,13.30149598772));
#3507 = CARTESIAN_POINT('',(-270.,6.171321105222,-1.16750582041));
#3508 = CARTESIAN_POINT('',(-240.,11.901464704141,13.660468459186));
#3509 = CARTESIAN_POINT('',(-270.,5.285260294828,-1.104340749277));
#3510 = CARTESIAN_POINT('',(-240.,10.192964430739,13.788524663064));
#3511 = CARTESIAN_POINT('',(-270.,2.95905523095,-0.999831110915));
#3512 = CARTESIAN_POINT('',(-240.,5.706971104791,14.000335906653));
#3513 = CARTESIAN_POINT('',(-270.,1.06816597234E-10,-1.000166801125));
#3514 = CARTESIAN_POINT('',(-240.,2.033376473642E-10,13.999668246128));
#3515 = CARTESIAN_POINT('',(-270.,-2.959055230728,-0.999831110919));
#3516 = CARTESIAN_POINT('',(-240.,-5.70697110437,14.000335906649));
#3517 = CARTESIAN_POINT('',(-270.,-5.28526029483,-1.10434074927));
#3518 = CARTESIAN_POINT('',(-240.,-10.19296443074,13.788524663079));
#3519 = CARTESIAN_POINT('',(-270.,-6.171321105229,-1.167505820387));
#3520 = CARTESIAN_POINT('',(-240.,-11.90146470415,13.660468459229));
#3521 = CARTESIAN_POINT('',(-270.,-7.716300761822,-1.344629394612));
#3522 = CARTESIAN_POINT('',(-240.,-14.87920389766,13.301495987681));
#3523 = CARTESIAN_POINT('',(-270.,-8.460780054592,-1.457097432559));
#3524 = CARTESIAN_POINT('',(-240.,-16.31338615993,13.073549369713));
#3525 = CARTESIAN_POINT('',(-270.,-9.754365750757,-1.717332911535));
#3526 = CARTESIAN_POINT('',(-240.,-18.80315756937,12.546467953511));
#3527 = CARTESIAN_POINT('',(-270.,-10.41363345978,-1.879839093795));
#3528 = CARTESIAN_POINT('',(-240.,-20.07077551138,12.217474752093));
#3529 = CARTESIAN_POINT('',(-270.,-11.53986456843,-2.22291209768));
#3530 = CARTESIAN_POINT('',(-240.,-22.2329762697,11.523767751507));
#3531 = CARTESIAN_POINT('',(-270.,-12.13447325536,-2.436846554901));
#3532 = CARTESIAN_POINT('',(-240.,-23.37262966596,11.09168128883));
#3533 = CARTESIAN_POINT('',(-270.,-13.12995474795,-2.862687584605));
#3534 = CARTESIAN_POINT('',(-240.,-25.27636593582,10.233235579602));
#3535 = CARTESIAN_POINT('',(-270.,-13.66861423035,-3.129407073725));
#3536 = CARTESIAN_POINT('',(-240.,-26.30400911369,9.69662865125));
#3537 = CARTESIAN_POINT('',(-270.,-14.55334399995,-3.638867192028));
#3538 = CARTESIAN_POINT('',(-240.,-27.9869467406,8.674341927059));
#3539 = CARTESIAN_POINT('',(-270.,-15.0393990025,-3.959397041035));
#3540 = CARTESIAN_POINT('',(-240.,-28.90869509226,8.032967209742));
#3541 = CARTESIAN_POINT('',(-270.,-15.82550317631,-4.554663127378));
#3542 = CARTESIAN_POINT('',(-240.,-30.39433973272,6.845685521799));
#3543 = CARTESIAN_POINT('',(-270.,-16.25960154937,-4.929531482659));
#3544 = CARTESIAN_POINT('',(-240.,-31.21189558303,6.100535233371));
#3545 = CARTESIAN_POINT('',(-270.,-16.95461946737,-5.614430501481));
#3546 = CARTESIAN_POINT('',(-240.,-32.51615840644,4.743920029932));
#3547 = CARTESIAN_POINT('',(-270.,-17.33619600336,-6.043720933454));
#3548 = CARTESIAN_POINT('',(-240.,-33.22972506789,3.896665661788));
#3549 = CARTESIAN_POINT('',(-270.,-17.94454600657,-6.824026265951));
#3550 = CARTESIAN_POINT('',(-240.,-34.36360026626,2.361945290857));
#3551 = CARTESIAN_POINT('',(-270.,-18.27280545996,-7.307786741284));
#3552 = CARTESIAN_POINT('',(-240.,-34.97351427098,1.413694958298));
#3553 = CARTESIAN_POINT('',(-270.,-18.79663648801,-8.191804579044));
#3554 = CARTESIAN_POINT('',(-240.,-35.94419993169,-0.313937109768));
#3555 = CARTESIAN_POINT('',(-270.,-19.07116360405,-8.730929947018));
#3556 = CARTESIAN_POINT('',(-240.,-36.45163809981,-1.36455653542));
#3557 = CARTESIAN_POINT('',(-270.,-19.51101908399,-9.730923642725));
#3558 = CARTESIAN_POINT('',(-240.,-37.26316344857,-3.308767233356));
#3559 = CARTESIAN_POINT('',(-270.,-19.73202827317,-10.32868353656));
#3560 = CARTESIAN_POINT('',(-240.,-37.67019074556,-4.468461031513));
#3561 = CARTESIAN_POINT('',(-270.,-20.087433207,-11.46434500364));
#3562 = CARTESIAN_POINT('',(-240.,-38.32405046292,-6.668198245227));
#3563 = CARTESIAN_POINT('',(-270.,-20.25571166143,-12.12920768863));
#3564 = CARTESIAN_POINT('',(-240.,-38.63329081761,-7.954157017069));
#3565 = CARTESIAN_POINT('',(-270.,-20.52570958718,-13.43674623576));
#3566 = CARTESIAN_POINT('',(-240.,-39.12927173657,-10.48074436688));
#3567 = CARTESIAN_POINT('',(-270.,-20.64232391557,-14.18907472677));
#3568 = CARTESIAN_POINT('',(-240.,-39.34335565192,-11.9332574848));
#3569 = CARTESIAN_POINT('',(-270.,-20.82617855991,-15.75263583672));
#3570 = CARTESIAN_POINT('',(-240.,-39.68090804133,-14.95061645429));
#3571 = CARTESIAN_POINT('',(-270.,-20.89171013209,-16.64908102883));
#3572 = CARTESIAN_POINT('',(-240.,-39.80118632245,-16.67986906165));
#3573 = CARTESIAN_POINT('',(-270.,-21.00017310934,-19.00420364319));
#3574 = CARTESIAN_POINT('',(-240.,-40.00032369144,-21.22234461074));
#3575 = CARTESIAN_POINT('',(-270.,-20.99982899682,-21.99999999982));
#3576 = CARTESIAN_POINT('',(-240.,-39.99968024681,-26.99999999966));
#3577 = CARTESIAN_POINT('',(-270.,-21.00017310935,-24.99579635645));
#3578 = CARTESIAN_POINT('',(-240.,-40.00032369147,-32.77765538858));
#3579 = CARTESIAN_POINT('',(-270.,-20.89171013209,-27.35091897117));
#3580 = CARTESIAN_POINT('',(-240.,-39.80118632245,-37.32013093835));
#3581 = CARTESIAN_POINT('',(-270.,-20.82617855991,-28.24736416327));
#3582 = CARTESIAN_POINT('',(-240.,-39.68090804133,-39.0493835457));
#3583 = CARTESIAN_POINT('',(-270.,-20.64232391557,-29.81092527322));
#3584 = CARTESIAN_POINT('',(-240.,-39.34335565193,-42.06674251519));
#3585 = CARTESIAN_POINT('',(-270.,-20.52570958718,-30.56325376424));
#3586 = CARTESIAN_POINT('',(-240.,-39.12927173657,-43.51925563311));
#3587 = CARTESIAN_POINT('',(-270.,-20.25571166143,-31.87079231136));
#3588 = CARTESIAN_POINT('',(-240.,-38.63329081761,-46.04584298293));
#3589 = CARTESIAN_POINT('',(-270.,-20.087433207,-32.53565499635));
#3590 = CARTESIAN_POINT('',(-240.,-38.32405046292,-47.33180175477));
#3591 = CARTESIAN_POINT('',(-270.,-19.73202827317,-33.67131646343));
#3592 = CARTESIAN_POINT('',(-240.,-37.67019074556,-49.53153896848));
#3593 = CARTESIAN_POINT('',(-270.,-19.51101908399,-34.26907635727));
#3594 = CARTESIAN_POINT('',(-240.,-37.26316344857,-50.69123276664));
#3595 = CARTESIAN_POINT('',(-270.,-19.07116360405,-35.26907005298));
#3596 = CARTESIAN_POINT('',(-240.,-36.45163809981,-52.63544346458));
#3597 = CARTESIAN_POINT('',(-270.,-18.79663648801,-35.80819542095));
#3598 = CARTESIAN_POINT('',(-240.,-35.94419993169,-53.68606289023));
#3599 = CARTESIAN_POINT('',(-270.,-18.27280545996,-36.69221325871));
#3600 = CARTESIAN_POINT('',(-240.,-34.97351427098,-55.41369495829));
#3601 = CARTESIAN_POINT('',(-270.,-17.94454600657,-37.17597373404));
#3602 = CARTESIAN_POINT('',(-240.,-34.36360026626,-56.36194529085));
#3603 = CARTESIAN_POINT('',(-270.,-17.33619600336,-37.95627906654));
#3604 = CARTESIAN_POINT('',(-240.,-33.22972506789,-57.89666566178));
#3605 = CARTESIAN_POINT('',(-270.,-16.95461946737,-38.38556949851));
#3606 = CARTESIAN_POINT('',(-240.,-32.51615840644,-58.74392002993));
#3607 = CARTESIAN_POINT('',(-270.,-16.25960154937,-39.07046851734));
#3608 = CARTESIAN_POINT('',(-240.,-31.21189558303,-60.10053523337));
#3609 = CARTESIAN_POINT('',(-270.,-15.82550317631,-39.44533687262));
#3610 = CARTESIAN_POINT('',(-240.,-30.39433973272,-60.84568552179));
#3611 = CARTESIAN_POINT('',(-270.,-15.0393990025,-40.04060295896));
#3612 = CARTESIAN_POINT('',(-240.,-28.90869509226,-62.03296720974));
#3613 = CARTESIAN_POINT('',(-270.,-14.55334399995,-40.36113280797));
#3614 = CARTESIAN_POINT('',(-240.,-27.9869467406,-62.67434192705));
#3615 = CARTESIAN_POINT('',(-270.,-13.66861423035,-40.87059292627));
#3616 = CARTESIAN_POINT('',(-240.,-26.30400911369,-63.69662865125));
#3617 = CARTESIAN_POINT('',(-270.,-13.12995474795,-41.13731241539));
#3618 = CARTESIAN_POINT('',(-240.,-25.27636593582,-64.2332355796));
#3619 = CARTESIAN_POINT('',(-270.,-12.13447325536,-41.56315344509));
#3620 = CARTESIAN_POINT('',(-240.,-23.37262966596,-65.09168128883));
#3621 = CARTESIAN_POINT('',(-270.,-11.53986456843,-41.77708790232));
#3622 = CARTESIAN_POINT('',(-240.,-22.2329762697,-65.5237677515));
#3623 = CARTESIAN_POINT('',(-270.,-10.41363345978,-42.1201609062));
#3624 = CARTESIAN_POINT('',(-240.,-20.07077551138,-66.21747475209));
#3625 = CARTESIAN_POINT('',(-270.,-9.754365750757,-42.28266708846));
#3626 = CARTESIAN_POINT('',(-240.,-18.80315756937,-66.54646795351));
#3627 = CARTESIAN_POINT('',(-270.,-8.460780054592,-42.54290256744));
#3628 = CARTESIAN_POINT('',(-240.,-16.31338615993,-67.07354936971));
#3629 = CARTESIAN_POINT('',(-270.,-7.716300761822,-42.65537060538));
#3630 = CARTESIAN_POINT('',(-240.,-14.87920389766,-67.30149598768));
#3631 = CARTESIAN_POINT('',(-270.,-6.171321105229,-42.83249417961));
#3632 = CARTESIAN_POINT('',(-240.,-11.90146470415,-67.66046845922));
#3633 = CARTESIAN_POINT('',(-270.,-5.28526029483,-42.89565925073));
#3634 = CARTESIAN_POINT('',(-240.,-10.19296443074,-67.78852466308));
#3635 = CARTESIAN_POINT('',(-270.,-2.959055231062,-43.00016888906));
#3636 = CARTESIAN_POINT('',(-240.,-5.706971105006,-68.00033590661));
#3637 = CARTESIAN_POINT('',(-270.,-2.243496742549E-10,-42.99983319887));
#3638 = CARTESIAN_POINT('',(-240.,-4.271735088473E-10,-67.99966824612));
#3639 = CARTESIAN_POINT('',(-270.,2.959055230607,-43.0001688891));
#3640 = CARTESIAN_POINT('',(-240.,5.706971104138,-68.00033590668));
#3641 = CARTESIAN_POINT('',(-270.,5.285260294832,-42.89565925072));
#3642 = CARTESIAN_POINT('',(-240.,10.192964430749,-67.78852466306));
#3643 = CARTESIAN_POINT('',(-270.,6.171321105236,-42.83249417958));
#3644 = CARTESIAN_POINT('',(-240.,11.90146470417,-67.66046845918));
#3645 = CARTESIAN_POINT('',(-270.,7.716300761817,-42.6553706054));
#3646 = CARTESIAN_POINT('',(-240.,14.879203897656,-67.30149598772));
#3647 = CARTESIAN_POINT('',(-270.,8.460780054572,-42.5429025675));
#3648 = CARTESIAN_POINT('',(-240.,16.313386159898,-67.07354936983));
#3649 = CARTESIAN_POINT('',(-270.,9.754365750772,-42.28266708841));
#3650 = CARTESIAN_POINT('',(-240.,18.803157569416,-66.54646795338));
#3651 = CARTESIAN_POINT('',(-270.,10.413633459842,-42.120160906));
#3652 = CARTESIAN_POINT('',(-240.,20.070775511507,-66.21747475172));
#3653 = CARTESIAN_POINT('',(-270.,11.539864568395,-41.77708790246));
#3654 = CARTESIAN_POINT('',(-240.,22.232976269568,-65.52376775192));
#3655 = CARTESIAN_POINT('',(-270.,12.134473255159,-41.56315344574));
#3656 = CARTESIAN_POINT('',(-240.,23.372629665554,-65.09168129003));
#3657 = CARTESIAN_POINT('',(-270.,13.129954748087,-41.13731241495));
#3658 = CARTESIAN_POINT('',(-240.,25.276365936314,-64.23323557816));
#3659 = CARTESIAN_POINT('',(-270.,13.66861423103,-40.87059292411));
#3660 = CARTESIAN_POINT('',(-240.,26.304009115054,-63.6966286472));
#3661 = CARTESIAN_POINT('',(-270.,14.553343999513,-40.36113280939));
#3662 = CARTESIAN_POINT('',(-240.,27.986946738875,-62.67434193219));
#3663 = CARTESIAN_POINT('',(-270.,15.039399000163,-40.04060296645));
#3664 = CARTESIAN_POINT('',(-240.,28.90869508751,-62.03296722384));
#3665 = CARTESIAN_POINT('',(-270.,15.825503177843,-39.44533686773));
#3666 = CARTESIAN_POINT('',(-240.,30.39433973904,-60.84568550303));
#3667 = CARTESIAN_POINT('',(-270.,16.259601557807,-39.07046849037));
#3668 = CARTESIAN_POINT('',(-240.,31.211895600169,-60.1005351825));
#3669 = CARTESIAN_POINT('',(-270.,16.954619461795,-38.38556951638));
#3670 = CARTESIAN_POINT('',(-240.,32.516158382878,-58.7439200999));
#3671 = CARTESIAN_POINT('',(-270.,17.336195971907,-37.95627916721));
#3672 = CARTESIAN_POINT('',(-240.,33.229725003848,-57.89666585194));
#3673 = CARTESIAN_POINT('',(-270.,17.944546028259,-37.17597366466));
#3674 = CARTESIAN_POINT('',(-240.,34.36360035594,-56.36194502458));
#3675 = CARTESIAN_POINT('',(-270.,18.272805581747,-36.69221286901));
#3676 = CARTESIAN_POINT('',(-240.,34.973514519097,-55.41369422159));
#3677 = CARTESIAN_POINT('',(-270.,18.796636398697,-35.80819570674));
#3678 = CARTESIAN_POINT('',(-240.,35.94419958339,-53.68606392444));
#3679 = CARTESIAN_POINT('',(-270.,19.07116311546,-35.2690716164));
#3680 = CARTESIAN_POINT('',(-240.,36.451637104766,-52.63544641911));
#3681 = CARTESIAN_POINT('',(-270.,19.511019471315,-34.26907511791));
#3682 = CARTESIAN_POINT('',(-240.,37.263164831442,-50.69122866057));
#3683 = CARTESIAN_POINT('',(-270.,19.73203030389,-33.67130996549));
#3684 = CARTESIAN_POINT('',(-240.,37.670194873764,-49.53152671089));
#3685 = CARTESIAN_POINT('',(-270.,20.087431448255,-32.53566062405));
#3686 = CARTESIAN_POINT('',(-240.,38.32404482464,-47.33181849618));
#3687 = CARTESIAN_POINT('',(-270.,20.255702891991,-31.87082037203));
#3688 = CARTESIAN_POINT('',(-240.,38.633273051934,-46.04589573344));
#3689 = CARTESIAN_POINT('',(-270.,20.525717976098,-30.56322692118));
#3690 = CARTESIAN_POINT('',(-240.,39.129295633461,-43.5191846776));
#3691 = CARTESIAN_POINT('',(-270.,20.642363759259,-29.81079778049));
#3692 = CARTESIAN_POINT('',(-240.,39.343435959128,-42.06650406408));
#3693 = CARTESIAN_POINT('',(-270.,20.826135251137,-28.24750274368));
#3694 = CARTESIAN_POINT('',(-240.,39.680798882261,-39.04970766488));
#3695 = CARTESIAN_POINT('',(-270.,20.891510884125,-27.35155652943));
#3696 = CARTESIAN_POINT('',(-240.,39.800787396774,-37.32131544327));
#3697 = CARTESIAN_POINT('',(-270.,21.000502706788,-24.99474170314));
#3698 = CARTESIAN_POINT('',(-240.,40.001053559643,-32.77548823723));
#3699 = CARTESIAN_POINT('',(-270.,21.001736025643,-23.48317514835));
#3700 = CARTESIAN_POINT('',(-240.,40.0034426154,-29.86092435678));
#3701 = CARTESIAN_POINT('',(-270.,20.998263974357,-20.51682485165));
#3702 = CARTESIAN_POINT('',(-240.,39.9965573846,-24.13907564321));
#3703 = DEFINITIONAL_REPRESENTATION('',(#3704),#3707);
#3704 = B_SPLINE_CURVE_WITH_KNOTS('',1,(#3705,#3706),.UNSPECIFIED.,.F.,
  .F.,(2,2),(0.,141.59366445145),.PIECEWISE_BEZIER_KNOTS.);
#3705 = CARTESIAN_POINT('',(0.,0.));
#3706 = CARTESIAN_POINT('',(273.07983446249,0.));
#3707 = ( GEOMETRIC_REPRESENTATION_CONTEXT(2) 
PARAMETRIC_REPRESENTATION_CONTEXT() REPRESENTATION_CONTEXT('2D SPACE',''
  ) );
#3708 = FACE_BOUND('',#3709,.F.);
#3709 = EDGE_LOOP('',(#3710));
#3710 = ORIENTED_EDGE('',*,*,#1123,.F.);
#3711 = ADVANCED_FACE('',(#3712,#3715),#2590,.T.);
#3712 = FACE_BOUND('',#3713,.T.);
#3713 = EDGE_LOOP('',(#3714));
#3714 = ORIENTED_EDGE('',*,*,#1178,.F.);
#3715 = FACE_BOUND('',#3716,.T.);
#3716 = EDGE_LOOP('',(#3717));
#3717 = ORIENTED_EDGE('',*,*,#3718,.T.);
#3718 = EDGE_CURVE('',#3719,#3719,#3721,.T.);
#3719 = VERTEX_POINT('',#3720);
#3720 = CARTESIAN_POINT('',(-205.,47.7,-29.8));
#3721 = SURFACE_CURVE('',#3722,(#4432,#5145),.PCURVE_S1.);
#3722 = B_SPLINE_CURVE_WITH_KNOTS('',8,(#3723,#3724,#3725,#3726,#3727,
    #3728,#3729,#3730,#3731,#3732,#3733,#3734,#3735,#3736,#3737,#3738,
    #3739,#3740,#3741,#3742,#3743,#3744,#3745,#3746,#3747,#3748,#3749,
    #3750,#3751,#3752,#3753,#3754,#3755,#3756,#3757,#3758,#3759,#3760,
    #3761,#3762,#3763,#3764,#3765,#3766,#3767,#3768,#3769,#3770,#3771,
    #3772,#3773,#3774,#3775,#3776,#3777,#3778,#3779,#3780,#3781,#3782,
    #3783,#3784,#3785,#3786,#3787,#3788,#3789,#3790,#3791,#3792,#3793,
    #3794,#3795,#3796,#3797,#3798,#3799,#3800,#3801,#3802,#3803,#3804,
    #3805,#3806,#3807,#3808,#3809,#3810,#3811,#3812,#3813,#3814,#3815,
    #3816,#3817,#3818,#3819,#3820,#3821,#3822,#3823,#3824,#3825,#3826,
    #3827,#3828,#3829,#3830,#3831,#3832,#3833,#3834,#3835,#3836,#3837,
    #3838,#3839,#3840,#3841,#3842,#3843,#3844,#3845,#3846,#3847,#3848,
    #3849,#3850,#3851,#3852,#3853,#3854,#3855,#3856,#3857,#3858,#3859,
    #3860,#3861,#3862,#3863,#3864,#3865,#3866,#3867,#3868,#3869,#3870,
    #3871,#3872,#3873,#3874,#3875,#3876,#3877,#3878,#3879,#3880,#3881,
    #3882,#3883,#3884,#3885,#3886,#3887,#3888,#3889,#3890,#3891,#3892,
    #3893,#3894,#3895,#3896,#3897,#3898,#3899,#3900,#3901,#3902,#3903,
    #3904,#3905,#3906,#3907,#3908,#3909,#3910,#3911,#3912,#3913,#3914,
    #3915,#3916,#3917,#3918,#3919,#3920,#3921,#3922,#3923,#3924,#3925,
    #3926,#3927,#3928,#3929,#3930,#3931,#3932,#3933,#3934,#3935,#3936,
    #3937,#3938,#3939,#3940,#3941,#3942,#3943,#3944,#3945,#3946,#3947,
    #3948,#3949,#3950,#3951,#3952,#3953,#3954,#3955,#3956,#3957,#3958,
    #3959,#3960,#3961,#3962,#3963,#3964,#3965,#3966,#3967,#3968,#3969,
    #3970,#3971,#3972,#3973,#3974,#3975,#3976,#3977,#3978,#3979,#3980,
    #3981,#3982,#3983,#3984,#3985,#3986,#3987,#3988,#3989,#3990,#3991,
    #3992,#3993,#3994,#3995,#3996,#3997,#3998,#3999,#4000,#4001,#4002,
    #4003,#4004,#4005,#4006,#4007,#4008,#4009,#4010,#4011,#4012,#4013,
    #4014,#4015,#4016,#4017,#4018,#4019,#4020,#4021,#4022,#4023,#4024,
    #4025,#4026,#4027,#4028,#4029,#4030,#4031,#4032,#4033,#4034,#4035,
    #4036,#4037,#4038,#4039,#4040,#4041,#4042,#4043,#4044,#4045,#4046,
    #4047,#4048,#4049,#4050,#4051,#4052,#4053,#4054,#4055,#4056,#4057,
    #4058,#4059,#4060,#4061,#4062,#4063,#4064,#4065,#4066,#4067,#4068,
    #4069,#4070,#4071,#4072,#4073,#4074,#4075,#4076,#4077,#4078,#4079,
    #4080,#4081,#4082,#4083,#4084,#4085,#4086,#4087,#4088,#4089,#4090,
    #4091,#4092,#4093,#4094,#4095,#4096,#4097,#4098,#4099,#4100,#4101,
    #4102,#4103,#4104,#4105,#4106,#4107,#4108,#4109,#4110,#4111,#4112,
    #4113,#4114,#4115,#4116,#4117,#4118,#4119,#4120,#4121,#4122,#4123,
    #4124,#4125,#4126,#4127,#4128,#4129,#4130,#4131,#4132,#4133,#4134,
    #4135,#4136,#4137,#4138,#4139,#4140,#4141,#4142,#4143,#4144,#4145,
    #4146,#4147,#4148,#4149,#4150,#4151,#4152,#4153,#4154,#4155,#4156,
    #4157,#4158,#4159,#4160,#4161,#4162,#4163,#4164,#4165,#4166,#4167,
    #4168,#4169,#4170,#4171,#4172,#4173,#4174,#4175,#4176,#4177,#4178,
    #4179,#4180,#4181,#4182,#4183,#4184,#4185,#4186,#4187,#4188,#4189,
    #4190,#4191,#4192,#4193,#4194,#4195,#4196,#4197,#4198,#4199,#4200,
    #4201,#4202,#4203,#4204,#4205,#4206,#4207,#4208,#4209,#4210,#4211,
    #4212,#4213,#4214,#4215,#4216,#4217,#4218,#4219,#4220,#4221,#4222,
    #4223,#4224,#4225,#4226,#4227,#4228,#4229,#4230,#4231,#4232,#4233,
    #4234,#4235,#4236,#4237,#4238,#4239,#4240,#4241,#4242,#4243,#4244,
    #4245,#4246,#4247,#4248,#4249,#4250,#4251,#4252,#4253,#4254,#4255,
    #4256,#4257,#4258,#4259,#4260,#4261,#4262,#4263,#4264,#4265,#4266,
    #4267,#4268,#4269,#4270,#4271,#4272,#4273,#4274,#4275,#4276,#4277,
    #4278,#4279,#4280,#4281,#4282,#4283,#4284,#4285,#4286,#4287,#4288,
    #4289,#4290,#4291,#4292,#4293,#4294,#4295,#4296,#4297,#4298,#4299,
    #4300,#4301,#4302,#4303,#4304,#4305,#4306,#4307,#4308,#4309,#4310,
    #4311,#4312,#4313,#4314,#4315,#4316,#4317,#4318,#4319,#4320,#4321,
    #4322,#4323,#4324,#4325,#4326,#4327,#4328,#4329,#4330,#4331,#4332,
    #4333,#4334,#4335,#4336,#4337,#4338,#4339,#4340,#4341,#4342,#4343,
    #4344,#4345,#4346,#4347,#4348,#4349,#4350,#4351,#4352,#4353,#4354,
    #4355,#4356,#4357,#4358,#4359,#4360,#4361,#4362,#4363,#4364,#4365,
    #4366,#4367,#4368,#4369,#4370,#4371,#4372,#4373,#4374,#4375,#4376,
    #4377,#4378,#4379,#4380,#4381,#4382,#4383,#4384,#4385,#4386,#4387,
    #4388,#4389,#4390,#4391,#4392,#4393,#4394,#4395,#4396,#4397,#4398,
    #4399,#4400,#4401,#4402,#4403,#4404,#4405,#4406,#4407,#4408,#4409,
    #4410,#4411,#4412,#4413,#4414,#4415,#4416,#4417,#4418,#4419,#4420,
    #4421,#4422,#4423,#4424,#4425,#4426,#4427,#4428,#4429,#4430,#4431),
  .UNSPECIFIED.,.T.,.F.,(9,7,7,7,7,7,7,7,7,7,7,7,7,7,7,7,7,7,7,7,7,7,7,7
    ,7,7,7,7,7,7,7,7,7,7,7,7,7,7,7,7,7,7,7,7,7,7,7,7,7,7,7,7,7,7,7,7,7,7
    ,7,7,7,7,7,7,7,7,7,7,7,7,7,7,7,7,7,7,7,7,7,7,7,7,7,7,7,7,7,7,7,7,7,7
    ,7,7,7,7,7,7,7,7,7,9),(0.,1.899707322073E-02,2.900290890317E-02,
    3.900694889225E-02,4.600848987791E-02,5.200981764604E-02,
    6.401242613823E-02,7.301432322399E-02,8.001582485683E-02,
    9.001796379184E-02,0.101020157314,0.107021528037,0.117024064334,
    0.127026747317,0.139029930147,0.148032325464,0.155034208983,
    0.165036809669,0.176039485358,0.184041523489,0.1900430712,
    0.200045619694,0.210047771819,0.216049050805,0.22605124271,
    0.237053595682,0.248055948654,0.259058172793,0.27705950603,
    0.288059818253,0.297060139716,0.3030605629,0.31306146896,
    0.324062391236,0.336063962626,0.345065137041,0.352066118129,
    0.362067490406,0.373068997871,0.38006996009,0.390071102402,
    0.401072274981,0.409073039547,0.418073970187,0.427074497104,
    0.434074885138,0.444075449549,0.455076039129,0.462076375442,
    0.473076243955,0.485075280794,0.497074317633,0.509073280318,
    0.527069754085,0.538067856032,0.547066842976,0.553066180741,
    0.563065066693,0.574063736536,0.584062801214,0.595062262667,
    0.603061744454,0.615061423938,0.627061111155,0.63906077177,
    0.648060525417,0.655060354299,0.665060019815,0.676059466872,
    0.68405915688,0.690058943493,0.700058556833,0.710057773919,
    0.716057291886,0.726056548741,0.737055673176,0.74805479761,
    0.75905379325,0.777049844163,0.788046928447,0.79704460885,
    0.803043271266,0.813041242654,0.824038936812,0.832037273993,
    0.84003566438,0.848034046489,0.860031484976,0.86603028544,
    0.87302890223,0.884026734206,0.892025163369,0.904023015707,
    0.910021868634,0.917020520055,0.926018359205,0.93301657868,
    0.944013434012,0.955010121713,0.97000830121,0.985011005893,1.),
  .UNSPECIFIED.);
#3723 = CARTESIAN_POINT('',(-205.,47.7,-29.8));
#3724 = CARTESIAN_POINT('',(-205.,47.700943092013,-30.5759540854));
#3725 = CARTESIAN_POINT('',(-205.,47.701612811701,-31.35235097678));
#3726 = CARTESIAN_POINT('',(-205.,47.701472781494,-32.12912549496));
#3727 = CARTESIAN_POINT('',(-205.,47.699988618096,-32.90621047908));
#3728 = CARTESIAN_POINT('',(-205.,47.696627203511,-33.68353668111));
#3729 = CARTESIAN_POINT('',(-205.,47.69085595608,-34.46103266027));
#3730 = CARTESIAN_POINT('',(-205.,47.682142101504,-35.23862467755));
#3731 = CARTESIAN_POINT('',(-205.,47.663531338314,-36.42580794529));
#3732 = CARTESIAN_POINT('',(-205.,47.656146083542,-36.83540197974));
#3733 = CARTESIAN_POINT('',(-205.,47.647718175712,-37.24500058492));
#3734 = CARTESIAN_POINT('',(-205.,47.638169610967,-37.65458565226));
#3735 = CARTESIAN_POINT('',(-205.,47.627422385453,-38.06413907317));
#3736 = CARTESIAN_POINT('',(-205.,47.615398495313,-38.47364273904));
#3737 = CARTESIAN_POINT('',(-205.,47.602019936693,-38.88307854131));
#3738 = CARTESIAN_POINT('',(-205.,47.572400132871,-39.70170473762));
#3739 = CARTESIAN_POINT('',(-205.,47.556156066281,-40.11091156478));
#3740 = CARTESIAN_POINT('',(-205.,47.538408367665,-40.52003316427));
#3741 = CARTESIAN_POINT('',(-205.,47.519073212328,-40.92905638237));
#3742 = CARTESIAN_POINT('',(-205.,47.498056913468,-41.33796939982));
#3743 = CARTESIAN_POINT('',(-205.,47.475261746463,-41.74676053146));
#3744 = CARTESIAN_POINT('',(-205.,47.450591773149,-42.15541702587));
#3745 = CARTESIAN_POINT('',(-205.,47.405318917502,-42.84982609845));
#3746 = CARTESIAN_POINT('',(-205.,47.385717435577,-43.13564591799));
#3747 = CARTESIAN_POINT('',(-205.,47.365122339005,-43.42137929632));
#3748 = CARTESIAN_POINT('',(-205.,47.343501746453,-43.7070222062));
#3749 = CARTESIAN_POINT('',(-205.,47.32082377659,-43.99257062035));
#3750 = CARTESIAN_POINT('',(-205.,47.297056548081,-44.27802051154));
#3751 = CARTESIAN_POINT('',(-205.,47.272168179595,-44.56336785249));
#3752 = CARTESIAN_POINT('',(-205.,47.223805572795,-45.093100981));
#3753 = CARTESIAN_POINT('',(-205.,47.200637109846,-45.33751376166));
#3754 = CARTESIAN_POINT('',(-205.,47.176601537565,-45.58184607319));
#3755 = CARTESIAN_POINT('',(-205.,47.15167887171,-45.82609614363));
#3756 = CARTESIAN_POINT('',(-205.,47.125849007177,-46.07026131377));
#3757 = CARTESIAN_POINT('',(-205.,47.099091718005,-46.31433803722));
#3758 = CARTESIAN_POINT('',(-205.,47.071386657375,-46.55832188033));
#3759 = CARTESIAN_POINT('',(-205.,46.985366982839,-47.28997689433));
#3760 = CARTESIAN_POINT('',(-205.,46.924147096078,-47.77733791889));
#3761 = CARTESIAN_POINT('',(-205.,46.858887661419,-48.26421255438));
#3762 = CARTESIAN_POINT('',(-205.,46.789422642955,-48.75052275926));
#3763 = CARTESIAN_POINT('',(-205.,46.715586004781,-49.23619049195));
#3764 = CARTESIAN_POINT('',(-205.,46.637211710993,-49.72113771091));
#3765 = CARTESIAN_POINT('',(-205.,46.554133725685,-50.20528637457));
#3766 = CARTESIAN_POINT('',(-205.,46.400225662792,-51.05101010449));
#3767 = CARTESIAN_POINT('',(-205.,46.331524771326,-51.41297256717));
#3768 = CARTESIAN_POINT('',(-205.,46.260016115128,-51.77441496686));
#3769 = CARTESIAN_POINT('',(-205.,46.185628572688,-52.13529409561));
#3770 = CARTESIAN_POINT('',(-205.,46.108288767775,-52.49555855085));
#3771 = CARTESIAN_POINT('',(-205.,46.027922712806,-52.85515288611));
#3772 = CARTESIAN_POINT('',(-205.,45.944457452213,-53.21402176173));
#3773 = CARTESIAN_POINT('',(-205.,45.790439873878,-53.85063139453));
#3774 = CARTESIAN_POINT('',(-205.,45.721138959331,-54.12867979625));
#3775 = CARTESIAN_POINT('',(-205.,45.649885796641,-54.40623481133));
#3776 = CARTESIAN_POINT('',(-205.,45.576646223787,-54.6832719414));
#3777 = CARTESIAN_POINT('',(-205.,45.501386082247,-54.9597666792));
#3778 = CARTESIAN_POINT('',(-205.,45.424071217004,-55.23569450862));
#3779 = CARTESIAN_POINT('',(-205.,45.344667476546,-55.5110309047));
#3780 = CARTESIAN_POINT('',(-205.,45.146673980429,-56.17820884367));
#3781 = CARTESIAN_POINT('',(-205.,45.025873723333,-56.56941215281));
#3782 = CARTESIAN_POINT('',(-205.,44.900651064285,-56.9592560396));
#3783 = CARTESIAN_POINT('',(-205.,44.77091765027,-57.34763360563));
#3784 = CARTESIAN_POINT('',(-205.,44.63658514684,-57.73443789147));
#3785 = CARTESIAN_POINT('',(-205.,44.497565030092,-58.11956254236));
#3786 = CARTESIAN_POINT('',(-205.,44.353768676313,-58.50290152376));
#3787 = CARTESIAN_POINT('',(-205.,44.041583097373,-59.30393281018));
#3788 = CARTESIAN_POINT('',(-205.,43.872171925171,-59.72123887635));
#3789 = CARTESIAN_POINT('',(-205.,43.696739258807,-60.13612352996));
#3790 = CARTESIAN_POINT('',(-205.,43.515188812779,-60.54842561197));
#3791 = CARTESIAN_POINT('',(-205.,43.327459814922,-60.95795747986));
#3792 = CARTESIAN_POINT('',(-205.,43.13348401583,-61.36453135138));
#3793 = CARTESIAN_POINT('',(-205.,42.933164871423,-61.76797519236));
#3794 = CARTESIAN_POINT('',(-205.,42.613679076458,-62.38634613985));
#3795 = CARTESIAN_POINT('',(-205.,42.499012020129,-62.60361269854));
#3796 = CARTESIAN_POINT('',(-205.,42.382422840519,-62.81986278828));
#3797 = CARTESIAN_POINT('',(-205.,42.263898151668,-63.03506589735));
#3798 = CARTESIAN_POINT('',(-205.,42.143428059521,-63.24919135972));
#3799 = CARTESIAN_POINT('',(-205.,42.021006161926,-63.46220835501));
#3800 = CARTESIAN_POINT('',(-205.,41.89662954864,-63.67408590856));
#3801 = CARTESIAN_POINT('',(-205.,41.559742256191,-64.23598003524));
#3802 = CARTESIAN_POINT('',(-205.,41.34375959907,-64.5839175329));
#3803 = CARTESIAN_POINT('',(-205.,41.122327645552,-64.92845351449));
#3804 = CARTESIAN_POINT('',(-205.,40.895455979907,-65.26944856383));
#3805 = CARTESIAN_POINT('',(-205.,40.66314218472,-65.60675484985));
#3806 = CARTESIAN_POINT('',(-205.,40.425363436236,-65.94021228145));
#3807 = CARTESIAN_POINT('',(-205.,40.182104465426,-66.26966168604));
#3808 = CARTESIAN_POINT('',(-205.,39.684735657184,-66.9202931077));
#3809 = CARTESIAN_POINT('',(-205.,39.430628085454,-67.2414803564));
#3810 = CARTESIAN_POINT('',(-205.,39.171154292729,-67.55840149856));
#3811 = CARTESIAN_POINT('',(-205.,38.906374338595,-67.87092606697));
#3812 = CARTESIAN_POINT('',(-205.,38.636346404397,-68.17892186562));
#3813 = CARTESIAN_POINT('',(-205.,38.361125293665,-68.48225352774));
#3814 = CARTESIAN_POINT('',(-205.,38.080766247646,-68.78078615247));
#3815 = CARTESIAN_POINT('',(-205.,37.452816518535,-69.4267223829));
#3816 = CARTESIAN_POINT('',(-205.,37.103000948765,-69.77196832279));
#3817 = CARTESIAN_POINT('',(-205.,36.746075295202,-70.10996456874));
#3818 = CARTESIAN_POINT('',(-205.,36.382275972161,-70.44062203042));
#3819 = CARTESIAN_POINT('',(-205.,36.01171669006,-70.76365865642));
#3820 = CARTESIAN_POINT('',(-205.,35.634722759021,-71.0791291681));
#3821 = CARTESIAN_POINT('',(-205.,35.251349554031,-71.38665824103));
#3822 = CARTESIAN_POINT('',(-205.,34.569827849065,-71.91101553758));
#3823 = CARTESIAN_POINT('',(-205.,34.27432933374,-72.13129531698));
#3824 = CARTESIAN_POINT('',(-205.,33.975519460847,-72.3471146321));
#3825 = CARTESIAN_POINT('',(-205.,33.673504505538,-72.55845791179));
#3826 = CARTESIAN_POINT('',(-205.,33.368390742969,-72.7653095849));
#3827 = CARTESIAN_POINT('',(-205.,33.060284448295,-72.96765408029));
#3828 = CARTESIAN_POINT('',(-205.,32.74929189667,-73.16547582682));
#3829 = CARTESIAN_POINT('',(-205.,32.191473345116,-73.50909124733));
#3830 = CARTESIAN_POINT('',(-205.,31.945746487538,-73.65666991025));
#3831 = CARTESIAN_POINT('',(-205.,31.698388085076,-73.80150602748));
#3832 = CARTESIAN_POINT('',(-205.,31.449447625816,-73.94361138758));
#3833 = CARTESIAN_POINT('',(-205.,31.198974791377,-74.08299878227));
#3834 = CARTESIAN_POINT('',(-205.,30.947019456908,-74.21968200643));
#3835 = CARTESIAN_POINT('',(-205.,30.693631691085,-74.35367585808));
#3836 = CARTESIAN_POINT('',(-205.,30.074907982946,-74.67259484988));
#3837 = CARTESIAN_POINT('',(-205.,29.708125313895,-74.85473342759));
#3838 = CARTESIAN_POINT('',(-205.,29.338665703791,-75.03147134503));
#3839 = CARTESIAN_POINT('',(-205.,28.966685653449,-75.20281501623));
#3840 = CARTESIAN_POINT('',(-205.,28.59232895037,-75.3687962354));
#3841 = CARTESIAN_POINT('',(-205.,28.215720733593,-75.5294998319));
#3842 = CARTESIAN_POINT('',(-205.,27.836972882709,-75.68504054051));
#3843 = CARTESIAN_POINT('',(-205.,27.037358409111,-76.00097970448));
#3844 = CARTESIAN_POINT('',(-205.,26.616058643977,-76.16031699568));
#3845 = CARTESIAN_POINT('',(-205.,26.192490208544,-76.31359330344));
#3846 = CARTESIAN_POINT('',(-205.,25.766785785268,-76.46094840642));
#3847 = CARTESIAN_POINT('',(-205.,25.339132192245,-76.60247231742));
#3848 = CARTESIAN_POINT('',(-205.,24.909703191394,-76.73826117766));
#3849 = CARTESIAN_POINT('',(-205.,24.478592174306,-76.86847568945));
#3850 = CARTESIAN_POINT('',(-205.,23.731249194506,-77.0839986403));
#3851 = CARTESIAN_POINT('',(-205.,23.415747140214,-77.17187020371));
#3852 = CARTESIAN_POINT('',(-205.,23.099459807244,-77.25691989736));
#3853 = CARTESIAN_POINT('',(-205.,22.782431144354,-77.33920139892));
#3854 = CARTESIAN_POINT('',(-205.,22.464705100302,-77.41876838603));
#3855 = CARTESIAN_POINT('',(-205.,22.146325623849,-77.49567453633));
#3856 = CARTESIAN_POINT('',(-205.,21.827336663751,-77.56997352748));
#3857 = CARTESIAN_POINT('',(-205.,21.268115534304,-77.69552834071));
#3858 = CARTESIAN_POINT('',(-205.,21.028132908185,-77.74790101898));
#3859 = CARTESIAN_POINT('',(-205.,20.787851964876,-77.79885983112));
#3860 = CARTESIAN_POINT('',(-205.,20.547288332844,-77.84842772803));
#3861 = CARTESIAN_POINT('',(-205.,20.306455594558,-77.89662785226));
#3862 = CARTESIAN_POINT('',(-205.,20.065365286487,-77.94348353804));
#3863 = CARTESIAN_POINT('',(-205.,19.824026899105,-77.98901831132));
#3864 = CARTESIAN_POINT('',(-205.,19.179817421962,-78.10698495829));
#3865 = CARTESIAN_POINT('',(-205.,18.776526223281,-78.17710984001));
#3866 = CARTESIAN_POINT('',(-205.,18.372625425633,-78.24373870383));
#3867 = CARTESIAN_POINT('',(-205.,17.968166173809,-78.30697971875));
#3868 = CARTESIAN_POINT('',(-205.,17.563199612599,-78.36694105376));
#3869 = CARTESIAN_POINT('',(-205.,17.157776886796,-78.42373087784));
#3870 = CARTESIAN_POINT('',(-205.,16.75194914119,-78.47745736));
#3871 = CARTESIAN_POINT('',(-205.,15.939601995654,-78.57899796653));
#3872 = CARTESIAN_POINT('',(-205.,15.533077602541,-78.62681420496));
#3873 = CARTESIAN_POINT('',(-205.,15.126235168254,-78.67178367931));
#3874 = CARTESIAN_POINT('',(-205.,14.719101814219,-78.71400712081));
#3875 = CARTESIAN_POINT('',(-205.,14.311702625616,-78.75358522657));
#3876 = CARTESIAN_POINT('',(-205.,13.904065571348,-78.79062094404));
#3877 = CARTESIAN_POINT('',(-205.,13.496219674652,-78.82521851047));
#3878 = CARTESIAN_POINT('',(-205.,12.843366991468,-78.87683564985));
#3879 = CARTESIAN_POINT('',(-205.,12.59847988371,-78.89535096578));
#3880 = CARTESIAN_POINT('',(-205.,12.353530565401,-78.91304736254));
#3881 = CARTESIAN_POINT('',(-205.,12.108524490882,-78.92994700755));
#3882 = CARTESIAN_POINT('',(-205.,11.863467114494,-78.94607206823));
#3883 = CARTESIAN_POINT('',(-205.,11.618363890577,-78.96144471197));
#3884 = CARTESIAN_POINT('',(-205.,11.373220273473,-78.9760871062));
#3885 = CARTESIAN_POINT('',(-205.,10.719408328961,-79.01324541178));
#3886 = CARTESIAN_POINT('',(-205.,10.31067959272,-79.03450062035));
#3887 = CARTESIAN_POINT('',(-205.,9.901888828749,-79.05389582406));
#3888 = CARTESIAN_POINT('',(-205.,9.493050396926,-79.07153016904));
#3889 = CARTESIAN_POINT('',(-205.,9.084168536056,-79.08749865484));
#3890 = CARTESIAN_POINT('',(-205.,8.675243495515,-79.10189580193));
#3891 = CARTESIAN_POINT('',(-205.,8.266274959519,-79.11481749922));
#3892 = CARTESIAN_POINT('',(-205.,7.407351725838,-79.13905885019));
#3893 = CARTESIAN_POINT('',(-205.,6.957392633154,-79.1500884743));
#3894 = CARTESIAN_POINT('',(-205.,6.507389156819,-79.15957774683));
#3895 = CARTESIAN_POINT('',(-205.,6.057344967661,-79.16765451064));
#3896 = CARTESIAN_POINT('',(-205.,5.60726373651,-79.17444660859));
#3897 = CARTESIAN_POINT('',(-205.,5.157149134192,-79.18008188356));
#3898 = CARTESIAN_POINT('',(-205.,4.707004831536,-79.1846881784));
#3899 = CARTESIAN_POINT('',(-205.,3.806664167206,-79.19209849356));
#3900 = CARTESIAN_POINT('',(-205.,3.356467805532,-79.19490251389));
#3901 = CARTESIAN_POINT('',(-205.,2.906249085176,-79.19693323982));
#3902 = CARTESIAN_POINT('',(-205.,2.456011676967,-79.19831851422));
#3903 = CARTESIAN_POINT('',(-205.,2.005759251733,-79.19918617996));
#3904 = CARTESIAN_POINT('',(-205.,1.555495480303,-79.1996640799));
#3905 = CARTESIAN_POINT('',(-205.,1.105224033505,-79.1998800569));
#3906 = CARTESIAN_POINT('',(-205.,0.204678403342,-79.20004384982));
#3907 = CARTESIAN_POINT('',(-205.,-0.245594068404,-79.19994736989));
#3908 = CARTESIAN_POINT('',(-205.,-0.695866736735,-79.20007009228));
#3909 = CARTESIAN_POINT('',(-205.,-1.146137575178,-79.20004512908));
#3910 = CARTESIAN_POINT('',(-205.,-1.596404648904,-79.19972518061));
#3911 = CARTESIAN_POINT('',(-205.,-2.046665885996,-79.1990938762));
#3912 = CARTESIAN_POINT('',(-205.,-2.496918952958,-79.19794619721));
#3913 = CARTESIAN_POINT('',(-205.,-3.683827887909,-79.19328964455));
#3914 = CARTESIAN_POINT('',(-205.,-4.420463501915,-79.18873362752));
#3915 = CARTESIAN_POINT('',(-205.,-5.157059485661,-79.18195169451));
#3916 = CARTESIAN_POINT('',(-205.,-5.893601898087,-79.17238337313));
#3917 = CARTESIAN_POINT('',(-205.,-6.63007181027,-79.15946803428));
#3918 = CARTESIAN_POINT('',(-205.,-7.366445312982,-79.14264517525));
#3919 = CARTESIAN_POINT('',(-205.,-8.102693524262,-79.12135470275));
#3920 = CARTESIAN_POINT('',(-205.,-9.288594259095,-79.07895504218));
#3921 = CARTESIAN_POINT('',(-205.,-9.738355750038,-79.06099645153));
#3922 = CARTESIAN_POINT('',(-205.,-10.18805281011,-79.0410262403));
#3923 = CARTESIAN_POINT('',(-205.,-10.63771207589,-79.01893626392));
#3924 = CARTESIAN_POINT('',(-205.,-11.08729268784,-78.99458227923));
#3925 = CARTESIAN_POINT('',(-205.,-11.53673831989,-78.96781382062));
#3926 = CARTESIAN_POINT('',(-205.,-11.98603691191,-78.93850893293));
#3927 = CARTESIAN_POINT('',(-205.,-12.80258228761,-78.8803571971));
#3928 = CARTESIAN_POINT('',(-205.,-13.16990148736,-78.85239611898));
#3929 = CARTESIAN_POINT('',(-205.,-13.53707457724,-78.82256753442));
#3930 = CARTESIAN_POINT('',(-205.,-13.90408314886,-78.79079662839));
#3931 = CARTESIAN_POINT('',(-205.,-14.27090879379,-78.75700858588));
#3932 = CARTESIAN_POINT('',(-205.,-14.63753310366,-78.72112859188));
#3933 = CARTESIAN_POINT('',(-205.,-15.00393767006,-78.68308183137));
#3934 = CARTESIAN_POINT('',(-205.,-15.61422352542,-78.61593365968));
#3935 = CARTESIAN_POINT('',(-205.,-15.85823573256,-78.58807784104));
#3936 = CARTESIAN_POINT('',(-205.,-16.10213459436,-78.55920409276));
#3937 = CARTESIAN_POINT('',(-205.,-16.34591284914,-78.52929002357));
#3938 = CARTESIAN_POINT('',(-205.,-16.58956208522,-78.49831279153));
#3939 = CARTESIAN_POINT('',(-205.,-16.83307274089,-78.46624910411));
#3940 = CARTESIAN_POINT('',(-205.,-17.07643410443,-78.43307521811));
#3941 = CARTESIAN_POINT('',(-205.,-17.72497613354,-78.34158532794));
#3942 = CARTESIAN_POINT('',(-205.,-18.12987201735,-78.28125383902));
#3943 = CARTESIAN_POINT('',(-205.,-18.53427082073,-78.21766430399));
#3944 = CARTESIAN_POINT('',(-205.,-18.93812139889,-78.15070855386));
#3945 = CARTESIAN_POINT('',(-205.,-19.34137260704,-78.08027841964));
#3946 = CARTESIAN_POINT('',(-205.,-19.74397330038,-78.00626573234));
#3947 = CARTESIAN_POINT('',(-205.,-20.14587233413,-77.92856232298));
#3948 = CARTESIAN_POINT('',(-205.,-20.98827643192,-77.75740809832));
#3949 = CARTESIAN_POINT('',(-205.,-21.42863522778,-77.66315718358));
#3950 = CARTESIAN_POINT('',(-205.,-21.86801380613,-77.56416743302));
#3951 = CARTESIAN_POINT('',(-205.,-22.30627339759,-77.46029936986));
#3952 = CARTESIAN_POINT('',(-205.,-22.74330438084,-77.3514132866));
#3953 = CARTESIAN_POINT('',(-205.,-23.17900510514,-77.23736950605));
#3954 = CARTESIAN_POINT('',(-205.,-23.61324722654,-77.11802870841));
#3955 = CARTESIAN_POINT('',(-205.,-24.5179531208,-76.85712455958));
#3956 = CARTESIAN_POINT('',(-205.,-24.9881214638,-76.71452422478));
#3957 = CARTESIAN_POINT('',(-205.,-25.45624116021,-76.56529701035));
#3958 = CARTESIAN_POINT('',(-205.,-25.92226691558,-76.40916709972));
#3959 = CARTESIAN_POINT('',(-205.,-26.38582612237,-76.24614362559));
#3960 = CARTESIAN_POINT('',(-205.,-26.84684143134,-76.07596414925));
#3961 = CARTESIAN_POINT('',(-205.,-27.30504699929,-75.89853586477));
#3962 = CARTESIAN_POINT('',(-205.,-28.10164319658,-75.57507406115));
#3963 = CARTESIAN_POINT('',(-205.,-28.44134422153,-75.43229045116));
#3964 = CARTESIAN_POINT('',(-205.,-28.77926850656,-75.28526772383));
#3965 = CARTESIAN_POINT('',(-205.,-29.11532721737,-75.13394699357));
#3966 = CARTESIAN_POINT('',(-205.,-29.4494232298,-74.97828677366));
#3967 = CARTESIAN_POINT('',(-205.,-29.78145219021,-74.81825730237));
#3968 = CARTESIAN_POINT('',(-205.,-30.11130357587,-74.65383486913));
#3969 = CARTESIAN_POINT('',(-205.,-30.69363169022,-74.35367586054));
#3970 = CARTESIAN_POINT('',(-205.,-30.94701945599,-74.21968200906));
#3971 = CARTESIAN_POINT('',(-205.,-31.19897479045,-74.08299878492));
#3972 = CARTESIAN_POINT('',(-205.,-31.44944762496,-73.94361139004));
#3973 = CARTESIAN_POINT('',(-205.,-31.69838808436,-73.80150602951));
#3974 = CARTESIAN_POINT('',(-205.,-31.94574648706,-73.65666991157));
#3975 = CARTESIAN_POINT('',(-205.,-32.19147334499,-73.50909124765));
#3976 = CARTESIAN_POINT('',(-205.,-32.78415551248,-73.14399988767));
#3977 = CARTESIAN_POINT('',(-205.,-33.12935958525,-72.92363765832));
#3978 = CARTESIAN_POINT('',(-205.,-33.47098579961,-72.69769392437));
#3979 = CARTESIAN_POINT('',(-205.,-33.8088883733,-72.46619004592));
#3980 = CARTESIAN_POINT('',(-205.,-34.14292152402,-72.22914738305));
#3981 = CARTESIAN_POINT('',(-205.,-34.47293946952,-71.98658729586));
#3982 = CARTESIAN_POINT('',(-205.,-34.7987964275,-71.73853114442));
#3983 = CARTESIAN_POINT('',(-205.,-35.47405175712,-71.20611639941));
#3984 = CARTESIAN_POINT('',(-205.,-35.82254268657,-70.92060043594));
#3985 = CARTESIAN_POINT('',(-205.,-36.16565448214,-70.6285440049));
#3986 = CARTESIAN_POINT('',(-205.,-36.50324673091,-70.33008184974));
#3987 = CARTESIAN_POINT('',(-205.,-36.83516483258,-70.02532422023));
#3988 = CARTESIAN_POINT('',(-205.,-37.16125069983,-69.71437556412));
#3989 = CARTESIAN_POINT('',(-205.,-37.481358874,-69.39736249932));
#3990 = CARTESIAN_POINT('',(-205.,-37.99513655811,-68.86886854594));
#3991 = CARTESIAN_POINT('',(-205.,-38.19245246862,-68.66092915133));
#3992 = CARTESIAN_POINT('',(-205.,-38.3872612656,-68.45062059919));
#3993 = CARTESIAN_POINT('',(-205.,-38.57954267866,-68.23798791945));
#3994 = CARTESIAN_POINT('',(-205.,-38.76927670737,-68.02307641362));
#3995 = CARTESIAN_POINT('',(-205.,-38.95644362125,-67.80593165478));
#3996 = CARTESIAN_POINT('',(-205.,-39.14102395979,-67.58659948761));
#3997 = CARTESIAN_POINT('',(-205.,-39.58295616986,-67.04874272062));
#3998 = CARTESIAN_POINT('',(-205.,-39.83759777041,-66.72798746064));
#3999 = CARTESIAN_POINT('',(-205.,-40.08687047851,-66.40299823331));
#4000 = CARTESIAN_POINT('',(-205.,-40.33068728219,-66.07389024911));
#4001 = CARTESIAN_POINT('',(-205.,-40.56900819648,-65.74079722518));
#4002 = CARTESIAN_POINT('',(-205.,-40.80185923196,-65.4038820996));
#4003 = CARTESIAN_POINT('',(-205.,-41.02928914866,-65.06331717876));
#4004 = CARTESIAN_POINT('',(-205.,-41.49543446285,-64.34074479962));
#4005 = CARTESIAN_POINT('',(-205.,-41.73301728888,-63.95799089841));
#4006 = CARTESIAN_POINT('',(-205.,-41.96405013919,-63.5711813197));
#4007 = CARTESIAN_POINT('',(-205.,-42.18848419759,-63.18052126751));
#4008 = CARTESIAN_POINT('',(-205.,-42.40632188341,-62.78619966432));
#4009 = CARTESIAN_POINT('',(-205.,-42.61765258883,-62.38840010906));
#4010 = CARTESIAN_POINT('',(-205.,-42.82260385549,-61.98730804282));
#4011 = CARTESIAN_POINT('',(-205.,-43.16567585723,-61.28911163294));
#4012 = CARTESIAN_POINT('',(-205.,-43.3067834031,-60.99348267423));
#4013 = CARTESIAN_POINT('',(-205.,-43.44457311897,-60.69627434274));
#4014 = CARTESIAN_POINT('',(-205.,-43.57907264084,-60.39755835174));
#4015 = CARTESIAN_POINT('',(-205.,-43.71031216949,-60.09740410091));
#4016 = CARTESIAN_POINT('',(-205.,-43.83832447053,-59.79587867639));
#4017 = CARTESIAN_POINT('',(-205.,-43.9631448744,-59.49304685071));
#4018 = CARTESIAN_POINT('',(-205.,-44.22168705066,-58.84688316443));
#4019 = CARTESIAN_POINT('',(-205.,-44.35457944041,-58.50321070458));
#4020 = CARTESIAN_POINT('',(-205.,-44.48355302053,-58.15803112747));
#4021 = CARTESIAN_POINT('',(-205.,-44.60867236596,-57.81142185728));
#4022 = CARTESIAN_POINT('',(-205.,-44.73000205164,-57.46346031819));
#4023 = CARTESIAN_POINT('',(-205.,-44.84760665249,-57.11422393436));
#4024 = CARTESIAN_POINT('',(-205.,-44.96155074347,-56.76379012998));
#4025 = CARTESIAN_POINT('',(-205.,-45.18224210604,-56.06069829689));
#4026 = CARTESIAN_POINT('',(-205.,-45.28899068654,-55.70803769051));
#4027 = CARTESIAN_POINT('',(-205.,-45.39220945227,-55.35432907253));
#4028 = CARTESIAN_POINT('',(-205.,-45.49196736037,-54.99963521385));
#4029 = CARTESIAN_POINT('',(-205.,-45.58833606353,-54.64401125555));
#4030 = CARTESIAN_POINT('',(-205.,-45.68138845971,-54.28750887066));
#4031 = CARTESIAN_POINT('',(-205.,-45.77119724178,-53.93018042595));
#4032 = CARTESIAN_POINT('',(-205.,-45.92521695288,-53.29356390218));
#4033 = CARTESIAN_POINT('',(-205.,-45.99068191918,-53.01457680495));
#4034 = CARTESIAN_POINT('',(-205.,-46.05426244181,-52.73514692573));
#4035 = CARTESIAN_POINT('',(-205.,-46.11599258821,-52.45529921732));
#4036 = CARTESIAN_POINT('',(-205.,-46.17590639759,-52.17505851158));
#4037 = CARTESIAN_POINT('',(-205.,-46.23403788096,-51.89444951941));
#4038 = CARTESIAN_POINT('',(-205.,-46.29042102111,-51.61349683078));
#4039 = CARTESIAN_POINT('',(-205.,-46.42318806777,-50.93040748683));
#4040 = CARTESIAN_POINT('',(-205.,-46.49778735661,-50.52793273821));
#4041 = CARTESIAN_POINT('',(-205.,-46.56898478798,-50.12484276676));
#4042 = CARTESIAN_POINT('',(-205.,-46.63687751071,-49.72117967038));
#4043 = CARTESIAN_POINT('',(-205.,-46.70156267361,-49.31698554698));
#4044 = CARTESIAN_POINT('',(-205.,-46.76313742552,-48.91230249448));
#4045 = CARTESIAN_POINT('',(-205.,-46.82169891527,-48.50717261076));
#4046 = CARTESIAN_POINT('',(-205.,-46.93855403173,-47.65555118322));
#4047 = CARTESIAN_POINT('',(-205.,-46.99623785921,-47.2089730176));
#4048 = CARTESIAN_POINT('',(-205.,-47.05051401839,-46.76195289699));
#4049 = CARTESIAN_POINT('',(-205.,-47.10152914143,-46.31457247275));
#4050 = CARTESIAN_POINT('',(-205.,-47.14940939056,-45.86687918368));
#4051 = CARTESIAN_POINT('',(-205.,-47.19426610494,-45.41889219901));
#4052 = CARTESIAN_POINT('',(-205.,-47.23621734089,-44.97063152735));
#4053 = CARTESIAN_POINT('',(-205.,-47.30031250695,-44.23670687795));
#4054 = CARTESIAN_POINT('',(-205.,-47.32411120665,-43.95119366459));
#4055 = CARTESIAN_POINT('',(-205.,-47.34681362868,-43.66558845159));
#4056 = CARTESIAN_POINT('',(-205.,-47.36845060897,-43.3798982798));
#4057 = CARTESIAN_POINT('',(-205.,-47.38905298347,-43.09413019007));
#4058 = CARTESIAN_POINT('',(-205.,-47.40865158812,-42.80829122325));
#4059 = CARTESIAN_POINT('',(-205.,-47.42727725888,-42.52238842019));
#4060 = CARTESIAN_POINT('',(-205.,-47.47274763603,-41.78709069824));
#4061 = CARTESIAN_POINT('',(-205.,-47.49820897964,-41.33761168284));
#4062 = CARTESIAN_POINT('',(-205.,-47.52146261006,-40.88801340423));
#4063 = CARTESIAN_POINT('',(-205.,-47.5426286718,-40.43831910804));
#4064 = CARTESIAN_POINT('',(-205.,-47.56183425299,-39.98856241704));
#4065 = CARTESIAN_POINT('',(-205.,-47.57919405432,-39.53875779301));
#4066 = CARTESIAN_POINT('',(-205.,-47.59480380703,-39.08888959777));
#4067 = CARTESIAN_POINT('',(-205.,-47.62403212599,-38.14819605517));
#4068 = CARTESIAN_POINT('',(-205.,-47.63733892557,-37.65736333314));
#4069 = CARTESIAN_POINT('',(-205.,-47.64884777128,-37.16648234612));
#4070 = CARTESIAN_POINT('',(-205.,-47.65870296913,-36.67555695529));
#4071 = CARTESIAN_POINT('',(-205.,-47.66704882514,-36.18459102186));
#4072 = CARTESIAN_POINT('',(-205.,-47.67402964534,-35.69358840703));
#4073 = CARTESIAN_POINT('',(-205.,-47.67978973575,-35.20255297199));
#4074 = CARTESIAN_POINT('',(-205.,-47.68915706903,-34.22042418391));
#4075 = CARTESIAN_POINT('',(-205.,-47.6927643119,-33.72933083087));
#4076 = CARTESIAN_POINT('',(-205.,-47.69543943702,-33.23821238003));
#4077 = CARTESIAN_POINT('',(-205.,-47.69732675041,-32.74707269258));
#4078 = CARTESIAN_POINT('',(-205.,-47.6985705581,-32.25591562974));
#4079 = CARTESIAN_POINT('',(-205.,-47.69931516611,-31.76474505269));
#4080 = CARTESIAN_POINT('',(-205.,-47.69970488046,-31.27356482264));
#4081 = CARTESIAN_POINT('',(-205.,-47.70006313277,-30.29119581448));
#4082 = CARTESIAN_POINT('',(-205.,-47.70003469103,-29.80000978447));
#4083 = CARTESIAN_POINT('',(-205.,-47.69983706627,-29.30882206485));
#4084 = CARTESIAN_POINT('',(-205.,-47.70031404302,-28.81763630568));
#4085 = CARTESIAN_POINT('',(-205.,-47.69980372628,-28.32645285508));
#4086 = CARTESIAN_POINT('',(-205.,-47.69941488631,-27.83527530534));
#4087 = CARTESIAN_POINT('',(-205.,-47.6983570853,-27.34410499179));
#4088 = CARTESIAN_POINT('',(-205.,-47.69417275865,-26.11628486914));
#4089 = CARTESIAN_POINT('',(-205.,-47.69021453521,-25.37964964788));
#4090 = CARTESIAN_POINT('',(-205.,-47.68432163298,-24.64304624578));
#4091 = CARTESIAN_POINT('',(-205.,-47.67600681028,-23.90648566298));
#4092 = CARTESIAN_POINT('',(-205.,-47.66478270544,-23.16998266856));
#4093 = CARTESIAN_POINT('',(-205.,-47.65016201702,-22.4335557962));
#4094 = CARTESIAN_POINT('',(-205.,-47.63165768409,-21.69722733979));
#4095 = CARTESIAN_POINT('',(-205.,-47.59480380703,-20.51111040223));
#4096 = CARTESIAN_POINT('',(-205.,-47.57919405431,-20.06124220697));
#4097 = CARTESIAN_POINT('',(-205.,-47.56183425299,-19.61143758297));
#4098 = CARTESIAN_POINT('',(-205.,-47.5426286718,-19.16168089196));
#4099 = CARTESIAN_POINT('',(-205.,-47.52146261005,-18.71198659575));
#4100 = CARTESIAN_POINT('',(-205.,-47.49820897964,-18.26238831716));
#4101 = CARTESIAN_POINT('',(-205.,-47.47274763603,-17.81290930176));
#4102 = CARTESIAN_POINT('',(-205.,-47.42222480951,-16.99590883739));
#4103 = CARTESIAN_POINT('',(-205.,-47.39793144174,-16.62834038279));
#4104 = CARTESIAN_POINT('',(-205.,-47.37201519075,-16.26088077881));
#4105 = CARTESIAN_POINT('',(-205.,-47.34441051891,-15.89354498983));
#4106 = CARTESIAN_POINT('',(-205.,-47.31505188862,-15.52634798022));
#4107 = CARTESIAN_POINT('',(-205.,-47.28387376225,-15.15930471437));
#4108 = CARTESIAN_POINT('',(-205.,-47.25081060218,-14.79243015664));
#4109 = CARTESIAN_POINT('',(-205.,-47.19245433211,-14.18127814598));
#4110 = CARTESIAN_POINT('',(-205.,-47.16824445113,-13.93690061964));
#4111 = CARTESIAN_POINT('',(-205.,-47.14314857594,-13.69260847458));
#4112 = CARTESIAN_POINT('',(-205.,-47.11714755475,-13.44840507179));
#4113 = CARTESIAN_POINT('',(-205.,-47.09022173589,-13.20429535113));
#4114 = CARTESIAN_POINT('',(-205.,-47.06235096781,-12.96028583128));
#4115 = CARTESIAN_POINT('',(-205.,-47.03351459911,-12.71638460976));
#4116 = CARTESIAN_POINT('',(-205.,-46.95398632881,-12.06629637105));
#4117 = CARTESIAN_POINT('',(-205.,-46.90153993367,-11.66032033623));
#4118 = CARTESIAN_POINT('',(-205.,-46.84625514426,-11.25471535637));
#4119 = CARTESIAN_POINT('',(-205.,-46.78803481174,-10.8495235294));
#4120 = CARTESIAN_POINT('',(-205.,-46.7267817873,-10.44478695321));
#4121 = CARTESIAN_POINT('',(-205.,-46.6623989221,-10.04054772571));
#4122 = CARTESIAN_POINT('',(-205.,-46.59478906732,-9.63684794482));
#4123 = CARTESIAN_POINT('',(-205.,-46.4458284244,-8.790303869735));
#4124 = CARTESIAN_POINT('',(-205.,-46.36377827409,-8.34757496534));
#4125 = CARTESIAN_POINT('',(-205.,-46.27757445278,-7.905603853164));
#4126 = CARTESIAN_POINT('',(-205.,-46.18709672272,-7.464431301118));
#4127 = CARTESIAN_POINT('',(-205.,-46.09220636271,-7.024168346034));
#4128 = CARTESIAN_POINT('',(-205.,-45.99276394403,-6.58493429774));
#4129 = CARTESIAN_POINT('',(-205.,-45.88864707345,-6.146798310666));
#4130 = CARTESIAN_POINT('',(-205.,-45.68069626061,-5.312671504875));
#4131 = CARTESIAN_POINT('',(-205.,-45.57769390805,-4.916454674033));
#4132 = CARTESIAN_POINT('',(-205.,-45.47061935998,-4.5213138356));
#4133 = CARTESIAN_POINT('',(-205.,-45.3593701973,-4.127313864758));
#4134 = CARTESIAN_POINT('',(-205.,-45.24384638009,-3.73452524128));
#4135 = CARTESIAN_POINT('',(-205.,-45.12395437743,-3.343035882281));
#4136 = CARTESIAN_POINT('',(-205.,-44.99960608906,-2.952950195538));
#4137 = CARTESIAN_POINT('',(-205.,-44.72892335566,-2.136923973118));
#4138 = CARTESIAN_POINT('',(-205.,-44.58163702073,-1.711305394515));
#4139 = CARTESIAN_POINT('',(-205.,-44.42872648976,-1.287651389805));
#4140 = CARTESIAN_POINT('',(-205.,-44.27008387024,-0.866107702289));
#4141 = CARTESIAN_POINT('',(-205.,-44.10559152133,-0.446816324719));
#4142 = CARTESIAN_POINT('',(-205.,-43.93511909687,-2.991323588697E-02));
#4143 = CARTESIAN_POINT('',(-205.,-43.75854655167,0.384458404589));
#4144 = CARTESIAN_POINT('',(-205.,-43.44291816549,1.09550483008));
#4145 = CARTESIAN_POINT('',(-205.,-43.30676613298,1.393449250848));
#4146 = CARTESIAN_POINT('',(-205.,-43.16732725494,1.689883197562));
#4147 = CARTESIAN_POINT('',(-205.,-43.02457177282,1.984737002175));
#4148 = CARTESIAN_POINT('',(-205.,-42.87846992809,2.277940996641));
#4149 = CARTESIAN_POINT('',(-205.,-42.7289919622,2.569425512914));
#4150 = CARTESIAN_POINT('',(-205.,-42.57610811662,2.859120882948));
#4151 = CARTESIAN_POINT('',(-205.,-42.1853004806,3.578728708997));
#4152 = CARTESIAN_POINT('',(-205.,-41.94309335376,4.006310550246));
#4153 = CARTESIAN_POINT('',(-205.,-41.69300091123,4.429455503385));
#4154 = CARTESIAN_POINT('',(-205.,-41.43516557251,4.847926959095));
#4155 = CARTESIAN_POINT('',(-205.,-41.16944315272,5.261463115477));
#4156 = CARTESIAN_POINT('',(-205.,-40.89589850518,5.669813608619));
#4157 = CARTESIAN_POINT('',(-205.,-40.61449086525,6.072713613588));
#4158 = CARTESIAN_POINT('',(-205.,-40.03595674939,6.867084130754));
#4159 = CARTESIAN_POINT('',(-205.,-39.73881924748,7.258564066825));
#4160 = CARTESIAN_POINT('',(-205.,-39.43380313136,7.644062305909));
#4161 = CARTESIAN_POINT('',(-205.,-39.12117760719,8.023430120438));
#4162 = CARTESIAN_POINT('',(-205.,-38.80084493076,8.396337222215));
#4163 = CARTESIAN_POINT('',(-205.,-38.47307080252,8.762646611288));
#4164 = CARTESIAN_POINT('',(-205.,-38.13785239936,9.122064857347));
#4165 = CARTESIAN_POINT('',(-205.,-37.45281650879,9.826722410999));
#4166 = CARTESIAN_POINT('',(-205.,-37.10300093542,10.171968360935));
#4167 = CARTESIAN_POINT('',(-205.,-36.74607528241,10.509964606568));
#4168 = CARTESIAN_POINT('',(-205.,-36.38227596127,10.840622060352));
#4169 = CARTESIAN_POINT('',(-205.,-36.01171668373,11.16365867628));
#4170 = CARTESIAN_POINT('',(-205.,-35.63472275622,11.479129174788));
#4171 = CARTESIAN_POINT('',(-205.,-35.25134955455,11.786658240012));
#4172 = CARTESIAN_POINT('',(-205.,-34.56982785192,12.311015529331));
#4173 = CARTESIAN_POINT('',(-205.,-34.27432933709,12.531295307323));
#4174 = CARTESIAN_POINT('',(-205.,-33.97551946419,12.747114622445));
#4175 = CARTESIAN_POINT('',(-205.,-33.67350450852,12.958457903192));
#4176 = CARTESIAN_POINT('',(-205.,-33.36839074534,13.165309578058));
#4177 = CARTESIAN_POINT('',(-205.,-33.06028444994,13.36765407554));
#4178 = CARTESIAN_POINT('',(-205.,-32.7492918976,13.565475824133));
#4179 = CARTESIAN_POINT('',(-205.,-32.191473345,13.90909124765));
#4180 = CARTESIAN_POINT('',(-205.,-31.94574648707,14.056669911571));
#4181 = CARTESIAN_POINT('',(-205.,-31.69838808437,14.201506029508));
#4182 = CARTESIAN_POINT('',(-205.,-31.44944762496,14.343611390043));
#4183 = CARTESIAN_POINT('',(-205.,-31.19897479046,14.482998784924));
#4184 = CARTESIAN_POINT('',(-205.,-30.94701945599,14.619682009064));
#4185 = CARTESIAN_POINT('',(-205.,-30.69363169023,14.753675860546));
#4186 = CARTESIAN_POINT('',(-205.,-30.0749079823,15.072594851718));
#4187 = CARTESIAN_POINT('',(-205.,-29.70812531346,15.254733428857));
#4188 = CARTESIAN_POINT('',(-205.,-29.3386657036,15.431471345574));
#4189 = CARTESIAN_POINT('',(-205.,-28.96668565347,15.602815016137));
#4190 = CARTESIAN_POINT('',(-205.,-28.59232895053,15.76879623492));
#4191 = CARTESIAN_POINT('',(-205.,-28.21572073382,15.929499831258));
#4192 = CARTESIAN_POINT('',(-205.,-27.83697288296,16.08504053978));
#4193 = CARTESIAN_POINT('',(-205.,-27.03735840936,16.400979703751));
#4194 = CARTESIAN_POINT('',(-205.,-26.6160586442,16.56031699506));
#4195 = CARTESIAN_POINT('',(-205.,-26.19249020867,16.713593303004));
#4196 = CARTESIAN_POINT('',(-205.,-25.76678578534,16.860948406212));
#4197 = CARTESIAN_POINT('',(-205.,-25.33913219227,17.00247231741));
#4198 = CARTESIAN_POINT('',(-205.,-24.90970319133,17.138261177779));
#4199 = CARTESIAN_POINT('',(-205.,-24.47859217425,17.268475689631));
#4200 = CARTESIAN_POINT('',(-205.,-23.73124919442,17.483998640536));
#4201 = CARTESIAN_POINT('',(-205.,-23.41574714013,17.571870203947));
#4202 = CARTESIAN_POINT('',(-205.,-23.09945980716,17.656919897594));
#4203 = CARTESIAN_POINT('',(-205.,-22.78243114428,17.73920139913));
#4204 = CARTESIAN_POINT('',(-205.,-22.46470510024,17.818768386205));
#4205 = CARTESIAN_POINT('',(-205.,-22.1463256238,17.895674536472));
#4206 = CARTESIAN_POINT('',(-205.,-21.82733666371,17.969973527582));
#4207 = CARTESIAN_POINT('',(-205.,-21.26811553429,18.095528340747));
#4208 = CARTESIAN_POINT('',(-205.,-21.02813290818,18.14790101899));
#4209 = CARTESIAN_POINT('',(-205.,-20.78785196487,18.198859831115));
#4210 = CARTESIAN_POINT('',(-205.,-20.54728833285,18.248427728003));
#4211 = CARTESIAN_POINT('',(-205.,-20.30645559457,18.296627852214));
#4212 = CARTESIAN_POINT('',(-205.,-20.0653652865,18.343483537993));
#4213 = CARTESIAN_POINT('',(-205.,-19.82402689912,18.389018311261));
#4214 = CARTESIAN_POINT('',(-205.,-19.17981742198,18.506984958217));
#4215 = CARTESIAN_POINT('',(-205.,-18.7765262233,18.577109839934));
#4216 = CARTESIAN_POINT('',(-205.,-18.37262542565,18.643738703763));
#4217 = CARTESIAN_POINT('',(-205.,-17.96816617382,18.706979718693));
#4218 = CARTESIAN_POINT('',(-205.,-17.56319961261,18.766941053714));
#4219 = CARTESIAN_POINT('',(-205.,-17.1577768868,18.823730877815));
#4220 = CARTESIAN_POINT('',(-205.,-16.75194914119,18.877457359986));
#4221 = CARTESIAN_POINT('',(-205.,-15.93960199565,18.978997966539));
#4222 = CARTESIAN_POINT('',(-205.,-15.53307760254,19.026814204975));
#4223 = CARTESIAN_POINT('',(-205.,-15.12623516825,19.071783679331));
#4224 = CARTESIAN_POINT('',(-205.,-14.71910181421,19.114007120835));
#4225 = CARTESIAN_POINT('',(-205.,-14.3117026256,19.1535852266));
#4226 = CARTESIAN_POINT('',(-205.,-13.90406557134,19.190620944073));
#4227 = CARTESIAN_POINT('',(-205.,-13.49621967464,19.225218510502));
#4228 = CARTESIAN_POINT('',(-205.,-12.84336699145,19.276835649884));
#4229 = CARTESIAN_POINT('',(-205.,-12.5984798837,19.295350965806));
#4230 = CARTESIAN_POINT('',(-205.,-12.35353056539,19.313047362567));
#4231 = CARTESIAN_POINT('',(-205.,-12.10852449087,19.329947007577));
#4232 = CARTESIAN_POINT('',(-205.,-11.86346711448,19.346072068248));
#4233 = CARTESIAN_POINT('',(-205.,-11.61836389057,19.361444711991));
#4234 = CARTESIAN_POINT('',(-205.,-11.37322027346,19.376087106217));
#4235 = CARTESIAN_POINT('',(-205.,-10.71940832895,19.413245411793));
#4236 = CARTESIAN_POINT('',(-205.,-10.31067959271,19.434500620352));
#4237 = CARTESIAN_POINT('',(-205.,-9.901888828747,19.453895824065));
#4238 = CARTESIAN_POINT('',(-205.,-9.493050396926,19.471530169039));
#4239 = CARTESIAN_POINT('',(-205.,-9.084168536058,19.487498654835));
#4240 = CARTESIAN_POINT('',(-205.,-8.675243495516,19.501895801924));
#4241 = CARTESIAN_POINT('',(-205.,-8.26627495952,19.514817499212));
#4242 = CARTESIAN_POINT('',(-205.,-7.407351725841,19.539058850174));
#4243 = CARTESIAN_POINT('',(-205.,-6.957392633157,19.550088474286));
#4244 = CARTESIAN_POINT('',(-205.,-6.507389156822,19.559577746813));
#4245 = CARTESIAN_POINT('',(-205.,-6.057344967665,19.567654510622));
#4246 = CARTESIAN_POINT('',(-205.,-5.607263736513,19.574446608576));
#4247 = CARTESIAN_POINT('',(-205.,-5.157149134195,19.580081883542));
#4248 = CARTESIAN_POINT('',(-205.,-4.707004831539,19.584688178384));
#4249 = CARTESIAN_POINT('',(-205.,-3.806664167208,19.592098493551));
#4250 = CARTESIAN_POINT('',(-205.,-3.356467805533,19.594902513876));
#4251 = CARTESIAN_POINT('',(-205.,-2.906249085177,19.596933239808));
#4252 = CARTESIAN_POINT('',(-205.,-2.456011676967,19.598318514211));
#4253 = CARTESIAN_POINT('',(-205.,-2.005759251733,19.599186179951));
#4254 = CARTESIAN_POINT('',(-205.,-1.555495480302,19.599664079892));
#4255 = CARTESIAN_POINT('',(-205.,-1.105224033503,19.599880056901));
#4256 = CARTESIAN_POINT('',(-205.,-0.204678403334,19.600043849823));
#4257 = CARTESIAN_POINT('',(-205.,0.245594068394,19.599947369894));
#4258 = CARTESIAN_POINT('',(-205.,0.695866736753,19.60007009229));
#4259 = CARTESIAN_POINT('',(-205.,1.146137575182,19.60004512909));
#4260 = CARTESIAN_POINT('',(-205.,1.596404648896,19.599725180622));
#4261 = CARTESIAN_POINT('',(-205.,2.046665886017,19.599093876219));
#4262 = CARTESIAN_POINT('',(-205.,2.496918952959,19.597946197226));
#4263 = CARTESIAN_POINT('',(-205.,3.683827887918,19.593289644569));
#4264 = CARTESIAN_POINT('',(-205.,4.420463501923,19.588733627548));
#4265 = CARTESIAN_POINT('',(-205.,5.157059485668,19.581951694535));
#4266 = CARTESIAN_POINT('',(-205.,5.893601898095,19.572383373153));
#4267 = CARTESIAN_POINT('',(-205.,6.630071810278,19.559468034308));
#4268 = CARTESIAN_POINT('',(-205.,7.366445312991,19.542645175274));
#4269 = CARTESIAN_POINT('',(-205.,8.102693524268,19.521354702772));
#4270 = CARTESIAN_POINT('',(-205.,9.288594259111,19.478955042188));
#4271 = CARTESIAN_POINT('',(-205.,9.738355750013,19.460996451534));
#4272 = CARTESIAN_POINT('',(-205.,10.188052810149,19.441026240302));
#4273 = CARTESIAN_POINT('',(-205.,10.637712075893,19.418936263923));
#4274 = CARTESIAN_POINT('',(-205.,11.087292687813,19.394582279227));
#4275 = CARTESIAN_POINT('',(-205.,11.536738319921,19.367813820608));
#4276 = CARTESIAN_POINT('',(-205.,11.986036911901,19.338508932913));
#4277 = CARTESIAN_POINT('',(-205.,12.802582287605,19.28035719708));
#4278 = CARTESIAN_POINT('',(-205.,13.169901487359,19.252396118962));
#4279 = CARTESIAN_POINT('',(-205.,13.537074577241,19.222567534394));
#4280 = CARTESIAN_POINT('',(-205.,13.904083148852,19.190796628362));
#4281 = CARTESIAN_POINT('',(-205.,14.270908793791,19.157008585853));
#4282 = CARTESIAN_POINT('',(-205.,14.637533103659,19.121128591856));
#4283 = CARTESIAN_POINT('',(-205.,15.003937670055,19.083081831357));
#4284 = CARTESIAN_POINT('',(-205.,15.614223525419,19.015933659674));
#4285 = CARTESIAN_POINT('',(-205.,15.858235732565,18.988077841036));
#4286 = CARTESIAN_POINT('',(-205.,16.102134594366,18.959204092768));
#4287 = CARTESIAN_POINT('',(-205.,16.345912849151,18.929290023581));
#4288 = CARTESIAN_POINT('',(-205.,16.589562085232,18.898312791553));
#4289 = CARTESIAN_POINT('',(-205.,16.833072740905,18.866249104135));
#4290 = CARTESIAN_POINT('',(-205.,17.076434104448,18.833075218147));
#4291 = CARTESIAN_POINT('',(-205.,17.724976133568,18.741585327998));
#4292 = CARTESIAN_POINT('',(-205.,18.129872017378,18.681253839092));
#4293 = CARTESIAN_POINT('',(-205.,18.53427082076,18.617664304072));
#4294 = CARTESIAN_POINT('',(-205.,18.938121398922,18.550708553948));
#4295 = CARTESIAN_POINT('',(-205.,19.34137260707,18.480278419727));
#4296 = CARTESIAN_POINT('',(-205.,19.743973300413,18.40626573242));
#4297 = CARTESIAN_POINT('',(-205.,20.145872334158,18.328562323035));
#4298 = CARTESIAN_POINT('',(-205.,20.988276431915,18.157408098328));
#4299 = CARTESIAN_POINT('',(-205.,21.428635227797,18.063157183536));
#4300 = CARTESIAN_POINT('',(-205.,21.868013806074,17.964167432923));
#4301 = CARTESIAN_POINT('',(-205.,22.30627339754,17.860299369705));
#4302 = CARTESIAN_POINT('',(-205.,22.743304380798,17.751413286391));
#4303 = CARTESIAN_POINT('',(-205.,23.179005105041,17.637369505826));
#4304 = CARTESIAN_POINT('',(-205.,23.613247226472,17.518028708168));
#4305 = CARTESIAN_POINT('',(-205.,24.360595156197,17.302504329848));
#4306 = CARTESIAN_POINT('',(-205.,24.674436353218,17.208882885378));
#4307 = CARTESIAN_POINT('',(-205.,24.987408724438,17.112329657661));
#4308 = CARTESIAN_POINT('',(-205.,25.299468217356,17.012791222643));
#4309 = CARTESIAN_POINT('',(-205.,25.610563614802,16.910218270645));
#4310 = CARTESIAN_POINT('',(-205.,25.920636534937,16.804565606368));
#4311 = CARTESIAN_POINT('',(-205.,26.229621431252,16.69579214889));
#4312 = CARTESIAN_POINT('',(-205.,26.845271801529,16.471928969881));
#4313 = CARTESIAN_POINT('',(-205.,27.151944715752,16.356835617755));
#4314 = CARTESIAN_POINT('',(-205.,27.457402577837,16.238537517888));
#4315 = CARTESIAN_POINT('',(-205.,27.761583593761,16.116991480954));
#4316 = CARTESIAN_POINT('',(-205.,28.064425932875,15.992154485701));
#4317 = CARTESIAN_POINT('',(-205.,28.365867727912,15.863983678953));
#4318 = CARTESIAN_POINT('',(-205.,28.665847074983,15.732436375606));
#4319 = CARTESIAN_POINT('',(-205.,29.262756683332,15.46250388132));
#4320 = CARTESIAN_POINT('',(-205.,29.559684867263,15.32412210318));
#4321 = CARTESIAN_POINT('',(-205.,29.85501214374,15.18230387531));
#4322 = CARTESIAN_POINT('',(-205.,30.148664065952,15.037028363734));
#4323 = CARTESIAN_POINT('',(-205.,30.440566181904,14.888274749398));
#4324 = CARTESIAN_POINT('',(-205.,30.730644034418,14.736022228176));
#4325 = CARTESIAN_POINT('',(-205.,31.018823161134,14.580250010862));
#4326 = CARTESIAN_POINT('',(-205.,31.734333175371,14.181970974192));
#4327 = CARTESIAN_POINT('',(-205.,32.159208062475,13.935025647524));
#4328 = CARTESIAN_POINT('',(-205.,32.579404637671,13.68010584965));
#4329 = CARTESIAN_POINT('',(-205.,32.994600814261,13.416841233702));
#4330 = CARTESIAN_POINT('',(-205.,33.404667490893,13.145802204201));
#4331 = CARTESIAN_POINT('',(-205.,33.809259585595,12.866616054705));
#4332 = CARTESIAN_POINT('',(-205.,34.208164584319,12.579522526945));
#4333 = CARTESIAN_POINT('',(-205.,34.797582436149,12.136999380013));
#4334 = CARTESIAN_POINT('',(-205.,34.992569080083,11.987510356706));
#4335 = CARTESIAN_POINT('',(-205.,35.186035429998,11.836042941661));
#4336 = CARTESIAN_POINT('',(-205.,35.377951123586,11.682603598791));
#4337 = CARTESIAN_POINT('',(-205.,35.56828798346,11.527203671464));
#4338 = CARTESIAN_POINT('',(-205.,35.757020017153,11.369859382504));
#4339 = CARTESIAN_POINT('',(-205.,35.944123417119,11.210591834191));
#4340 = CARTESIAN_POINT('',(-205.,36.345939063969,10.861400941446));
#4341 = CARTESIAN_POINT('',(-205.,36.560053457246,10.670786355726));
#4342 = CARTESIAN_POINT('',(-205.,36.771880536371,10.477612788169));
#4343 = CARTESIAN_POINT('',(-205.,36.981381097148,10.281909775844));
#4344 = CARTESIAN_POINT('',(-205.,37.188515935384,10.083706855821));
#4345 = CARTESIAN_POINT('',(-205.,37.393245846884,9.883033565169));
#4346 = CARTESIAN_POINT('',(-205.,37.595531627453,9.679919440958));
#4347 = CARTESIAN_POINT('',(-205.,38.109309503918,9.151425337828));
#4348 = CARTESIAN_POINT('',(-205.,38.417147398484,8.822498684443));
#4349 = CARTESIAN_POINT('',(-205.,38.718756701846,8.487776740939));
#4350 = CARTESIAN_POINT('',(-205.,39.014074270608,8.147448926687));
#4351 = CARTESIAN_POINT('',(-205.,39.303020844751,7.80168942458));
#4352 = CARTESIAN_POINT('',(-205.,39.585513276414,7.450668848819));
#4353 = CARTESIAN_POINT('',(-205.,39.861482856782,7.09457161711));
#4354 = CARTESIAN_POINT('',(-205.,40.326752800348,6.471025056337));
#4355 = CARTESIAN_POINT('',(-205.,40.519159703056,6.205884965494));
#4356 = CARTESIAN_POINT('',(-205.,40.708072649159,5.938226658104));
#4357 = CARTESIAN_POINT('',(-205.,40.893494289824,5.668126118563));
#4358 = CARTESIAN_POINT('',(-205.,41.075427568791,5.39565947395));
#4359 = CARTESIAN_POINT('',(-205.,41.253875722383,5.120902994023));
#4360 = CARTESIAN_POINT('',(-205.,41.428842279496,4.843933091225));
#4361 = CARTESIAN_POINT('',(-205.,41.857568707098,4.146158885936));
#4362 = CARTESIAN_POINT('',(-205.,42.106964242177,3.722695033237));
#4363 = CARTESIAN_POINT('',(-205.,42.348605145548,3.294691799494));
#4364 = CARTESIAN_POINT('',(-205.,42.582236115589,2.862376519269));
#4365 = CARTESIAN_POINT('',(-205.,42.808384885022,2.426007814236));
#4366 = CARTESIAN_POINT('',(-205.,43.026843233594,1.985812809053));
#4367 = CARTESIAN_POINT('',(-205.,43.237856873073,1.542025275099));
#4368 = CARTESIAN_POINT('',(-205.,43.543306125445,0.871292980793));
#4369 = CARTESIAN_POINT('',(-205.,43.643279126638,0.646874770369));
#4370 = CARTESIAN_POINT('',(-205.,43.741418513323,0.421647222778));
#4371 = CARTESIAN_POINT('',(-205.,43.83773583287,0.195640946828));
#4372 = CARTESIAN_POINT('',(-205.,43.932245207002,-3.111610150486E-02));
#4373 = CARTESIAN_POINT('',(-205.,44.024963331788,-0.258598619074));
#4374 = CARTESIAN_POINT('',(-205.,44.115909477652,-0.486783955561));
#4375 = CARTESIAN_POINT('',(-205.,44.309167349484,-0.982664570397));
#4376 = CARTESIAN_POINT('',(-205.,44.410845551278,-1.250604350339));
#4377 = CARTESIAN_POINT('',(-205.,44.510170513383,-1.519434921907));
#4378 = CARTESIAN_POINT('',(-205.,44.607172654432,-1.789119753704));
#4379 = CARTESIAN_POINT('',(-205.,44.701882393061,-2.059622314332));
#4380 = CARTESIAN_POINT('',(-205.,44.794330147905,-2.330906072396));
#4381 = CARTESIAN_POINT('',(-205.,44.884546337599,-2.602934496498));
#4382 = CARTESIAN_POINT('',(-205.,45.085718209662,-3.226315706345));
#4383 = CARTESIAN_POINT('',(-205.,45.195238087135,-3.578134880909));
#4384 = CARTESIAN_POINT('',(-205.,45.30118381261,-3.931045139486));
#4385 = CARTESIAN_POINT('',(-205.,45.403622634814,-4.28497880825));
#4386 = CARTESIAN_POINT('',(-205.,45.502624859582,-4.639878737034));
#4387 = CARTESIAN_POINT('',(-205.,45.598262457658,-4.995693057372));
#4388 = CARTESIAN_POINT('',(-205.,45.690607672495,-5.352369940544));
#4389 = CARTESIAN_POINT('',(-205.,45.849049270999,-5.987890266438));
#4390 = CARTESIAN_POINT('',(-205.,45.916418916229,-6.266418067722));
#4391 = CARTESIAN_POINT('',(-205.,45.98187448919,-6.545411252855));
#4392 = CARTESIAN_POINT('',(-205.,46.045449915333,-6.82484531523));
#4393 = CARTESIAN_POINT('',(-205.,46.107179120108,-7.104695748238));
#4394 = CARTESIAN_POINT('',(-205.,46.167096028963,-7.384938045273));
#4395 = CARTESIAN_POINT('',(-205.,46.225234567348,-7.665547699726));
#4396 = CARTESIAN_POINT('',(-205.,46.370245156462,-8.387983080276));
#4397 = CARTESIAN_POINT('',(-205.,46.454556267264,-8.830318291726));
#4398 = CARTESIAN_POINT('',(-205.,46.534692770894,-9.27342828017));
#4399 = CARTESIAN_POINT('',(-205.,46.610782568659,-9.717257063795));
#4400 = CARTESIAN_POINT('',(-205.,46.682956406773,-10.16173990028));
#4401 = CARTESIAN_POINT('',(-205.,46.751345995471,-10.60681176775));
#4402 = CARTESIAN_POINT('',(-205.,46.81608135139,-11.05242000236));
#4403 = CARTESIAN_POINT('',(-205.,46.938506093094,-11.94458605898));
#4404 = CARTESIAN_POINT('',(-205.,46.996198894464,-12.3911424823));
#4405 = CARTESIAN_POINT('',(-205.,47.050486034075,-12.83812587996));
#4406 = CARTESIAN_POINT('',(-205.,47.101525316838,-13.28543643447));
#4407 = CARTESIAN_POINT('',(-205.,47.149442563108,-13.73302734245));
#4408 = CARTESIAN_POINT('',(-205.,47.194340383655,-14.18089561482));
#4409 = CARTESIAN_POINT('',(-205.,47.236331830138,-14.62903696348));
#4410 = CARTESIAN_POINT('',(-205.,47.329012163491,-15.68901116352));
#4411 = CARTESIAN_POINT('',(-205.,47.377300436097,-16.30104542162));
#4412 = CARTESIAN_POINT('',(-205.,47.420697597588,-16.9134846851));
#4413 = CARTESIAN_POINT('',(-205.,47.459492394793,-17.52628356645));
#4414 = CARTESIAN_POINT('',(-205.,47.493983223504,-18.1393870313));
#4415 = CARTESIAN_POINT('',(-205.,47.524465237774,-18.75274946401));
#4416 = CARTESIAN_POINT('',(-205.,47.551223391692,-19.36634486812));
#4417 = CARTESIAN_POINT('',(-205.,47.59791414164,-20.5940740183));
#4418 = CARTESIAN_POINT('',(-205.,47.617844063193,-21.20820745279));
#4419 = CARTESIAN_POINT('',(-205.,47.634656628755,-21.82246976476));
#4420 = CARTESIAN_POINT('',(-205.,47.648653102962,-22.4368159845));
#4421 = CARTESIAN_POINT('',(-205.,47.660134396357,-23.05120356215));
#4422 = CARTESIAN_POINT('',(-205.,47.66940106539,-23.66559236768));
#4423 = CARTESIAN_POINT('',(-205.,47.676753312413,-24.27994469094));
#4424 = CARTESIAN_POINT('',(-205.,47.688223415455,-25.50794441754));
#4425 = CARTESIAN_POINT('',(-205.,47.692344334734,-26.12159059869));
#4426 = CARTESIAN_POINT('',(-205.,47.695153073755,-26.73512852123));
#4427 = CARTESIAN_POINT('',(-205.,47.696948875501,-27.34852351891));
#4428 = CARTESIAN_POINT('',(-205.,47.698031172214,-27.96174149004));
#4429 = CARTESIAN_POINT('',(-205.,47.698699861897,-28.57474886433));
#4430 = CARTESIAN_POINT('',(-205.,47.699255584816,-29.18751256987));
#4431 = CARTESIAN_POINT('',(-205.,47.7,-29.8));
#4432 = PCURVE('',#2590,#4433);
#4433 = DEFINITIONAL_REPRESENTATION('',(#4434),#5144);
#4434 = B_SPLINE_CURVE_WITH_KNOTS('',8,(#4435,#4436,#4437,#4438,#4439,
    #4440,#4441,#4442,#4443,#4444,#4445,#4446,#4447,#4448,#4449,#4450,
    #4451,#4452,#4453,#4454,#4455,#4456,#4457,#4458,#4459,#4460,#4461,
    #4462,#4463,#4464,#4465,#4466,#4467,#4468,#4469,#4470,#4471,#4472,
    #4473,#4474,#4475,#4476,#4477,#4478,#4479,#4480,#4481,#4482,#4483,
    #4484,#4485,#4486,#4487,#4488,#4489,#4490,#4491,#4492,#4493,#4494,
    #4495,#4496,#4497,#4498,#4499,#4500,#4501,#4502,#4503,#4504,#4505,
    #4506,#4507,#4508,#4509,#4510,#4511,#4512,#4513,#4514,#4515,#4516,
    #4517,#4518,#4519,#4520,#4521,#4522,#4523,#4524,#4525,#4526,#4527,
    #4528,#4529,#4530,#4531,#4532,#4533,#4534,#4535,#4536,#4537,#4538,
    #4539,#4540,#4541,#4542,#4543,#4544,#4545,#4546,#4547,#4548,#4549,
    #4550,#4551,#4552,#4553,#4554,#4555,#4556,#4557,#4558,#4559,#4560,
    #4561,#4562,#4563,#4564,#4565,#4566,#4567,#4568,#4569,#4570,#4571,
    #4572,#4573,#4574,#4575,#4576,#4577,#4578,#4579,#4580,#4581,#4582,
    #4583,#4584,#4585,#4586,#4587,#4588,#4589,#4590,#4591,#4592,#4593,
    #4594,#4595,#4596,#4597,#4598,#4599,#4600,#4601,#4602,#4603,#4604,
    #4605,#4606,#4607,#4608,#4609,#4610,#4611,#4612,#4613,#4614,#4615,
    #4616,#4617,#4618,#4619,#4620,#4621,#4622,#4623,#4624,#4625,#4626,
    #4627,#4628,#4629,#4630,#4631,#4632,#4633,#4634,#4635,#4636,#4637,
    #4638,#4639,#4640,#4641,#4642,#4643,#4644,#4645,#4646,#4647,#4648,
    #4649,#4650,#4651,#4652,#4653,#4654,#4655,#4656,#4657,#4658,#4659,
    #4660,#4661,#4662,#4663,#4664,#4665,#4666,#4667,#4668,#4669,#4670,
    #4671,#4672,#4673,#4674,#4675,#4676,#4677,#4678,#4679,#4680,#4681,
    #4682,#4683,#4684,#4685,#4686,#4687,#4688,#4689,#4690,#4691,#4692,
    #4693,#4694,#4695,#4696,#4697,#4698,#4699,#4700,#4701,#4702,#4703,
    #4704,#4705,#4706,#4707,#4708,#4709,#4710,#4711,#4712,#4713,#4714,
    #4715,#4716,#4717,#4718,#4719,#4720,#4721,#4722,#4723,#4724,#4725,
    #4726,#4727,#4728,#4729,#4730,#4731,#4732,#4733,#4734,#4735,#4736,
    #4737,#4738,#4739,#4740,#4741,#4742,#4743,#4744,#4745,#4746,#4747,
    #4748,#4749,#4750,#4751,#4752,#4753,#4754,#4755,#4756,#4757,#4758,
    #4759,#4760,#4761,#4762,#4763,#4764,#4765,#4766,#4767,#4768,#4769,
    #4770,#4771,#4772,#4773,#4774,#4775,#4776,#4777,#4778,#4779,#4780,
    #4781,#4782,#4783,#4784,#4785,#4786,#4787,#4788,#4789,#4790,#4791,
    #4792,#4793,#4794,#4795,#4796,#4797,#4798,#4799,#4800,#4801,#4802,
    #4803,#4804,#4805,#4806,#4807,#4808,#4809,#4810,#4811,#4812,#4813,
    #4814,#4815,#4816,#4817,#4818,#4819,#4820,#4821,#4822,#4823,#4824,
    #4825,#4826,#4827,#4828,#4829,#4830,#4831,#4832,#4833,#4834,#4835,
    #4836,#4837,#4838,#4839,#4840,#4841,#4842,#4843,#4844,#4845,#4846,
    #4847,#4848,#4849,#4850,#4851,#4852,#4853,#4854,#4855,#4856,#4857,
    #4858,#4859,#4860,#4861,#4862,#4863,#4864,#4865,#4866,#4867,#4868,
    #4869,#4870,#4871,#4872,#4873,#4874,#4875,#4876,#4877,#4878,#4879,
    #4880,#4881,#4882,#4883,#4884,#4885,#4886,#4887,#4888,#4889,#4890,
    #4891,#4892,#4893,#4894,#4895,#4896,#4897,#4898,#4899,#4900,#4901,
    #4902,#4903,#4904,#4905,#4906,#4907,#4908,#4909,#4910,#4911,#4912,
    #4913,#4914,#4915,#4916,#4917,#4918,#4919,#4920,#4921,#4922,#4923,
    #4924,#4925,#4926,#4927,#4928,#4929,#4930,#4931,#4932,#4933,#4934,
    #4935,#4936,#4937,#4938,#4939,#4940,#4941,#4942,#4943,#4944,#4945,
    #4946,#4947,#4948,#4949,#4950,#4951,#4952,#4953,#4954,#4955,#4956,
    #4957,#4958,#4959,#4960,#4961,#4962,#4963,#4964,#4965,#4966,#4967,
    #4968,#4969,#4970,#4971,#4972,#4973,#4974,#4975,#4976,#4977,#4978,
    #4979,#4980,#4981,#4982,#4983,#4984,#4985,#4986,#4987,#4988,#4989,
    #4990,#4991,#4992,#4993,#4994,#4995,#4996,#4997,#4998,#4999,#5000,
    #5001,#5002,#5003,#5004,#5005,#5006,#5007,#5008,#5009,#5010,#5011,
    #5012,#5013,#5014,#5015,#5016,#5017,#5018,#5019,#5020,#5021,#5022,
    #5023,#5024,#5025,#5026,#5027,#5028,#5029,#5030,#5031,#5032,#5033,
    #5034,#5035,#5036,#5037,#5038,#5039,#5040,#5041,#5042,#5043,#5044,
    #5045,#5046,#5047,#5048,#5049,#5050,#5051,#5052,#5053,#5054,#5055,
    #5056,#5057,#5058,#5059,#5060,#5061,#5062,#5063,#5064,#5065,#5066,
    #5067,#5068,#5069,#5070,#5071,#5072,#5073,#5074,#5075,#5076,#5077,
    #5078,#5079,#5080,#5081,#5082,#5083,#5084,#5085,#5086,#5087,#5088,
    #5089,#5090,#5091,#5092,#5093,#5094,#5095,#5096,#5097,#5098,#5099,
    #5100,#5101,#5102,#5103,#5104,#5105,#5106,#5107,#5108,#5109,#5110,
    #5111,#5112,#5113,#5114,#5115,#5116,#5117,#5118,#5119,#5120,#5121,
    #5122,#5123,#5124,#5125,#5126,#5127,#5128,#5129,#5130,#5131,#5132,
    #5133,#5134,#5135,#5136,#5137,#5138,#5139,#5140,#5141,#5142,#5143),
  .UNSPECIFIED.,.T.,.F.,(9,7,7,7,7,7,7,7,7,7,7,7,7,7,7,7,7,7,7,7,7,7,7,7
    ,7,7,7,7,7,7,7,7,7,7,7,7,7,7,7,7,7,7,7,7,7,7,7,7,7,7,7,7,7,7,7,7,7,7
    ,7,7,7,7,7,7,7,7,7,7,7,7,7,7,7,7,7,7,7,7,7,7,7,7,7,7,7,7,7,7,7,7,7,7
    ,7,7,7,7,7,7,7,7,7,9),(0.,1.899707322073E-02,2.900290890317E-02,
    3.900694889225E-02,4.600848987791E-02,5.200981764604E-02,
    6.401242613823E-02,7.301432322399E-02,8.001582485683E-02,
    9.001796379184E-02,0.101020157314,0.107021528037,0.117024064334,
    0.127026747317,0.139029930147,0.148032325464,0.155034208983,
    0.165036809669,0.176039485358,0.184041523489,0.1900430712,
    0.200045619694,0.210047771819,0.216049050805,0.22605124271,
    0.237053595682,0.248055948654,0.259058172793,0.27705950603,
    0.288059818253,0.297060139716,0.3030605629,0.31306146896,
    0.324062391236,0.336063962626,0.345065137041,0.352066118129,
    0.362067490406,0.373068997871,0.38006996009,0.390071102402,
    0.401072274981,0.409073039547,0.418073970187,0.427074497104,
    0.434074885138,0.444075449549,0.455076039129,0.462076375442,
    0.473076243955,0.485075280794,0.497074317633,0.509073280318,
    0.527069754085,0.538067856032,0.547066842976,0.553066180741,
    0.563065066693,0.574063736536,0.584062801214,0.595062262667,
    0.603061744454,0.615061423938,0.627061111155,0.63906077177,
    0.648060525417,0.655060354299,0.665060019815,0.676059466872,
    0.68405915688,0.690058943493,0.700058556833,0.710057773919,
    0.716057291886,0.726056548741,0.737055673176,0.74805479761,
    0.75905379325,0.777049844163,0.788046928447,0.79704460885,
    0.803043271266,0.813041242654,0.824038936812,0.832037273993,
    0.84003566438,0.848034046489,0.860031484976,0.86603028544,
    0.87302890223,0.884026734206,0.892025163369,0.904023015707,
    0.910021868634,0.917020520055,0.926018359205,0.93301657868,
    0.944013434012,0.955010121713,0.97000830121,0.985011005893,1.),
  .UNSPECIFIED.);
#4435 = CARTESIAN_POINT('',(170.2,-247.7));
#4436 = CARTESIAN_POINT('',(169.42404591459,-247.700943092));
#4437 = CARTESIAN_POINT('',(168.64764902321,-247.7016128117));
#4438 = CARTESIAN_POINT('',(167.87087450503,-247.7014727814));
#4439 = CARTESIAN_POINT('',(167.09378952091,-247.699988618));
#4440 = CARTESIAN_POINT('',(166.31646331888,-247.6966272035));
#4441 = CARTESIAN_POINT('',(165.53896733972,-247.690855956));
#4442 = CARTESIAN_POINT('',(164.76137532244,-247.6821421015));
#4443 = CARTESIAN_POINT('',(163.5741920547,-247.6635313383));
#4444 = CARTESIAN_POINT('',(163.16459802025,-247.6561460835));
#4445 = CARTESIAN_POINT('',(162.75499941507,-247.6477181757));
#4446 = CARTESIAN_POINT('',(162.34541434773,-247.6381696109));
#4447 = CARTESIAN_POINT('',(161.93586092682,-247.6274223854));
#4448 = CARTESIAN_POINT('',(161.52635726095,-247.6153984953));
#4449 = CARTESIAN_POINT('',(161.11692145869,-247.6020199366));
#4450 = CARTESIAN_POINT('',(160.29829526237,-247.5724001328));
#4451 = CARTESIAN_POINT('',(159.88908843521,-247.5561560662));
#4452 = CARTESIAN_POINT('',(159.47996683572,-247.5384083676));
#4453 = CARTESIAN_POINT('',(159.07094361762,-247.5190732123));
#4454 = CARTESIAN_POINT('',(158.66203060017,-247.4980569134));
#4455 = CARTESIAN_POINT('',(158.25323946853,-247.4752617464));
#4456 = CARTESIAN_POINT('',(157.84458297412,-247.4505917731));
#4457 = CARTESIAN_POINT('',(157.15017390154,-247.4053189175));
#4458 = CARTESIAN_POINT('',(156.864354082,-247.3857174355));
#4459 = CARTESIAN_POINT('',(156.57862070367,-247.365122339));
#4460 = CARTESIAN_POINT('',(156.2929777938,-247.3435017464));
#4461 = CARTESIAN_POINT('',(156.00742937964,-247.3208237765));
#4462 = CARTESIAN_POINT('',(155.72197948845,-247.297056548));
#4463 = CARTESIAN_POINT('',(155.4366321475,-247.2721681795));
#4464 = CARTESIAN_POINT('',(154.90689901899,-247.2238055727));
#4465 = CARTESIAN_POINT('',(154.66248623833,-247.2006371098));
#4466 = CARTESIAN_POINT('',(154.4181539268,-247.1766015375));
#4467 = CARTESIAN_POINT('',(154.17390385636,-247.1516788717));
#4468 = CARTESIAN_POINT('',(153.92973868622,-247.1258490071));
#4469 = CARTESIAN_POINT('',(153.68566196277,-247.099091718));
#4470 = CARTESIAN_POINT('',(153.44167811966,-247.0713866573));
#4471 = CARTESIAN_POINT('',(152.71002310566,-246.9853669828));
#4472 = CARTESIAN_POINT('',(152.2226620811,-246.924147096));
#4473 = CARTESIAN_POINT('',(151.73578744561,-246.8588876614));
#4474 = CARTESIAN_POINT('',(151.24947724074,-246.7894226429));
#4475 = CARTESIAN_POINT('',(150.76380950804,-246.7155860047));
#4476 = CARTESIAN_POINT('',(150.27886228909,-246.6372117109));
#4477 = CARTESIAN_POINT('',(149.79471362543,-246.5541337256));
#4478 = CARTESIAN_POINT('',(148.9489898955,-246.4002256627));
#4479 = CARTESIAN_POINT('',(148.58702743282,-246.3315247713));
#4480 = CARTESIAN_POINT('',(148.22558503313,-246.2600161151));
#4481 = CARTESIAN_POINT('',(147.86470590438,-246.1856285726));
#4482 = CARTESIAN_POINT('',(147.50444144914,-246.1082887677));
#4483 = CARTESIAN_POINT('',(147.14484711389,-246.0279227128));
#4484 = CARTESIAN_POINT('',(146.78597823826,-245.9444574522));
#4485 = CARTESIAN_POINT('',(146.14936860546,-245.7904398738));
#4486 = CARTESIAN_POINT('',(145.87132020374,-245.7211389593));
#4487 = CARTESIAN_POINT('',(145.59376518866,-245.6498857966));
#4488 = CARTESIAN_POINT('',(145.31672805859,-245.5766462237));
#4489 = CARTESIAN_POINT('',(145.04023332079,-245.5013860822));
#4490 = CARTESIAN_POINT('',(144.76430549137,-245.424071217));
#4491 = CARTESIAN_POINT('',(144.4889690953,-245.3446674765));
#4492 = CARTESIAN_POINT('',(143.82179115632,-245.1466739804));
#4493 = CARTESIAN_POINT('',(143.43058784718,-245.0258737233));
#4494 = CARTESIAN_POINT('',(143.0407439604,-244.9006510642));
#4495 = CARTESIAN_POINT('',(142.65236639436,-244.7709176502));
#4496 = CARTESIAN_POINT('',(142.26556210852,-244.6365851468));
#4497 = CARTESIAN_POINT('',(141.88043745763,-244.49756503));
#4498 = CARTESIAN_POINT('',(141.49709847623,-244.3537686763));
#4499 = CARTESIAN_POINT('',(140.69606718982,-244.0415830973));
#4500 = CARTESIAN_POINT('',(140.27876112364,-243.8721719251));
#4501 = CARTESIAN_POINT('',(139.86387647003,-243.6967392588));
#4502 = CARTESIAN_POINT('',(139.45157438802,-243.5151888127));
#4503 = CARTESIAN_POINT('',(139.04204252013,-243.3274598149));
#4504 = CARTESIAN_POINT('',(138.63546864861,-243.1334840158));
#4505 = CARTESIAN_POINT('',(138.23202480763,-242.9331648714));
#4506 = CARTESIAN_POINT('',(137.61365386014,-242.6136790764));
#4507 = CARTESIAN_POINT('',(137.39638730145,-242.4990120201));
#4508 = CARTESIAN_POINT('',(137.18013721171,-242.3824228405));
#4509 = CARTESIAN_POINT('',(136.96493410264,-242.2638981516));
#4510 = CARTESIAN_POINT('',(136.75080864028,-242.1434280595));
#4511 = CARTESIAN_POINT('',(136.53779164498,-242.0210061619));
#4512 = CARTESIAN_POINT('',(136.32591409143,-241.8966295486));
#4513 = CARTESIAN_POINT('',(135.76401996475,-241.5597422561));
#4514 = CARTESIAN_POINT('',(135.41608246709,-241.343759599));
#4515 = CARTESIAN_POINT('',(135.0715464855,-241.1223276455));
#4516 = CARTESIAN_POINT('',(134.73055143616,-240.8954559799));
#4517 = CARTESIAN_POINT('',(134.39324515015,-240.6631421847));
#4518 = CARTESIAN_POINT('',(134.05978771854,-240.4253634362));
#4519 = CARTESIAN_POINT('',(133.73033831395,-240.1821044654));
#4520 = CARTESIAN_POINT('',(133.07970689229,-239.6847356571));
#4521 = CARTESIAN_POINT('',(132.75851964359,-239.4306280854));
#4522 = CARTESIAN_POINT('',(132.44159850143,-239.1711542927));
#4523 = CARTESIAN_POINT('',(132.12907393302,-238.9063743385));
#4524 = CARTESIAN_POINT('',(131.82107813437,-238.6363464043));
#4525 = CARTESIAN_POINT('',(131.51774647225,-238.3611252936));
#4526 = CARTESIAN_POINT('',(131.21921384752,-238.0807662476));
#4527 = CARTESIAN_POINT('',(130.57327761709,-237.4528165185));
#4528 = CARTESIAN_POINT('',(130.2280316772,-237.1030009487));
#4529 = CARTESIAN_POINT('',(129.89003543125,-236.7460752952));
#4530 = CARTESIAN_POINT('',(129.55937796957,-236.3822759721));
#4531 = CARTESIAN_POINT('',(129.23634134357,-236.01171669));
#4532 = CARTESIAN_POINT('',(128.92087083189,-235.634722759));
#4533 = CARTESIAN_POINT('',(128.61334175896,-235.251349554));
#4534 = CARTESIAN_POINT('',(128.08898446241,-234.569827849));
#4535 = CARTESIAN_POINT('',(127.86870468301,-234.2743293337));
#4536 = CARTESIAN_POINT('',(127.65288536789,-233.9755194608));
#4537 = CARTESIAN_POINT('',(127.44154208821,-233.6735045055));
#4538 = CARTESIAN_POINT('',(127.23469041509,-233.3683907429));
#4539 = CARTESIAN_POINT('',(127.0323459197,-233.0602844482));
#4540 = CARTESIAN_POINT('',(126.83452417317,-232.7492918966));
#4541 = CARTESIAN_POINT('',(126.49090875266,-232.1914733451));
#4542 = CARTESIAN_POINT('',(126.34333008975,-231.9457464875));
#4543 = CARTESIAN_POINT('',(126.19849397252,-231.698388085));
#4544 = CARTESIAN_POINT('',(126.05638861241,-231.4494476258));
#4545 = CARTESIAN_POINT('',(125.91700121772,-231.1989747913));
#4546 = CARTESIAN_POINT('',(125.78031799356,-230.9470194569));
#4547 = CARTESIAN_POINT('',(125.64632414191,-230.693631691));
#4548 = CARTESIAN_POINT('',(125.32740515011,-230.0749079829));
#4549 = CARTESIAN_POINT('',(125.1452665724,-229.7081253138));
#4550 = CARTESIAN_POINT('',(124.96852865496,-229.3386657037));
#4551 = CARTESIAN_POINT('',(124.79718498376,-228.9666856534));
#4552 = CARTESIAN_POINT('',(124.6312037646,-228.5923289503));
#4553 = CARTESIAN_POINT('',(124.47050016809,-228.2157207335));
#4554 = CARTESIAN_POINT('',(124.31495945948,-227.8369728827));
#4555 = CARTESIAN_POINT('',(123.99902029551,-227.0373584091));
#4556 = CARTESIAN_POINT('',(123.83968300432,-226.6160586439));
#4557 = CARTESIAN_POINT('',(123.68640669655,-226.1924902085));
#4558 = CARTESIAN_POINT('',(123.53905159357,-225.7667857852));
#4559 = CARTESIAN_POINT('',(123.39752768257,-225.3391321922));
#4560 = CARTESIAN_POINT('',(123.26173882233,-224.9097031913));
#4561 = CARTESIAN_POINT('',(123.13152431054,-224.4785921743));
#4562 = CARTESIAN_POINT('',(122.91600135969,-223.7312491945));
#4563 = CARTESIAN_POINT('',(122.82812979629,-223.4157471402));
#4564 = CARTESIAN_POINT('',(122.74308010263,-223.0994598072));
#4565 = CARTESIAN_POINT('',(122.66079860107,-222.7824311443));
#4566 = CARTESIAN_POINT('',(122.58123161396,-222.4647051003));
#4567 = CARTESIAN_POINT('',(122.50432546366,-222.1463256238));
#4568 = CARTESIAN_POINT('',(122.43002647251,-221.8273366637));
#4569 = CARTESIAN_POINT('',(122.30447165928,-221.2681155343));
#4570 = CARTESIAN_POINT('',(122.25209898101,-221.0281329081));
#4571 = CARTESIAN_POINT('',(122.20114016887,-220.7878519648));
#4572 = CARTESIAN_POINT('',(122.15157227196,-220.5472883328));
#4573 = CARTESIAN_POINT('',(122.10337214774,-220.3064555945));
#4574 = CARTESIAN_POINT('',(122.05651646195,-220.0653652864));
#4575 = CARTESIAN_POINT('',(122.01098168867,-219.8240268991));
#4576 = CARTESIAN_POINT('',(121.8930150417,-219.1798174219));
#4577 = CARTESIAN_POINT('',(121.82289015999,-218.7765262232));
#4578 = CARTESIAN_POINT('',(121.75626129616,-218.3726254256));
#4579 = CARTESIAN_POINT('',(121.69302028124,-217.9681661738));
#4580 = CARTESIAN_POINT('',(121.63305894623,-217.5631996125));
#4581 = CARTESIAN_POINT('',(121.57626912215,-217.1577768867));
#4582 = CARTESIAN_POINT('',(121.52254263999,-216.7519491411));
#4583 = CARTESIAN_POINT('',(121.42100203346,-215.9396019956));
#4584 = CARTESIAN_POINT('',(121.37318579503,-215.5330776025));
#4585 = CARTESIAN_POINT('',(121.32821632068,-215.1262351682));
#4586 = CARTESIAN_POINT('',(121.28599287918,-214.7191018142));
#4587 = CARTESIAN_POINT('',(121.24641477342,-214.3117026256));
#4588 = CARTESIAN_POINT('',(121.20937905595,-213.9040655713));
#4589 = CARTESIAN_POINT('',(121.17478148952,-213.4962196746));
#4590 = CARTESIAN_POINT('',(121.12316435014,-212.8433669914));
#4591 = CARTESIAN_POINT('',(121.10464903421,-212.5984798837));
#4592 = CARTESIAN_POINT('',(121.08695263745,-212.3535305654));
#4593 = CARTESIAN_POINT('',(121.07005299244,-212.1085244908));
#4594 = CARTESIAN_POINT('',(121.05392793177,-211.8634671144));
#4595 = CARTESIAN_POINT('',(121.03855528802,-211.6183638905));
#4596 = CARTESIAN_POINT('',(121.02391289379,-211.3732202734));
#4597 = CARTESIAN_POINT('',(120.98675458821,-210.7194083289));
#4598 = CARTESIAN_POINT('',(120.96549937964,-210.3106795927));
#4599 = CARTESIAN_POINT('',(120.94610417593,-209.9018888287));
#4600 = CARTESIAN_POINT('',(120.92846983095,-209.4930503969));
#4601 = CARTESIAN_POINT('',(120.91250134515,-209.084168536));
#4602 = CARTESIAN_POINT('',(120.89810419806,-208.6752434955));
#4603 = CARTESIAN_POINT('',(120.88518250077,-208.2662749595));
#4604 = CARTESIAN_POINT('',(120.8609411498,-207.4073517258));
#4605 = CARTESIAN_POINT('',(120.84991152569,-206.9573926331));
#4606 = CARTESIAN_POINT('',(120.84042225316,-206.5073891568));
#4607 = CARTESIAN_POINT('',(120.83234548935,-206.0573449676));
#4608 = CARTESIAN_POINT('',(120.8255533914,-205.6072637365));
#4609 = CARTESIAN_POINT('',(120.81991811643,-205.1571491341));
#4610 = CARTESIAN_POINT('',(120.81531182159,-204.7070048315));
#4611 = CARTESIAN_POINT('',(120.80790150643,-203.8066641672));
#4612 = CARTESIAN_POINT('',(120.8050974861,-203.3564678055));
#4613 = CARTESIAN_POINT('',(120.80306676017,-202.9062490851));
#4614 = CARTESIAN_POINT('',(120.80168148577,-202.4560116769));
#4615 = CARTESIAN_POINT('',(120.80081382003,-202.0057592517));
#4616 = CARTESIAN_POINT('',(120.80033592009,-201.5554954803));
#4617 = CARTESIAN_POINT('',(120.80011994309,-201.1052240335));
#4618 = CARTESIAN_POINT('',(120.79995615017,-200.2046784033));
#4619 = CARTESIAN_POINT('',(120.8000526301,-199.7544059315));
#4620 = CARTESIAN_POINT('',(120.79992990771,-199.3041332632));
#4621 = CARTESIAN_POINT('',(120.79995487091,-198.8538624248));
#4622 = CARTESIAN_POINT('',(120.80027481938,-198.403595351));
#4623 = CARTESIAN_POINT('',(120.80090612379,-197.953334114));
#4624 = CARTESIAN_POINT('',(120.80205380278,-197.503081047));
#4625 = CARTESIAN_POINT('',(120.80671035544,-196.316172112));
#4626 = CARTESIAN_POINT('',(120.81126637247,-195.579536498));
#4627 = CARTESIAN_POINT('',(120.81804830548,-194.8429405143));
#4628 = CARTESIAN_POINT('',(120.82761662686,-194.1063981019));
#4629 = CARTESIAN_POINT('',(120.84053196571,-193.3699281897));
#4630 = CARTESIAN_POINT('',(120.85735482474,-192.633554687));
#4631 = CARTESIAN_POINT('',(120.87864529724,-191.8973064757));
#4632 = CARTESIAN_POINT('',(120.92104495781,-190.7114057409));
#4633 = CARTESIAN_POINT('',(120.93900354847,-190.2616442499));
#4634 = CARTESIAN_POINT('',(120.95897375969,-189.8119471898));
#4635 = CARTESIAN_POINT('',(120.98106373607,-189.3622879241));
#4636 = CARTESIAN_POINT('',(121.00541772076,-188.9127073121));
#4637 = CARTESIAN_POINT('',(121.03218617937,-188.4632616801));
#4638 = CARTESIAN_POINT('',(121.06149106706,-188.013963088));
#4639 = CARTESIAN_POINT('',(121.11964280289,-187.1974177123));
#4640 = CARTESIAN_POINT('',(121.14760388101,-186.8300985126));
#4641 = CARTESIAN_POINT('',(121.17743246557,-186.4629254227));
#4642 = CARTESIAN_POINT('',(121.20920337161,-186.0959168511));
#4643 = CARTESIAN_POINT('',(121.24299141411,-185.7290912062));
#4644 = CARTESIAN_POINT('',(121.27887140811,-185.3624668963));
#4645 = CARTESIAN_POINT('',(121.31691816862,-184.9960623299));
#4646 = CARTESIAN_POINT('',(121.38406634031,-184.3857764745));
#4647 = CARTESIAN_POINT('',(121.41192215895,-184.1417642674));
#4648 = CARTESIAN_POINT('',(121.44079590723,-183.8978654056));
#4649 = CARTESIAN_POINT('',(121.47070997642,-183.6540871508));
#4650 = CARTESIAN_POINT('',(121.50168720846,-183.4104379147));
#4651 = CARTESIAN_POINT('',(121.53375089588,-183.1669272591));
#4652 = CARTESIAN_POINT('',(121.56692478188,-182.9235658955));
#4653 = CARTESIAN_POINT('',(121.65841467205,-182.2750238664));
#4654 = CARTESIAN_POINT('',(121.71874616097,-181.8701279826));
#4655 = CARTESIAN_POINT('',(121.782335696,-181.4657291792));
#4656 = CARTESIAN_POINT('',(121.84929144613,-181.0618786011));
#4657 = CARTESIAN_POINT('',(121.91972158035,-180.6586273929));
#4658 = CARTESIAN_POINT('',(121.99373426765,-180.2560266996));
#4659 = CARTESIAN_POINT('',(122.07143767702,-179.8541276658));
#4660 = CARTESIAN_POINT('',(122.24259190167,-179.011723568));
#4661 = CARTESIAN_POINT('',(122.33684281641,-178.5713647722));
#4662 = CARTESIAN_POINT('',(122.43583256697,-178.1319861938));
#4663 = CARTESIAN_POINT('',(122.53970063013,-177.6937266024));
#4664 = CARTESIAN_POINT('',(122.6485867134,-177.2566956191));
#4665 = CARTESIAN_POINT('',(122.76263049394,-176.8209948948));
#4666 = CARTESIAN_POINT('',(122.88197129158,-176.3867527734));
#4667 = CARTESIAN_POINT('',(123.14287544041,-175.4820468791));
#4668 = CARTESIAN_POINT('',(123.28547577521,-175.0118785361));
#4669 = CARTESIAN_POINT('',(123.43470298965,-174.5437588397));
#4670 = CARTESIAN_POINT('',(123.59083290027,-174.0777330844));
#4671 = CARTESIAN_POINT('',(123.7538563744,-173.6141738776));
#4672 = CARTESIAN_POINT('',(123.92403585074,-173.1531585686));
#4673 = CARTESIAN_POINT('',(124.10146413522,-172.6949530007));
#4674 = CARTESIAN_POINT('',(124.42492593884,-171.8983568034));
#4675 = CARTESIAN_POINT('',(124.56770954883,-171.5586557784));
#4676 = CARTESIAN_POINT('',(124.71473227616,-171.2207314934));
#4677 = CARTESIAN_POINT('',(124.86605300642,-170.8846727826));
#4678 = CARTESIAN_POINT('',(125.02171322633,-170.5505767701));
#4679 = CARTESIAN_POINT('',(125.18174269762,-170.2185478097));
#4680 = CARTESIAN_POINT('',(125.34616513086,-169.8886964241));
#4681 = CARTESIAN_POINT('',(125.64632413945,-169.3063683097));
#4682 = CARTESIAN_POINT('',(125.78031799093,-169.052980544));
#4683 = CARTESIAN_POINT('',(125.91700121507,-168.8010252095));
#4684 = CARTESIAN_POINT('',(126.05638860995,-168.550552375));
#4685 = CARTESIAN_POINT('',(126.19849397048,-168.3016119156));
#4686 = CARTESIAN_POINT('',(126.34333008842,-168.0542535129));
#4687 = CARTESIAN_POINT('',(126.49090875234,-167.808526655));
#4688 = CARTESIAN_POINT('',(126.85600011232,-167.2158444875));
#4689 = CARTESIAN_POINT('',(127.07636234167,-166.8706404147));
#4690 = CARTESIAN_POINT('',(127.30230607562,-166.5290142003));
#4691 = CARTESIAN_POINT('',(127.53380995407,-166.1911116266));
#4692 = CARTESIAN_POINT('',(127.77085261694,-165.8570784759));
#4693 = CARTESIAN_POINT('',(128.01341270414,-165.5270605304));
#4694 = CARTESIAN_POINT('',(128.26146885557,-165.2012035724));
#4695 = CARTESIAN_POINT('',(128.79388360058,-164.5259482428));
#4696 = CARTESIAN_POINT('',(129.07939956405,-164.1774573134));
#4697 = CARTESIAN_POINT('',(129.37145599509,-163.8343455178));
#4698 = CARTESIAN_POINT('',(129.66991815025,-163.496753269));
#4699 = CARTESIAN_POINT('',(129.97467577976,-163.1648351674));
#4700 = CARTESIAN_POINT('',(130.28562443587,-162.8387493001));
#4701 = CARTESIAN_POINT('',(130.60263750068,-162.5186411259));
#4702 = CARTESIAN_POINT('',(131.13113145405,-162.0048634418));
#4703 = CARTESIAN_POINT('',(131.33907084866,-161.8075475313));
#4704 = CARTESIAN_POINT('',(131.5493794008,-161.6127387343));
#4705 = CARTESIAN_POINT('',(131.76201208054,-161.4204573213));
#4706 = CARTESIAN_POINT('',(131.97692358637,-161.2307232926));
#4707 = CARTESIAN_POINT('',(132.19406834521,-161.0435563787));
#4708 = CARTESIAN_POINT('',(132.41340051238,-160.8589760402));
#4709 = CARTESIAN_POINT('',(132.95125727937,-160.4170438301));
#4710 = CARTESIAN_POINT('',(133.27201253935,-160.1624022295));
#4711 = CARTESIAN_POINT('',(133.59700176668,-159.9131295214));
#4712 = CARTESIAN_POINT('',(133.92610975089,-159.6693127178));
#4713 = CARTESIAN_POINT('',(134.25920277481,-159.4309918035));
#4714 = CARTESIAN_POINT('',(134.59611790039,-159.198140768));
#4715 = CARTESIAN_POINT('',(134.93668282123,-158.9707108513));
#4716 = CARTESIAN_POINT('',(135.65925520038,-158.5045655371));
#4717 = CARTESIAN_POINT('',(136.04200910158,-158.2669827111));
#4718 = CARTESIAN_POINT('',(136.42881868029,-158.0359498608));
#4719 = CARTESIAN_POINT('',(136.81947873248,-157.8115158024));
#4720 = CARTESIAN_POINT('',(137.21380033567,-157.5936781165));
#4721 = CARTESIAN_POINT('',(137.61159989093,-157.3823474111));
#4722 = CARTESIAN_POINT('',(138.01269195717,-157.1773961445));
#4723 = CARTESIAN_POINT('',(138.71088836705,-156.8343241427));
#4724 = CARTESIAN_POINT('',(139.00651732577,-156.6932165968));
#4725 = CARTESIAN_POINT('',(139.30372565725,-156.555426881));
#4726 = CARTESIAN_POINT('',(139.60244164826,-156.4209273591));
#4727 = CARTESIAN_POINT('',(139.90259589908,-156.2896878305));
#4728 = CARTESIAN_POINT('',(140.2041213236,-156.1616755294));
#4729 = CARTESIAN_POINT('',(140.50695314928,-156.0368551255));
#4730 = CARTESIAN_POINT('',(141.15311683556,-155.7783129493));
#4731 = CARTESIAN_POINT('',(141.49678929541,-155.6454205595));
#4732 = CARTESIAN_POINT('',(141.84196887252,-155.5164469794));
#4733 = CARTESIAN_POINT('',(142.18857814271,-155.391327634));
#4734 = CARTESIAN_POINT('',(142.5365396818,-155.2699979483));
#4735 = CARTESIAN_POINT('',(142.88577606563,-155.1523933475));
#4736 = CARTESIAN_POINT('',(143.23620987001,-155.0384492565));
#4737 = CARTESIAN_POINT('',(143.9393017031,-154.8177578939));
#4738 = CARTESIAN_POINT('',(144.29196230948,-154.7110093134));
#4739 = CARTESIAN_POINT('',(144.64567092746,-154.6077905477));
#4740 = CARTESIAN_POINT('',(145.00036478614,-154.5080326396));
#4741 = CARTESIAN_POINT('',(145.35598874444,-154.4116639364));
#4742 = CARTESIAN_POINT('',(145.71249112933,-154.3186115402));
#4743 = CARTESIAN_POINT('',(146.06981957404,-154.2288027582));
#4744 = CARTESIAN_POINT('',(146.70643609781,-154.0747830471));
#4745 = CARTESIAN_POINT('',(146.98542319504,-154.0093180808));
#4746 = CARTESIAN_POINT('',(147.26485307426,-153.9457375581));
#4747 = CARTESIAN_POINT('',(147.54470078267,-153.8840074117));
#4748 = CARTESIAN_POINT('',(147.82494148841,-153.8240936024));
#4749 = CARTESIAN_POINT('',(148.10555048058,-153.765962119));
#4750 = CARTESIAN_POINT('',(148.38650316921,-153.7095789788));
#4751 = CARTESIAN_POINT('',(149.06959251316,-153.5768119322));
#4752 = CARTESIAN_POINT('',(149.47206726178,-153.5022126433));
#4753 = CARTESIAN_POINT('',(149.87515723323,-153.431015212));
#4754 = CARTESIAN_POINT('',(150.27882032961,-153.3631224892));
#4755 = CARTESIAN_POINT('',(150.68301445301,-153.2984373263));
#4756 = CARTESIAN_POINT('',(151.08769750552,-153.2368625744));
#4757 = CARTESIAN_POINT('',(151.49282738923,-153.1783010847));
#4758 = CARTESIAN_POINT('',(152.34444881677,-153.0614459682));
#4759 = CARTESIAN_POINT('',(152.79102698239,-153.0037621407));
#4760 = CARTESIAN_POINT('',(153.238047103,-152.9494859816));
#4761 = CARTESIAN_POINT('',(153.68542752724,-152.8984708585));
#4762 = CARTESIAN_POINT('',(154.13312081631,-152.8505906094));
#4763 = CARTESIAN_POINT('',(154.58110780098,-152.805733895));
#4764 = CARTESIAN_POINT('',(155.02936847265,-152.7637826591));
#4765 = CARTESIAN_POINT('',(155.76329312204,-152.699687493));
#4766 = CARTESIAN_POINT('',(156.0488063354,-152.6758887933));
#4767 = CARTESIAN_POINT('',(156.3344115484,-152.6531863713));
#4768 = CARTESIAN_POINT('',(156.62010172019,-152.631549391));
#4769 = CARTESIAN_POINT('',(156.90586980992,-152.6109470165));
#4770 = CARTESIAN_POINT('',(157.19170877674,-152.5913484118));
#4771 = CARTESIAN_POINT('',(157.4776115798,-152.5727227411));
#4772 = CARTESIAN_POINT('',(158.21290930175,-152.5272523639));
#4773 = CARTESIAN_POINT('',(158.66238831715,-152.5017910203));
#4774 = CARTESIAN_POINT('',(159.11198659576,-152.4785373899));
#4775 = CARTESIAN_POINT('',(159.56168089195,-152.4573713281));
#4776 = CARTESIAN_POINT('',(160.01143758295,-152.438165747));
#4777 = CARTESIAN_POINT('',(160.46124220698,-152.4208059456));
#4778 = CARTESIAN_POINT('',(160.91111040222,-152.4051961929));
#4779 = CARTESIAN_POINT('',(161.85180394482,-152.375967874));
#4780 = CARTESIAN_POINT('',(162.34263666685,-152.3626610744));
#4781 = CARTESIAN_POINT('',(162.83351765387,-152.3511522287));
#4782 = CARTESIAN_POINT('',(163.3244430447,-152.3412970308));
#4783 = CARTESIAN_POINT('',(163.81540897813,-152.3329511748));
#4784 = CARTESIAN_POINT('',(164.30641159297,-152.3259703546));
#4785 = CARTESIAN_POINT('',(164.797447028,-152.3202102642));
#4786 = CARTESIAN_POINT('',(165.77957581608,-152.3108429309));
#4787 = CARTESIAN_POINT('',(166.27066916912,-152.3072356881));
#4788 = CARTESIAN_POINT('',(166.76178761996,-152.3045605629));
#4789 = CARTESIAN_POINT('',(167.25292730741,-152.3026732495));
#4790 = CARTESIAN_POINT('',(167.74408437025,-152.3014294418));
#4791 = CARTESIAN_POINT('',(168.2352549473,-152.3006848338));
#4792 = CARTESIAN_POINT('',(168.72643517735,-152.3002951195));
#4793 = CARTESIAN_POINT('',(169.70880418552,-152.2999368672));
#4794 = CARTESIAN_POINT('',(170.19999021552,-152.2999653089));
#4795 = CARTESIAN_POINT('',(170.69117793514,-152.3001629337));
#4796 = CARTESIAN_POINT('',(171.18236369431,-152.2996859569));
#4797 = CARTESIAN_POINT('',(171.67354714491,-152.3001962737));
#4798 = CARTESIAN_POINT('',(172.16472469465,-152.3005851136));
#4799 = CARTESIAN_POINT('',(172.6558950082,-152.3016429147));
#4800 = CARTESIAN_POINT('',(173.88371513085,-152.3058272413));
#4801 = CARTESIAN_POINT('',(174.62035035211,-152.3097854647));
#4802 = CARTESIAN_POINT('',(175.35695375421,-152.315678367));
#4803 = CARTESIAN_POINT('',(176.09351433701,-152.3239931897));
#4804 = CARTESIAN_POINT('',(176.83001733143,-152.3352172945));
#4805 = CARTESIAN_POINT('',(177.56644420379,-152.3498379829));
#4806 = CARTESIAN_POINT('',(178.3027726602,-152.3683423159));
#4807 = CARTESIAN_POINT('',(179.48888959776,-152.4051961929));
#4808 = CARTESIAN_POINT('',(179.93875779302,-152.4208059456));
#4809 = CARTESIAN_POINT('',(180.38856241702,-152.438165747));
#4810 = CARTESIAN_POINT('',(180.83831910803,-152.4573713281));
#4811 = CARTESIAN_POINT('',(181.28801340424,-152.4785373899));
#4812 = CARTESIAN_POINT('',(181.73761168283,-152.5017910203));
#4813 = CARTESIAN_POINT('',(182.18709069823,-152.5272523639));
#4814 = CARTESIAN_POINT('',(183.0040911626,-152.5777751904));
#4815 = CARTESIAN_POINT('',(183.3716596172,-152.6020685582));
#4816 = CARTESIAN_POINT('',(183.73911922118,-152.6279848092));
#4817 = CARTESIAN_POINT('',(184.10645501016,-152.655589481));
#4818 = CARTESIAN_POINT('',(184.47365201977,-152.6849481113));
#4819 = CARTESIAN_POINT('',(184.84069528562,-152.7161262377));
#4820 = CARTESIAN_POINT('',(185.20756984335,-152.7491893978));
#4821 = CARTESIAN_POINT('',(185.81872185401,-152.8075456678));
#4822 = CARTESIAN_POINT('',(186.06309938035,-152.8317555488));
#4823 = CARTESIAN_POINT('',(186.30739152542,-152.856851424));
#4824 = CARTESIAN_POINT('',(186.5515949282,-152.8828524452));
#4825 = CARTESIAN_POINT('',(186.79570464886,-152.9097782641));
#4826 = CARTESIAN_POINT('',(187.03971416871,-152.9376490321));
#4827 = CARTESIAN_POINT('',(187.28361539023,-152.9664854008));
#4828 = CARTESIAN_POINT('',(187.93370362894,-153.0460136711));
#4829 = CARTESIAN_POINT('',(188.33967966376,-153.0984600663));
#4830 = CARTESIAN_POINT('',(188.74528464362,-153.1537448557));
#4831 = CARTESIAN_POINT('',(189.15047647059,-153.2119651882));
#4832 = CARTESIAN_POINT('',(189.55521304678,-153.2732182126));
#4833 = CARTESIAN_POINT('',(189.95945227428,-153.3376010778));
#4834 = CARTESIAN_POINT('',(190.36315205518,-153.4052109326));
#4835 = CARTESIAN_POINT('',(191.20969613026,-153.5541715755));
#4836 = CARTESIAN_POINT('',(191.65242503466,-153.6362217259));
#4837 = CARTESIAN_POINT('',(192.09439614683,-153.7224255472));
#4838 = CARTESIAN_POINT('',(192.53556869888,-153.8129032772));
#4839 = CARTESIAN_POINT('',(192.97583165396,-153.9077936372));
#4840 = CARTESIAN_POINT('',(193.41506570226,-154.0072360559));
#4841 = CARTESIAN_POINT('',(193.85320168933,-154.1113529265));
#4842 = CARTESIAN_POINT('',(194.68732849512,-154.3193037393));
#4843 = CARTESIAN_POINT('',(195.08354532596,-154.4223060919));
#4844 = CARTESIAN_POINT('',(195.4786861644,-154.52938064));
#4845 = CARTESIAN_POINT('',(195.87268613524,-154.6406298026));
#4846 = CARTESIAN_POINT('',(196.26547475872,-154.7561536199));
#4847 = CARTESIAN_POINT('',(196.65696411771,-154.8760456225));
#4848 = CARTESIAN_POINT('',(197.04704980446,-155.0003939109));
#4849 = CARTESIAN_POINT('',(197.86307602688,-155.2710766443));
#4850 = CARTESIAN_POINT('',(198.28869460548,-155.4183629792));
#4851 = CARTESIAN_POINT('',(198.71234861019,-155.5712735102));
#4852 = CARTESIAN_POINT('',(199.13389229771,-155.7299161297));
#4853 = CARTESIAN_POINT('',(199.55318367528,-155.8944084786));
#4854 = CARTESIAN_POINT('',(199.97008676411,-156.0648809031));
#4855 = CARTESIAN_POINT('',(200.38445840458,-156.2414534483));
#4856 = CARTESIAN_POINT('',(201.09550483008,-156.5570818345));
#4857 = CARTESIAN_POINT('',(201.39344925084,-156.693233867));
#4858 = CARTESIAN_POINT('',(201.68988319756,-156.832672745));
#4859 = CARTESIAN_POINT('',(201.98473700217,-156.9754282271));
#4860 = CARTESIAN_POINT('',(202.27794099664,-157.1215300719));
#4861 = CARTESIAN_POINT('',(202.56942551291,-157.2710080377));
#4862 = CARTESIAN_POINT('',(202.85912088294,-157.4238918833));
#4863 = CARTESIAN_POINT('',(203.57872870899,-157.8146995193));
#4864 = CARTESIAN_POINT('',(204.00631055024,-158.0569066462));
#4865 = CARTESIAN_POINT('',(204.42945550338,-158.3069990887));
#4866 = CARTESIAN_POINT('',(204.84792695909,-158.5648344274));
#4867 = CARTESIAN_POINT('',(205.26146311547,-158.8305568472));
#4868 = CARTESIAN_POINT('',(205.66981360861,-159.1041014948));
#4869 = CARTESIAN_POINT('',(206.07271361358,-159.3855091347));
#4870 = CARTESIAN_POINT('',(206.86708413075,-159.9640432506));
#4871 = CARTESIAN_POINT('',(207.25856406682,-160.2611807525));
#4872 = CARTESIAN_POINT('',(207.6440623059,-160.5661968686));
#4873 = CARTESIAN_POINT('',(208.02343012043,-160.8788223928));
#4874 = CARTESIAN_POINT('',(208.39633722221,-161.1991550692));
#4875 = CARTESIAN_POINT('',(208.76264661128,-161.5269291974));
#4876 = CARTESIAN_POINT('',(209.12206485734,-161.8621476006));
#4877 = CARTESIAN_POINT('',(209.82672241099,-162.5471834912));
#4878 = CARTESIAN_POINT('',(210.17196836093,-162.8969990645));
#4879 = CARTESIAN_POINT('',(210.50996460656,-163.2539247175));
#4880 = CARTESIAN_POINT('',(210.84062206035,-163.6177240387));
#4881 = CARTESIAN_POINT('',(211.16365867628,-163.9882833162));
#4882 = CARTESIAN_POINT('',(211.47912917478,-164.3652772437));
#4883 = CARTESIAN_POINT('',(211.78665824001,-164.7486504454));
#4884 = CARTESIAN_POINT('',(212.31101552933,-165.430172148));
#4885 = CARTESIAN_POINT('',(212.53129530732,-165.7256706629));
#4886 = CARTESIAN_POINT('',(212.74711462244,-166.0244805358));
#4887 = CARTESIAN_POINT('',(212.95845790319,-166.3264954914));
#4888 = CARTESIAN_POINT('',(213.16530957805,-166.6316092546));
#4889 = CARTESIAN_POINT('',(213.36765407554,-166.93971555));
#4890 = CARTESIAN_POINT('',(213.56547582413,-167.2507081023));
#4891 = CARTESIAN_POINT('',(213.90909124765,-167.808526655));
#4892 = CARTESIAN_POINT('',(214.05666991157,-168.0542535129));
#4893 = CARTESIAN_POINT('',(214.2015060295,-168.3016119156));
#4894 = CARTESIAN_POINT('',(214.34361139004,-168.550552375));
#4895 = CARTESIAN_POINT('',(214.48299878492,-168.8010252095));
#4896 = CARTESIAN_POINT('',(214.61968200906,-169.052980544));
#4897 = CARTESIAN_POINT('',(214.75367586054,-169.3063683097));
#4898 = CARTESIAN_POINT('',(215.07259485171,-169.9250920177));
#4899 = CARTESIAN_POINT('',(215.25473342885,-170.2918746865));
#4900 = CARTESIAN_POINT('',(215.43147134557,-170.6613342963));
#4901 = CARTESIAN_POINT('',(215.60281501613,-171.0333143465));
#4902 = CARTESIAN_POINT('',(215.76879623492,-171.4076710494));
#4903 = CARTESIAN_POINT('',(215.92949983125,-171.7842792661));
#4904 = CARTESIAN_POINT('',(216.08504053978,-172.163027117));
#4905 = CARTESIAN_POINT('',(216.40097970375,-172.9626415906));
#4906 = CARTESIAN_POINT('',(216.56031699506,-173.3839413557));
#4907 = CARTESIAN_POINT('',(216.713593303,-173.8075097913));
#4908 = CARTESIAN_POINT('',(216.86094840621,-174.2332142146));
#4909 = CARTESIAN_POINT('',(217.00247231741,-174.6608678077));
#4910 = CARTESIAN_POINT('',(217.13826117777,-175.0902968086));
#4911 = CARTESIAN_POINT('',(217.26847568963,-175.5214078257));
#4912 = CARTESIAN_POINT('',(217.48399864053,-176.2687508055));
#4913 = CARTESIAN_POINT('',(217.57187020394,-176.5842528598));
#4914 = CARTESIAN_POINT('',(217.65691989759,-176.9005401928));
#4915 = CARTESIAN_POINT('',(217.73920139913,-177.2175688557));
#4916 = CARTESIAN_POINT('',(217.8187683862,-177.5352948997));
#4917 = CARTESIAN_POINT('',(217.89567453647,-177.8536743761));
#4918 = CARTESIAN_POINT('',(217.96997352758,-178.1726633362));
#4919 = CARTESIAN_POINT('',(218.09552834074,-178.7318844657));
#4920 = CARTESIAN_POINT('',(218.14790101899,-178.9718670918));
#4921 = CARTESIAN_POINT('',(218.19885983111,-179.2121480351));
#4922 = CARTESIAN_POINT('',(218.248427728,-179.4527116671));
#4923 = CARTESIAN_POINT('',(218.29662785221,-179.6935444054));
#4924 = CARTESIAN_POINT('',(218.34348353799,-179.9346347134));
#4925 = CARTESIAN_POINT('',(218.38901831126,-180.1759731008));
#4926 = CARTESIAN_POINT('',(218.50698495821,-180.820182578));
#4927 = CARTESIAN_POINT('',(218.57710983993,-181.2234737766));
#4928 = CARTESIAN_POINT('',(218.64373870376,-181.6273745743));
#4929 = CARTESIAN_POINT('',(218.70697971869,-182.0318338261));
#4930 = CARTESIAN_POINT('',(218.76694105371,-182.4368003873));
#4931 = CARTESIAN_POINT('',(218.82373087781,-182.8422231131));
#4932 = CARTESIAN_POINT('',(218.87745735998,-183.2480508588));
#4933 = CARTESIAN_POINT('',(218.97899796653,-184.0603980043));
#4934 = CARTESIAN_POINT('',(219.02681420497,-184.4669223974));
#4935 = CARTESIAN_POINT('',(219.07178367933,-184.8737648317));
#4936 = CARTESIAN_POINT('',(219.11400712083,-185.2808981857));
#4937 = CARTESIAN_POINT('',(219.1535852266,-185.6882973743));
#4938 = CARTESIAN_POINT('',(219.19062094407,-186.0959344286));
#4939 = CARTESIAN_POINT('',(219.2252185105,-186.5037803253));
#4940 = CARTESIAN_POINT('',(219.27683564988,-187.1566330085));
#4941 = CARTESIAN_POINT('',(219.2953509658,-187.4015201162));
#4942 = CARTESIAN_POINT('',(219.31304736256,-187.6464694346));
#4943 = CARTESIAN_POINT('',(219.32994700757,-187.8914755091));
#4944 = CARTESIAN_POINT('',(219.34607206824,-188.1365328855));
#4945 = CARTESIAN_POINT('',(219.36144471199,-188.3816361094));
#4946 = CARTESIAN_POINT('',(219.37608710621,-188.6267797265));
#4947 = CARTESIAN_POINT('',(219.41324541179,-189.280591671));
#4948 = CARTESIAN_POINT('',(219.43450062035,-189.6893204072));
#4949 = CARTESIAN_POINT('',(219.45389582406,-190.0981111712));
#4950 = CARTESIAN_POINT('',(219.47153016903,-190.506949603));
#4951 = CARTESIAN_POINT('',(219.48749865483,-190.9158314639));
#4952 = CARTESIAN_POINT('',(219.50189580192,-191.3247565044));
#4953 = CARTESIAN_POINT('',(219.51481749921,-191.7337250404));
#4954 = CARTESIAN_POINT('',(219.53905885017,-192.5926482741));
#4955 = CARTESIAN_POINT('',(219.55008847428,-193.0426073668));
#4956 = CARTESIAN_POINT('',(219.55957774681,-193.4926108431));
#4957 = CARTESIAN_POINT('',(219.56765451062,-193.9426550323));
#4958 = CARTESIAN_POINT('',(219.57444660857,-194.3927362634));
#4959 = CARTESIAN_POINT('',(219.58008188354,-194.8428508658));
#4960 = CARTESIAN_POINT('',(219.58468817838,-195.2929951684));
#4961 = CARTESIAN_POINT('',(219.59209849355,-196.1933358327));
#4962 = CARTESIAN_POINT('',(219.59490251387,-196.6435321944));
#4963 = CARTESIAN_POINT('',(219.5969332398,-197.0937509148));
#4964 = CARTESIAN_POINT('',(219.59831851421,-197.543988323));
#4965 = CARTESIAN_POINT('',(219.59918617995,-197.9942407482));
#4966 = CARTESIAN_POINT('',(219.59966407989,-198.4445045196));
#4967 = CARTESIAN_POINT('',(219.5998800569,-198.8947759664));
#4968 = CARTESIAN_POINT('',(219.60004384982,-199.7953215966));
#4969 = CARTESIAN_POINT('',(219.59994736989,-200.2455940683));
#4970 = CARTESIAN_POINT('',(219.60007009229,-200.6958667367));
#4971 = CARTESIAN_POINT('',(219.60004512909,-201.1461375751));
#4972 = CARTESIAN_POINT('',(219.59972518062,-201.5964046488));
#4973 = CARTESIAN_POINT('',(219.59909387621,-202.046665886));
#4974 = CARTESIAN_POINT('',(219.59794619722,-202.4969189529));
#4975 = CARTESIAN_POINT('',(219.59328964456,-203.6838278879));
#4976 = CARTESIAN_POINT('',(219.58873362754,-204.4204635019));
#4977 = CARTESIAN_POINT('',(219.58195169453,-205.1570594856));
#4978 = CARTESIAN_POINT('',(219.57238337315,-205.893601898));
#4979 = CARTESIAN_POINT('',(219.5594680343,-206.6300718102));
#4980 = CARTESIAN_POINT('',(219.54264517527,-207.3664453129));
#4981 = CARTESIAN_POINT('',(219.52135470277,-208.1026935242));
#4982 = CARTESIAN_POINT('',(219.47895504218,-209.2885942591));
#4983 = CARTESIAN_POINT('',(219.46099645153,-209.73835575));
#4984 = CARTESIAN_POINT('',(219.4410262403,-210.1880528101));
#4985 = CARTESIAN_POINT('',(219.41893626392,-210.6377120758));
#4986 = CARTESIAN_POINT('',(219.39458227922,-211.0872926878));
#4987 = CARTESIAN_POINT('',(219.3678138206,-211.5367383199));
#4988 = CARTESIAN_POINT('',(219.33850893291,-211.9860369119));
#4989 = CARTESIAN_POINT('',(219.28035719708,-212.8025822876));
#4990 = CARTESIAN_POINT('',(219.25239611896,-213.1699014873));
#4991 = CARTESIAN_POINT('',(219.22256753439,-213.5370745772));
#4992 = CARTESIAN_POINT('',(219.19079662836,-213.9040831488));
#4993 = CARTESIAN_POINT('',(219.15700858585,-214.2709087937));
#4994 = CARTESIAN_POINT('',(219.12112859185,-214.6375331036));
#4995 = CARTESIAN_POINT('',(219.08308183135,-215.00393767));
#4996 = CARTESIAN_POINT('',(219.01593365967,-215.6142235254));
#4997 = CARTESIAN_POINT('',(218.98807784103,-215.8582357325));
#4998 = CARTESIAN_POINT('',(218.95920409276,-216.1021345943));
#4999 = CARTESIAN_POINT('',(218.92929002358,-216.3459128491));
#5000 = CARTESIAN_POINT('',(218.89831279155,-216.5895620852));
#5001 = CARTESIAN_POINT('',(218.86624910413,-216.8330727409));
#5002 = CARTESIAN_POINT('',(218.83307521814,-217.0764341044));
#5003 = CARTESIAN_POINT('',(218.74158532799,-217.7249761335));
#5004 = CARTESIAN_POINT('',(218.68125383909,-218.1298720173));
#5005 = CARTESIAN_POINT('',(218.61766430407,-218.5342708207));
#5006 = CARTESIAN_POINT('',(218.55070855394,-218.9381213989));
#5007 = CARTESIAN_POINT('',(218.48027841972,-219.341372607));
#5008 = CARTESIAN_POINT('',(218.40626573242,-219.7439733004));
#5009 = CARTESIAN_POINT('',(218.32856232303,-220.1458723341));
#5010 = CARTESIAN_POINT('',(218.15740809832,-220.9882764319));
#5011 = CARTESIAN_POINT('',(218.06315718353,-221.4286352277));
#5012 = CARTESIAN_POINT('',(217.96416743292,-221.868013806));
#5013 = CARTESIAN_POINT('',(217.8602993697,-222.3062733975));
#5014 = CARTESIAN_POINT('',(217.75141328639,-222.7433043807));
#5015 = CARTESIAN_POINT('',(217.63736950582,-223.179005105));
#5016 = CARTESIAN_POINT('',(217.51802870816,-223.6132472264));
#5017 = CARTESIAN_POINT('',(217.30250432984,-224.3605951561));
#5018 = CARTESIAN_POINT('',(217.20888288537,-224.6744363532));
#5019 = CARTESIAN_POINT('',(217.11232965766,-224.9874087244));
#5020 = CARTESIAN_POINT('',(217.01279122264,-225.2994682173));
#5021 = CARTESIAN_POINT('',(216.91021827064,-225.6105636148));
#5022 = CARTESIAN_POINT('',(216.80456560636,-225.9206365349));
#5023 = CARTESIAN_POINT('',(216.69579214889,-226.2296214312));
#5024 = CARTESIAN_POINT('',(216.47192896988,-226.8452718015));
#5025 = CARTESIAN_POINT('',(216.35683561775,-227.1519447157));
#5026 = CARTESIAN_POINT('',(216.23853751788,-227.4574025778));
#5027 = CARTESIAN_POINT('',(216.11699148095,-227.7615835937));
#5028 = CARTESIAN_POINT('',(215.9921544857,-228.0644259328));
#5029 = CARTESIAN_POINT('',(215.86398367895,-228.3658677279));
#5030 = CARTESIAN_POINT('',(215.7324363756,-228.6658470749));
#5031 = CARTESIAN_POINT('',(215.46250388132,-229.2627566833));
#5032 = CARTESIAN_POINT('',(215.32412210318,-229.5596848672));
#5033 = CARTESIAN_POINT('',(215.18230387531,-229.8550121437));
#5034 = CARTESIAN_POINT('',(215.03702836373,-230.1486640659));
#5035 = CARTESIAN_POINT('',(214.88827474939,-230.4405661819));
#5036 = CARTESIAN_POINT('',(214.73602222817,-230.7306440344));
#5037 = CARTESIAN_POINT('',(214.58025001086,-231.0188231611));
#5038 = CARTESIAN_POINT('',(214.18197097419,-231.7343331753));
#5039 = CARTESIAN_POINT('',(213.93502564752,-232.1592080624));
#5040 = CARTESIAN_POINT('',(213.68010584965,-232.5794046376));
#5041 = CARTESIAN_POINT('',(213.4168412337,-232.9946008142));
#5042 = CARTESIAN_POINT('',(213.1458022042,-233.4046674908));
#5043 = CARTESIAN_POINT('',(212.8666160547,-233.8092595855));
#5044 = CARTESIAN_POINT('',(212.57952252694,-234.2081645843));
#5045 = CARTESIAN_POINT('',(212.13699938001,-234.7975824361));
#5046 = CARTESIAN_POINT('',(211.9875103567,-234.99256908));
#5047 = CARTESIAN_POINT('',(211.83604294166,-235.1860354299));
#5048 = CARTESIAN_POINT('',(211.68260359879,-235.3779511235));
#5049 = CARTESIAN_POINT('',(211.52720367146,-235.5682879834));
#5050 = CARTESIAN_POINT('',(211.3698593825,-235.7570200171));
#5051 = CARTESIAN_POINT('',(211.21059183419,-235.9441234171));
#5052 = CARTESIAN_POINT('',(210.86140094144,-236.3459390639));
#5053 = CARTESIAN_POINT('',(210.67078635572,-236.5600534572));
#5054 = CARTESIAN_POINT('',(210.47761278816,-236.7718805363));
#5055 = CARTESIAN_POINT('',(210.28190977584,-236.9813810971));
#5056 = CARTESIAN_POINT('',(210.08370685582,-237.1885159353));
#5057 = CARTESIAN_POINT('',(209.88303356516,-237.3932458468));
#5058 = CARTESIAN_POINT('',(209.67991944095,-237.5955316274));
#5059 = CARTESIAN_POINT('',(209.15142533782,-238.1093095039));
#5060 = CARTESIAN_POINT('',(208.82249868444,-238.4171473984));
#5061 = CARTESIAN_POINT('',(208.48777674093,-238.7187567018));
#5062 = CARTESIAN_POINT('',(208.14744892668,-239.0140742706));
#5063 = CARTESIAN_POINT('',(207.80168942458,-239.3030208447));
#5064 = CARTESIAN_POINT('',(207.45066884881,-239.5855132764));
#5065 = CARTESIAN_POINT('',(207.09457161711,-239.8614828567));
#5066 = CARTESIAN_POINT('',(206.47102505633,-240.3267528003));
#5067 = CARTESIAN_POINT('',(206.20588496549,-240.519159703));
#5068 = CARTESIAN_POINT('',(205.9382266581,-240.7080726491));
#5069 = CARTESIAN_POINT('',(205.66812611856,-240.8934942898));
#5070 = CARTESIAN_POINT('',(205.39565947395,-241.0754275687));
#5071 = CARTESIAN_POINT('',(205.12090299402,-241.2538757223));
#5072 = CARTESIAN_POINT('',(204.84393309122,-241.4288422794));
#5073 = CARTESIAN_POINT('',(204.14615888593,-241.857568707));
#5074 = CARTESIAN_POINT('',(203.72269503323,-242.1069642421));
#5075 = CARTESIAN_POINT('',(203.29469179949,-242.3486051455));
#5076 = CARTESIAN_POINT('',(202.86237651926,-242.5822361155));
#5077 = CARTESIAN_POINT('',(202.42600781423,-242.808384885));
#5078 = CARTESIAN_POINT('',(201.98581280905,-243.0268432335));
#5079 = CARTESIAN_POINT('',(201.54202527509,-243.237856873));
#5080 = CARTESIAN_POINT('',(200.87129298079,-243.5433061254));
#5081 = CARTESIAN_POINT('',(200.64687477036,-243.6432791266));
#5082 = CARTESIAN_POINT('',(200.42164722277,-243.7414185133));
#5083 = CARTESIAN_POINT('',(200.19564094682,-243.8377358328));
#5084 = CARTESIAN_POINT('',(199.96888389849,-243.932245207));
#5085 = CARTESIAN_POINT('',(199.74140138092,-244.0249633317));
#5086 = CARTESIAN_POINT('',(199.51321604443,-244.1159094776));
#5087 = CARTESIAN_POINT('',(199.0173354296,-244.3091673494));
#5088 = CARTESIAN_POINT('',(198.74939564966,-244.4108455512));
#5089 = CARTESIAN_POINT('',(198.48056507809,-244.5101705133));
#5090 = CARTESIAN_POINT('',(198.21088024629,-244.6071726544));
#5091 = CARTESIAN_POINT('',(197.94037768566,-244.701882393));
#5092 = CARTESIAN_POINT('',(197.6690939276,-244.7943301479));
#5093 = CARTESIAN_POINT('',(197.3970655035,-244.8845463375));
#5094 = CARTESIAN_POINT('',(196.77368429365,-245.0857182096));
#5095 = CARTESIAN_POINT('',(196.42186511909,-245.1952380871));
#5096 = CARTESIAN_POINT('',(196.06895486051,-245.3011838126));
#5097 = CARTESIAN_POINT('',(195.71502119175,-245.4036226348));
#5098 = CARTESIAN_POINT('',(195.36012126296,-245.5026248595));
#5099 = CARTESIAN_POINT('',(195.00430694262,-245.5982624576));
#5100 = CARTESIAN_POINT('',(194.64763005945,-245.6906076724));
#5101 = CARTESIAN_POINT('',(194.01210973356,-245.8490492709));
#5102 = CARTESIAN_POINT('',(193.73358193227,-245.9164189162));
#5103 = CARTESIAN_POINT('',(193.45458874714,-245.9818744891));
#5104 = CARTESIAN_POINT('',(193.17515468477,-246.0454499153));
#5105 = CARTESIAN_POINT('',(192.89530425176,-246.1071791201));
#5106 = CARTESIAN_POINT('',(192.61506195472,-246.1670960289));
#5107 = CARTESIAN_POINT('',(192.33445230027,-246.2252345673));
#5108 = CARTESIAN_POINT('',(191.61201691972,-246.3702451564));
#5109 = CARTESIAN_POINT('',(191.16968170827,-246.4545562672));
#5110 = CARTESIAN_POINT('',(190.72657171983,-246.5346927708));
#5111 = CARTESIAN_POINT('',(190.2827429362,-246.6107825686));
#5112 = CARTESIAN_POINT('',(189.83826009971,-246.6829564067));
#5113 = CARTESIAN_POINT('',(189.39318823224,-246.7513459954));
#5114 = CARTESIAN_POINT('',(188.94757999763,-246.8160813513));
#5115 = CARTESIAN_POINT('',(188.05541394101,-246.938506093));
#5116 = CARTESIAN_POINT('',(187.60885751769,-246.9961988944));
#5117 = CARTESIAN_POINT('',(187.16187412003,-247.050486034));
#5118 = CARTESIAN_POINT('',(186.71456356552,-247.1015253168));
#5119 = CARTESIAN_POINT('',(186.26697265754,-247.1494425631));
#5120 = CARTESIAN_POINT('',(185.81910438517,-247.1943403836));
#5121 = CARTESIAN_POINT('',(185.37096303651,-247.2363318301));
#5122 = CARTESIAN_POINT('',(184.31098883647,-247.3290121634));
#5123 = CARTESIAN_POINT('',(183.69895457837,-247.377300436));
#5124 = CARTESIAN_POINT('',(183.08651531489,-247.4206975975));
#5125 = CARTESIAN_POINT('',(182.47371643354,-247.4594923947));
#5126 = CARTESIAN_POINT('',(181.86061296869,-247.4939832235));
#5127 = CARTESIAN_POINT('',(181.24725053598,-247.5244652377));
#5128 = CARTESIAN_POINT('',(180.63365513187,-247.5512233916));
#5129 = CARTESIAN_POINT('',(179.40592598169,-247.5979141416));
#5130 = CARTESIAN_POINT('',(178.7917925472,-247.6178440631));
#5131 = CARTESIAN_POINT('',(178.17753023523,-247.6346566287));
#5132 = CARTESIAN_POINT('',(177.56318401549,-247.6486531029));
#5133 = CARTESIAN_POINT('',(176.94879643784,-247.6601343963));
#5134 = CARTESIAN_POINT('',(176.33440763231,-247.6694010653));
#5135 = CARTESIAN_POINT('',(175.72005530905,-247.6767533124));
#5136 = CARTESIAN_POINT('',(174.49205558245,-247.6882234154));
#5137 = CARTESIAN_POINT('',(173.8784094013,-247.6923443347));
#5138 = CARTESIAN_POINT('',(173.26487147877,-247.6951530737));
#5139 = CARTESIAN_POINT('',(172.65147648108,-247.6969488755));
#5140 = CARTESIAN_POINT('',(172.03825850995,-247.6980311722));
#5141 = CARTESIAN_POINT('',(171.42525113566,-247.6986998618));
#5142 = CARTESIAN_POINT('',(170.81248743012,-247.6992555848));
#5143 = CARTESIAN_POINT('',(170.2,-247.7));
#5144 = ( GEOMETRIC_REPRESENTATION_CONTEXT(2) 
PARAMETRIC_REPRESENTATION_CONTEXT() REPRESENTATION_CONTEXT('2D SPACE',''
  ) );
#5145 = PCURVE('',#5146,#5401);
#5146 = B_SPLINE_SURFACE_WITH_KNOTS('',3,1,(
    (#5147,#5148)
    ,(#5149,#5150)
    ,(#5151,#5152)
    ,(#5153,#5154)
    ,(#5155,#5156)
    ,(#5157,#5158)
    ,(#5159,#5160)
    ,(#5161,#5162)
    ,(#5163,#5164)
    ,(#5165,#5166)
    ,(#5167,#5168)
    ,(#5169,#5170)
    ,(#5171,#5172)
    ,(#5173,#5174)
    ,(#5175,#5176)
    ,(#5177,#5178)
    ,(#5179,#5180)
    ,(#5181,#5182)
    ,(#5183,#5184)
    ,(#5185,#5186)
    ,(#5187,#5188)
    ,(#5189,#5190)
    ,(#5191,#5192)
    ,(#5193,#5194)
    ,(#5195,#5196)
    ,(#5197,#5198)
    ,(#5199,#5200)
    ,(#5201,#5202)
    ,(#5203,#5204)
    ,(#5205,#5206)
    ,(#5207,#5208)
    ,(#5209,#5210)
    ,(#5211,#5212)
    ,(#5213,#5214)
    ,(#5215,#5216)
    ,(#5217,#5218)
    ,(#5219,#5220)
    ,(#5221,#5222)
    ,(#5223,#5224)
    ,(#5225,#5226)
    ,(#5227,#5228)
    ,(#5229,#5230)
    ,(#5231,#5232)
    ,(#5233,#5234)
    ,(#5235,#5236)
    ,(#5237,#5238)
    ,(#5239,#5240)
    ,(#5241,#5242)
    ,(#5243,#5244)
    ,(#5245,#5246)
    ,(#5247,#5248)
    ,(#5249,#5250)
    ,(#5251,#5252)
    ,(#5253,#5254)
    ,(#5255,#5256)
    ,(#5257,#5258)
    ,(#5259,#5260)
    ,(#5261,#5262)
    ,(#5263,#5264)
    ,(#5265,#5266)
    ,(#5267,#5268)
    ,(#5269,#5270)
    ,(#5271,#5272)
    ,(#5273,#5274)
    ,(#5275,#5276)
    ,(#5277,#5278)
    ,(#5279,#5280)
    ,(#5281,#5282)
    ,(#5283,#5284)
    ,(#5285,#5286)
    ,(#5287,#5288)
    ,(#5289,#5290)
    ,(#5291,#5292)
    ,(#5293,#5294)
    ,(#5295,#5296)
    ,(#5297,#5298)
    ,(#5299,#5300)
    ,(#5301,#5302)
    ,(#5303,#5304)
    ,(#5305,#5306)
    ,(#5307,#5308)
    ,(#5309,#5310)
    ,(#5311,#5312)
    ,(#5313,#5314)
    ,(#5315,#5316)
    ,(#5317,#5318)
    ,(#5319,#5320)
    ,(#5321,#5322)
    ,(#5323,#5324)
    ,(#5325,#5326)
    ,(#5327,#5328)
    ,(#5329,#5330)
    ,(#5331,#5332)
    ,(#5333,#5334)
    ,(#5335,#5336)
    ,(#5337,#5338)
    ,(#5339,#5340)
    ,(#5341,#5342)
    ,(#5343,#5344)
    ,(#5345,#5346)
    ,(#5347,#5348)
    ,(#5349,#5350)
    ,(#5351,#5352)
    ,(#5353,#5354)
    ,(#5355,#5356)
    ,(#5357,#5358)
    ,(#5359,#5360)
    ,(#5361,#5362)
    ,(#5363,#5364)
    ,(#5365,#5366)
    ,(#5367,#5368)
    ,(#5369,#5370)
    ,(#5371,#5372)
    ,(#5373,#5374)
    ,(#5375,#5376)
    ,(#5377,#5378)
    ,(#5379,#5380)
    ,(#5381,#5382)
    ,(#5383,#5384)
    ,(#5385,#5386)
    ,(#5387,#5388)
    ,(#5389,#5390)
    ,(#5391,#5392)
    ,(#5393,#5394)
    ,(#5395,#5396)
    ,(#5397,#5398)
    ,(#5399,#5400
    )),.UNSPECIFIED.,.T.,.F.,.F.,(1,1,2,1,1,1,1,1,1,1,1,1,1,1,1,1,1,1,1,
    1,1,1,1,1,1,1,1,1,1,1,1,1,1,1,1,1,1,1,1,1,1,1,1,1,1,1,1,1,1,1,1,1,1,
    1,1,1,1,1,1,1,1,1,1,1,1,1,1,1,1,1,1,1,1,1,1,1,1,1,1,1,1,1,1,1,1,1,1,
    1,1,1,1,1,1,1,1,1,1,1,1,1,1,1,1,1,1,1,1,1,1,1,1,1,1,1,1,1,1,1,1,1,1,
    1,1,1,1,1,2,1,1),(2,2),(-11.26824997984,-11.19253452529,0.,
    11.192534525296,11.268249979845,17.728026197508,17.847459619698,
    23.162646591281,23.317146690565,27.972351717223,28.155604841237,
    32.369050170902,32.575180187216,36.483875627344,36.706841345062,
    40.41662108651,40.650027454961,44.254336801766,44.491464690728,
    48.079714511325,48.313685799188,51.975846698561,52.199846893901,
    56.030825185479,56.238294539152,60.345661402388,60.53036376116,
    65.05209215146,65.207961510169,70.360500873478,70.481058158846,
    76.738488816489,76.814934213877,87.658157882362,98.501381552443,
    98.577826949831,104.83525760747,104.95581489284,110.10835425615,
    110.26422361486,114.78595200516,114.97065436393,119.07802122716,
    119.28549058084,123.11646887241,123.34046906775,127.00262996713,
    127.23660125499,130.82485107559,131.06197896455,134.66628831135,
    134.89969467981,138.60947442125,138.83244013897,142.7411355791,
    142.94726559541,147.16071092508,147.34396404909,151.99916907575,
    152.15366917503,157.46885614662,157.58828956881,164.04806578647,
    164.12378124102,175.31631576502,186.50885029161,186.58456574616,
    193.04434196382,193.16377538601,198.4789623576,198.63346245688,
    203.28866748354,203.47192060755,207.68536593722,207.89149595353,
    211.80019139366,212.02315711138,215.73293685283,215.96634322128,
    219.57065256808,219.80778045704,223.39603027764,223.6300015655,
    227.29216246488,227.51616266022,231.34714095179,231.55461030547,
    235.6619771687,235.84667952747,240.36840791777,240.52427727648,
    245.67681663979,245.79737392516,252.0548045828,252.13124998019,
    262.97447364782,273.81769731876,273.89414271615,280.15157337379,
    280.27213065916,285.42467002247,285.58053938118,290.10226777148,
    290.28697013025,294.39433699348,294.60180634716,298.43278463873,
    298.65678483407,302.31894573345,302.55291702131,306.14116684191,
    306.37829473087,309.98260407767,310.21601044612,313.92579018757,
    314.14875590529,318.05745134542,318.26358136173,322.4770266914,
    322.66027981541,327.31548484207,327.46998494135,332.78517191294,
    332.90460533513,339.36438155279,339.44009700734,350.63263153264,
    361.82516605793,361.90088151248),(0.,1.),.UNSPECIFIED.);
#5147 = CARTESIAN_POINT('',(-240.,40.003485016755,-29.89616124969));
#5148 = CARTESIAN_POINT('',(-190.,51.004535004603,-34.71896552483));
#5149 = CARTESIAN_POINT('',(-240.,39.996514983245,-24.1038387503));
#5150 = CARTESIAN_POINT('',(-190.,50.995464995397,-27.28103447516));
#5151 = CARTESIAN_POINT('',(-240.,39.999652828474,-21.16933018547));
#5152 = CARTESIAN_POINT('',(-190.,50.99948007622,-23.51361042302));
#5153 = CARTESIAN_POINT('',(-240.,39.795279846249,-16.56804213512));
#5154 = CARTESIAN_POINT('',(-190.,50.744242785482,-17.60528758608));
#5155 = CARTESIAN_POINT('',(-240.,39.67267250299,-14.84418068966));
#5156 = CARTESIAN_POINT('',(-190.,50.591077609793,-15.39155050351));
#5157 = CARTESIAN_POINT('',(-240.,39.322432952168,-11.77588982112));
#5158 = CARTESIAN_POINT('',(-190.,50.153455844124,-11.45063094381));
#5159 = CARTESIAN_POINT('',(-240.,39.106577737574,-10.33925747863));
#5160 = CARTESIAN_POINT('',(-190.,49.883778887495,-9.604967618189));
#5161 = CARTESIAN_POINT('',(-240.,38.590230237381,-7.760946320736));
#5162 = CARTESIAN_POINT('',(-190.,49.238478129657,-6.291024502754));
#5163 = CARTESIAN_POINT('',(-240.,38.280856817231,-6.500274279472));
#5164 = CARTESIAN_POINT('',(-190.,48.851770777931,-4.669838137172));
#5165 = CARTESIAN_POINT('',(-240.,37.598096581254,-4.25062071763));
#5166 = CARTESIAN_POINT('',(-190.,47.997818371505,-1.774615862099));
#5167 = CARTESIAN_POINT('',(-240.,37.194243525958,-3.12369474191));
#5168 = CARTESIAN_POINT('',(-190.,47.492441206527,-0.323057681662));
#5169 = CARTESIAN_POINT('',(-240.,36.345612259269,-1.133838198457));
#5170 = CARTESIAN_POINT('',(-190.,46.429447604303,2.24298924138));
#5171 = CARTESIAN_POINT('',(-240.,35.846201472487,-0.121816929325));
#5172 = CARTESIAN_POINT('',(-190.,45.803282382001,3.5496985822));
#5173 = CARTESIAN_POINT('',(-240.,34.831567674612,1.644468302729));
#5174 = CARTESIAN_POINT('',(-190.,44.52939097705,5.833843659194));
#5175 = CARTESIAN_POINT('',(-240.,34.23592015066,2.550369454208));
#5176 = CARTESIAN_POINT('',(-190.,43.78047704155,7.00727434971));
#5177 = CARTESIAN_POINT('',(-240.,33.053768247397,4.114639642912));
#5178 = CARTESIAN_POINT('',(-190.,42.291588387927,9.037292822208));
#5179 = CARTESIAN_POINT('',(-240.,32.36162123283,4.918265613865));
#5180 = CARTESIAN_POINT('',(-190.,41.41827520822,10.082193792258));
#5181 = CARTESIAN_POINT('',(-240.,31.008110024149,6.294309207892));
#5182 = CARTESIAN_POINT('',(-190.,39.707178460116,11.874977694716));
#5183 = CARTESIAN_POINT('',(-240.,30.219269819416,6.99727031717));
#5184 = CARTESIAN_POINT('',(-190.,38.707949300757,12.792663756188));
#5185 = CARTESIAN_POINT('',(-240.,28.68703906573,8.19421015022));
#5186 = CARTESIAN_POINT('',(-190.,36.763284264956,14.358226191706));
#5187 = CARTESIAN_POINT('',(-240.,27.800481288723,8.797422753603));
#5188 = CARTESIAN_POINT('',(-190.,35.635912237694,15.148671956206));
#5189 = CARTESIAN_POINT('',(-240.,26.076908320426,9.821168632424));
#5190 = CARTESIAN_POINT('',(-190.,33.440358257147,16.492341132688));
#5191 = CARTESIAN_POINT('',(-240.,25.089201735249,10.325659079996));
#5192 = CARTESIAN_POINT('',(-190.,32.180077492723,17.15549720185));
#5193 = CARTESIAN_POINT('',(-240.,23.153340397247,11.179693123948));
#5194 = CARTESIAN_POINT('',(-190.,29.706578836598,18.279428667956));
#5195 = CARTESIAN_POINT('',(-240.,22.056038107302,11.586843580431));
#5196 = CARTESIAN_POINT('',(-190.,28.302725540936,18.815848571618));
#5197 = CARTESIAN_POINT('',(-240.,19.872054860213,12.272818655209));
#5198 = CARTESIAN_POINT('',(-190.,25.505912543564,19.720233833851));
#5199 = CARTESIAN_POINT('',(-240.,18.6466941803,12.584240632461));
#5200 = CARTESIAN_POINT('',(-190.,23.93533230329,20.131106875962));
#5201 = CARTESIAN_POINT('',(-240.,16.146998503205,13.102650799327));
#5202 = CARTESIAN_POINT('',(-190.,20.729531154651,20.815256039672));
#5203 = CARTESIAN_POINT('',(-240.,14.752688694882,13.319784391842));
#5204 = CARTESIAN_POINT('',(-190.,18.940431373539,21.101923992968));
#5205 = CARTESIAN_POINT('',(-240.,11.779116238651,13.67116208904));
#5206 = CARTESIAN_POINT('',(-190.,15.123829304213,21.565819796741));
#5207 = CARTESIAN_POINT('',(-240.,10.106465824638,13.794059120923));
#5208 = CARTESIAN_POINT('',(-190.,12.976428553138,21.728101719855));
#5209 = CARTESIAN_POINT('',(-240.,5.651622174779,14.000329431363));
#5210 = CARTESIAN_POINT('',(-190.,7.256709858752,22.000430283636));
#5211 = CARTESIAN_POINT('',(-240.,2.03389510095E-10,13.999672874892));
#5212 = CARTESIAN_POINT('',(-190.,2.592273847901E-10,21.999572728656));
#5213 = CARTESIAN_POINT('',(-240.,-5.651622174358,14.000329431359));
#5214 = CARTESIAN_POINT('',(-190.,-7.256709858215,22.000430283632));
#5215 = CARTESIAN_POINT('',(-240.,-10.10646582464,13.794059120936));
#5216 = CARTESIAN_POINT('',(-190.,-12.97642855314,21.728101719872));
#5217 = CARTESIAN_POINT('',(-240.,-11.77911623866,13.671162089082));
#5218 = CARTESIAN_POINT('',(-190.,-15.12382930423,21.565819796794));
#5219 = CARTESIAN_POINT('',(-240.,-14.75268869487,13.319784391809));
#5220 = CARTESIAN_POINT('',(-190.,-18.94043137352,21.101923992922));
#5221 = CARTESIAN_POINT('',(-240.,-16.14699850316,13.102650799208));
#5222 = CARTESIAN_POINT('',(-190.,-20.72953115459,20.815256039523));
#5223 = CARTESIAN_POINT('',(-240.,-18.64669418033,12.584240632555));
#5224 = CARTESIAN_POINT('',(-190.,-23.93533230334,20.131106876106));
#5225 = CARTESIAN_POINT('',(-240.,-19.87205486033,12.272818655576));
#5226 = CARTESIAN_POINT('',(-190.,-25.50591254372,19.720233834313));
#5227 = CARTESIAN_POINT('',(-240.,-22.0560381072,11.586843580139));
#5228 = CARTESIAN_POINT('',(-190.,-28.30272554077,18.815848571143));
#5229 = CARTESIAN_POINT('',(-240.,-23.15334039684,11.179693122755));
#5230 = CARTESIAN_POINT('',(-190.,-29.70657883606,18.279428666445));
#5231 = CARTESIAN_POINT('',(-240.,-25.08920173556,10.325659080943));
#5232 = CARTESIAN_POINT('',(-190.,-32.18007749329,17.155497203481));
#5233 = CARTESIAN_POINT('',(-240.,-26.07690832178,9.821168636456));
#5234 = CARTESIAN_POINT('',(-190.,-33.44035825894,16.492341137807));
#5235 = CARTESIAN_POINT('',(-240.,-27.80048128764,8.797422750403));
#5236 = CARTESIAN_POINT('',(-190.,-35.63591223567,15.148671950432));
#5237 = CARTESIAN_POINT('',(-240.,-28.68703906097,8.194210136111));
#5238 = CARTESIAN_POINT('',(-190.,-36.76328425866,14.358226173754));
#5239 = CARTESIAN_POINT('',(-240.,-30.21926982321,6.997270328463));
#5240 = CARTESIAN_POINT('',(-190.,-38.70794930811,12.792663777179));
#5241 = CARTESIAN_POINT('',(-240.,-31.00811004136,6.294309258996));
#5242 = CARTESIAN_POINT('',(-190.,-39.70717848293,11.87497775984));
#5243 = CARTESIAN_POINT('',(-240.,-32.36162121878,4.918265572158));
#5244 = CARTESIAN_POINT('',(-190.,-41.41827518079,10.08219371398));
#5245 = CARTESIAN_POINT('',(-240.,-33.05376818286,4.114639451289));
#5246 = CARTESIAN_POINT('',(-190.,-42.29158830229,9.03729257783));
#5247 = CARTESIAN_POINT('',(-240.,-34.23592020496,2.550369615455));
#5248 = CARTESIAN_POINT('',(-190.,-43.78047714639,7.007274648912));
#5249 = CARTESIAN_POINT('',(-240.,-34.83156792502,1.644469046268));
#5250 = CARTESIAN_POINT('',(-190.,-44.52939130926,5.833844607296));
#5251 = CARTESIAN_POINT('',(-240.,-35.84620125314,-0.12181758061));
#5252 = CARTESIAN_POINT('',(-190.,-45.80328197134,3.549697410245));
#5253 = CARTESIAN_POINT('',(-240.,-36.34561125467,-1.133841181327));
#5254 = CARTESIAN_POINT('',(-190.,-46.429446273,2.24298544201));
#5255 = CARTESIAN_POINT('',(-240.,-37.19424444886,-3.123692001589));
#5256 = CARTESIAN_POINT('',(-190.,-47.4924428565,-0.323052972813));
#5257 = CARTESIAN_POINT('',(-240.,-37.59810074753,-4.250608346966));
#5258 = CARTESIAN_POINT('',(-190.,-47.99782388153,-1.774600137103));
#5259 = CARTESIAN_POINT('',(-240.,-38.28085277489,-6.500286282133));
#5260 = CARTESIAN_POINT('',(-190.,-48.85176395007,-4.669857623085));
#5261 = CARTESIAN_POINT('',(-240.,-38.59021231511,-7.760999536194));
#5262 = CARTESIAN_POINT('',(-190.,-49.23845449483,-6.291091953811));
#5263 = CARTESIAN_POINT('',(-240.,-39.10659630181,-10.33920235701));
#5264 = CARTESIAN_POINT('',(-190.,-49.88380832601,-9.604883604031));
#5265 = CARTESIAN_POINT('',(-240.,-39.32251397112,-11.77564925663));
#5266 = CARTESIAN_POINT('',(-190.,-50.15356230492,-11.45032711693));
#5267 = CARTESIAN_POINT('',(-240.,-39.67258016309,-14.8444548687));
#5268 = CARTESIAN_POINT('',(-190.,-50.59094056065,-15.39194162598));
#5269 = CARTESIAN_POINT('',(-240.,-39.79487703995,-16.56923816252));
#5270 = CARTESIAN_POINT('',(-190.,-50.74371570468,-17.60679181404));
#5271 = CARTESIAN_POINT('',(-240.,-40.00032989491,-21.1673198143));
#5272 = CARTESIAN_POINT('',(-190.,-51.00041631281,-23.51093851102));
#5273 = CARTESIAN_POINT('',(-240.,-39.99967232175,-26.99999999966));
#5274 = CARTESIAN_POINT('',(-190.,-50.99958648452,-30.99999999956));
#5275 = CARTESIAN_POINT('',(-240.,-40.00032989494,-32.83268018502));
#5276 = CARTESIAN_POINT('',(-190.,-51.00041631285,-38.4890614881));
#5277 = CARTESIAN_POINT('',(-240.,-39.79487703995,-37.43076183748));
#5278 = CARTESIAN_POINT('',(-190.,-50.74371570467,-44.39320818595));
#5279 = CARTESIAN_POINT('',(-240.,-39.67258016309,-39.15554513129));
#5280 = CARTESIAN_POINT('',(-190.,-50.59094056065,-46.60805837401));
#5281 = CARTESIAN_POINT('',(-240.,-39.32251397112,-42.22435074336));
#5282 = CARTESIAN_POINT('',(-190.,-50.15356230492,-50.54967288306));
#5283 = CARTESIAN_POINT('',(-240.,-39.10659630181,-43.66079764299));
#5284 = CARTESIAN_POINT('',(-190.,-49.88380832601,-52.39511639596));
#5285 = CARTESIAN_POINT('',(-240.,-38.59021231511,-46.2390004638));
#5286 = CARTESIAN_POINT('',(-190.,-49.23845449483,-55.70890804618));
#5287 = CARTESIAN_POINT('',(-240.,-38.28085277489,-47.49971371786));
#5288 = CARTESIAN_POINT('',(-190.,-48.85176395007,-57.33014237691));
#5289 = CARTESIAN_POINT('',(-240.,-37.59810074753,-49.74939165303));
#5290 = CARTESIAN_POINT('',(-190.,-47.99782388153,-60.22539986289));
#5291 = CARTESIAN_POINT('',(-240.,-37.19424444886,-50.87630799841));
#5292 = CARTESIAN_POINT('',(-190.,-47.4924428565,-61.67694702718));
#5293 = CARTESIAN_POINT('',(-240.,-36.34561125467,-52.86615881867));
#5294 = CARTESIAN_POINT('',(-190.,-46.429446273,-64.24298544201));
#5295 = CARTESIAN_POINT('',(-240.,-35.84620125314,-53.87818241939));
#5296 = CARTESIAN_POINT('',(-190.,-45.80328197134,-65.54969741024));
#5297 = CARTESIAN_POINT('',(-240.,-34.83156792502,-55.64446904626));
#5298 = CARTESIAN_POINT('',(-190.,-44.52939130926,-67.83384460729));
#5299 = CARTESIAN_POINT('',(-240.,-34.23592020496,-56.55036961545));
#5300 = CARTESIAN_POINT('',(-190.,-43.78047714639,-69.00727464891));
#5301 = CARTESIAN_POINT('',(-240.,-33.05376818286,-58.11463945128));
#5302 = CARTESIAN_POINT('',(-190.,-42.29158830229,-71.03729257783));
#5303 = CARTESIAN_POINT('',(-240.,-32.36162121878,-58.91826557215));
#5304 = CARTESIAN_POINT('',(-190.,-41.41827518079,-72.08219371398));
#5305 = CARTESIAN_POINT('',(-240.,-31.00811004136,-60.29430925899));
#5306 = CARTESIAN_POINT('',(-190.,-39.70717848293,-73.87497775984));
#5307 = CARTESIAN_POINT('',(-240.,-30.21926982321,-60.99727032846));
#5308 = CARTESIAN_POINT('',(-190.,-38.70794930811,-74.79266377717));
#5309 = CARTESIAN_POINT('',(-240.,-28.68703906097,-62.19421013611));
#5310 = CARTESIAN_POINT('',(-190.,-36.76328425866,-76.35822617375));
#5311 = CARTESIAN_POINT('',(-240.,-27.80048128764,-62.7974227504));
#5312 = CARTESIAN_POINT('',(-190.,-35.63591223567,-77.14867195043));
#5313 = CARTESIAN_POINT('',(-240.,-26.07690832178,-63.82116863645));
#5314 = CARTESIAN_POINT('',(-190.,-33.44035825894,-78.4923411378));
#5315 = CARTESIAN_POINT('',(-240.,-25.08920173556,-64.32565908094));
#5316 = CARTESIAN_POINT('',(-190.,-32.18007749329,-79.15549720348));
#5317 = CARTESIAN_POINT('',(-240.,-23.15334039684,-65.17969312275));
#5318 = CARTESIAN_POINT('',(-190.,-29.70657883606,-80.27942866644));
#5319 = CARTESIAN_POINT('',(-240.,-22.0560381072,-65.58684358013));
#5320 = CARTESIAN_POINT('',(-190.,-28.30272554077,-80.81584857114));
#5321 = CARTESIAN_POINT('',(-240.,-19.87205486033,-66.27281865557));
#5322 = CARTESIAN_POINT('',(-190.,-25.50591254372,-81.72023383431));
#5323 = CARTESIAN_POINT('',(-240.,-18.64669418033,-66.58424063255));
#5324 = CARTESIAN_POINT('',(-190.,-23.93533230334,-82.1311068761));
#5325 = CARTESIAN_POINT('',(-240.,-16.14699850316,-67.1026507992));
#5326 = CARTESIAN_POINT('',(-190.,-20.72953115459,-82.81525603952));
#5327 = CARTESIAN_POINT('',(-240.,-14.75268869487,-67.3197843918));
#5328 = CARTESIAN_POINT('',(-190.,-18.94043137352,-83.10192399292));
#5329 = CARTESIAN_POINT('',(-240.,-11.77911623866,-67.67116208908));
#5330 = CARTESIAN_POINT('',(-190.,-15.12382930423,-83.56581979679));
#5331 = CARTESIAN_POINT('',(-240.,-10.10646582464,-67.79405912093));
#5332 = CARTESIAN_POINT('',(-190.,-12.97642855314,-83.72810171987));
#5333 = CARTESIAN_POINT('',(-240.,-5.651622174994,-68.00032943132));
#5334 = CARTESIAN_POINT('',(-190.,-7.256709859026,-84.00043028358));
#5335 = CARTESIAN_POINT('',(-240.,-4.27252525026E-10,-67.99967287489));
#5336 = CARTESIAN_POINT('',(-190.,-5.445953909143E-10,-83.99957272865));
#5337 = CARTESIAN_POINT('',(-240.,5.651622174126,-68.00032943139));
#5338 = CARTESIAN_POINT('',(-190.,7.256709857919,-84.00043028367));
#5339 = CARTESIAN_POINT('',(-240.,10.106465824647,-67.79405912092));
#5340 = CARTESIAN_POINT('',(-190.,12.976428553151,-83.72810171985));
#5341 = CARTESIAN_POINT('',(-240.,11.77911623868,-67.67116208904));
#5342 = CARTESIAN_POINT('',(-190.,15.12382930425,-83.56581979674));
#5343 = CARTESIAN_POINT('',(-240.,14.75268869486,-67.31978439184));
#5344 = CARTESIAN_POINT('',(-190.,18.940431373507,-83.10192399296));
#5345 = CARTESIAN_POINT('',(-240.,16.146998503125,-67.10265079932));
#5346 = CARTESIAN_POINT('',(-190.,20.729531154547,-82.81525603967));
#5347 = CARTESIAN_POINT('',(-240.,18.646694180363,-66.58424063246));
#5348 = CARTESIAN_POINT('',(-190.,23.935332303391,-82.13110687596));
#5349 = CARTESIAN_POINT('',(-240.,19.87205486046,-66.2728186552));
#5350 = CARTESIAN_POINT('',(-190.,25.505912543889,-81.72023383385));
#5351 = CARTESIAN_POINT('',(-240.,22.056038107105,-65.58684358043));
#5352 = CARTESIAN_POINT('',(-190.,28.302725540603,-80.81584857161));
#5353 = CARTESIAN_POINT('',(-240.,23.153340396443,-65.17969312394));
#5354 = CARTESIAN_POINT('',(-190.,29.70657883554,-80.27942866795));
#5355 = CARTESIAN_POINT('',(-240.,25.089201735887,-64.32565907999));
#5356 = CARTESIAN_POINT('',(-190.,32.180077493866,-79.15549720185));
#5357 = CARTESIAN_POINT('',(-240.,26.076908323142,-63.82116863242));
#5358 = CARTESIAN_POINT('',(-190.,33.440358260734,-78.49234113268));
#5359 = CARTESIAN_POINT('',(-240.,27.800481286568,-62.7974227536));
#5360 = CARTESIAN_POINT('',(-190.,35.635912233648,-77.1486719562));
#5361 = CARTESIAN_POINT('',(-240.,28.687039056227,-62.19421015022));
#5362 = CARTESIAN_POINT('',(-190.,36.763284252376,-76.3582261917));
#5363 = CARTESIAN_POINT('',(-240.,30.219269827022,-60.99727031717));
#5364 = CARTESIAN_POINT('',(-190.,38.707949315467,-74.79266375618));
#5365 = CARTESIAN_POINT('',(-240.,31.008110058572,-60.29430920789));
#5366 = CARTESIAN_POINT('',(-190.,39.707178505756,-73.87497769471));
#5367 = CARTESIAN_POINT('',(-240.,32.361621204737,-58.91826561386));
#5368 = CARTESIAN_POINT('',(-190.,41.418275153363,-72.08219379225));
#5369 = CARTESIAN_POINT('',(-240.,33.053768118324,-58.11463964291));
#5370 = CARTESIAN_POINT('',(-190.,42.291588216668,-71.0372928222));
#5371 = CARTESIAN_POINT('',(-240.,34.235920259271,-56.5503694542));
#5372 = CARTESIAN_POINT('',(-190.,43.780477251231,-69.00727434971));
#5373 = CARTESIAN_POINT('',(-240.,34.83156817544,-55.64446830272));
#5374 = CARTESIAN_POINT('',(-190.,44.529391641479,-67.83384365919));
#5375 = CARTESIAN_POINT('',(-240.,35.846201033798,-53.87818307067));
#5376 = CARTESIAN_POINT('',(-190.,45.803281560696,-65.5496985822));
#5377 = CARTESIAN_POINT('',(-240.,36.345610250086,-52.86616180154));
#5378 = CARTESIAN_POINT('',(-190.,46.429444941707,-64.24298924138));
#5379 = CARTESIAN_POINT('',(-240.,37.194245371765,-50.87630525809));
#5380 = CARTESIAN_POINT('',(-190.,47.492444506484,-61.67694231833));
#5381 = CARTESIAN_POINT('',(-240.,37.598104913808,-49.74937928237));
#5382 = CARTESIAN_POINT('',(-190.,47.997829391567,-60.2253841379));
#5383 = CARTESIAN_POINT('',(-240.,38.280848732555,-47.49972572052));
#5384 = CARTESIAN_POINT('',(-190.,48.85175712222,-57.33016186282));
#5385 = CARTESIAN_POINT('',(-240.,38.590194392849,-46.23905367926));
#5386 = CARTESIAN_POINT('',(-190.,49.238430860017,-55.70897549724));
#5387 = CARTESIAN_POINT('',(-240.,39.106614866049,-43.66074252136));
#5388 = CARTESIAN_POINT('',(-190.,49.883837764542,-52.39503238181));
#5389 = CARTESIAN_POINT('',(-240.,39.322594990081,-42.22411017887));
#5390 = CARTESIAN_POINT('',(-190.,50.153668765731,-50.54936905618));
#5391 = CARTESIAN_POINT('',(-240.,39.672487823202,-39.15581931034));
#5392 = CARTESIAN_POINT('',(-190.,50.590803511514,-46.60844949649));
#5393 = CARTESIAN_POINT('',(-240.,39.79447423366,-37.43195786487));
#5394 = CARTESIAN_POINT('',(-190.,50.743188623875,-44.39471241391));
#5395 = CARTESIAN_POINT('',(-240.,40.001006961379,-32.83066981452));
#5396 = CARTESIAN_POINT('',(-190.,51.001352549445,-38.48638957697));
#5397 = CARTESIAN_POINT('',(-240.,40.003485016755,-29.89616124969));
#5398 = CARTESIAN_POINT('',(-190.,51.004535004603,-34.71896552483));
#5399 = CARTESIAN_POINT('',(-240.,39.996514983245,-24.1038387503));
#5400 = CARTESIAN_POINT('',(-190.,50.995464995397,-27.28103447516));
#5401 = DEFINITIONAL_REPRESENTATION('',(#5402),#6112);
#5402 = B_SPLINE_CURVE_WITH_KNOTS('',8,(#5403,#5404,#5405,#5406,#5407,
    #5408,#5409,#5410,#5411,#5412,#5413,#5414,#5415,#5416,#5417,#5418,
    #5419,#5420,#5421,#5422,#5423,#5424,#5425,#5426,#5427,#5428,#5429,
    #5430,#5431,#5432,#5433,#5434,#5435,#5436,#5437,#5438,#5439,#5440,
    #5441,#5442,#5443,#5444,#5445,#5446,#5447,#5448,#5449,#5450,#5451,
    #5452,#5453,#5454,#5455,#5456,#5457,#5458,#5459,#5460,#5461,#5462,
    #5463,#5464,#5465,#5466,#5467,#5468,#5469,#5470,#5471,#5472,#5473,
    #5474,#5475,#5476,#5477,#5478,#5479,#5480,#5481,#5482,#5483,#5484,
    #5485,#5486,#5487,#5488,#5489,#5490,#5491,#5492,#5493,#5494,#5495,
    #5496,#5497,#5498,#5499,#5500,#5501,#5502,#5503,#5504,#5505,#5506,
    #5507,#5508,#5509,#5510,#5511,#5512,#5513,#5514,#5515,#5516,#5517,
    #5518,#5519,#5520,#5521,#5522,#5523,#5524,#5525,#5526,#5527,#5528,
    #5529,#5530,#5531,#5532,#5533,#5534,#5535,#5536,#5537,#5538,#5539,
    #5540,#5541,#5542,#5543,#5544,#5545,#5546,#5547,#5548,#5549,#5550,
    #5551,#5552,#5553,#5554,#5555,#5556,#5557,#5558,#5559,#5560,#5561,
    #5562,#5563,#5564,#5565,#5566,#5567,#5568,#5569,#5570,#5571,#5572,
    #5573,#5574,#5575,#5576,#5577,#5578,#5579,#5580,#5581,#5582,#5583,
    #5584,#5585,#5586,#5587,#5588,#5589,#5590,#5591,#5592,#5593,#5594,
    #5595,#5596,#5597,#5598,#5599,#5600,#5601,#5602,#5603,#5604,#5605,
    #5606,#5607,#5608,#5609,#5610,#5611,#5612,#5613,#5614,#5615,#5616,
    #5617,#5618,#5619,#5620,#5621,#5622,#5623,#5624,#5625,#5626,#5627,
    #5628,#5629,#5630,#5631,#5632,#5633,#5634,#5635,#5636,#5637,#5638,
    #5639,#5640,#5641,#5642,#5643,#5644,#5645,#5646,#5647,#5648,#5649,
    #5650,#5651,#5652,#5653,#5654,#5655,#5656,#5657,#5658,#5659,#5660,
    #5661,#5662,#5663,#5664,#5665,#5666,#5667,#5668,#5669,#5670,#5671,
    #5672,#5673,#5674,#5675,#5676,#5677,#5678,#5679,#5680,#5681,#5682,
    #5683,#5684,#5685,#5686,#5687,#5688,#5689,#5690,#5691,#5692,#5693,
    #5694,#5695,#5696,#5697,#5698,#5699,#5700,#5701,#5702,#5703,#5704,
    #5705,#5706,#5707,#5708,#5709,#5710,#5711,#5712,#5713,#5714,#5715,
    #5716,#5717,#5718,#5719,#5720,#5721,#5722,#5723,#5724,#5725,#5726,
    #5727,#5728,#5729,#5730,#5731,#5732,#5733,#5734,#5735,#5736,#5737,
    #5738,#5739,#5740,#5741,#5742,#5743,#5744,#5745,#5746,#5747,#5748,
    #5749,#5750,#5751,#5752,#5753,#5754,#5755,#5756,#5757,#5758,#5759,
    #5760,#5761,#5762,#5763,#5764,#5765,#5766,#5767,#5768,#5769,#5770,
    #5771,#5772,#5773,#5774,#5775,#5776,#5777,#5778,#5779,#5780,#5781,
    #5782,#5783,#5784,#5785,#5786,#5787,#5788,#5789,#5790,#5791,#5792,
    #5793,#5794,#5795,#5796,#5797,#5798,#5799,#5800,#5801,#5802,#5803,
    #5804,#5805,#5806,#5807,#5808,#5809,#5810,#5811,#5812,#5813,#5814,
    #5815,#5816,#5817,#5818,#5819,#5820,#5821,#5822,#5823,#5824,#5825,
    #5826,#5827,#5828,#5829,#5830,#5831,#5832,#5833,#5834,#5835,#5836,
    #5837,#5838,#5839,#5840,#5841,#5842,#5843,#5844,#5845,#5846,#5847,
    #5848,#5849,#5850,#5851,#5852,#5853,#5854,#5855,#5856,#5857,#5858,
    #5859,#5860,#5861,#5862,#5863,#5864,#5865,#5866,#5867,#5868,#5869,
    #5870,#5871,#5872,#5873,#5874,#5875,#5876,#5877,#5878,#5879,#5880,
    #5881,#5882,#5883,#5884,#5885,#5886,#5887,#5888,#5889,#5890,#5891,
    #5892,#5893,#5894,#5895,#5896,#5897,#5898,#5899,#5900,#5901,#5902,
    #5903,#5904,#5905,#5906,#5907,#5908,#5909,#5910,#5911,#5912,#5913,
    #5914,#5915,#5916,#5917,#5918,#5919,#5920,#5921,#5922,#5923,#5924,
    #5925,#5926,#5927,#5928,#5929,#5930,#5931,#5932,#5933,#5934,#5935,
    #5936,#5937,#5938,#5939,#5940,#5941,#5942,#5943,#5944,#5945,#5946,
    #5947,#5948,#5949,#5950,#5951,#5952,#5953,#5954,#5955,#5956,#5957,
    #5958,#5959,#5960,#5961,#5962,#5963,#5964,#5965,#5966,#5967,#5968,
    #5969,#5970,#5971,#5972,#5973,#5974,#5975,#5976,#5977,#5978,#5979,
    #5980,#5981,#5982,#5983,#5984,#5985,#5986,#5987,#5988,#5989,#5990,
    #5991,#5992,#5993,#5994,#5995,#5996,#5997,#5998,#5999,#6000,#6001,
    #6002,#6003,#6004,#6005,#6006,#6007,#6008,#6009,#6010,#6011,#6012,
    #6013,#6014,#6015,#6016,#6017,#6018,#6019,#6020,#6021,#6022,#6023,
    #6024,#6025,#6026,#6027,#6028,#6029,#6030,#6031,#6032,#6033,#6034,
    #6035,#6036,#6037,#6038,#6039,#6040,#6041,#6042,#6043,#6044,#6045,
    #6046,#6047,#6048,#6049,#6050,#6051,#6052,#6053,#6054,#6055,#6056,
    #6057,#6058,#6059,#6060,#6061,#6062,#6063,#6064,#6065,#6066,#6067,
    #6068,#6069,#6070,#6071,#6072,#6073,#6074,#6075,#6076,#6077,#6078,
    #6079,#6080,#6081,#6082,#6083,#6084,#6085,#6086,#6087,#6088,#6089,
    #6090,#6091,#6092,#6093,#6094,#6095,#6096,#6097,#6098,#6099,#6100,
    #6101,#6102,#6103,#6104,#6105,#6106,#6107,#6108,#6109,#6110,#6111),
  .UNSPECIFIED.,.F.,.F.,(9,7,7,7,7,7,7,7,7,7,7,7,7,7,7,7,7,7,7,7,7,7,7,7
    ,7,7,7,7,7,7,7,7,7,7,7,7,7,7,7,7,7,7,7,7,7,7,7,7,7,7,7,7,7,7,7,7,7,7
    ,7,7,7,7,7,7,7,7,7,7,7,7,7,7,7,7,7,7,7,7,7,7,7,7,7,7,7,7,7,7,7,7,7,7
    ,7,7,7,7,7,7,7,7,7,9),(0.,1.899707322073E-02,2.900290890317E-02,
    3.900694889225E-02,4.600848987791E-02,5.200981764604E-02,
    6.401242613823E-02,7.301432322399E-02,8.001582485683E-02,
    9.001796379184E-02,0.101020157314,0.107021528037,0.117024064334,
    0.127026747317,0.139029930147,0.148032325464,0.155034208983,
    0.165036809669,0.176039485358,0.184041523489,0.1900430712,
    0.200045619694,0.210047771819,0.216049050805,0.22605124271,
    0.237053595682,0.248055948654,0.259058172793,0.27705950603,
    0.288059818253,0.297060139716,0.3030605629,0.31306146896,
    0.324062391236,0.336063962626,0.345065137041,0.352066118129,
    0.362067490406,0.373068997871,0.38006996009,0.390071102402,
    0.401072274981,0.409073039547,0.418073970187,0.427074497104,
    0.434074885138,0.444075449549,0.455076039129,0.462076375442,
    0.473076243955,0.485075280794,0.497074317633,0.509073280318,
    0.527069754085,0.538067856032,0.547066842976,0.553066180741,
    0.563065066693,0.574063736536,0.584062801214,0.595062262667,
    0.603061744454,0.615061423938,0.627061111155,0.63906077177,
    0.648060525417,0.655060354299,0.665060019815,0.676059466872,
    0.68405915688,0.690058943493,0.700058556833,0.710057773919,
    0.716057291886,0.726056548741,0.737055673176,0.74805479761,
    0.75905379325,0.777049844163,0.788046928447,0.79704460885,
    0.803043271266,0.813041242654,0.824038936812,0.832037273993,
    0.84003566438,0.848034046489,0.860031484976,0.86603028544,
    0.87302890223,0.884026734206,0.892025163369,0.904023015707,
    0.910021868634,0.917020520055,0.926018359205,0.93301657868,
    0.944013434012,0.955010121713,0.97000830121,0.985011005893,1.),
  .UNSPECIFIED.);
#5403 = CARTESIAN_POINT('',(350.63263153264,0.7));
#5404 = CARTESIAN_POINT('',(349.79885828751,0.7));
#5405 = CARTESIAN_POINT('',(348.96550015991,0.7));
#5406 = CARTESIAN_POINT('',(348.13249169909,0.7));
#5407 = CARTESIAN_POINT('',(347.29977050225,0.7));
#5408 = CARTESIAN_POINT('',(346.46727711737,0.7));
#5409 = CARTESIAN_POINT('',(345.63495494593,0.7));
#5410 = CARTESIAN_POINT('',(344.8027501457,0.7));
#5411 = CARTESIAN_POINT('',(343.5323207441,0.7));
#5412 = CARTESIAN_POINT('',(343.09402995468,0.7));
#5413 = CARTESIAN_POINT('',(342.65573916527,0.7));
#5414 = CARTESIAN_POINT('',(342.21744837585,0.7));
#5415 = CARTESIAN_POINT('',(341.77915758644,0.7));
#5416 = CARTESIAN_POINT('',(341.34086679702,0.7));
#5417 = CARTESIAN_POINT('',(340.9025760076,0.7));
#5418 = CARTESIAN_POINT('',(340.02607308646,0.7));
#5419 = CARTESIAN_POINT('',(339.58784466717,0.7));
#5420 = CARTESIAN_POINT('',(339.14959267489,0.7));
#5421 = CARTESIAN_POINT('',(338.71131427563,0.7));
#5422 = CARTESIAN_POINT('',(338.27300971497,0.7));
#5423 = CARTESIAN_POINT('',(337.83468094609,0.7));
#5424 = CARTESIAN_POINT('',(337.39633025785,0.7));
#5425 = CARTESIAN_POINT('',(336.65115535027,0.7));
#5426 = CARTESIAN_POINT('',(336.34435179768,0.7));
#5427 = CARTESIAN_POINT('',(336.03754824509,0.7));
#5428 = CARTESIAN_POINT('',(335.7307446925,0.7));
#5429 = CARTESIAN_POINT('',(335.42394113991,0.7));
#5430 = CARTESIAN_POINT('',(335.11713758732,0.7));
#5431 = CARTESIAN_POINT('',(334.81033403473,0.7));
#5432 = CARTESIAN_POINT('',(334.24055570511,0.7));
#5433 = CARTESIAN_POINT('',(333.97758092774,0.7));
#5434 = CARTESIAN_POINT('',(333.71460642763,0.7));
#5435 = CARTESIAN_POINT('',(333.45163229512,0.7));
#5436 = CARTESIAN_POINT('',(333.18865843326,0.7));
#5437 = CARTESIAN_POINT('',(332.92568455783,0.7));
#5438 = CARTESIAN_POINT('',(332.66271019731,0.7));
#5439 = CARTESIAN_POINT('',(331.87378574564,0.7));
#5440 = CARTESIAN_POINT('',(331.34783679834,0.7));
#5441 = CARTESIAN_POINT('',(330.82188785104,0.7));
#5442 = CARTESIAN_POINT('',(330.29593890374,0.7));
#5443 = CARTESIAN_POINT('',(329.76998995644,0.7));
#5444 = CARTESIAN_POINT('',(329.24404100915,0.7));
#5445 = CARTESIAN_POINT('',(328.71809206185,0.7));
#5446 = CARTESIAN_POINT('',(327.79768400184,0.7));
#5447 = CARTESIAN_POINT('',(327.40321873741,0.7));
#5448 = CARTESIAN_POINT('',(327.00875566877,0.7));
#5449 = CARTESIAN_POINT('',(326.61429581379,0.7));
#5450 = CARTESIAN_POINT('',(326.21983638002,0.7));
#5451 = CARTESIAN_POINT('',(325.82537428391,0.7));
#5452 = CARTESIAN_POINT('',(325.4309096701,0.7));
#5453 = CARTESIAN_POINT('',(324.72964587773,0.7));
#5454 = CARTESIAN_POINT('',(324.42284231425,0.7));
#5455 = CARTESIAN_POINT('',(324.11603875535,0.7));
#5456 = CARTESIAN_POINT('',(323.80923520824,0.7));
#5457 = CARTESIAN_POINT('',(323.50243167239,0.7));
#5458 = CARTESIAN_POINT('',(323.19562813946,0.7));
#5459 = CARTESIAN_POINT('',(322.8888245933,0.7));
#5460 = CARTESIAN_POINT('',(322.14373045085,0.7));
#5461 = CARTESIAN_POINT('',(321.70543921523,0.7));
#5462 = CARTESIAN_POINT('',(321.26714853332,0.7));
#5463 = CARTESIAN_POINT('',(320.82885799969,0.7));
#5464 = CARTESIAN_POINT('',(320.39056715954,0.7));
#5465 = CARTESIAN_POINT('',(319.95227616184,0.7));
#5466 = CARTESIAN_POINT('',(319.51398547921,0.7));
#5467 = CARTESIAN_POINT('',(318.59358181248,0.7));
#5468 = CARTESIAN_POINT('',(318.11144960927,0.7));
#5469 = CARTESIAN_POINT('',(317.62932742134,0.7));
#5470 = CARTESIAN_POINT('',(317.14721870908,0.7));
#5471 = CARTESIAN_POINT('',(316.66510356351,0.7));
#5472 = CARTESIAN_POINT('',(316.18297395998,0.7));
#5473 = CARTESIAN_POINT('',(315.70085129575,0.7));
#5474 = CARTESIAN_POINT('',(314.95575599491,0.7));
#5475 = CARTESIAN_POINT('',(314.69277433726,0.7));
#5476 = CARTESIAN_POINT('',(314.42979372875,0.7));
#5477 = CARTESIAN_POINT('',(314.1668161254,0.7));
#5478 = CARTESIAN_POINT('',(313.90384248535,0.7));
#5479 = CARTESIAN_POINT('',(313.6408727689,0.7));
#5480 = CARTESIAN_POINT('',(313.37790593847,0.7));
#5481 = CARTESIAN_POINT('',(312.67665229413,0.7));
#5482 = CARTESIAN_POINT('',(312.23836574209,0.7));
#5483 = CARTESIAN_POINT('',(311.80007899937,0.7));
#5484 = CARTESIAN_POINT('',(311.361785868,0.7));
#5485 = CARTESIAN_POINT('',(310.92348601283,0.7));
#5486 = CARTESIAN_POINT('',(310.48518704198,0.7));
#5487 = CARTESIAN_POINT('',(310.04689790995,0.7));
#5488 = CARTESIAN_POINT('',(309.17032294928,0.7));
#5489 = CARTESIAN_POINT('',(308.73203205727,0.7));
#5490 = CARTESIAN_POINT('',(308.29374126714,0.7));
#5491 = CARTESIAN_POINT('',(307.8554504607,0.7));
#5492 = CARTESIAN_POINT('',(307.41715960152,0.7));
#5493 = CARTESIAN_POINT('',(306.97886885123,0.7));
#5494 = CARTESIAN_POINT('',(306.5405783024,0.7));
#5495 = CARTESIAN_POINT('',(305.57633976894,0.7));
#5496 = CARTESIAN_POINT('',(305.05039018294,0.7));
#5497 = CARTESIAN_POINT('',(304.52443841622,0.7));
#5498 = CARTESIAN_POINT('',(303.99849327661,0.7));
#5499 = CARTESIAN_POINT('',(303.47253763817,0.7));
#5500 = CARTESIAN_POINT('',(302.94659815896,0.7));
#5501 = CARTESIAN_POINT('',(302.42064421823,0.7));
#5502 = CARTESIAN_POINT('',(301.50023403913,0.7));
#5503 = CARTESIAN_POINT('',(301.10577232865,0.7));
#5504 = CARTESIAN_POINT('',(300.71131061818,0.7));
#5505 = CARTESIAN_POINT('',(300.3168489077,0.7));
#5506 = CARTESIAN_POINT('',(299.92238719723,0.7));
#5507 = CARTESIAN_POINT('',(299.52792548676,0.7));
#5508 = CARTESIAN_POINT('',(299.13346377628,0.7));
#5509 = CARTESIAN_POINT('',(298.43219761515,0.7));
#5510 = CARTESIAN_POINT('',(298.12539426445,0.7));
#5511 = CARTESIAN_POINT('',(297.81859129504,0.7));
#5512 = CARTESIAN_POINT('',(297.51178822584,0.7));
#5513 = CARTESIAN_POINT('',(297.20498481336,0.7));
#5514 = CARTESIAN_POINT('',(296.89818105169,0.7));
#5515 = CARTESIAN_POINT('',(296.59137717251,0.7));
#5516 = CARTESIAN_POINT('',(295.84628683763,0.7));
#5517 = CARTESIAN_POINT('',(295.40798627249,0.7));
#5518 = CARTESIAN_POINT('',(294.96970020166,0.7));
#5519 = CARTESIAN_POINT('',(294.53141528656,0.7));
#5520 = CARTESIAN_POINT('',(294.09312077093,0.7));
#5521 = CARTESIAN_POINT('',(293.65482440043,0.7));
#5522 = CARTESIAN_POINT('',(293.21654008862,0.7));
#5523 = CARTESIAN_POINT('',(292.29613340416,0.7));
#5524 = CARTESIAN_POINT('',(291.81400984214,0.7));
#5525 = CARTESIAN_POINT('',(291.33187293184,0.7));
#5526 = CARTESIAN_POINT('',(290.8497672943,0.7));
#5527 = CARTESIAN_POINT('',(290.3676624394,0.7));
#5528 = CARTESIAN_POINT('',(289.88552670395,0.7));
#5529 = CARTESIAN_POINT('',(289.40340269772,0.7));
#5530 = CARTESIAN_POINT('',(288.57065575136,0.7));
#5531 = CARTESIAN_POINT('',(288.22002311983,0.7));
#5532 = CARTESIAN_POINT('',(287.8693904883,0.7));
#5533 = CARTESIAN_POINT('',(287.51875785676,0.7));
#5534 = CARTESIAN_POINT('',(287.16812522523,0.7));
#5535 = CARTESIAN_POINT('',(286.8174925937,0.7));
#5536 = CARTESIAN_POINT('',(286.46685996217,0.7));
#5537 = CARTESIAN_POINT('',(285.85325201953,0.7));
#5538 = CARTESIAN_POINT('',(285.59027743406,0.7));
#5539 = CARTESIAN_POINT('',(285.32730332401,0.7));
#5540 = CARTESIAN_POINT('',(285.06432944481,0.7));
#5541 = CARTESIAN_POINT('',(284.80135555749,0.7));
#5542 = CARTESIAN_POINT('',(284.5383814287,0.7));
#5543 = CARTESIAN_POINT('',(284.27540683072,0.7));
#5544 = CARTESIAN_POINT('',(283.57414075202,0.7));
#5545 = CARTESIAN_POINT('',(283.13584996261,0.7));
#5546 = CARTESIAN_POINT('',(282.69755917319,0.7));
#5547 = CARTESIAN_POINT('',(282.25926838377,0.7));
#5548 = CARTESIAN_POINT('',(281.82097759436,0.7));
#5549 = CARTESIAN_POINT('',(281.38268680494,0.7));
#5550 = CARTESIAN_POINT('',(280.94439601553,0.7));
#5551 = CARTESIAN_POINT('',(280.06783180478,0.7));
#5552 = CARTESIAN_POINT('',(279.62954905897,0.7));
#5553 = CARTESIAN_POINT('',(279.19125474,0.7));
#5554 = CARTESIAN_POINT('',(278.75295588071,0.7));
#5555 = CARTESIAN_POINT('',(278.31465870912,0.7));
#5556 = CARTESIAN_POINT('',(277.87636439043,0.7));
#5557 = CARTESIAN_POINT('',(277.4380705977,0.7));
#5558 = CARTESIAN_POINT('',(276.73680443714,0.7));
#5559 = CARTESIAN_POINT('',(276.47382996349,0.7));
#5560 = CARTESIAN_POINT('',(276.21085548984,0.7));
#5561 = CARTESIAN_POINT('',(275.94788101619,0.7));
#5562 = CARTESIAN_POINT('',(275.68490654254,0.7));
#5563 = CARTESIAN_POINT('',(275.42193206889,0.7));
#5564 = CARTESIAN_POINT('',(275.15895759524,0.7));
#5565 = CARTESIAN_POINT('',(274.4576896915,0.7));
#5566 = CARTESIAN_POINT('',(274.01940357554,0.7));
#5567 = CARTESIAN_POINT('',(273.5811132751,0.7));
#5568 = CARTESIAN_POINT('',(273.14281942634,0.7));
#5569 = CARTESIAN_POINT('',(272.70452654783,0.7));
#5570 = CARTESIAN_POINT('',(272.26623739349,0.7));
#5571 = CARTESIAN_POINT('',(271.82794991111,0.7));
#5572 = CARTESIAN_POINT('',(270.90753693791,0.7));
#5573 = CARTESIAN_POINT('',(270.42541706955,0.7));
#5574 = CARTESIAN_POINT('',(269.94329720119,0.7));
#5575 = CARTESIAN_POINT('',(269.46117733283,0.7));
#5576 = CARTESIAN_POINT('',(268.97905746448,0.7));
#5577 = CARTESIAN_POINT('',(268.49693759612,0.7));
#5578 = CARTESIAN_POINT('',(268.01481772776,0.7));
#5579 = CARTESIAN_POINT('',(267.05057799105,0.7));
#5580 = CARTESIAN_POINT('',(266.56845812269,0.7));
#5581 = CARTESIAN_POINT('',(266.08633825433,0.7));
#5582 = CARTESIAN_POINT('',(265.60421838597,0.7));
#5583 = CARTESIAN_POINT('',(265.12209851762,0.7));
#5584 = CARTESIAN_POINT('',(264.63997864926,0.7));
#5585 = CARTESIAN_POINT('',(264.1578587809,0.7));
#5586 = CARTESIAN_POINT('',(263.19362468959,0.7));
#5587 = CARTESIAN_POINT('',(262.71151229919,0.7));
#5588 = CARTESIAN_POINT('',(262.22940005561,0.7));
#5589 = CARTESIAN_POINT('',(261.74728619847,0.7));
#5590 = CARTESIAN_POINT('',(261.26516886922,0.7));
#5591 = CARTESIAN_POINT('',(260.78304635569,0.7));
#5592 = CARTESIAN_POINT('',(260.3009172251,0.7));
#5593 = CARTESIAN_POINT('',(259.02992915131,0.7));
#5594 = CARTESIAN_POINT('',(258.24105953211,0.7));
#5595 = CARTESIAN_POINT('',(257.45216346855,0.7));
#5596 = CARTESIAN_POINT('',(256.66323865628,0.7));
#5597 = CARTESIAN_POINT('',(255.87428812669,0.7));
#5598 = CARTESIAN_POINT('',(255.0853202476,0.7));
#5599 = CARTESIAN_POINT('',(254.2963487239,0.7));
#5600 = CARTESIAN_POINT('',(253.02527476828,0.7));
#5601 = CARTESIAN_POINT('',(252.54315621592,0.7));
#5602 = CARTESIAN_POINT('',(252.06102389917,0.7));
#5603 = CARTESIAN_POINT('',(251.57891188288,0.7));
#5604 = CARTESIAN_POINT('',(251.096802326,0.7));
#5605 = CARTESIAN_POINT('',(250.61467266174,0.7));
#5606 = CARTESIAN_POINT('',(250.13254998375,0.7));
#5607 = CARTESIAN_POINT('',(249.25597194077,0.7));
#5608 = CARTESIAN_POINT('',(248.86151023029,0.7));
#5609 = CARTESIAN_POINT('',(248.46704851982,0.7));
#5610 = CARTESIAN_POINT('',(248.07258680934,0.7));
#5611 = CARTESIAN_POINT('',(247.67812509887,0.7));
#5612 = CARTESIAN_POINT('',(247.28366338839,0.7));
#5613 = CARTESIAN_POINT('',(246.88920167792,0.7));
#5614 = CARTESIAN_POINT('',(246.23175633931,0.7));
#5615 = CARTESIAN_POINT('',(245.9687748989,0.7));
#5616 = CARTESIAN_POINT('',(245.70579662772,0.7));
#5617 = CARTESIAN_POINT('',(245.44282189321,0.7));
#5618 = CARTESIAN_POINT('',(245.17985044874,0.7));
#5619 = CARTESIAN_POINT('',(244.91688143362,0.7));
#5620 = CARTESIAN_POINT('',(244.65391337306,0.7));
#5621 = CARTESIAN_POINT('',(243.95265338883,0.7));
#5622 = CARTESIAN_POINT('',(243.51436259942,0.7));
#5623 = CARTESIAN_POINT('',(243.07607181,0.7));
#5624 = CARTESIAN_POINT('',(242.63778102059,0.7));
#5625 = CARTESIAN_POINT('',(242.19949023117,0.7));
#5626 = CARTESIAN_POINT('',(241.76119944176,0.7));
#5627 = CARTESIAN_POINT('',(241.32290865234,0.7));
#5628 = CARTESIAN_POINT('',(240.40250125474,0.7));
#5629 = CARTESIAN_POINT('',(239.92037264391,0.7));
#5630 = CARTESIAN_POINT('',(239.43826034775,0.7));
#5631 = CARTESIAN_POINT('',(238.9561403864,0.7));
#5632 = CARTESIAN_POINT('',(238.47401631686,0.7));
#5633 = CARTESIAN_POINT('',(237.99189973658,0.7));
#5634 = CARTESIAN_POINT('',(237.50977840312,0.7));
#5635 = CARTESIAN_POINT('',(236.50168561153,0.7));
#5636 = CARTESIAN_POINT('',(235.97571658811,0.7));
#5637 = CARTESIAN_POINT('',(235.44972546879,0.7));
#5638 = CARTESIAN_POINT('',(234.92385449476,0.7));
#5639 = CARTESIAN_POINT('',(234.39788861439,0.7));
#5640 = CARTESIAN_POINT('',(233.87196494829,0.7));
#5641 = CARTESIAN_POINT('',(233.34601632516,0.7));
#5642 = CARTESIAN_POINT('',(232.42560577795,0.7));
#5643 = CARTESIAN_POINT('',(232.03114188494,0.7));
#5644 = CARTESIAN_POINT('',(231.63668091175,0.7));
#5645 = CARTESIAN_POINT('',(231.2422219982,0.7));
#5646 = CARTESIAN_POINT('',(230.84776170444,0.7));
#5647 = CARTESIAN_POINT('',(230.45329754456,0.7));
#5648 = CARTESIAN_POINT('',(230.05883152014,0.7));
#5649 = CARTESIAN_POINT('',(229.35757012645,0.7));
#5650 = CARTESIAN_POINT('',(229.05076624726,0.7));
#5651 = CARTESIAN_POINT('',(228.74396248559,0.7));
#5652 = CARTESIAN_POINT('',(228.43715907311,0.7));
#5653 = CARTESIAN_POINT('',(228.13035600392,0.7));
#5654 = CARTESIAN_POINT('',(227.82355303452,0.7));
#5655 = CARTESIAN_POINT('',(227.51674968382,0.7));
#5656 = CARTESIAN_POINT('',(226.77165444374,0.7));
#5657 = CARTESIAN_POINT('',(226.33336365432,0.7));
#5658 = CARTESIAN_POINT('',(225.8950728649,0.7));
#5659 = CARTESIAN_POINT('',(225.45678207549,0.7));
#5660 = CARTESIAN_POINT('',(225.01849128607,0.7));
#5661 = CARTESIAN_POINT('',(224.58020049666,0.7));
#5662 = CARTESIAN_POINT('',(224.14190970724,0.7));
#5663 = CARTESIAN_POINT('',(223.2214991389,0.7));
#5664 = CARTESIAN_POINT('',(222.73937865092,0.7));
#5665 = CARTESIAN_POINT('',(222.25725967263,0.7));
#5666 = CARTESIAN_POINT('',(221.77513975889,0.7));
#5667 = CARTESIAN_POINT('',(221.29301935211,0.7));
#5668 = CARTESIAN_POINT('',(220.81089972122,0.7));
#5669 = CARTESIAN_POINT('',(220.32877974186,0.7));
#5670 = CARTESIAN_POINT('',(219.53985635227,0.7));
#5671 = CARTESIAN_POINT('',(219.23305283227,0.7));
#5672 = CARTESIAN_POINT('',(218.92624933325,0.7));
#5673 = CARTESIAN_POINT('',(218.61944580775,0.7));
#5674 = CARTESIAN_POINT('',(218.31264223855,0.7));
#5675 = CARTESIAN_POINT('',(218.00583863868,0.7));
#5676 = CARTESIAN_POINT('',(217.6990350514,0.7));
#5677 = CARTESIAN_POINT('',(216.9539510138,0.7));
#5678 = CARTESIAN_POINT('',(216.51566839644,0.7));
#5679 = CARTESIAN_POINT('',(216.07738761462,0.7));
#5680 = CARTESIAN_POINT('',(215.63909762065,0.7));
#5681 = CARTESIAN_POINT('',(215.20079490601,0.7));
#5682 = CARTESIAN_POINT('',(214.76248972693,0.7));
#5683 = CARTESIAN_POINT('',(214.32419605248,0.7));
#5684 = CARTESIAN_POINT('',(213.40378901522,0.7));
#5685 = CARTESIAN_POINT('',(212.92165927269,0.7));
#5686 = CARTESIAN_POINT('',(212.43954496732,0.7));
#5687 = CARTESIAN_POINT('',(211.9574319765,0.7));
#5688 = CARTESIAN_POINT('',(211.47530672735,0.7));
#5689 = CARTESIAN_POINT('',(210.99317910703,0.7));
#5690 = CARTESIAN_POINT('',(210.51106968579,0.7));
#5691 = CARTESIAN_POINT('',(209.67831495588,0.7));
#5692 = CARTESIAN_POINT('',(209.32768302726,0.7));
#5693 = CARTESIAN_POINT('',(208.9770501494,0.7));
#5694 = CARTESIAN_POINT('',(208.62641634185,0.7));
#5695 = CARTESIAN_POINT('',(208.27578199643,0.7));
#5696 = CARTESIAN_POINT('',(207.92514787728,0.7));
#5697 = CARTESIAN_POINT('',(207.57451512083,0.7));
#5698 = CARTESIAN_POINT('',(206.82942352532,0.7));
#5699 = CARTESIAN_POINT('',(206.43496181484,0.7));
#5700 = CARTESIAN_POINT('',(206.04050010437,0.7));
#5701 = CARTESIAN_POINT('',(205.64603839389,0.7));
#5702 = CARTESIAN_POINT('',(205.25157668342,0.7));
#5703 = CARTESIAN_POINT('',(204.85711497294,0.7));
#5704 = CARTESIAN_POINT('',(204.46265326247,0.7));
#5705 = CARTESIAN_POINT('',(203.67374753453,0.7));
#5706 = CARTESIAN_POINT('',(203.27929864352,0.7));
#5707 = CARTESIAN_POINT('',(202.88483823187,0.7));
#5708 = CARTESIAN_POINT('',(202.49036818643,0.7));
#5709 = CARTESIAN_POINT('',(202.09589481682,0.7));
#5710 = CARTESIAN_POINT('',(201.70142474437,0.7));
#5711 = CARTESIAN_POINT('',(201.30696079102,0.7));
#5712 = CARTESIAN_POINT('',(200.60569432767,0.7));
#5713 = CARTESIAN_POINT('',(200.29889088305,0.7));
#5714 = CARTESIAN_POINT('',(199.99208738911,0.7));
#5715 = CARTESIAN_POINT('',(199.68528377703,0.7));
#5716 = CARTESIAN_POINT('',(199.37848005449,0.7));
#5717 = CARTESIAN_POINT('',(199.07167630559,0.7));
#5718 = CARTESIAN_POINT('',(198.76487269091,0.7));
#5719 = CARTESIAN_POINT('',(198.01977865806,0.7));
#5720 = CARTESIAN_POINT('',(197.58148786864,0.7));
#5721 = CARTESIAN_POINT('',(197.14319707923,0.7));
#5722 = CARTESIAN_POINT('',(196.70490628981,0.7));
#5723 = CARTESIAN_POINT('',(196.26661550039,0.7));
#5724 = CARTESIAN_POINT('',(195.82832471098,0.7));
#5725 = CARTESIAN_POINT('',(195.39003392156,0.7));
#5726 = CARTESIAN_POINT('',(194.4696246344,0.7));
#5727 = CARTESIAN_POINT('',(193.98749893991,0.7));
#5728 = CARTESIAN_POINT('',(193.50538630369,0.7));
#5729 = CARTESIAN_POINT('',(193.02326705769,0.7));
#5730 = CARTESIAN_POINT('',(192.54114106709,0.7));
#5731 = CARTESIAN_POINT('',(192.05902114333,0.7));
#5732 = CARTESIAN_POINT('',(191.5769067309,0.7));
#5733 = CARTESIAN_POINT('',(190.7879806327,0.7));
#5734 = CARTESIAN_POINT('',(190.48117708011,0.7));
#5735 = CARTESIAN_POINT('',(190.17437352752,0.7));
#5736 = CARTESIAN_POINT('',(189.86756997492,0.7));
#5737 = CARTESIAN_POINT('',(189.56076642233,0.7));
#5738 = CARTESIAN_POINT('',(189.25396286974,0.7));
#5739 = CARTESIAN_POINT('',(188.94715931715,0.7));
#5740 = CARTESIAN_POINT('',(188.15826482108,0.7));
#5741 = CARTESIAN_POINT('',(187.67617155817,0.7));
#5742 = CARTESIAN_POINT('',(187.19407547521,0.7));
#5743 = CARTESIAN_POINT('',(186.71197192462,0.7));
#5744 = CARTESIAN_POINT('',(186.2298455853,0.7));
#5745 = CARTESIAN_POINT('',(185.74769657146,0.7));
#5746 = CARTESIAN_POINT('',(185.26554962235,0.7));
#5747 = CARTESIAN_POINT('',(184.2574478704,0.7));
#5748 = CARTESIAN_POINT('',(183.7314989231,0.7));
#5749 = CARTESIAN_POINT('',(183.2055499758,0.7));
#5750 = CARTESIAN_POINT('',(182.6796010285,0.7));
#5751 = CARTESIAN_POINT('',(182.15365208121,0.7));
#5752 = CARTESIAN_POINT('',(181.62770313391,0.7));
#5753 = CARTESIAN_POINT('',(181.10175418661,0.7));
#5754 = CARTESIAN_POINT('',(180.04985629201,0.7));
#5755 = CARTESIAN_POINT('',(179.52390734471,0.7));
#5756 = CARTESIAN_POINT('',(178.99795839741,0.7));
#5757 = CARTESIAN_POINT('',(178.47200945011,0.7));
#5758 = CARTESIAN_POINT('',(177.94606050281,0.7));
#5759 = CARTESIAN_POINT('',(177.42011155551,0.7));
#5760 = CARTESIAN_POINT('',(176.89416260822,0.7));
#5761 = CARTESIAN_POINT('',(175.84226796398,0.7));
#5762 = CARTESIAN_POINT('',(175.31632520957,0.7));
#5763 = CARTESIAN_POINT('',(174.79038271311,0.7));
#5764 = CARTESIAN_POINT('',(174.26444024874,0.7));
#5765 = CARTESIAN_POINT('',(173.73849405505,0.7));
#5766 = CARTESIAN_POINT('',(173.21254384404,0.7));
#5767 = CARTESIAN_POINT('',(172.68658691041,0.7));
#5768 = CARTESIAN_POINT('',(171.37176120547,0.7));
#5769 = CARTESIAN_POINT('',(170.5828848043,0.7));
#5770 = CARTESIAN_POINT('',(169.79398666605,0.7));
#5771 = CARTESIAN_POINT('',(169.00506460951,0.7));
#5772 = CARTESIAN_POINT('',(168.21612048572,0.7));
#5773 = CARTESIAN_POINT('',(167.42716017842,0.7));
#5774 = CARTESIAN_POINT('',(166.6381936046,0.7));
#5775 = CARTESIAN_POINT('',(165.3670819103,0.7));
#5776 = CARTESIAN_POINT('',(164.88493496117,0.7));
#5777 = CARTESIAN_POINT('',(164.40278594735,0.7));
#5778 = CARTESIAN_POINT('',(163.92065960801,0.7));
#5779 = CARTESIAN_POINT('',(163.43855605742,0.7));
#5780 = CARTESIAN_POINT('',(162.95645997448,0.7));
#5781 = CARTESIAN_POINT('',(162.47436671156,0.7));
#5782 = CARTESIAN_POINT('',(161.5978140576,0.7));
#5783 = CARTESIAN_POINT('',(161.20335234713,0.7));
#5784 = CARTESIAN_POINT('',(160.80889063666,0.7));
#5785 = CARTESIAN_POINT('',(160.41442892618,0.7));
#5786 = CARTESIAN_POINT('',(160.01996721571,0.7));
#5787 = CARTESIAN_POINT('',(159.62550550523,0.7));
#5788 = CARTESIAN_POINT('',(159.23104379476,0.7));
#5789 = CARTESIAN_POINT('',(158.5736070348,0.7));
#5790 = CARTESIAN_POINT('',(158.31063258783,0.7));
#5791 = CARTESIAN_POINT('',(158.04765842644,0.7));
#5792 = CARTESIAN_POINT('',(157.78468431203,0.7));
#5793 = CARTESIAN_POINT('',(157.52171008438,0.7));
#5794 = CARTESIAN_POINT('',(157.25873566163,0.7));
#5795 = CARTESIAN_POINT('',(156.99576104025,0.7));
#5796 = CARTESIAN_POINT('',(156.29449550567,0.7));
#5797 = CARTESIAN_POINT('',(155.85620471626,0.7));
#5798 = CARTESIAN_POINT('',(155.41791392684,0.7));
#5799 = CARTESIAN_POINT('',(154.97962313743,0.7));
#5800 = CARTESIAN_POINT('',(154.54133234801,0.7));
#5801 = CARTESIAN_POINT('',(154.10304155859,0.7));
#5802 = CARTESIAN_POINT('',(153.66475076918,0.7));
#5803 = CARTESIAN_POINT('',(152.74434470105,0.7));
#5804 = CARTESIAN_POINT('',(152.26222087802,0.7));
#5805 = CARTESIAN_POINT('',(151.78008983928,0.7));
#5806 = CARTESIAN_POINT('',(151.29798095898,0.7));
#5807 = CARTESIAN_POINT('',(150.81587113003,0.7));
#5808 = CARTESIAN_POINT('',(150.33373909992,0.7));
#5809 = CARTESIAN_POINT('',(149.85161695429,0.7));
#5810 = CARTESIAN_POINT('',(148.93120182494,0.7));
#5811 = CARTESIAN_POINT('',(148.49290225623,0.7));
#5812 = CARTESIAN_POINT('',(148.05459210996,0.7));
#5813 = CARTESIAN_POINT('',(147.61628494287,0.7));
#5814 = CARTESIAN_POINT('',(147.17799354183,0.7));
#5815 = CARTESIAN_POINT('',(146.73971823308,0.7));
#5816 = CARTESIAN_POINT('',(146.30144804401,0.7));
#5817 = CARTESIAN_POINT('',(145.38105256768,0.7));
#5818 = CARTESIAN_POINT('',(144.89893376299,0.7));
#5819 = CARTESIAN_POINT('',(144.41681984012,0.7));
#5820 = CARTESIAN_POINT('',(143.93469878706,0.7));
#5821 = CARTESIAN_POINT('',(143.45257033366,0.7));
#5822 = CARTESIAN_POINT('',(142.97044876614,0.7));
#5823 = CARTESIAN_POINT('',(142.48834326565,0.7));
#5824 = CARTESIAN_POINT('',(141.65558313918,0.7));
#5825 = CARTESIAN_POINT('',(141.30495050765,0.7));
#5826 = CARTESIAN_POINT('',(140.95431787612,0.7));
#5827 = CARTESIAN_POINT('',(140.60368524459,0.7));
#5828 = CARTESIAN_POINT('',(140.25305261305,0.7));
#5829 = CARTESIAN_POINT('',(139.90241998152,0.7));
#5830 = CARTESIAN_POINT('',(139.55178734999,0.7));
#5831 = CARTESIAN_POINT('',(138.67518574856,0.7));
#5832 = CARTESIAN_POINT('',(138.14922195073,0.7));
#5833 = CARTESIAN_POINT('',(137.62330545492,0.7));
#5834 = CARTESIAN_POINT('',(137.09735497128,0.7));
#5835 = CARTESIAN_POINT('',(136.57142001225,0.7));
#5836 = CARTESIAN_POINT('',(136.04546545691,0.7));
#5837 = CARTESIAN_POINT('',(135.51951080744,0.7));
#5838 = CARTESIAN_POINT('',(134.46761513375,0.7));
#5839 = CARTESIAN_POINT('',(133.94166151268,0.7));
#5840 = CARTESIAN_POINT('',(133.41572164293,0.7));
#5841 = CARTESIAN_POINT('',(132.88976317509,0.7));
#5842 = CARTESIAN_POINT('',(132.3638209147,0.7));
#5843 = CARTESIAN_POINT('',(131.83786863901,0.7));
#5844 = CARTESIAN_POINT('',(131.3119202867,0.7));
#5845 = CARTESIAN_POINT('',(130.2600240026,0.7));
#5846 = CARTESIAN_POINT('',(129.73407441637,0.7));
#5847 = CARTESIAN_POINT('',(129.20812265058,0.7));
#5848 = CARTESIAN_POINT('',(128.68217750934,0.7));
#5849 = CARTESIAN_POINT('',(128.15622187291,0.7));
#5850 = CARTESIAN_POINT('',(127.63028239179,0.7));
#5851 = CARTESIAN_POINT('',(127.10432845223,0.7));
#5852 = CARTESIAN_POINT('',(126.18391827281,0.7));
#5853 = CARTESIAN_POINT('',(125.78945656233,0.7));
#5854 = CARTESIAN_POINT('',(125.39499485186,0.7));
#5855 = CARTESIAN_POINT('',(125.00053314138,0.7));
#5856 = CARTESIAN_POINT('',(124.60607143091,0.7));
#5857 = CARTESIAN_POINT('',(124.21160972044,0.7));
#5858 = CARTESIAN_POINT('',(123.81714800996,0.7));
#5859 = CARTESIAN_POINT('',(123.11588184882,0.7));
#5860 = CARTESIAN_POINT('',(122.80907849812,0.7));
#5861 = CARTESIAN_POINT('',(122.50227552872,0.7));
#5862 = CARTESIAN_POINT('',(122.19547245953,0.7));
#5863 = CARTESIAN_POINT('',(121.88866904705,0.7));
#5864 = CARTESIAN_POINT('',(121.58186528538,0.7));
#5865 = CARTESIAN_POINT('',(121.27506140619,0.7));
#5866 = CARTESIAN_POINT('',(120.5299710713,0.7));
#5867 = CARTESIAN_POINT('',(120.09167050619,0.7));
#5868 = CARTESIAN_POINT('',(119.65338443535,0.7));
#5869 = CARTESIAN_POINT('',(119.21509952022,0.7));
#5870 = CARTESIAN_POINT('',(118.77680500461,0.7));
#5871 = CARTESIAN_POINT('',(118.33850863412,0.7));
#5872 = CARTESIAN_POINT('',(117.9002243223,0.7));
#5873 = CARTESIAN_POINT('',(116.97981763784,0.7));
#5874 = CARTESIAN_POINT('',(116.49769407585,0.7));
#5875 = CARTESIAN_POINT('',(116.01555716547,0.7));
#5876 = CARTESIAN_POINT('',(115.53345152797,0.7));
#5877 = CARTESIAN_POINT('',(115.05134667312,0.7));
#5878 = CARTESIAN_POINT('',(114.5692109376,0.7));
#5879 = CARTESIAN_POINT('',(114.0870869314,0.7));
#5880 = CARTESIAN_POINT('',(113.25433998504,0.7));
#5881 = CARTESIAN_POINT('',(112.90370735351,0.7));
#5882 = CARTESIAN_POINT('',(112.55307472198,0.7));
#5883 = CARTESIAN_POINT('',(112.20244209044,0.7));
#5884 = CARTESIAN_POINT('',(111.85180945891,0.7));
#5885 = CARTESIAN_POINT('',(111.50117682738,0.7));
#5886 = CARTESIAN_POINT('',(111.15054419585,0.7));
#5887 = CARTESIAN_POINT('',(110.53693625321,0.7));
#5888 = CARTESIAN_POINT('',(110.27396166774,0.7));
#5889 = CARTESIAN_POINT('',(110.01098755769,0.7));
#5890 = CARTESIAN_POINT('',(109.74801367849,0.7));
#5891 = CARTESIAN_POINT('',(109.48503979117,0.7));
#5892 = CARTESIAN_POINT('',(109.22206566238,0.7));
#5893 = CARTESIAN_POINT('',(108.9590910644,0.7));
#5894 = CARTESIAN_POINT('',(108.2578249857,0.7));
#5895 = CARTESIAN_POINT('',(107.81953419629,0.7));
#5896 = CARTESIAN_POINT('',(107.38124340687,0.7));
#5897 = CARTESIAN_POINT('',(106.94295261745,0.7));
#5898 = CARTESIAN_POINT('',(106.50466182804,0.7));
#5899 = CARTESIAN_POINT('',(106.06637103862,0.7));
#5900 = CARTESIAN_POINT('',(105.62808024921,0.7));
#5901 = CARTESIAN_POINT('',(104.75151603846,0.7));
#5902 = CARTESIAN_POINT('',(104.31323329265,0.7));
#5903 = CARTESIAN_POINT('',(103.87493897368,0.7));
#5904 = CARTESIAN_POINT('',(103.4366401144,0.7));
#5905 = CARTESIAN_POINT('',(102.9983429428,0.7));
#5906 = CARTESIAN_POINT('',(102.56004862412,0.7));
#5907 = CARTESIAN_POINT('',(102.12175483138,0.7));
#5908 = CARTESIAN_POINT('',(101.42048867081,0.7));
#5909 = CARTESIAN_POINT('',(101.15751419717,0.7));
#5910 = CARTESIAN_POINT('',(100.89453972352,0.7));
#5911 = CARTESIAN_POINT('',(100.63156524987,0.7));
#5912 = CARTESIAN_POINT('',(100.36859077622,0.7));
#5913 = CARTESIAN_POINT('',(100.10561630257,0.7));
#5914 = CARTESIAN_POINT('',(99.842641828922,0.7));
#5915 = CARTESIAN_POINT('',(99.141373925184,0.7));
#5916 = CARTESIAN_POINT('',(98.703087809222,0.7));
#5917 = CARTESIAN_POINT('',(98.264797508778,0.7));
#5918 = CARTESIAN_POINT('',(97.826503660029,0.7));
#5919 = CARTESIAN_POINT('',(97.388210781518,0.7));
#5920 = CARTESIAN_POINT('',(96.949921627174,0.7));
#5921 = CARTESIAN_POINT('',(96.511634144792,0.7));
#5922 = CARTESIAN_POINT('',(95.591221171589,0.7));
#5923 = CARTESIAN_POINT('',(95.109101303232,0.7));
#5924 = CARTESIAN_POINT('',(94.626981434874,0.7));
#5925 = CARTESIAN_POINT('',(94.144861566517,0.7));
#5926 = CARTESIAN_POINT('',(93.66274169816,0.7));
#5927 = CARTESIAN_POINT('',(93.180621829802,0.7));
#5928 = CARTESIAN_POINT('',(92.698501961445,0.7));
#5929 = CARTESIAN_POINT('',(91.73426222473,0.7));
#5930 = CARTESIAN_POINT('',(91.252142356373,0.7));
#5931 = CARTESIAN_POINT('',(90.770022488015,0.7));
#5932 = CARTESIAN_POINT('',(90.287902619658,0.7));
#5933 = CARTESIAN_POINT('',(89.805782751301,0.7));
#5934 = CARTESIAN_POINT('',(89.323662882943,0.7));
#5935 = CARTESIAN_POINT('',(88.841543014586,0.7));
#5936 = CARTESIAN_POINT('',(87.877308923263,0.7));
#5937 = CARTESIAN_POINT('',(87.39519653289,0.7));
#5938 = CARTESIAN_POINT('',(86.913084289271,0.7));
#5939 = CARTESIAN_POINT('',(86.43097043215,0.7));
#5940 = CARTESIAN_POINT('',(85.948853102918,0.7));
#5941 = CARTESIAN_POINT('',(85.466730589356,0.7));
#5942 = CARTESIAN_POINT('',(84.984601458791,0.7));
#5943 = CARTESIAN_POINT('',(83.713613384995,0.7));
#5944 = CARTESIAN_POINT('',(82.924743765793,0.7));
#5945 = CARTESIAN_POINT('',(82.135847702239,0.7));
#5946 = CARTESIAN_POINT('',(81.346922889961,0.7));
#5947 = CARTESIAN_POINT('',(80.55797236037,0.7));
#5948 = CARTESIAN_POINT('',(79.769004481287,0.7));
#5949 = CARTESIAN_POINT('',(78.980032957579,0.7));
#5950 = CARTESIAN_POINT('',(77.70895900195,0.7));
#5951 = CARTESIAN_POINT('',(77.226840449642,0.7));
#5952 = CARTESIAN_POINT('',(76.744708132804,0.7));
#5953 = CARTESIAN_POINT('',(76.262596116562,0.7));
#5954 = CARTESIAN_POINT('',(75.780486559725,0.7));
#5955 = CARTESIAN_POINT('',(75.298356895383,0.7));
#5956 = CARTESIAN_POINT('',(74.81623421744,0.7));
#5957 = CARTESIAN_POINT('',(73.939656174449,0.7));
#5958 = CARTESIAN_POINT('',(73.545194463975,0.7));
#5959 = CARTESIAN_POINT('',(73.150732753501,0.7));
#5960 = CARTESIAN_POINT('',(72.756271043026,0.7));
#5961 = CARTESIAN_POINT('',(72.361809332552,0.7));
#5962 = CARTESIAN_POINT('',(71.967347622078,0.7));
#5963 = CARTESIAN_POINT('',(71.572885911604,0.7));
#5964 = CARTESIAN_POINT('',(70.915440572995,0.7));
#5965 = CARTESIAN_POINT('',(70.652459132584,0.7));
#5966 = CARTESIAN_POINT('',(70.389480861404,0.7));
#5967 = CARTESIAN_POINT('',(70.126506126894,0.7));
#5968 = CARTESIAN_POINT('',(69.863534682425,0.7));
#5969 = CARTESIAN_POINT('',(69.600565667298,0.7));
#5970 = CARTESIAN_POINT('',(69.337597606746,0.7));
#5971 = CARTESIAN_POINT('',(68.636337622518,0.7));
#5972 = CARTESIAN_POINT('',(68.198046833102,0.7));
#5973 = CARTESIAN_POINT('',(67.759756043686,0.7));
#5974 = CARTESIAN_POINT('',(67.321465254271,0.7));
#5975 = CARTESIAN_POINT('',(66.883174464855,0.7));
#5976 = CARTESIAN_POINT('',(66.444883675439,0.7));
#5977 = CARTESIAN_POINT('',(66.006592886023,0.7));
#5978 = CARTESIAN_POINT('',(65.086185488435,0.7));
#5979 = CARTESIAN_POINT('',(64.604056877563,0.7));
#5980 = CARTESIAN_POINT('',(64.121944581471,0.7));
#5981 = CARTESIAN_POINT('',(63.639824620087,0.7));
#5982 = CARTESIAN_POINT('',(63.157700550507,0.7));
#5983 = CARTESIAN_POINT('',(62.675583970299,0.7));
#5984 = CARTESIAN_POINT('',(62.193462636788,0.7));
#5985 = CARTESIAN_POINT('',(61.36071017489,0.7));
#5986 = CARTESIAN_POINT('',(61.010078453451,0.7));
#5987 = CARTESIAN_POINT('',(60.659446544874,0.7));
#5988 = CARTESIAN_POINT('',(60.308813698918,0.7));
#5989 = CARTESIAN_POINT('',(59.958179855657,0.7));
#5990 = CARTESIAN_POINT('',(59.607545645477,0.7));
#5991 = CARTESIAN_POINT('',(59.256912389082,0.7));
#5992 = CARTESIAN_POINT('',(58.555649473513,0.7));
#5993 = CARTESIAN_POINT('',(58.205016720976,0.7));
#5994 = CARTESIAN_POINT('',(57.854384012912,0.7));
#5995 = CARTESIAN_POINT('',(57.503751434487,0.7));
#5996 = CARTESIAN_POINT('',(57.153118983005,0.7));
#5997 = CARTESIAN_POINT('',(56.802486567899,0.7));
#5998 = CARTESIAN_POINT('',(56.451854010739,0.7));
#5999 = CARTESIAN_POINT('',(55.75058844254,0.7));
#6000 = CARTESIAN_POINT('',(55.399955806147,0.7));
#6001 = CARTESIAN_POINT('',(55.049323156885,0.7));
#6002 = CARTESIAN_POINT('',(54.698690509106,0.7));
#6003 = CARTESIAN_POINT('',(54.34805787068,0.7));
#6004 = CARTESIAN_POINT('',(53.997425242994,0.7));
#6005 = CARTESIAN_POINT('',(53.646792620949,0.7));
#6006 = CARTESIAN_POINT('',(52.770216955014,0.7));
#6007 = CARTESIAN_POINT('',(52.244261511937,0.7));
#6008 = CARTESIAN_POINT('',(51.718288301068,0.7));
#6009 = CARTESIAN_POINT('',(51.192390951228,0.7));
#6010 = CARTESIAN_POINT('',(50.666411891607,0.7));
#6011 = CARTESIAN_POINT('',(50.140468098227,0.7));
#6012 = CARTESIAN_POINT('',(49.614510417154,0.7));
#6013 = CARTESIAN_POINT('',(48.825593852733,0.7));
#6014 = CARTESIAN_POINT('',(48.562619616634,0.7));
#6015 = CARTESIAN_POINT('',(48.299645331105,0.7));
#6016 = CARTESIAN_POINT('',(48.036670800896,0.7));
#6017 = CARTESIAN_POINT('',(47.773696010674,0.7));
#6018 = CARTESIAN_POINT('',(47.510721125025,0.7));
#6019 = CARTESIAN_POINT('',(47.247746488452,0.7));
#6020 = CARTESIAN_POINT('',(46.677969072786,0.7));
#6021 = CARTESIAN_POINT('',(46.371165520195,0.7));
#6022 = CARTESIAN_POINT('',(46.064361967604,0.7));
#6023 = CARTESIAN_POINT('',(45.757558415013,0.7));
#6024 = CARTESIAN_POINT('',(45.450754862422,0.7));
#6025 = CARTESIAN_POINT('',(45.143951309831,0.7));
#6026 = CARTESIAN_POINT('',(44.83714775724,0.7));
#6027 = CARTESIAN_POINT('',(44.048224091202,0.7));
#6028 = CARTESIAN_POINT('',(43.566104633257,0.7));
#6029 = CARTESIAN_POINT('',(43.083984586705,0.7));
#6030 = CARTESIAN_POINT('',(42.601864777369,0.7));
#6031 = CARTESIAN_POINT('',(42.119744994502,0.7));
#6032 = CARTESIAN_POINT('',(41.637624865817,0.7));
#6033 = CARTESIAN_POINT('',(41.155505071889,0.7));
#6034 = CARTESIAN_POINT('',(40.322752406761,0.7));
#6035 = CARTESIAN_POINT('',(39.972119834597,0.7));
#6036 = CARTESIAN_POINT('',(39.621487351601,0.7));
#6037 = CARTESIAN_POINT('',(39.270854833372,0.7));
#6038 = CARTESIAN_POINT('',(38.920222220808,0.7));
#6039 = CARTESIAN_POINT('',(38.569589520103,0.7));
#6040 = CARTESIAN_POINT('',(38.218956802747,0.7));
#6041 = CARTESIAN_POINT('',(37.342366165423,0.7));
#6042 = CARTESIAN_POINT('',(36.816420646726,0.7));
#6043 = CARTESIAN_POINT('',(36.290511891118,0.7));
#6044 = CARTESIAN_POINT('',(35.764502216827,0.7));
#6045 = CARTESIAN_POINT('',(35.238583511306,0.7));
#6046 = CARTESIAN_POINT('',(34.712626723187,0.7));
#6047 = CARTESIAN_POINT('',(34.186686157188,0.7));
#6048 = CARTESIAN_POINT('',(33.397759072852,0.7));
#6049 = CARTESIAN_POINT('',(33.134784262513,0.7));
#6050 = CARTESIAN_POINT('',(32.871809113592,0.7));
#6051 = CARTESIAN_POINT('',(32.608834206937,0.7));
#6052 = CARTESIAN_POINT('',(32.345859786765,0.7));
#6053 = CARTESIAN_POINT('',(32.082885760669,0.7));
#6054 = CARTESIAN_POINT('',(31.819911699615,0.7));
#6055 = CARTESIAN_POINT('',(31.25013328535,0.7));
#6056 = CARTESIAN_POINT('',(30.943329732759,0.7));
#6057 = CARTESIAN_POINT('',(30.636526180168,0.7));
#6058 = CARTESIAN_POINT('',(30.329722627577,0.7));
#6059 = CARTESIAN_POINT('',(30.022919074986,0.7));
#6060 = CARTESIAN_POINT('',(29.716115522395,0.7));
#6061 = CARTESIAN_POINT('',(29.409311969804,0.7));
#6062 = CARTESIAN_POINT('',(28.708065423755,0.7));
#6063 = CARTESIAN_POINT('',(28.313623389683,0.7));
#6064 = CARTESIAN_POINT('',(27.919169082507,0.7));
#6065 = CARTESIAN_POINT('',(27.524701377413,0.7));
#6066 = CARTESIAN_POINT('',(27.130226201601,0.7));
#6067 = CARTESIAN_POINT('',(26.735751478638,0.7));
#6068 = CARTESIAN_POINT('',(26.3412820728,0.7));
#6069 = CARTESIAN_POINT('',(25.640011180828,0.7));
#6070 = CARTESIAN_POINT('',(25.333207628237,0.7));
#6071 = CARTESIAN_POINT('',(25.026404075646,0.7));
#6072 = CARTESIAN_POINT('',(24.719600523055,0.7));
#6073 = CARTESIAN_POINT('',(24.412796970464,0.7));
#6074 = CARTESIAN_POINT('',(24.105993417873,0.7));
#6075 = CARTESIAN_POINT('',(23.799189865282,0.7));
#6076 = CARTESIAN_POINT('',(23.010281643724,0.7));
#6077 = CARTESIAN_POINT('',(22.528166501529,0.7));
#6078 = CARTESIAN_POINT('',(22.04604000209,0.7));
#6079 = CARTESIAN_POINT('',(21.563915534798,0.7));
#6080 = CARTESIAN_POINT('',(21.081794248106,0.7));
#6081 = CARTESIAN_POINT('',(20.599672417544,0.7));
#6082 = CARTESIAN_POINT('',(20.117552460952,0.7));
#6083 = CARTESIAN_POINT('',(19.153309620036,0.7));
#6084 = CARTESIAN_POINT('',(18.671180729551,0.7));
#6085 = CARTESIAN_POINT('',(18.189072060165,0.7));
#6086 = CARTESIAN_POINT('',(17.706953155924,0.7));
#6087 = CARTESIAN_POINT('',(17.22482380711,0.7));
#6088 = CARTESIAN_POINT('',(16.742703852486,0.7));
#6089 = CARTESIAN_POINT('',(16.260592433608,0.7));
#6090 = CARTESIAN_POINT('',(15.120908369291,0.7));
#6091 = CARTESIAN_POINT('',(14.463359634841,0.7));
#6092 = CARTESIAN_POINT('',(13.805837227622,0.7));
#6093 = CARTESIAN_POINT('',(13.148360851987,0.7));
#6094 = CARTESIAN_POINT('',(12.490933265126,0.7));
#6095 = CARTESIAN_POINT('',(11.833557700794,0.7));
#6096 = CARTESIAN_POINT('',(11.176247231709,0.7));
#6097 = CARTESIAN_POINT('',(9.861512352063,0.7));
#6098 = CARTESIAN_POINT('',(9.204090306093,0.7));
#6099 = CARTESIAN_POINT('',(8.546698120065,0.7));
#6100 = CARTESIAN_POINT('',(7.889318512606,0.7));
#6101 = CARTESIAN_POINT('',(7.231931608969,0.7));
#6102 = CARTESIAN_POINT('',(6.574514941039,0.7));
#6103 = CARTESIAN_POINT('',(5.917043447332,0.7));
#6104 = CARTESIAN_POINT('',(4.602536419894,0.7));
#6105 = CARTESIAN_POINT('',(3.945502440565,0.7));
#6106 = CARTESIAN_POINT('',(3.288359933401,0.7));
#6107 = CARTESIAN_POINT('',(2.631080557914,0.7));
#6108 = CARTESIAN_POINT('',(1.973635204338,0.7));
#6109 = CARTESIAN_POINT('',(1.315993963238,0.7));
#6110 = CARTESIAN_POINT('',(0.658126095111,0.7));
#6111 = CARTESIAN_POINT('',(0.,0.7));
#6112 = ( GEOMETRIC_REPRESENTATION_CONTEXT(2) 
PARAMETRIC_REPRESENTATION_CONTEXT() REPRESENTATION_CONTEXT('2D SPACE',''
  ) );
#6113 = ADVANCED_FACE('',(#6114),#3448,.F.);
#6114 = FACE_BOUND('',#6115,.F.);
#6115 = EDGE_LOOP('',(#6116,#6117,#6139,#6223));
#6116 = ORIENTED_EDGE('',*,*,#3304,.T.);
#6117 = ORIENTED_EDGE('',*,*,#6118,.T.);
#6118 = EDGE_CURVE('',#3305,#6119,#6121,.T.);
#6119 = VERTEX_POINT('',#6120);
#6120 = CARTESIAN_POINT('',(-240.,40.,-27.));
#6121 = SEAM_CURVE('',#6122,(#6125,#6132),.PCURVE_S1.);
#6122 = B_SPLINE_CURVE_WITH_KNOTS('',1,(#6123,#6124),.UNSPECIFIED.,.F.,
  .F.,(2,2),(0.,1.),.PIECEWISE_BEZIER_KNOTS.);
#6123 = CARTESIAN_POINT('',(-270.,21.,-22.));
#6124 = CARTESIAN_POINT('',(-240.,40.,-27.));
#6125 = PCURVE('',#3448,#6126);
#6126 = DEFINITIONAL_REPRESENTATION('',(#6127),#6131);
#6127 = LINE('',#6128,#6129);
#6128 = CARTESIAN_POINT('',(273.07983446249,0.));
#6129 = VECTOR('',#6130,1.);
#6130 = DIRECTION('',(0.,1.));
#6131 = ( GEOMETRIC_REPRESENTATION_CONTEXT(2) 
PARAMETRIC_REPRESENTATION_CONTEXT() REPRESENTATION_CONTEXT('2D SPACE',''
  ) );
#6132 = PCURVE('',#3448,#6133);
#6133 = DEFINITIONAL_REPRESENTATION('',(#6134),#6138);
#6134 = LINE('',#6135,#6136);
#6135 = CARTESIAN_POINT('',(0.,0.));
#6136 = VECTOR('',#6137,1.);
#6137 = DIRECTION('',(0.,1.));
#6138 = ( GEOMETRIC_REPRESENTATION_CONTEXT(2) 
PARAMETRIC_REPRESENTATION_CONTEXT() REPRESENTATION_CONTEXT('2D SPACE',''
  ) );
#6139 = ORIENTED_EDGE('',*,*,#6140,.F.);
#6140 = EDGE_CURVE('',#6119,#6119,#6141,.T.);
#6141 = SURFACE_CURVE('',#6142,(#6210,#6217),.PCURVE_S1.);
#6142 = B_SPLINE_CURVE_WITH_KNOTS('',3,(#6143,#6144,#6145,#6146,#6147,
    #6148,#6149,#6150,#6151,#6152,#6153,#6154,#6155,#6156,#6157,#6158,
    #6159,#6160,#6161,#6162,#6163,#6164,#6165,#6166,#6167,#6168,#6169,
    #6170,#6171,#6172,#6173,#6174,#6175,#6176,#6177,#6178,#6179,#6180,
    #6181,#6182,#6183,#6184,#6185,#6186,#6187,#6188,#6189,#6190,#6191,
    #6192,#6193,#6194,#6195,#6196,#6197,#6198,#6199,#6200,#6201,#6202,
    #6203,#6204,#6205,#6206,#6207,#6208,#6209),.UNSPECIFIED.,.T.,.F.,(1,
    1,2,1,1,1,1,1,1,1,1,1,1,1,1,1,1,1,1,1,1,1,1,1,1,1,1,1,1,1,1,1,1,1,1,
    1,1,1,1,1,1,1,1,1,1,1,1,1,1,1,1,1,1,1,1,1,1,1,1,1,1,1,1,1,1,1,2,1,1)
  ,(-13.80694785365,-8.716973836758,0.,8.716973836758,13.806947853659,
    18.039540898439,21.785437205535,25.209675504931,28.414385373421,
    31.47728763177,34.466178790175,37.445460858466,40.479847954966,
    43.63794778474,46.998430106924,50.663894226016,54.798191050392,
    59.765497955251,68.269958615001,76.774419275994,81.741726180854,
    85.87602300523,89.541487124322,92.901969446505,96.06006927628,
    99.094456372779,102.07373844107,105.06262959947,108.12553185782,
    111.33024172631,114.75448002571,118.5003763328,122.73296937758,
    127.82294339448,136.53991723023,145.256891068,150.3468650849,
    154.57945812968,158.32535443678,161.74959273617,164.95430260466,
    168.01720486301,171.00609602142,173.98537808971,177.01976518621,
    180.17786501598,183.53834733816,187.20381145726,191.33810828163,
    196.30541518649,204.80987584557,213.31433650723,218.28164341209,
    222.41594023647,226.08140435556,229.44188667775,232.59998650752,
    235.63437360402,238.61365567231,241.60254683072,244.66544908907,
    247.87015895755,251.29439725695,255.04029356405,259.27288660883,
    264.36286062573,273.07983446249,281.79680829924,286.88678231614),
  .UNSPECIFIED.);
#6143 = CARTESIAN_POINT('',(-240.,40.003485016755,-29.89616124969));
#6144 = CARTESIAN_POINT('',(-240.,39.996514983245,-24.1038387503));
#6145 = CARTESIAN_POINT('',(-240.,40.001451668402,-19.48705754584));
#6146 = CARTESIAN_POINT('',(-240.,39.577651605202,-13.48682481459));
#6147 = CARTESIAN_POINT('',(-240.,38.934139878004,-9.172850425633));
#6148 = CARTESIAN_POINT('',(-240.,38.033248709297,-5.47428606768));
#6149 = CARTESIAN_POINT('',(-240.,36.872261400173,-2.209542888292));
#6150 = CARTESIAN_POINT('',(-240.,35.448405652508,0.69874687514));
#6151 = CARTESIAN_POINT('',(-240.,33.758306734014,3.289966643118));
#6152 = CARTESIAN_POINT('',(-240.,31.797332886585,5.585316316693));
#6153 = CARTESIAN_POINT('',(-240.,29.558521778438,7.596536766535));
#6154 = CARTESIAN_POINT('',(-240.,27.030282386032,9.330433917209));
#6155 = CARTESIAN_POINT('',(-240.,24.192015415414,10.791388419515));
#6156 = CARTESIAN_POINT('',(-240.,21.00559062119,11.98262120771));
#6157 = CARTESIAN_POINT('',(-240.,17.395620495955,12.906812708283));
#6158 = CARTESIAN_POINT('',(-240.,13.1859986341,13.567064020711));
#6159 = CARTESIAN_POINT('',(-240.,7.327778880301,14.000525525516));
#6160 = CARTESIAN_POINT('',(-240.,2.033376473642E-10,13.999668246128));
#6161 = CARTESIAN_POINT('',(-240.,-7.327778879875,14.000525525511));
#6162 = CARTESIAN_POINT('',(-240.,-13.18599863412,13.567064020779));
#6163 = CARTESIAN_POINT('',(-240.,-17.39562049588,12.906812708086));
#6164 = CARTESIAN_POINT('',(-240.,-21.0055906214,11.982621208335));
#6165 = CARTESIAN_POINT('',(-240.,-24.19201541471,10.791388417443));
#6166 = CARTESIAN_POINT('',(-240.,-27.03028238843,9.330433924328));
#6167 = CARTESIAN_POINT('',(-240.,-29.55852176992,7.596536741259));
#6168 = CARTESIAN_POINT('',(-240.,-31.7973329178,5.585316409382));
#6169 = CARTESIAN_POINT('',(-240.,-33.75830661578,3.289966292068));
#6170 = CARTESIAN_POINT('',(-240.,-35.44840611479,0.698748247775));
#6171 = CARTESIAN_POINT('',(-240.,-36.87225953454,-2.20954842779));
#6172 = CARTESIAN_POINT('',(-240.,-38.03325649181,-5.47426295953));
#6173 = CARTESIAN_POINT('',(-240.,-38.93410608425,-9.172950767293));
#6174 = CARTESIAN_POINT('',(-240.,-39.57780808866,-13.48636017809));
#6175 = CARTESIAN_POINT('',(-240.,-40.00051901454,-19.48982681587));
#6176 = CARTESIAN_POINT('',(-240.,-39.99967232175,-26.99999999966));
#6177 = CARTESIAN_POINT('',(-240.,-40.00051901459,-34.51017318345));
#6178 = CARTESIAN_POINT('',(-240.,-39.57780808866,-40.5136398219));
#6179 = CARTESIAN_POINT('',(-240.,-38.93410608425,-44.8270492327));
#6180 = CARTESIAN_POINT('',(-240.,-38.03325649181,-48.52573704047));
#6181 = CARTESIAN_POINT('',(-240.,-36.87225953454,-51.79045157221));
#6182 = CARTESIAN_POINT('',(-240.,-35.44840611479,-54.69874824777));
#6183 = CARTESIAN_POINT('',(-240.,-33.75830661578,-57.28996629206));
#6184 = CARTESIAN_POINT('',(-240.,-31.7973329178,-59.58531640938));
#6185 = CARTESIAN_POINT('',(-240.,-29.55852176992,-61.59653674125));
#6186 = CARTESIAN_POINT('',(-240.,-27.03028238843,-63.33043392432));
#6187 = CARTESIAN_POINT('',(-240.,-24.19201541471,-64.79138841744));
#6188 = CARTESIAN_POINT('',(-240.,-21.0055906214,-65.98262120833));
#6189 = CARTESIAN_POINT('',(-240.,-17.39562049588,-66.90681270808));
#6190 = CARTESIAN_POINT('',(-240.,-13.18599863412,-67.56706402077));
#6191 = CARTESIAN_POINT('',(-240.,-7.327778880513,-68.00052552546));
#6192 = CARTESIAN_POINT('',(-240.,-4.271735088473E-10,-67.99966824612));
#6193 = CARTESIAN_POINT('',(-240.,7.327778879641,-68.00052552555));
#6194 = CARTESIAN_POINT('',(-240.,13.185998634146,-67.56706402071));
#6195 = CARTESIAN_POINT('',(-240.,17.395620495823,-66.90681270828));
#6196 = CARTESIAN_POINT('',(-240.,21.005590621611,-65.98262120771));
#6197 = CARTESIAN_POINT('',(-240.,24.192015414018,-64.79138841951));
#6198 = CARTESIAN_POINT('',(-240.,27.030282390828,-63.3304339172));
#6199 = CARTESIAN_POINT('',(-240.,29.558521761412,-61.59653676653));
#6200 = CARTESIAN_POINT('',(-240.,31.797332949019,-59.58531631669));
#6201 = CARTESIAN_POINT('',(-240.,33.758306497556,-57.28996664311));
#6202 = CARTESIAN_POINT('',(-240.,35.448406577079,-54.69874687514));
#6203 = CARTESIAN_POINT('',(-240.,36.872257668912,-51.7904571117));
#6204 = CARTESIAN_POINT('',(-240.,38.033264274338,-48.52571393232));
#6205 = CARTESIAN_POINT('',(-240.,38.934072290501,-44.82714957436));
#6206 = CARTESIAN_POINT('',(-240.,39.577964572125,-40.5131751854));
#6207 = CARTESIAN_POINT('',(-240.,39.999586360735,-34.51294245415));
#6208 = CARTESIAN_POINT('',(-240.,40.003485016755,-29.89616124969));
#6209 = CARTESIAN_POINT('',(-240.,39.996514983245,-24.1038387503));
#6210 = PCURVE('',#3448,#6211);
#6211 = DEFINITIONAL_REPRESENTATION('',(#6212),#6216);
#6212 = LINE('',#6213,#6214);
#6213 = CARTESIAN_POINT('',(0.,1.));
#6214 = VECTOR('',#6215,1.);
#6215 = DIRECTION('',(1.,0.));
#6216 = ( GEOMETRIC_REPRESENTATION_CONTEXT(2) 
PARAMETRIC_REPRESENTATION_CONTEXT() REPRESENTATION_CONTEXT('2D SPACE',''
  ) );
#6217 = PCURVE('',#5146,#6218);
#6218 = DEFINITIONAL_REPRESENTATION('',(#6219),#6222);
#6219 = B_SPLINE_CURVE_WITH_KNOTS('',1,(#6220,#6221),.UNSPECIFIED.,.F.,
  .F.,(2,2),(0.,273.07983446249),.PIECEWISE_BEZIER_KNOTS.);
#6220 = CARTESIAN_POINT('',(0.,0.));
#6221 = CARTESIAN_POINT('',(350.63263153264,0.));
#6222 = ( GEOMETRIC_REPRESENTATION_CONTEXT(2) 
PARAMETRIC_REPRESENTATION_CONTEXT() REPRESENTATION_CONTEXT('2D SPACE',''
  ) );
#6223 = ORIENTED_EDGE('',*,*,#6118,.F.);
#6224 = ADVANCED_FACE('',(#6225),#5146,.F.);
#6225 = FACE_BOUND('',#6226,.F.);
#6226 = EDGE_LOOP('',(#6227,#6247,#6248,#6249));
#6227 = ORIENTED_EDGE('',*,*,#6228,.F.);
#6228 = EDGE_CURVE('',#6119,#3719,#6229,.T.);
#6229 = SEAM_CURVE('',#6230,(#6233,#6240),.PCURVE_S1.);
#6230 = B_SPLINE_CURVE_WITH_KNOTS('',1,(#6231,#6232),.UNSPECIFIED.,.F.,
  .F.,(2,2),(0.,1.),.PIECEWISE_BEZIER_KNOTS.);
#6231 = CARTESIAN_POINT('',(-240.,40.,-27.));
#6232 = CARTESIAN_POINT('',(-190.,51.,-31.));
#6233 = PCURVE('',#5146,#6234);
#6234 = DEFINITIONAL_REPRESENTATION('',(#6235),#6239);
#6235 = LINE('',#6236,#6237);
#6236 = CARTESIAN_POINT('',(0.,0.));
#6237 = VECTOR('',#6238,1.);
#6238 = DIRECTION('',(0.,1.));
#6239 = ( GEOMETRIC_REPRESENTATION_CONTEXT(2) 
PARAMETRIC_REPRESENTATION_CONTEXT() REPRESENTATION_CONTEXT('2D SPACE',''
  ) );
#6240 = PCURVE('',#5146,#6241);
#6241 = DEFINITIONAL_REPRESENTATION('',(#6242),#6246);
#6242 = LINE('',#6243,#6244);
#6243 = CARTESIAN_POINT('',(350.63263153264,0.));
#6244 = VECTOR('',#6245,1.);
#6245 = DIRECTION('',(0.,1.));
#6246 = ( GEOMETRIC_REPRESENTATION_CONTEXT(2) 
PARAMETRIC_REPRESENTATION_CONTEXT() REPRESENTATION_CONTEXT('2D SPACE',''
  ) );
#6247 = ORIENTED_EDGE('',*,*,#6140,.T.);
#6248 = ORIENTED_EDGE('',*,*,#6228,.T.);
#6249 = ORIENTED_EDGE('',*,*,#3718,.T.);
#6250 = ( GEOMETRIC_REPRESENTATION_CONTEXT(3) 
GLOBAL_UNCERTAINTY_ASSIGNED_CONTEXT((#6254)) 
GLOBAL_UNIT_ASSIGNED_CONTEXT((#6251,#6252,#6253)) REPRESENTATION_CONTEXT
('Context #1','3D Context with UNIT and UNCERTAINTY') );
#6251 = ( LENGTH_UNIT() NAMED_UNIT(*) SI_UNIT(.MILLI.,.METRE.) );
#6252 = ( NAMED_UNIT(*) PLANE_ANGLE_UNIT() SI_UNIT($,.RADIAN.) );
#6253 = ( NAMED_UNIT(*) SI_UNIT($,.STERADIAN.) SOLID_ANGLE_UNIT() );
#6254 = UNCERTAINTY_MEASURE_WITH_UNIT(LENGTH_MEASURE(1.E-06),#6251,
  'distance_accuracy_value','confusion accuracy');
#6255 = CONTEXT_DEPENDENT_SHAPE_REPRESENTATION(#6256,#6258);
#6256 = ( REPRESENTATION_RELATIONSHIP('','',#36,#10) 
REPRESENTATION_RELATIONSHIP_WITH_TRANSFORMATION(#6257) 
SHAPE_REPRESENTATION_RELATIONSHIP() );
#6257 = ITEM_DEFINED_TRANSFORMATION('','',#11,#15);
#6258 = PRODUCT_DEFINITION_SHAPE('Placement','Placement of an item',
  #6259);
#6259 = NEXT_ASSEMBLY_USAGE_OCCURRENCE('1','','',#5,#31,$);
#6260 = PRODUCT_RELATED_PRODUCT_CATEGORY('part',$,(#33));
#6261 = SHAPE_DEFINITION_REPRESENTATION(#6262,#6268);
#6262 = PRODUCT_DEFINITION_SHAPE('','',#6263);
#6263 = PRODUCT_DEFINITION('design','',#6264,#6267);
#6264 = PRODUCT_DEFINITION_FORMATION('','',#6265);
#6265 = PRODUCT('Open CASCADE STEP translator 7.9 17.2',
  'Open CASCADE STEP translator 7.9 17.2','',(#6266));
#6266 = PRODUCT_CONTEXT('',#2,'mechanical');
#6267 = PRODUCT_DEFINITION_CONTEXT('part definition',#2,'design');
#6268 = ADVANCED_BREP_SHAPE_REPRESENTATION('',(#11,#6269),#7091);
#6269 = MANIFOLD_SOLID_BREP('',#6270);
#6270 = CLOSED_SHELL('',(#6271,#6679,#6907,#7064));
#6271 = ADVANCED_FACE('',(#6272),#6286,.F.);
#6272 = FACE_BOUND('',#6273,.F.);
#6273 = EDGE_LOOP('',(#6274,#6370,#6524,#6525));
#6274 = ORIENTED_EDGE('',*,*,#6275,.T.);
#6275 = EDGE_CURVE('',#6276,#6278,#6280,.T.);
#6276 = VERTEX_POINT('',#6277);
#6277 = CARTESIAN_POINT('',(-205.,47.45,-29.8));
#6278 = VERTEX_POINT('',#6279);
#6279 = CARTESIAN_POINT('',(-195.,47.45,-29.8));
#6280 = SEAM_CURVE('',#6281,(#6285,#6363),.PCURVE_S1.);
#6281 = LINE('',#6282,#6283);
#6282 = CARTESIAN_POINT('',(-205.,47.45,-29.8));
#6283 = VECTOR('',#6284,1.);
#6284 = DIRECTION('',(1.,0.,0.));
#6285 = PCURVE('',#6286,#6357);
#6286 = SURFACE_OF_LINEAR_EXTRUSION('',#6287,#6355);
#6287 = B_SPLINE_CURVE_WITH_KNOTS('',3,(#6288,#6289,#6290,#6291,#6292,
    #6293,#6294,#6295,#6296,#6297,#6298,#6299,#6300,#6301,#6302,#6303,
    #6304,#6305,#6306,#6307,#6308,#6309,#6310,#6311,#6312,#6313,#6314,
    #6315,#6316,#6317,#6318,#6319,#6320,#6321,#6322,#6323,#6324,#6325,
    #6326,#6327,#6328,#6329,#6330,#6331,#6332,#6333,#6334,#6335,#6336,
    #6337,#6338,#6339,#6340,#6341,#6342,#6343,#6344,#6345,#6346,#6347,
    #6348,#6349,#6350,#6351,#6352,#6353,#6354),.UNSPECIFIED.,.T.,.F.,(1,
    1,2,1,1,1,1,1,1,1,1,1,1,1,1,1,1,1,1,1,1,1,1,1,1,1,1,1,1,1,1,1,1,1,1,
    1,1,1,1,1,1,1,1,1,1,1,1,1,1,1,1,1,1,1,1,1,1,1,1,1,1,1,1,1,1,1,2,1,1)
  ,(-16.55111205002,-10.4497145323,0.,10.449714532303,16.551112050026,
    21.623845717781,26.111657618789,30.211686019844,34.045615707402,
    37.705887886612,41.27312963602,44.824037194721,48.435836863325,
    52.190533522108,56.182180347249,60.533259972563,65.438891306907,
    71.331755127246,81.420197284911,91.508639444051,97.40150326439,
    102.30713459873,106.65821422404,110.64986104918,114.40455770797,
    118.01635737657,121.56726493527,125.13450668468,128.79477886389,
    132.62870855145,136.7287369525,141.21654885351,146.28928252127,
    152.39068003899,162.84039457008,173.2901091036,179.39150662132,
    184.46424028907,188.95205219008,193.05208059114,196.88601027869,
    200.5462824579,204.11352420731,207.66443176601,211.27623143462,
    215.0309280934,219.02257491854,223.37365454386,228.2792858782,
    234.17214969854,244.26059185541,254.34903401534,260.24189783568,
    265.14752917003,269.49860879534,273.49025562048,277.24495227926,
    280.85675194787,284.40765950657,287.97490125598,291.63517343519,
    295.46910312275,299.5691315238,304.05694342481,309.12967709256,
    315.23107461029,325.68078914259,336.13050367489,342.23190119261),
  .UNSPECIFIED.);
#6288 = CARTESIAN_POINT('',(-205.,47.454221164802,-33.27207831651));
#6289 = CARTESIAN_POINT('',(-205.,47.445778835198,-26.32792168348));
#6290 = CARTESIAN_POINT('',(-205.,47.451746783839,-20.79388929051));
#6291 = CARTESIAN_POINT('',(-205.,46.949029262334,-13.60114098826));
#6292 = CARTESIAN_POINT('',(-205.,46.185774517891,-8.42999813329));
#6293 = CARTESIAN_POINT('',(-205.,45.117284086306,-3.996604239008));
#6294 = CARTESIAN_POINT('',(-205.,43.740351519939,-8.324017170153E-02));
#6295 = CARTESIAN_POINT('',(-205.,42.051668847305,3.402913365477));
#6296 = CARTESIAN_POINT('',(-205.,40.047177288712,6.50913373282));
#6297 = CARTESIAN_POINT('',(-205.,37.721294921653,9.260868703101));
#6298 = CARTESIAN_POINT('',(-205.,35.065675038855,11.672168676505));
#6299 = CARTESIAN_POINT('',(-205.,32.066520983883,13.751115485398));
#6300 = CARTESIAN_POINT('',(-205.,28.699411050565,15.502866644409));
#6301 = CARTESIAN_POINT('',(-205.,24.919174119495,16.931212114653));
#6302 = CARTESIAN_POINT('',(-205.,20.636455747639,18.039334117608));
#6303 = CARTESIAN_POINT('',(-205.,15.642415273927,18.830953587893));
#6304 = CARTESIAN_POINT('',(-205.,8.692786822345,19.35062823852));
#6305 = CARTESIAN_POINT('',(-205.,2.411797386164E-10,19.349603414893));
#6306 = CARTESIAN_POINT('',(-205.,-8.692786821839,19.350628238515));
#6307 = CARTESIAN_POINT('',(-205.,-15.64241527395,18.83095358797));
#6308 = CARTESIAN_POINT('',(-205.,-20.63645574756,18.03933411738));
#6309 = CARTESIAN_POINT('',(-205.,-24.91917411974,16.931212115376));
#6310 = CARTESIAN_POINT('',(-205.,-28.69941104973,15.502866642007));
#6311 = CARTESIAN_POINT('',(-205.,-32.06652098675,13.751115493664));
#6312 = CARTESIAN_POINT('',(-205.,-35.06567502864,11.672168647105));
#6313 = CARTESIAN_POINT('',(-205.,-37.72129495915,9.260868811131));
#6314 = CARTESIAN_POINT('',(-205.,-40.04717714637,6.509133322837));
#6315 = CARTESIAN_POINT('',(-205.,-42.05166940487,3.402914971525));
#6316 = CARTESIAN_POINT('',(-205.,-43.7403492663,-8.324666320352E-02));
#6317 = CARTESIAN_POINT('',(-205.,-45.11729349836,-3.996577127935));
#6318 = CARTESIAN_POINT('',(-205.,-46.18573361592,-8.430115949793));
#6319 = CARTESIAN_POINT('',(-205.,-46.94921874887,-13.60059517969));
#6320 = CARTESIAN_POINT('',(-205.,-47.45061717864,-20.79714307357));
#6321 = CARTESIAN_POINT('',(-205.,-47.44961033791,-29.79999999959));
#6322 = CARTESIAN_POINT('',(-205.,-47.45061717869,-38.80285692562));
#6323 = CARTESIAN_POINT('',(-205.,-46.94921874887,-45.9994048203));
#6324 = CARTESIAN_POINT('',(-205.,-46.18573361592,-51.1698840502));
#6325 = CARTESIAN_POINT('',(-205.,-45.11729349836,-55.60342287206));
#6326 = CARTESIAN_POINT('',(-205.,-43.7403492663,-59.51675333679));
#6327 = CARTESIAN_POINT('',(-205.,-42.05166940487,-63.00291497152));
#6328 = CARTESIAN_POINT('',(-205.,-40.04717714637,-66.10913332283));
#6329 = CARTESIAN_POINT('',(-205.,-37.72129495915,-68.86086881113));
#6330 = CARTESIAN_POINT('',(-205.,-35.06567502864,-71.2721686471));
#6331 = CARTESIAN_POINT('',(-205.,-32.06652098675,-73.35111549366));
#6332 = CARTESIAN_POINT('',(-205.,-28.69941104973,-75.102866642));
#6333 = CARTESIAN_POINT('',(-205.,-24.91917411974,-76.53121211537));
#6334 = CARTESIAN_POINT('',(-205.,-20.63645574756,-77.63933411738));
#6335 = CARTESIAN_POINT('',(-205.,-15.64241527395,-78.43095358796));
#6336 = CARTESIAN_POINT('',(-205.,-8.692786822596,-78.95062823846));
#6337 = CARTESIAN_POINT('',(-205.,-5.067089782967E-10,-78.94960341489));
#6338 = CARTESIAN_POINT('',(-205.,8.692786821561,-78.95062823857));
#6339 = CARTESIAN_POINT('',(-205.,15.64241527398,-78.43095358789));
#6340 = CARTESIAN_POINT('',(-205.,20.636455747481,-77.6393341176));
#6341 = CARTESIAN_POINT('',(-205.,24.919174119997,-76.53121211465));
#6342 = CARTESIAN_POINT('',(-205.,28.699411048897,-75.1028666444));
#6343 = CARTESIAN_POINT('',(-205.,32.066520989622,-73.35111548539));
#6344 = CARTESIAN_POINT('',(-205.,35.065675018442,-71.2721686765));
#6345 = CARTESIAN_POINT('',(-205.,37.721294996662,-68.8608687031));
#6346 = CARTESIAN_POINT('',(-205.,40.047177004047,-66.10913373282));
#6347 = CARTESIAN_POINT('',(-205.,42.051669962437,-63.00291336547));
#6348 = CARTESIAN_POINT('',(-205.,43.740347012673,-59.51675982829));
#6349 = CARTESIAN_POINT('',(-205.,45.117302910428,-55.60339576099));
#6350 = CARTESIAN_POINT('',(-205.,46.185692713965,-51.17000186671));
#6351 = CARTESIAN_POINT('',(-205.,46.949408235422,-45.99885901173));
#6352 = CARTESIAN_POINT('',(-205.,47.449487573495,-38.80611070948));
#6353 = CARTESIAN_POINT('',(-205.,47.454221164802,-33.27207831651));
#6354 = CARTESIAN_POINT('',(-205.,47.445778835198,-26.32792168348));
#6355 = VECTOR('',#6356,1.);
#6356 = DIRECTION('',(-1.,-0.,-0.));
#6357 = DEFINITIONAL_REPRESENTATION('',(#6358),#6362);
#6358 = LINE('',#6359,#6360);
#6359 = CARTESIAN_POINT('',(0.,0.));
#6360 = VECTOR('',#6361,1.);
#6361 = DIRECTION('',(0.,-1.));
#6362 = ( GEOMETRIC_REPRESENTATION_CONTEXT(2) 
PARAMETRIC_REPRESENTATION_CONTEXT() REPRESENTATION_CONTEXT('2D SPACE',''
  ) );
#6363 = PCURVE('',#6286,#6364);
#6364 = DEFINITIONAL_REPRESENTATION('',(#6365),#6369);
#6365 = LINE('',#6366,#6367);
#6366 = CARTESIAN_POINT('',(325.68078914259,0.));
#6367 = VECTOR('',#6368,1.);
#6368 = DIRECTION('',(0.,-1.));
#6369 = ( GEOMETRIC_REPRESENTATION_CONTEXT(2) 
PARAMETRIC_REPRESENTATION_CONTEXT() REPRESENTATION_CONTEXT('2D SPACE',''
  ) );
#6370 = ORIENTED_EDGE('',*,*,#6371,.T.);
#6371 = EDGE_CURVE('',#6278,#6278,#6372,.T.);
#6372 = SURFACE_CURVE('',#6373,(#6441,#6448),.PCURVE_S1.);
#6373 = B_SPLINE_CURVE_WITH_KNOTS('',3,(#6374,#6375,#6376,#6377,#6378,
    #6379,#6380,#6381,#6382,#6383,#6384,#6385,#6386,#6387,#6388,#6389,
    #6390,#6391,#6392,#6393,#6394,#6395,#6396,#6397,#6398,#6399,#6400,
    #6401,#6402,#6403,#6404,#6405,#6406,#6407,#6408,#6409,#6410,#6411,
    #6412,#6413,#6414,#6415,#6416,#6417,#6418,#6419,#6420,#6421,#6422,
    #6423,#6424,#6425,#6426,#6427,#6428,#6429,#6430,#6431,#6432,#6433,
    #6434,#6435,#6436,#6437,#6438,#6439,#6440),.UNSPECIFIED.,.T.,.F.,(1,
    1,2,1,1,1,1,1,1,1,1,1,1,1,1,1,1,1,1,1,1,1,1,1,1,1,1,1,1,1,1,1,1,1,1,
    1,1,1,1,1,1,1,1,1,1,1,1,1,1,1,1,1,1,1,1,1,1,1,1,1,1,1,1,1,1,1,2,1,1)
  ,(-16.55111205002,-10.4497145323,0.,10.449714532303,16.551112050026,
    21.623845717781,26.111657618789,30.211686019844,34.045615707402,
    37.705887886612,41.27312963602,44.824037194721,48.435836863325,
    52.190533522108,56.182180347249,60.533259972563,65.438891306907,
    71.331755127246,81.420197284911,91.508639444051,97.40150326439,
    102.30713459873,106.65821422404,110.64986104918,114.40455770797,
    118.01635737657,121.56726493527,125.13450668468,128.79477886389,
    132.62870855145,136.7287369525,141.21654885351,146.28928252127,
    152.39068003899,162.84039457008,173.2901091036,179.39150662132,
    184.46424028907,188.95205219008,193.05208059114,196.88601027869,
    200.5462824579,204.11352420731,207.66443176601,211.27623143462,
    215.0309280934,219.02257491854,223.37365454386,228.2792858782,
    234.17214969854,244.26059185541,254.34903401534,260.24189783568,
    265.14752917003,269.49860879534,273.49025562048,277.24495227926,
    280.85675194787,284.40765950657,287.97490125598,291.63517343519,
    295.46910312275,299.5691315238,304.05694342481,309.12967709256,
    315.23107461029,325.68078914259,336.13050367489,342.23190119261),
  .UNSPECIFIED.);
#6374 = CARTESIAN_POINT('',(-195.,47.454221164802,-33.27207831651));
#6375 = CARTESIAN_POINT('',(-195.,47.445778835198,-26.32792168348));
#6376 = CARTESIAN_POINT('',(-195.,47.451746783839,-20.79388929051));
#6377 = CARTESIAN_POINT('',(-195.,46.949029262334,-13.60114098826));
#6378 = CARTESIAN_POINT('',(-195.,46.185774517891,-8.42999813329));
#6379 = CARTESIAN_POINT('',(-195.,45.117284086306,-3.996604239008));
#6380 = CARTESIAN_POINT('',(-195.,43.740351519939,-8.324017170153E-02));
#6381 = CARTESIAN_POINT('',(-195.,42.051668847305,3.402913365477));
#6382 = CARTESIAN_POINT('',(-195.,40.047177288712,6.50913373282));
#6383 = CARTESIAN_POINT('',(-195.,37.721294921653,9.260868703101));
#6384 = CARTESIAN_POINT('',(-195.,35.065675038855,11.672168676505));
#6385 = CARTESIAN_POINT('',(-195.,32.066520983883,13.751115485398));
#6386 = CARTESIAN_POINT('',(-195.,28.699411050565,15.502866644409));
#6387 = CARTESIAN_POINT('',(-195.,24.919174119495,16.931212114653));
#6388 = CARTESIAN_POINT('',(-195.,20.636455747639,18.039334117608));
#6389 = CARTESIAN_POINT('',(-195.,15.642415273927,18.830953587893));
#6390 = CARTESIAN_POINT('',(-195.,8.692786822345,19.35062823852));
#6391 = CARTESIAN_POINT('',(-195.,2.411797386164E-10,19.349603414893));
#6392 = CARTESIAN_POINT('',(-195.,-8.692786821839,19.350628238515));
#6393 = CARTESIAN_POINT('',(-195.,-15.64241527395,18.83095358797));
#6394 = CARTESIAN_POINT('',(-195.,-20.63645574756,18.03933411738));
#6395 = CARTESIAN_POINT('',(-195.,-24.91917411974,16.931212115376));
#6396 = CARTESIAN_POINT('',(-195.,-28.69941104973,15.502866642007));
#6397 = CARTESIAN_POINT('',(-195.,-32.06652098675,13.751115493664));
#6398 = CARTESIAN_POINT('',(-195.,-35.06567502864,11.672168647105));
#6399 = CARTESIAN_POINT('',(-195.,-37.72129495915,9.260868811131));
#6400 = CARTESIAN_POINT('',(-195.,-40.04717714637,6.509133322837));
#6401 = CARTESIAN_POINT('',(-195.,-42.05166940487,3.402914971525));
#6402 = CARTESIAN_POINT('',(-195.,-43.7403492663,-8.324666320352E-02));
#6403 = CARTESIAN_POINT('',(-195.,-45.11729349836,-3.996577127935));
#6404 = CARTESIAN_POINT('',(-195.,-46.18573361592,-8.430115949793));
#6405 = CARTESIAN_POINT('',(-195.,-46.94921874887,-13.60059517969));
#6406 = CARTESIAN_POINT('',(-195.,-47.45061717864,-20.79714307357));
#6407 = CARTESIAN_POINT('',(-195.,-47.44961033791,-29.79999999959));
#6408 = CARTESIAN_POINT('',(-195.,-47.45061717869,-38.80285692562));
#6409 = CARTESIAN_POINT('',(-195.,-46.94921874887,-45.9994048203));
#6410 = CARTESIAN_POINT('',(-195.,-46.18573361592,-51.1698840502));
#6411 = CARTESIAN_POINT('',(-195.,-45.11729349836,-55.60342287206));
#6412 = CARTESIAN_POINT('',(-195.,-43.7403492663,-59.51675333679));
#6413 = CARTESIAN_POINT('',(-195.,-42.05166940487,-63.00291497152));
#6414 = CARTESIAN_POINT('',(-195.,-40.04717714637,-66.10913332283));
#6415 = CARTESIAN_POINT('',(-195.,-37.72129495915,-68.86086881113));
#6416 = CARTESIAN_POINT('',(-195.,-35.06567502864,-71.2721686471));
#6417 = CARTESIAN_POINT('',(-195.,-32.06652098675,-73.35111549366));
#6418 = CARTESIAN_POINT('',(-195.,-28.69941104973,-75.102866642));
#6419 = CARTESIAN_POINT('',(-195.,-24.91917411974,-76.53121211537));
#6420 = CARTESIAN_POINT('',(-195.,-20.63645574756,-77.63933411738));
#6421 = CARTESIAN_POINT('',(-195.,-15.64241527395,-78.43095358796));
#6422 = CARTESIAN_POINT('',(-195.,-8.692786822596,-78.95062823846));
#6423 = CARTESIAN_POINT('',(-195.,-5.067089782967E-10,-78.94960341489));
#6424 = CARTESIAN_POINT('',(-195.,8.692786821561,-78.95062823857));
#6425 = CARTESIAN_POINT('',(-195.,15.64241527398,-78.43095358789));
#6426 = CARTESIAN_POINT('',(-195.,20.636455747481,-77.6393341176));
#6427 = CARTESIAN_POINT('',(-195.,24.919174119997,-76.53121211465));
#6428 = CARTESIAN_POINT('',(-195.,28.699411048897,-75.1028666444));
#6429 = CARTESIAN_POINT('',(-195.,32.066520989622,-73.35111548539));
#6430 = CARTESIAN_POINT('',(-195.,35.065675018442,-71.2721686765));
#6431 = CARTESIAN_POINT('',(-195.,37.721294996662,-68.8608687031));
#6432 = CARTESIAN_POINT('',(-195.,40.047177004047,-66.10913373282));
#6433 = CARTESIAN_POINT('',(-195.,42.051669962437,-63.00291336547));
#6434 = CARTESIAN_POINT('',(-195.,43.740347012673,-59.51675982829));
#6435 = CARTESIAN_POINT('',(-195.,45.117302910428,-55.60339576099));
#6436 = CARTESIAN_POINT('',(-195.,46.185692713965,-51.17000186671));
#6437 = CARTESIAN_POINT('',(-195.,46.949408235422,-45.99885901173));
#6438 = CARTESIAN_POINT('',(-195.,47.449487573495,-38.80611070948));
#6439 = CARTESIAN_POINT('',(-195.,47.454221164802,-33.27207831651));
#6440 = CARTESIAN_POINT('',(-195.,47.445778835198,-26.32792168348));
#6441 = PCURVE('',#6286,#6442);
#6442 = DEFINITIONAL_REPRESENTATION('',(#6443),#6447);
#6443 = LINE('',#6444,#6445);
#6444 = CARTESIAN_POINT('',(0.,-10.));
#6445 = VECTOR('',#6446,1.);
#6446 = DIRECTION('',(1.,0.));
#6447 = ( GEOMETRIC_REPRESENTATION_CONTEXT(2) 
PARAMETRIC_REPRESENTATION_CONTEXT() REPRESENTATION_CONTEXT('2D SPACE',''
  ) );
#6448 = PCURVE('',#6449,#6454);
#6449 = PLANE('',#6450);
#6450 = AXIS2_PLACEMENT_3D('',#6451,#6452,#6453);
#6451 = CARTESIAN_POINT('',(-195.,-1.663996685693E-06,-29.80000158178));
#6452 = DIRECTION('',(1.,0.,0.));
#6453 = DIRECTION('',(-0.,0.,1.));
#6454 = DEFINITIONAL_REPRESENTATION('',(#6455),#6523);
#6455 = B_SPLINE_CURVE_WITH_KNOTS('',3,(#6456,#6457,#6458,#6459,#6460,
    #6461,#6462,#6463,#6464,#6465,#6466,#6467,#6468,#6469,#6470,#6471,
    #6472,#6473,#6474,#6475,#6476,#6477,#6478,#6479,#6480,#6481,#6482,
    #6483,#6484,#6485,#6486,#6487,#6488,#6489,#6490,#6491,#6492,#6493,
    #6494,#6495,#6496,#6497,#6498,#6499,#6500,#6501,#6502,#6503,#6504,
    #6505,#6506,#6507,#6508,#6509,#6510,#6511,#6512,#6513,#6514,#6515,
    #6516,#6517,#6518,#6519,#6520,#6521,#6522),.UNSPECIFIED.,.F.,.F.,(1,
    1,2,1,1,1,1,1,1,1,1,1,1,1,1,1,1,1,1,1,1,1,1,1,1,1,1,1,1,1,1,1,1,1,1,
    1,1,1,1,1,1,1,1,1,1,1,1,1,1,1,1,1,1,1,1,1,1,1,1,1,1,1,1,1,1,1,2,1,1)
  ,(-16.55111205002,-10.4497145323,0.,10.449714532303,16.551112050026,
    21.623845717781,26.111657618789,30.211686019844,34.045615707402,
    37.705887886612,41.27312963602,44.824037194721,48.435836863325,
    52.190533522108,56.182180347249,60.533259972563,65.438891306907,
    71.331755127246,81.420197284911,91.508639444051,97.40150326439,
    102.30713459873,106.65821422404,110.64986104918,114.40455770797,
    118.01635737657,121.56726493527,125.13450668468,128.79477886389,
    132.62870855145,136.7287369525,141.21654885351,146.28928252127,
    152.39068003899,162.84039457008,173.2901091036,179.39150662132,
    184.46424028907,188.95205219008,193.05208059114,196.88601027869,
    200.5462824579,204.11352420731,207.66443176601,211.27623143462,
    215.0309280934,219.02257491854,223.37365454386,228.2792858782,
    234.17214969854,244.26059185541,254.34903401534,260.24189783568,
    265.14752917003,269.49860879534,273.49025562048,277.24495227926,
    280.85675194787,284.40765950657,287.97490125598,291.63517343519,
    295.46910312275,299.5691315238,304.05694342481,309.12967709256,
    315.23107461029,325.68078914259,336.13050367489,342.23190119261),
  .UNSPECIFIED.);
#6456 = CARTESIAN_POINT('',(-3.472076734733,-47.45422282879));
#6457 = CARTESIAN_POINT('',(3.472079898299,-47.44578049919));
#6458 = CARTESIAN_POINT('',(9.006112291266,-47.45174844783));
#6459 = CARTESIAN_POINT('',(16.198860593519,-46.94903092633));
#6460 = CARTESIAN_POINT('',(21.370003448493,-46.18577618188));
#6461 = CARTESIAN_POINT('',(25.803397342775,-45.1172857503));
#6462 = CARTESIAN_POINT('',(29.716761410082,-43.74035318393));
#6463 = CARTESIAN_POINT('',(33.20291494726,-42.0516705113));
#6464 = CARTESIAN_POINT('',(36.309135314603,-40.0471789527));
#6465 = CARTESIAN_POINT('',(39.060870284884,-37.72129658565));
#6466 = CARTESIAN_POINT('',(41.472170258288,-35.06567670285));
#6467 = CARTESIAN_POINT('',(43.551117067181,-32.06652264788));
#6468 = CARTESIAN_POINT('',(45.302868226192,-28.69941271456));
#6469 = CARTESIAN_POINT('',(46.731213696436,-24.91917578349));
#6470 = CARTESIAN_POINT('',(47.839335699391,-20.63645741163));
#6471 = CARTESIAN_POINT('',(48.630955169676,-15.64241693792));
#6472 = CARTESIAN_POINT('',(49.150629820303,-8.692788486341));
#6473 = CARTESIAN_POINT('',(49.149604996676,-1.664237865431E-06));
#6474 = CARTESIAN_POINT('',(49.150629820298,8.692785157843));
#6475 = CARTESIAN_POINT('',(48.630955169753,15.642413609957));
#6476 = CARTESIAN_POINT('',(47.839335699163,20.636454083563));
#6477 = CARTESIAN_POINT('',(46.731213697159,24.91917245575));
#6478 = CARTESIAN_POINT('',(45.30286822379,28.699409385735));
#6479 = CARTESIAN_POINT('',(43.551117075447,32.066519322756));
#6480 = CARTESIAN_POINT('',(41.472170228888,35.065673364652));
#6481 = CARTESIAN_POINT('',(39.060870392914,37.721293295161));
#6482 = CARTESIAN_POINT('',(36.30913490462,40.047175482383));
#6483 = CARTESIAN_POINT('',(33.202916553308,42.051667740874));
#6484 = CARTESIAN_POINT('',(29.71675491858,43.74034760231));
#6485 = CARTESIAN_POINT('',(25.803424453848,45.11729183437));
#6486 = CARTESIAN_POINT('',(21.36988563199,46.185731951931));
#6487 = CARTESIAN_POINT('',(16.199406402087,46.949217084881));
#6488 = CARTESIAN_POINT('',(9.002858508212,47.450615514645));
#6489 = CARTESIAN_POINT('',(1.582187223903E-06,47.449608673915));
#6490 = CARTESIAN_POINT('',(-9.002855343839,47.450615514696));
#6491 = CARTESIAN_POINT('',(-16.19940323852,46.949217084882));
#6492 = CARTESIAN_POINT('',(-21.36988246842,46.185731951931));
#6493 = CARTESIAN_POINT('',(-25.80342129028,45.11729183437));
#6494 = CARTESIAN_POINT('',(-29.71675175501,43.74034760231));
#6495 = CARTESIAN_POINT('',(-33.20291338974,42.051667740874));
#6496 = CARTESIAN_POINT('',(-36.30913174105,40.047175482383));
#6497 = CARTESIAN_POINT('',(-39.06086722934,37.721293295161));
#6498 = CARTESIAN_POINT('',(-41.47216706532,35.065673364652));
#6499 = CARTESIAN_POINT('',(-43.55111391188,32.066519322756));
#6500 = CARTESIAN_POINT('',(-45.30286506022,28.699409385735));
#6501 = CARTESIAN_POINT('',(-46.73121053359,24.91917245575));
#6502 = CARTESIAN_POINT('',(-47.83933253559,20.636454083563));
#6503 = CARTESIAN_POINT('',(-48.63095200618,15.642413609957));
#6504 = CARTESIAN_POINT('',(-49.15062665668,8.692785158599));
#6505 = CARTESIAN_POINT('',(-49.14960183311,-1.663489976714E-06));
#6506 = CARTESIAN_POINT('',(-49.15062665678,-8.692788485558));
#6507 = CARTESIAN_POINT('',(-48.63095200611,-15.64241693797));
#6508 = CARTESIAN_POINT('',(-47.83933253582,-20.63645741147));
#6509 = CARTESIAN_POINT('',(-46.73121053287,-24.91917578399));
#6510 = CARTESIAN_POINT('',(-45.30286506262,-28.69941271289));
#6511 = CARTESIAN_POINT('',(-43.55111390361,-32.06652265361));
#6512 = CARTESIAN_POINT('',(-41.47216709472,-35.06567668243));
#6513 = CARTESIAN_POINT('',(-39.06086712131,-37.72129666065));
#6514 = CARTESIAN_POINT('',(-36.30913215103,-40.04717866804));
#6515 = CARTESIAN_POINT('',(-33.20291178369,-42.05167162643));
#6516 = CARTESIAN_POINT('',(-29.71675824651,-43.74034867667));
#6517 = CARTESIAN_POINT('',(-25.8033941792,-45.11730457442));
#6518 = CARTESIAN_POINT('',(-21.37000028492,-46.18569437796));
#6519 = CARTESIAN_POINT('',(-16.19885742995,-46.94940989941));
#6520 = CARTESIAN_POINT('',(-9.0061091277,-47.44948923749));
#6521 = CARTESIAN_POINT('',(-3.472076734733,-47.45422282879));
#6522 = CARTESIAN_POINT('',(3.472079898299,-47.44578049919));
#6523 = ( GEOMETRIC_REPRESENTATION_CONTEXT(2) 
PARAMETRIC_REPRESENTATION_CONTEXT() REPRESENTATION_CONTEXT('2D SPACE',''
  ) );
#6524 = ORIENTED_EDGE('',*,*,#6275,.F.);
#6525 = ORIENTED_EDGE('',*,*,#6526,.F.);
#6526 = EDGE_CURVE('',#6276,#6276,#6527,.T.);
#6527 = SURFACE_CURVE('',#6528,(#6596,#6603),.PCURVE_S1.);
#6528 = B_SPLINE_CURVE_WITH_KNOTS('',3,(#6529,#6530,#6531,#6532,#6533,
    #6534,#6535,#6536,#6537,#6538,#6539,#6540,#6541,#6542,#6543,#6544,
    #6545,#6546,#6547,#6548,#6549,#6550,#6551,#6552,#6553,#6554,#6555,
    #6556,#6557,#6558,#6559,#6560,#6561,#6562,#6563,#6564,#6565,#6566,
    #6567,#6568,#6569,#6570,#6571,#6572,#6573,#6574,#6575,#6576,#6577,
    #6578,#6579,#6580,#6581,#6582,#6583,#6584,#6585,#6586,#6587,#6588,
    #6589,#6590,#6591,#6592,#6593,#6594,#6595),.UNSPECIFIED.,.T.,.F.,(1,
    1,2,1,1,1,1,1,1,1,1,1,1,1,1,1,1,1,1,1,1,1,1,1,1,1,1,1,1,1,1,1,1,1,1,
    1,1,1,1,1,1,1,1,1,1,1,1,1,1,1,1,1,1,1,1,1,1,1,1,1,1,1,1,1,1,1,2,1,1)
  ,(-16.55111205002,-10.4497145323,0.,10.449714532303,16.551112050026,
    21.623845717781,26.111657618789,30.211686019844,34.045615707402,
    37.705887886612,41.27312963602,44.824037194721,48.435836863325,
    52.190533522108,56.182180347249,60.533259972563,65.438891306907,
    71.331755127246,81.420197284911,91.508639444051,97.40150326439,
    102.30713459873,106.65821422404,110.64986104918,114.40455770797,
    118.01635737657,121.56726493527,125.13450668468,128.79477886389,
    132.62870855145,136.7287369525,141.21654885351,146.28928252127,
    152.39068003899,162.84039457008,173.2901091036,179.39150662132,
    184.46424028907,188.95205219008,193.05208059114,196.88601027869,
    200.5462824579,204.11352420731,207.66443176601,211.27623143462,
    215.0309280934,219.02257491854,223.37365454386,228.2792858782,
    234.17214969854,244.26059185541,254.34903401534,260.24189783568,
    265.14752917003,269.49860879534,273.49025562048,277.24495227926,
    280.85675194787,284.40765950657,287.97490125598,291.63517343519,
    295.46910312275,299.5691315238,304.05694342481,309.12967709256,
    315.23107461029,325.68078914259,336.13050367489,342.23190119261),
  .UNSPECIFIED.);
#6529 = CARTESIAN_POINT('',(-205.,47.454221164802,-33.27207831651));
#6530 = CARTESIAN_POINT('',(-205.,47.445778835198,-26.32792168348));
#6531 = CARTESIAN_POINT('',(-205.,47.451746783839,-20.79388929051));
#6532 = CARTESIAN_POINT('',(-205.,46.949029262334,-13.60114098826));
#6533 = CARTESIAN_POINT('',(-205.,46.185774517891,-8.42999813329));
#6534 = CARTESIAN_POINT('',(-205.,45.117284086306,-3.996604239008));
#6535 = CARTESIAN_POINT('',(-205.,43.740351519939,-8.324017170153E-02));
#6536 = CARTESIAN_POINT('',(-205.,42.051668847305,3.402913365477));
#6537 = CARTESIAN_POINT('',(-205.,40.047177288712,6.50913373282));
#6538 = CARTESIAN_POINT('',(-205.,37.721294921653,9.260868703101));
#6539 = CARTESIAN_POINT('',(-205.,35.065675038855,11.672168676505));
#6540 = CARTESIAN_POINT('',(-205.,32.066520983883,13.751115485398));
#6541 = CARTESIAN_POINT('',(-205.,28.699411050565,15.502866644409));
#6542 = CARTESIAN_POINT('',(-205.,24.919174119495,16.931212114653));
#6543 = CARTESIAN_POINT('',(-205.,20.636455747639,18.039334117608));
#6544 = CARTESIAN_POINT('',(-205.,15.642415273927,18.830953587893));
#6545 = CARTESIAN_POINT('',(-205.,8.692786822345,19.35062823852));
#6546 = CARTESIAN_POINT('',(-205.,2.411797386164E-10,19.349603414893));
#6547 = CARTESIAN_POINT('',(-205.,-8.692786821839,19.350628238515));
#6548 = CARTESIAN_POINT('',(-205.,-15.64241527395,18.83095358797));
#6549 = CARTESIAN_POINT('',(-205.,-20.63645574756,18.03933411738));
#6550 = CARTESIAN_POINT('',(-205.,-24.91917411974,16.931212115376));
#6551 = CARTESIAN_POINT('',(-205.,-28.69941104973,15.502866642007));
#6552 = CARTESIAN_POINT('',(-205.,-32.06652098675,13.751115493664));
#6553 = CARTESIAN_POINT('',(-205.,-35.06567502864,11.672168647105));
#6554 = CARTESIAN_POINT('',(-205.,-37.72129495915,9.260868811131));
#6555 = CARTESIAN_POINT('',(-205.,-40.04717714637,6.509133322837));
#6556 = CARTESIAN_POINT('',(-205.,-42.05166940487,3.402914971525));
#6557 = CARTESIAN_POINT('',(-205.,-43.7403492663,-8.324666320352E-02));
#6558 = CARTESIAN_POINT('',(-205.,-45.11729349836,-3.996577127935));
#6559 = CARTESIAN_POINT('',(-205.,-46.18573361592,-8.430115949793));
#6560 = CARTESIAN_POINT('',(-205.,-46.94921874887,-13.60059517969));
#6561 = CARTESIAN_POINT('',(-205.,-47.45061717864,-20.79714307357));
#6562 = CARTESIAN_POINT('',(-205.,-47.44961033791,-29.79999999959));
#6563 = CARTESIAN_POINT('',(-205.,-47.45061717869,-38.80285692562));
#6564 = CARTESIAN_POINT('',(-205.,-46.94921874887,-45.9994048203));
#6565 = CARTESIAN_POINT('',(-205.,-46.18573361592,-51.1698840502));
#6566 = CARTESIAN_POINT('',(-205.,-45.11729349836,-55.60342287206));
#6567 = CARTESIAN_POINT('',(-205.,-43.7403492663,-59.51675333679));
#6568 = CARTESIAN_POINT('',(-205.,-42.05166940487,-63.00291497152));
#6569 = CARTESIAN_POINT('',(-205.,-40.04717714637,-66.10913332283));
#6570 = CARTESIAN_POINT('',(-205.,-37.72129495915,-68.86086881113));
#6571 = CARTESIAN_POINT('',(-205.,-35.06567502864,-71.2721686471));
#6572 = CARTESIAN_POINT('',(-205.,-32.06652098675,-73.35111549366));
#6573 = CARTESIAN_POINT('',(-205.,-28.69941104973,-75.102866642));
#6574 = CARTESIAN_POINT('',(-205.,-24.91917411974,-76.53121211537));
#6575 = CARTESIAN_POINT('',(-205.,-20.63645574756,-77.63933411738));
#6576 = CARTESIAN_POINT('',(-205.,-15.64241527395,-78.43095358796));
#6577 = CARTESIAN_POINT('',(-205.,-8.692786822596,-78.95062823846));
#6578 = CARTESIAN_POINT('',(-205.,-5.067089782967E-10,-78.94960341489));
#6579 = CARTESIAN_POINT('',(-205.,8.692786821561,-78.95062823857));
#6580 = CARTESIAN_POINT('',(-205.,15.64241527398,-78.43095358789));
#6581 = CARTESIAN_POINT('',(-205.,20.636455747481,-77.6393341176));
#6582 = CARTESIAN_POINT('',(-205.,24.919174119997,-76.53121211465));
#6583 = CARTESIAN_POINT('',(-205.,28.699411048897,-75.1028666444));
#6584 = CARTESIAN_POINT('',(-205.,32.066520989622,-73.35111548539));
#6585 = CARTESIAN_POINT('',(-205.,35.065675018442,-71.2721686765));
#6586 = CARTESIAN_POINT('',(-205.,37.721294996662,-68.8608687031));
#6587 = CARTESIAN_POINT('',(-205.,40.047177004047,-66.10913373282));
#6588 = CARTESIAN_POINT('',(-205.,42.051669962437,-63.00291336547));
#6589 = CARTESIAN_POINT('',(-205.,43.740347012673,-59.51675982829));
#6590 = CARTESIAN_POINT('',(-205.,45.117302910428,-55.60339576099));
#6591 = CARTESIAN_POINT('',(-205.,46.185692713965,-51.17000186671));
#6592 = CARTESIAN_POINT('',(-205.,46.949408235422,-45.99885901173));
#6593 = CARTESIAN_POINT('',(-205.,47.449487573495,-38.80611070948));
#6594 = CARTESIAN_POINT('',(-205.,47.454221164802,-33.27207831651));
#6595 = CARTESIAN_POINT('',(-205.,47.445778835198,-26.32792168348));
#6596 = PCURVE('',#6286,#6597);
#6597 = DEFINITIONAL_REPRESENTATION('',(#6598),#6602);
#6598 = LINE('',#6599,#6600);
#6599 = CARTESIAN_POINT('',(0.,0.));
#6600 = VECTOR('',#6601,1.);
#6601 = DIRECTION('',(1.,0.));
#6602 = ( GEOMETRIC_REPRESENTATION_CONTEXT(2) 
PARAMETRIC_REPRESENTATION_CONTEXT() REPRESENTATION_CONTEXT('2D SPACE',''
  ) );
#6603 = PCURVE('',#6604,#6609);
#6604 = PLANE('',#6605);
#6605 = AXIS2_PLACEMENT_3D('',#6606,#6607,#6608);
#6606 = CARTESIAN_POINT('',(-205.,-1.663996685693E-06,-29.80000158178));
#6607 = DIRECTION('',(1.,0.,0.));
#6608 = DIRECTION('',(-0.,0.,1.));
#6609 = DEFINITIONAL_REPRESENTATION('',(#6610),#6678);
#6610 = B_SPLINE_CURVE_WITH_KNOTS('',3,(#6611,#6612,#6613,#6614,#6615,
    #6616,#6617,#6618,#6619,#6620,#6621,#6622,#6623,#6624,#6625,#6626,
    #6627,#6628,#6629,#6630,#6631,#6632,#6633,#6634,#6635,#6636,#6637,
    #6638,#6639,#6640,#6641,#6642,#6643,#6644,#6645,#6646,#6647,#6648,
    #6649,#6650,#6651,#6652,#6653,#6654,#6655,#6656,#6657,#6658,#6659,
    #6660,#6661,#6662,#6663,#6664,#6665,#6666,#6667,#6668,#6669,#6670,
    #6671,#6672,#6673,#6674,#6675,#6676,#6677),.UNSPECIFIED.,.F.,.F.,(1,
    1,2,1,1,1,1,1,1,1,1,1,1,1,1,1,1,1,1,1,1,1,1,1,1,1,1,1,1,1,1,1,1,1,1,
    1,1,1,1,1,1,1,1,1,1,1,1,1,1,1,1,1,1,1,1,1,1,1,1,1,1,1,1,1,1,1,2,1,1)
  ,(-16.55111205002,-10.4497145323,0.,10.449714532303,16.551112050026,
    21.623845717781,26.111657618789,30.211686019844,34.045615707402,
    37.705887886612,41.27312963602,44.824037194721,48.435836863325,
    52.190533522108,56.182180347249,60.533259972563,65.438891306907,
    71.331755127246,81.420197284911,91.508639444051,97.40150326439,
    102.30713459873,106.65821422404,110.64986104918,114.40455770797,
    118.01635737657,121.56726493527,125.13450668468,128.79477886389,
    132.62870855145,136.7287369525,141.21654885351,146.28928252127,
    152.39068003899,162.84039457008,173.2901091036,179.39150662132,
    184.46424028907,188.95205219008,193.05208059114,196.88601027869,
    200.5462824579,204.11352420731,207.66443176601,211.27623143462,
    215.0309280934,219.02257491854,223.37365454386,228.2792858782,
    234.17214969854,244.26059185541,254.34903401534,260.24189783568,
    265.14752917003,269.49860879534,273.49025562048,277.24495227926,
    280.85675194787,284.40765950657,287.97490125598,291.63517343519,
    295.46910312275,299.5691315238,304.05694342481,309.12967709256,
    315.23107461029,325.68078914259,336.13050367489,342.23190119261),
  .UNSPECIFIED.);
#6611 = CARTESIAN_POINT('',(-3.472076734733,-47.45422282879));
#6612 = CARTESIAN_POINT('',(3.472079898299,-47.44578049919));
#6613 = CARTESIAN_POINT('',(9.006112291266,-47.45174844783));
#6614 = CARTESIAN_POINT('',(16.198860593519,-46.94903092633));
#6615 = CARTESIAN_POINT('',(21.370003448493,-46.18577618188));
#6616 = CARTESIAN_POINT('',(25.803397342775,-45.1172857503));
#6617 = CARTESIAN_POINT('',(29.716761410082,-43.74035318393));
#6618 = CARTESIAN_POINT('',(33.20291494726,-42.0516705113));
#6619 = CARTESIAN_POINT('',(36.309135314603,-40.0471789527));
#6620 = CARTESIAN_POINT('',(39.060870284884,-37.72129658565));
#6621 = CARTESIAN_POINT('',(41.472170258288,-35.06567670285));
#6622 = CARTESIAN_POINT('',(43.551117067181,-32.06652264788));
#6623 = CARTESIAN_POINT('',(45.302868226192,-28.69941271456));
#6624 = CARTESIAN_POINT('',(46.731213696436,-24.91917578349));
#6625 = CARTESIAN_POINT('',(47.839335699391,-20.63645741163));
#6626 = CARTESIAN_POINT('',(48.630955169676,-15.64241693792));
#6627 = CARTESIAN_POINT('',(49.150629820303,-8.692788486341));
#6628 = CARTESIAN_POINT('',(49.149604996676,-1.664237865431E-06));
#6629 = CARTESIAN_POINT('',(49.150629820298,8.692785157843));
#6630 = CARTESIAN_POINT('',(48.630955169753,15.642413609957));
#6631 = CARTESIAN_POINT('',(47.839335699163,20.636454083563));
#6632 = CARTESIAN_POINT('',(46.731213697159,24.91917245575));
#6633 = CARTESIAN_POINT('',(45.30286822379,28.699409385735));
#6634 = CARTESIAN_POINT('',(43.551117075447,32.066519322756));
#6635 = CARTESIAN_POINT('',(41.472170228888,35.065673364652));
#6636 = CARTESIAN_POINT('',(39.060870392914,37.721293295161));
#6637 = CARTESIAN_POINT('',(36.30913490462,40.047175482383));
#6638 = CARTESIAN_POINT('',(33.202916553308,42.051667740874));
#6639 = CARTESIAN_POINT('',(29.71675491858,43.74034760231));
#6640 = CARTESIAN_POINT('',(25.803424453848,45.11729183437));
#6641 = CARTESIAN_POINT('',(21.36988563199,46.185731951931));
#6642 = CARTESIAN_POINT('',(16.199406402087,46.949217084881));
#6643 = CARTESIAN_POINT('',(9.002858508212,47.450615514645));
#6644 = CARTESIAN_POINT('',(1.582187223903E-06,47.449608673915));
#6645 = CARTESIAN_POINT('',(-9.002855343839,47.450615514696));
#6646 = CARTESIAN_POINT('',(-16.19940323852,46.949217084882));
#6647 = CARTESIAN_POINT('',(-21.36988246842,46.185731951931));
#6648 = CARTESIAN_POINT('',(-25.80342129028,45.11729183437));
#6649 = CARTESIAN_POINT('',(-29.71675175501,43.74034760231));
#6650 = CARTESIAN_POINT('',(-33.20291338974,42.051667740874));
#6651 = CARTESIAN_POINT('',(-36.30913174105,40.047175482383));
#6652 = CARTESIAN_POINT('',(-39.06086722934,37.721293295161));
#6653 = CARTESIAN_POINT('',(-41.47216706532,35.065673364652));
#6654 = CARTESIAN_POINT('',(-43.55111391188,32.066519322756));
#6655 = CARTESIAN_POINT('',(-45.30286506022,28.699409385735));
#6656 = CARTESIAN_POINT('',(-46.73121053359,24.91917245575));
#6657 = CARTESIAN_POINT('',(-47.83933253559,20.636454083563));
#6658 = CARTESIAN_POINT('',(-48.63095200618,15.642413609957));
#6659 = CARTESIAN_POINT('',(-49.15062665668,8.692785158599));
#6660 = CARTESIAN_POINT('',(-49.14960183311,-1.663489976714E-06));
#6661 = CARTESIAN_POINT('',(-49.15062665678,-8.692788485558));
#6662 = CARTESIAN_POINT('',(-48.63095200611,-15.64241693797));
#6663 = CARTESIAN_POINT('',(-47.83933253582,-20.63645741147));
#6664 = CARTESIAN_POINT('',(-46.73121053287,-24.91917578399));
#6665 = CARTESIAN_POINT('',(-45.30286506262,-28.69941271289));
#6666 = CARTESIAN_POINT('',(-43.55111390361,-32.06652265361));
#6667 = CARTESIAN_POINT('',(-41.47216709472,-35.06567668243));
#6668 = CARTESIAN_POINT('',(-39.06086712131,-37.72129666065));
#6669 = CARTESIAN_POINT('',(-36.30913215103,-40.04717866804));
#6670 = CARTESIAN_POINT('',(-33.20291178369,-42.05167162643));
#6671 = CARTESIAN_POINT('',(-29.71675824651,-43.74034867667));
#6672 = CARTESIAN_POINT('',(-25.8033941792,-45.11730457442));
#6673 = CARTESIAN_POINT('',(-21.37000028492,-46.18569437796));
#6674 = CARTESIAN_POINT('',(-16.19885742995,-46.94940989941));
#6675 = CARTESIAN_POINT('',(-9.0061091277,-47.44948923749));
#6676 = CARTESIAN_POINT('',(-3.472076734733,-47.45422282879));
#6677 = CARTESIAN_POINT('',(3.472079898299,-47.44578049919));
#6678 = ( GEOMETRIC_REPRESENTATION_CONTEXT(2) 
PARAMETRIC_REPRESENTATION_CONTEXT() REPRESENTATION_CONTEXT('2D SPACE',''
  ) );
#6679 = ADVANCED_FACE('',(#6680,#6683),#6604,.F.);
#6680 = FACE_BOUND('',#6681,.F.);
#6681 = EDGE_LOOP('',(#6682));
#6682 = ORIENTED_EDGE('',*,*,#6526,.T.);
#6683 = FACE_BOUND('',#6684,.F.);
#6684 = EDGE_LOOP('',(#6685));
#6685 = ORIENTED_EDGE('',*,*,#6686,.F.);
#6686 = EDGE_CURVE('',#6687,#6687,#6689,.T.);
#6687 = VERTEX_POINT('',#6688);
#6688 = CARTESIAN_POINT('',(-205.,46.25,-29.8));
#6689 = SURFACE_CURVE('',#6690,(#6758,#6829),.PCURVE_S1.);
#6690 = B_SPLINE_CURVE_WITH_KNOTS('',3,(#6691,#6692,#6693,#6694,#6695,
    #6696,#6697,#6698,#6699,#6700,#6701,#6702,#6703,#6704,#6705,#6706,
    #6707,#6708,#6709,#6710,#6711,#6712,#6713,#6714,#6715,#6716,#6717,
    #6718,#6719,#6720,#6721,#6722,#6723,#6724,#6725,#6726,#6727,#6728,
    #6729,#6730,#6731,#6732,#6733,#6734,#6735,#6736,#6737,#6738,#6739,
    #6740,#6741,#6742,#6743,#6744,#6745,#6746,#6747,#6748,#6749,#6750,
    #6751,#6752,#6753,#6754,#6755,#6756,#6757),.UNSPECIFIED.,.T.,.F.,(1,
    1,2,1,1,1,1,1,1,1,1,1,1,1,1,1,1,1,1,1,1,1,1,1,1,1,1,1,1,1,1,1,1,1,1,
    1,1,1,1,1,1,1,1,1,1,1,1,1,1,1,1,1,1,1,1,1,1,1,1,1,1,1,1,1,1,1,2,1,1)
  ,(-16.14698380566,-10.19458222285,0.,10.194582222852,16.146983805666,
    21.095766238372,25.473785948345,29.473309724924,33.212989712799,
    36.782949692404,40.261794416707,43.72430507857,47.245792879254,
    50.906240248553,54.797382813547,59.038670496181,63.82035072162,
    69.564218646999,79.39752849787,89.230838350178,94.974706275557,
    99.756386500997,103.99767418363,107.88881674862,111.54926411792,
    115.0707519186,118.53326258047,122.01210730477,125.58206728437,
    129.32174727225,133.32127104883,137.6992907588,142.64807319151,
    148.60047477432,158.79505699599,168.98963922003,174.94204080284,
    179.89082323554,184.26884294552,188.2683667221,192.00804670997,
    195.57800668958,199.05685141388,202.51936207574,206.04084987643,
    209.70129724573,213.59243981072,217.83372749335,222.61540771879,
    228.35927564417,238.19258549427,248.02589534735,253.76976327273,
    258.55144349817,262.7927311808,266.6838737458,270.3443211151,
    273.86580891578,277.32831957764,280.80716430195,284.37712428155,
    288.11680426943,292.11632804601,296.49434775598,301.44313018868,
    307.3955317715,317.59011399435,327.7846962172,333.73709780002),
  .UNSPECIFIED.);
#6691 = CARTESIAN_POINT('',(-205.,46.254121579264,-33.1873251968));
#6692 = CARTESIAN_POINT('',(-205.,46.245878420736,-26.41267480319));
#6693 = CARTESIAN_POINT('',(-205.,46.251704644561,-21.01379524505));
#6694 = CARTESIAN_POINT('',(-205.,45.761701995966,-13.99667588527));
#6695 = CARTESIAN_POINT('',(-205.,45.01775893701,-8.951816907875));
#6696 = CARTESIAN_POINT('',(-205.,43.976306200131,-4.626695399188));
#6697 = CARTESIAN_POINT('',(-205.,42.634219813693,-0.808905102455));
#6698 = CARTESIAN_POINT('',(-205.,40.988273945872,2.592113034395));
#6699 = CARTESIAN_POINT('',(-205.,39.034507949454,5.622487537885));
#6700 = CARTESIAN_POINT('',(-205.,36.767473830599,8.307047808706));
#6701 = CARTESIAN_POINT('',(-205.,34.179028589764,10.659499369112));
#6702 = CARTESIAN_POINT('',(-205.,31.255720404772,12.68772045023));
#6703 = CARTESIAN_POINT('',(-205.,27.973746207258,14.39673481648));
#6704 = CARTESIAN_POINT('',(-205.,24.289082265049,15.790233862885));
#6705 = CARTESIAN_POINT('',(-205.,20.114640108952,16.871319427013));
#6706 = CARTESIAN_POINT('',(-205.,15.246866177052,17.643621821989));
#6707 = CARTESIAN_POINT('',(-205.,8.472965767648,18.150612752503));
#6708 = CARTESIAN_POINT('',(-205.,2.350854669055E-10,18.149613191473));
#6709 = CARTESIAN_POINT('',(-205.,-8.472965767156,18.150612752498));
#6710 = CARTESIAN_POINT('',(-205.,-15.24686617707,17.643621822064));
#6711 = CARTESIAN_POINT('',(-205.,-20.11464010887,16.871319426791));
#6712 = CARTESIAN_POINT('',(-205.,-24.28908226529,15.790233863588));
#6713 = CARTESIAN_POINT('',(-205.,-27.97374620644,14.396734814143));
#6714 = CARTESIAN_POINT('',(-205.,-31.25572040757,12.687720458272));
#6715 = CARTESIAN_POINT('',(-205.,-34.1790285798,10.659499340504));
#6716 = CARTESIAN_POINT('',(-205.,-36.76747386719,8.307047913846));
#6717 = CARTESIAN_POINT('',(-205.,-39.03450781055,5.622487138801));
#6718 = CARTESIAN_POINT('',(-205.,-40.98827449008,2.592114597992));
#6719 = CARTESIAN_POINT('',(-205.,-42.63421761372,-0.808911423206));
#6720 = CARTESIAN_POINT('',(-205.,-43.97631538895,-4.626668998632));
#6721 = CARTESIAN_POINT('',(-205.,-45.01771900248,-8.951931644356));
#6722 = CARTESIAN_POINT('',(-205.,-45.76188700792,-13.99614432462));
#6723 = CARTESIAN_POINT('',(-205.,-46.25060169351,-21.01696414985));
#6724 = CARTESIAN_POINT('',(-205.,-46.24962011392,-29.7999999996));
#6725 = CARTESIAN_POINT('',(-205.,-46.25060169356,-38.58303584936));
#6726 = CARTESIAN_POINT('',(-205.,-45.76188700792,-45.60385567537));
#6727 = CARTESIAN_POINT('',(-205.,-45.01771900248,-50.64806835564));
#6728 = CARTESIAN_POINT('',(-205.,-43.97631538895,-54.97333100136));
#6729 = CARTESIAN_POINT('',(-205.,-42.63421761372,-58.79108857679));
#6730 = CARTESIAN_POINT('',(-205.,-40.98827449008,-62.19211459799));
#6731 = CARTESIAN_POINT('',(-205.,-39.03450781055,-65.2224871388));
#6732 = CARTESIAN_POINT('',(-205.,-36.76747386719,-67.90704791384));
#6733 = CARTESIAN_POINT('',(-205.,-34.1790285798,-70.2594993405));
#6734 = CARTESIAN_POINT('',(-205.,-31.25572040757,-72.28772045827));
#6735 = CARTESIAN_POINT('',(-205.,-27.97374620644,-73.99673481414));
#6736 = CARTESIAN_POINT('',(-205.,-24.28908226529,-75.39023386358));
#6737 = CARTESIAN_POINT('',(-205.,-20.11464010887,-76.47131942679));
#6738 = CARTESIAN_POINT('',(-205.,-15.24686617707,-77.24362182206));
#6739 = CARTESIAN_POINT('',(-205.,-8.472965767894,-77.75061275244));
#6740 = CARTESIAN_POINT('',(-205.,-4.93876612943E-10,-77.74961319147));
#6741 = CARTESIAN_POINT('',(-205.,8.472965766885,-77.75061275255));
#6742 = CARTESIAN_POINT('',(-205.,15.246866177104,-77.24362182199));
#6743 = CARTESIAN_POINT('',(-205.,20.114640108798,-76.47131942701));
#6744 = CARTESIAN_POINT('',(-205.,24.289082265539,-75.39023386288));
#6745 = CARTESIAN_POINT('',(-205.,27.973746205631,-73.99673481648));
#6746 = CARTESIAN_POINT('',(-205.,31.255720410371,-72.28772045023));
#6747 = CARTESIAN_POINT('',(-205.,34.179028569849,-70.25949936911));
#6748 = CARTESIAN_POINT('',(-205.,36.767473903788,-67.9070478087));
#6749 = CARTESIAN_POINT('',(-205.,39.034507671649,-65.22248753788));
#6750 = CARTESIAN_POINT('',(-205.,40.988275034305,-62.19211303439));
#6751 = CARTESIAN_POINT('',(-205.,42.634215413765,-58.79109489754));
#6752 = CARTESIAN_POINT('',(-205.,43.976324577784,-54.97330460081));
#6753 = CARTESIAN_POINT('',(-205.,45.017679067963,-50.64818309212));
#6754 = CARTESIAN_POINT('',(-205.,45.762072019885,-45.60332411472));
#6755 = CARTESIAN_POINT('',(-205.,46.249498742519,-38.58620475494));
#6756 = CARTESIAN_POINT('',(-205.,46.254121579264,-33.1873251968));
#6757 = CARTESIAN_POINT('',(-205.,46.245878420736,-26.41267480319));
#6758 = PCURVE('',#6604,#6759);
#6759 = DEFINITIONAL_REPRESENTATION('',(#6760),#6828);
#6760 = B_SPLINE_CURVE_WITH_KNOTS('',3,(#6761,#6762,#6763,#6764,#6765,
    #6766,#6767,#6768,#6769,#6770,#6771,#6772,#6773,#6774,#6775,#6776,
    #6777,#6778,#6779,#6780,#6781,#6782,#6783,#6784,#6785,#6786,#6787,
    #6788,#6789,#6790,#6791,#6792,#6793,#6794,#6795,#6796,#6797,#6798,
    #6799,#6800,#6801,#6802,#6803,#6804,#6805,#6806,#6807,#6808,#6809,
    #6810,#6811,#6812,#6813,#6814,#6815,#6816,#6817,#6818,#6819,#6820,
    #6821,#6822,#6823,#6824,#6825,#6826,#6827),.UNSPECIFIED.,.F.,.F.,(1,
    1,2,1,1,1,1,1,1,1,1,1,1,1,1,1,1,1,1,1,1,1,1,1,1,1,1,1,1,1,1,1,1,1,1,
    1,1,1,1,1,1,1,1,1,1,1,1,1,1,1,1,1,1,1,1,1,1,1,1,1,1,1,1,1,1,1,2,1,1)
  ,(-16.14698380566,-10.19458222285,0.,10.194582222852,16.146983805666,
    21.095766238372,25.473785948345,29.473309724924,33.212989712799,
    36.782949692404,40.261794416707,43.72430507857,47.245792879254,
    50.906240248553,54.797382813547,59.038670496181,63.82035072162,
    69.564218646999,79.39752849787,89.230838350178,94.974706275557,
    99.756386500997,103.99767418363,107.88881674862,111.54926411792,
    115.0707519186,118.53326258047,122.01210730477,125.58206728437,
    129.32174727225,133.32127104883,137.6992907588,142.64807319151,
    148.60047477432,158.79505699599,168.98963922003,174.94204080284,
    179.89082323554,184.26884294552,188.2683667221,192.00804670997,
    195.57800668958,199.05685141388,202.51936207574,206.04084987643,
    209.70129724573,213.59243981072,217.83372749335,222.61540771879,
    228.35927564417,238.19258549427,248.02589534735,253.76976327273,
    258.55144349817,262.7927311808,266.6838737458,270.3443211151,
    273.86580891578,277.32831957764,280.80716430195,284.37712428155,
    288.11680426943,292.11632804601,296.49434775598,301.44313018868,
    307.3955317715,317.59011399435,327.7846962172,333.73709780002),
  .UNSPECIFIED.);
#6761 = CARTESIAN_POINT('',(-3.387323615022,-46.25412324326));
#6762 = CARTESIAN_POINT('',(3.387326778588,-46.24588008473));
#6763 = CARTESIAN_POINT('',(8.786206336728,-46.25170630855));
#6764 = CARTESIAN_POINT('',(15.803325696508,-45.76170365996));
#6765 = CARTESIAN_POINT('',(20.848184673908,-45.017760601));
#6766 = CARTESIAN_POINT('',(25.173306182595,-43.97630786412));
#6767 = CARTESIAN_POINT('',(28.991096479328,-42.63422147769));
#6768 = CARTESIAN_POINT('',(32.392114616178,-40.98827560986));
#6769 = CARTESIAN_POINT('',(35.422489119668,-39.03450961345));
#6770 = CARTESIAN_POINT('',(38.107049390489,-36.76747549459));
#6771 = CARTESIAN_POINT('',(40.459500950895,-34.17903025376));
#6772 = CARTESIAN_POINT('',(42.487722032013,-31.25572206876));
#6773 = CARTESIAN_POINT('',(44.196736398263,-27.97374787125));
#6774 = CARTESIAN_POINT('',(45.590235444668,-24.28908392904));
#6775 = CARTESIAN_POINT('',(46.671321008796,-20.11464177294));
#6776 = CARTESIAN_POINT('',(47.443623403772,-15.24686784104));
#6777 = CARTESIAN_POINT('',(47.950614334286,-8.472967431645));
#6778 = CARTESIAN_POINT('',(47.949614773256,-1.664231771159E-06));
#6779 = CARTESIAN_POINT('',(47.950614334281,8.472964103159));
#6780 = CARTESIAN_POINT('',(47.443623403847,15.246864513082));
#6781 = CARTESIAN_POINT('',(46.671321008574,20.114638444878));
#6782 = CARTESIAN_POINT('',(45.590235445371,24.289080601297));
#6783 = CARTESIAN_POINT('',(44.196736395926,27.973744542448));
#6784 = CARTESIAN_POINT('',(42.487722040055,31.255718743575));
#6785 = CARTESIAN_POINT('',(40.459500922287,34.17902691581));
#6786 = CARTESIAN_POINT('',(38.107049495629,36.767472203197));
#6787 = CARTESIAN_POINT('',(35.422488720585,39.034506146555));
#6788 = CARTESIAN_POINT('',(32.392116179775,40.988272826092));
#6789 = CARTESIAN_POINT('',(28.991090158578,42.634215949732));
#6790 = CARTESIAN_POINT('',(25.173332583151,43.976313724961));
#6791 = CARTESIAN_POINT('',(20.848069937427,45.01771733849));
#6792 = CARTESIAN_POINT('',(15.803857257156,45.761885343928));
#6793 = CARTESIAN_POINT('',(8.78303743193,46.250600029518));
#6794 = CARTESIAN_POINT('',(1.582177347359E-06,46.249618449931));
#6795 = CARTESIAN_POINT('',(-8.783034267577,46.250600029568));
#6796 = CARTESIAN_POINT('',(-15.80385409359,45.761885343929));
#6797 = CARTESIAN_POINT('',(-20.84806677386,45.01771733849));
#6798 = CARTESIAN_POINT('',(-25.17332941958,43.976313724961));
#6799 = CARTESIAN_POINT('',(-28.99108699501,42.634215949732));
#6800 = CARTESIAN_POINT('',(-32.3921130162,40.988272826092));
#6801 = CARTESIAN_POINT('',(-35.42248555701,39.034506146555));
#6802 = CARTESIAN_POINT('',(-38.10704633206,36.767472203197));
#6803 = CARTESIAN_POINT('',(-40.45949775872,34.17902691581));
#6804 = CARTESIAN_POINT('',(-42.48771887648,31.255718743575));
#6805 = CARTESIAN_POINT('',(-44.19673323236,27.973744542448));
#6806 = CARTESIAN_POINT('',(-45.5902322818,24.289080601297));
#6807 = CARTESIAN_POINT('',(-46.671317845,20.114638444878));
#6808 = CARTESIAN_POINT('',(-47.44362024028,15.246864513081));
#6809 = CARTESIAN_POINT('',(-47.95061117066,8.472964103897));
#6810 = CARTESIAN_POINT('',(-47.94961160968,-1.66350280908E-06));
#6811 = CARTESIAN_POINT('',(-47.95061117077,-8.472967430881));
#6812 = CARTESIAN_POINT('',(-47.4436202402,-15.2468678411));
#6813 = CARTESIAN_POINT('',(-46.67131784523,-20.11464177279));
#6814 = CARTESIAN_POINT('',(-45.5902322811,-24.28908392953));
#6815 = CARTESIAN_POINT('',(-44.19673323469,-27.97374786962));
#6816 = CARTESIAN_POINT('',(-42.48771886844,-31.25572207436));
#6817 = CARTESIAN_POINT('',(-40.45949778732,-34.17903023384));
#6818 = CARTESIAN_POINT('',(-38.10704622692,-36.76747556778));
#6819 = CARTESIAN_POINT('',(-35.4224859561,-39.03450933564));
#6820 = CARTESIAN_POINT('',(-32.39211145261,-40.9882766983));
#6821 = CARTESIAN_POINT('',(-28.99109331576,-42.63421707776));
#6822 = CARTESIAN_POINT('',(-25.17330301902,-43.97632624178));
#6823 = CARTESIAN_POINT('',(-20.84818151034,-45.01768073196));
#6824 = CARTESIAN_POINT('',(-15.80332253294,-45.76207368388));
#6825 = CARTESIAN_POINT('',(-8.786203173162,-46.24950040651));
#6826 = CARTESIAN_POINT('',(-3.387323615022,-46.25412324326));
#6827 = CARTESIAN_POINT('',(3.387326778588,-46.24588008473));
#6828 = ( GEOMETRIC_REPRESENTATION_CONTEXT(2) 
PARAMETRIC_REPRESENTATION_CONTEXT() REPRESENTATION_CONTEXT('2D SPACE',''
  ) );
#6829 = PCURVE('',#6830,#6901);
#6830 = SURFACE_OF_LINEAR_EXTRUSION('',#6831,#6899);
#6831 = B_SPLINE_CURVE_WITH_KNOTS('',3,(#6832,#6833,#6834,#6835,#6836,
    #6837,#6838,#6839,#6840,#6841,#6842,#6843,#6844,#6845,#6846,#6847,
    #6848,#6849,#6850,#6851,#6852,#6853,#6854,#6855,#6856,#6857,#6858,
    #6859,#6860,#6861,#6862,#6863,#6864,#6865,#6866,#6867,#6868,#6869,
    #6870,#6871,#6872,#6873,#6874,#6875,#6876,#6877,#6878,#6879,#6880,
    #6881,#6882,#6883,#6884,#6885,#6886,#6887,#6888,#6889,#6890,#6891,
    #6892,#6893,#6894,#6895,#6896,#6897,#6898),.UNSPECIFIED.,.T.,.F.,(1,
    1,2,1,1,1,1,1,1,1,1,1,1,1,1,1,1,1,1,1,1,1,1,1,1,1,1,1,1,1,1,1,1,1,1,
    1,1,1,1,1,1,1,1,1,1,1,1,1,1,1,1,1,1,1,1,1,1,1,1,1,1,1,1,1,1,1,2,1,1)
  ,(-16.14698380566,-10.19458222285,0.,10.194582222852,16.146983805666,
    21.095766238372,25.473785948345,29.473309724924,33.212989712799,
    36.782949692404,40.261794416707,43.72430507857,47.245792879254,
    50.906240248553,54.797382813547,59.038670496181,63.82035072162,
    69.564218646999,79.39752849787,89.230838350178,94.974706275557,
    99.756386500997,103.99767418363,107.88881674862,111.54926411792,
    115.0707519186,118.53326258047,122.01210730477,125.58206728437,
    129.32174727225,133.32127104883,137.6992907588,142.64807319151,
    148.60047477432,158.79505699599,168.98963922003,174.94204080284,
    179.89082323554,184.26884294552,188.2683667221,192.00804670997,
    195.57800668958,199.05685141388,202.51936207574,206.04084987643,
    209.70129724573,213.59243981072,217.83372749335,222.61540771879,
    228.35927564417,238.19258549427,248.02589534735,253.76976327273,
    258.55144349817,262.7927311808,266.6838737458,270.3443211151,
    273.86580891578,277.32831957764,280.80716430195,284.37712428155,
    288.11680426943,292.11632804601,296.49434775598,301.44313018868,
    307.3955317715,317.59011399435,327.7846962172,333.73709780002),
  .UNSPECIFIED.);
#6832 = CARTESIAN_POINT('',(-205.,46.254121579264,-33.1873251968));
#6833 = CARTESIAN_POINT('',(-205.,46.245878420736,-26.41267480319));
#6834 = CARTESIAN_POINT('',(-205.,46.251704644561,-21.01379524505));
#6835 = CARTESIAN_POINT('',(-205.,45.761701995966,-13.99667588527));
#6836 = CARTESIAN_POINT('',(-205.,45.01775893701,-8.951816907875));
#6837 = CARTESIAN_POINT('',(-205.,43.976306200131,-4.626695399188));
#6838 = CARTESIAN_POINT('',(-205.,42.634219813693,-0.808905102455));
#6839 = CARTESIAN_POINT('',(-205.,40.988273945872,2.592113034395));
#6840 = CARTESIAN_POINT('',(-205.,39.034507949454,5.622487537885));
#6841 = CARTESIAN_POINT('',(-205.,36.767473830599,8.307047808706));
#6842 = CARTESIAN_POINT('',(-205.,34.179028589764,10.659499369112));
#6843 = CARTESIAN_POINT('',(-205.,31.255720404772,12.68772045023));
#6844 = CARTESIAN_POINT('',(-205.,27.973746207258,14.39673481648));
#6845 = CARTESIAN_POINT('',(-205.,24.289082265049,15.790233862885));
#6846 = CARTESIAN_POINT('',(-205.,20.114640108952,16.871319427013));
#6847 = CARTESIAN_POINT('',(-205.,15.246866177052,17.643621821989));
#6848 = CARTESIAN_POINT('',(-205.,8.472965767648,18.150612752503));
#6849 = CARTESIAN_POINT('',(-205.,2.350854669055E-10,18.149613191473));
#6850 = CARTESIAN_POINT('',(-205.,-8.472965767156,18.150612752498));
#6851 = CARTESIAN_POINT('',(-205.,-15.24686617707,17.643621822064));
#6852 = CARTESIAN_POINT('',(-205.,-20.11464010887,16.871319426791));
#6853 = CARTESIAN_POINT('',(-205.,-24.28908226529,15.790233863588));
#6854 = CARTESIAN_POINT('',(-205.,-27.97374620644,14.396734814143));
#6855 = CARTESIAN_POINT('',(-205.,-31.25572040757,12.687720458272));
#6856 = CARTESIAN_POINT('',(-205.,-34.1790285798,10.659499340504));
#6857 = CARTESIAN_POINT('',(-205.,-36.76747386719,8.307047913846));
#6858 = CARTESIAN_POINT('',(-205.,-39.03450781055,5.622487138801));
#6859 = CARTESIAN_POINT('',(-205.,-40.98827449008,2.592114597992));
#6860 = CARTESIAN_POINT('',(-205.,-42.63421761372,-0.808911423206));
#6861 = CARTESIAN_POINT('',(-205.,-43.97631538895,-4.626668998632));
#6862 = CARTESIAN_POINT('',(-205.,-45.01771900248,-8.951931644356));
#6863 = CARTESIAN_POINT('',(-205.,-45.76188700792,-13.99614432462));
#6864 = CARTESIAN_POINT('',(-205.,-46.25060169351,-21.01696414985));
#6865 = CARTESIAN_POINT('',(-205.,-46.24962011392,-29.7999999996));
#6866 = CARTESIAN_POINT('',(-205.,-46.25060169356,-38.58303584936));
#6867 = CARTESIAN_POINT('',(-205.,-45.76188700792,-45.60385567537));
#6868 = CARTESIAN_POINT('',(-205.,-45.01771900248,-50.64806835564));
#6869 = CARTESIAN_POINT('',(-205.,-43.97631538895,-54.97333100136));
#6870 = CARTESIAN_POINT('',(-205.,-42.63421761372,-58.79108857679));
#6871 = CARTESIAN_POINT('',(-205.,-40.98827449008,-62.19211459799));
#6872 = CARTESIAN_POINT('',(-205.,-39.03450781055,-65.2224871388));
#6873 = CARTESIAN_POINT('',(-205.,-36.76747386719,-67.90704791384));
#6874 = CARTESIAN_POINT('',(-205.,-34.1790285798,-70.2594993405));
#6875 = CARTESIAN_POINT('',(-205.,-31.25572040757,-72.28772045827));
#6876 = CARTESIAN_POINT('',(-205.,-27.97374620644,-73.99673481414));
#6877 = CARTESIAN_POINT('',(-205.,-24.28908226529,-75.39023386358));
#6878 = CARTESIAN_POINT('',(-205.,-20.11464010887,-76.47131942679));
#6879 = CARTESIAN_POINT('',(-205.,-15.24686617707,-77.24362182206));
#6880 = CARTESIAN_POINT('',(-205.,-8.472965767894,-77.75061275244));
#6881 = CARTESIAN_POINT('',(-205.,-4.93876612943E-10,-77.74961319147));
#6882 = CARTESIAN_POINT('',(-205.,8.472965766885,-77.75061275255));
#6883 = CARTESIAN_POINT('',(-205.,15.246866177104,-77.24362182199));
#6884 = CARTESIAN_POINT('',(-205.,20.114640108798,-76.47131942701));
#6885 = CARTESIAN_POINT('',(-205.,24.289082265539,-75.39023386288));
#6886 = CARTESIAN_POINT('',(-205.,27.973746205631,-73.99673481648));
#6887 = CARTESIAN_POINT('',(-205.,31.255720410371,-72.28772045023));
#6888 = CARTESIAN_POINT('',(-205.,34.179028569849,-70.25949936911));
#6889 = CARTESIAN_POINT('',(-205.,36.767473903788,-67.9070478087));
#6890 = CARTESIAN_POINT('',(-205.,39.034507671649,-65.22248753788));
#6891 = CARTESIAN_POINT('',(-205.,40.988275034305,-62.19211303439));
#6892 = CARTESIAN_POINT('',(-205.,42.634215413765,-58.79109489754));
#6893 = CARTESIAN_POINT('',(-205.,43.976324577784,-54.97330460081));
#6894 = CARTESIAN_POINT('',(-205.,45.017679067963,-50.64818309212));
#6895 = CARTESIAN_POINT('',(-205.,45.762072019885,-45.60332411472));
#6896 = CARTESIAN_POINT('',(-205.,46.249498742519,-38.58620475494));
#6897 = CARTESIAN_POINT('',(-205.,46.254121579264,-33.1873251968));
#6898 = CARTESIAN_POINT('',(-205.,46.245878420736,-26.41267480319));
#6899 = VECTOR('',#6900,1.);
#6900 = DIRECTION('',(-1.,-0.,-0.));
#6901 = DEFINITIONAL_REPRESENTATION('',(#6902),#6906);
#6902 = LINE('',#6903,#6904);
#6903 = CARTESIAN_POINT('',(0.,0.));
#6904 = VECTOR('',#6905,1.);
#6905 = DIRECTION('',(1.,0.));
#6906 = ( GEOMETRIC_REPRESENTATION_CONTEXT(2) 
PARAMETRIC_REPRESENTATION_CONTEXT() REPRESENTATION_CONTEXT('2D SPACE',''
  ) );
#6907 = ADVANCED_FACE('',(#6908,#6911),#6449,.T.);
#6908 = FACE_BOUND('',#6909,.T.);
#6909 = EDGE_LOOP('',(#6910));
#6910 = ORIENTED_EDGE('',*,*,#6371,.T.);
#6911 = FACE_BOUND('',#6912,.T.);
#6912 = EDGE_LOOP('',(#6913));
#6913 = ORIENTED_EDGE('',*,*,#6914,.F.);
#6914 = EDGE_CURVE('',#6915,#6915,#6917,.T.);
#6915 = VERTEX_POINT('',#6916);
#6916 = CARTESIAN_POINT('',(-195.,46.25,-29.8));
#6917 = SURFACE_CURVE('',#6918,(#6986,#7057),.PCURVE_S1.);
#6918 = B_SPLINE_CURVE_WITH_KNOTS('',3,(#6919,#6920,#6921,#6922,#6923,
    #6924,#6925,#6926,#6927,#6928,#6929,#6930,#6931,#6932,#6933,#6934,
    #6935,#6936,#6937,#6938,#6939,#6940,#6941,#6942,#6943,#6944,#6945,
    #6946,#6947,#6948,#6949,#6950,#6951,#6952,#6953,#6954,#6955,#6956,
    #6957,#6958,#6959,#6960,#6961,#6962,#6963,#6964,#6965,#6966,#6967,
    #6968,#6969,#6970,#6971,#6972,#6973,#6974,#6975,#6976,#6977,#6978,
    #6979,#6980,#6981,#6982,#6983,#6984,#6985),.UNSPECIFIED.,.T.,.F.,(1,
    1,2,1,1,1,1,1,1,1,1,1,1,1,1,1,1,1,1,1,1,1,1,1,1,1,1,1,1,1,1,1,1,1,1,
    1,1,1,1,1,1,1,1,1,1,1,1,1,1,1,1,1,1,1,1,1,1,1,1,1,1,1,1,1,1,1,2,1,1)
  ,(-16.14698380566,-10.19458222285,0.,10.194582222852,16.146983805666,
    21.095766238372,25.473785948345,29.473309724924,33.212989712799,
    36.782949692404,40.261794416707,43.72430507857,47.245792879254,
    50.906240248553,54.797382813547,59.038670496181,63.82035072162,
    69.564218646999,79.39752849787,89.230838350178,94.974706275557,
    99.756386500997,103.99767418363,107.88881674862,111.54926411792,
    115.0707519186,118.53326258047,122.01210730477,125.58206728437,
    129.32174727225,133.32127104883,137.6992907588,142.64807319151,
    148.60047477432,158.79505699599,168.98963922003,174.94204080284,
    179.89082323554,184.26884294552,188.2683667221,192.00804670997,
    195.57800668958,199.05685141388,202.51936207574,206.04084987643,
    209.70129724573,213.59243981072,217.83372749335,222.61540771879,
    228.35927564417,238.19258549427,248.02589534735,253.76976327273,
    258.55144349817,262.7927311808,266.6838737458,270.3443211151,
    273.86580891578,277.32831957764,280.80716430195,284.37712428155,
    288.11680426943,292.11632804601,296.49434775598,301.44313018868,
    307.3955317715,317.59011399435,327.7846962172,333.73709780002),
  .UNSPECIFIED.);
#6919 = CARTESIAN_POINT('',(-195.,46.254121579264,-33.1873251968));
#6920 = CARTESIAN_POINT('',(-195.,46.245878420736,-26.41267480319));
#6921 = CARTESIAN_POINT('',(-195.,46.251704644561,-21.01379524505));
#6922 = CARTESIAN_POINT('',(-195.,45.761701995966,-13.99667588527));
#6923 = CARTESIAN_POINT('',(-195.,45.01775893701,-8.951816907875));
#6924 = CARTESIAN_POINT('',(-195.,43.976306200131,-4.626695399188));
#6925 = CARTESIAN_POINT('',(-195.,42.634219813693,-0.808905102455));
#6926 = CARTESIAN_POINT('',(-195.,40.988273945872,2.592113034395));
#6927 = CARTESIAN_POINT('',(-195.,39.034507949454,5.622487537885));
#6928 = CARTESIAN_POINT('',(-195.,36.767473830599,8.307047808706));
#6929 = CARTESIAN_POINT('',(-195.,34.179028589764,10.659499369112));
#6930 = CARTESIAN_POINT('',(-195.,31.255720404772,12.68772045023));
#6931 = CARTESIAN_POINT('',(-195.,27.973746207258,14.39673481648));
#6932 = CARTESIAN_POINT('',(-195.,24.289082265049,15.790233862885));
#6933 = CARTESIAN_POINT('',(-195.,20.114640108952,16.871319427013));
#6934 = CARTESIAN_POINT('',(-195.,15.246866177052,17.643621821989));
#6935 = CARTESIAN_POINT('',(-195.,8.472965767648,18.150612752503));
#6936 = CARTESIAN_POINT('',(-195.,2.350854669055E-10,18.149613191473));
#6937 = CARTESIAN_POINT('',(-195.,-8.472965767156,18.150612752498));
#6938 = CARTESIAN_POINT('',(-195.,-15.24686617707,17.643621822064));
#6939 = CARTESIAN_POINT('',(-195.,-20.11464010887,16.871319426791));
#6940 = CARTESIAN_POINT('',(-195.,-24.28908226529,15.790233863588));
#6941 = CARTESIAN_POINT('',(-195.,-27.97374620644,14.396734814143));
#6942 = CARTESIAN_POINT('',(-195.,-31.25572040757,12.687720458272));
#6943 = CARTESIAN_POINT('',(-195.,-34.1790285798,10.659499340504));
#6944 = CARTESIAN_POINT('',(-195.,-36.76747386719,8.307047913846));
#6945 = CARTESIAN_POINT('',(-195.,-39.03450781055,5.622487138801));
#6946 = CARTESIAN_POINT('',(-195.,-40.98827449008,2.592114597992));
#6947 = CARTESIAN_POINT('',(-195.,-42.63421761372,-0.808911423206));
#6948 = CARTESIAN_POINT('',(-195.,-43.97631538895,-4.626668998632));
#6949 = CARTESIAN_POINT('',(-195.,-45.01771900248,-8.951931644356));
#6950 = CARTESIAN_POINT('',(-195.,-45.76188700792,-13.99614432462));
#6951 = CARTESIAN_POINT('',(-195.,-46.25060169351,-21.01696414985));
#6952 = CARTESIAN_POINT('',(-195.,-46.24962011392,-29.7999999996));
#6953 = CARTESIAN_POINT('',(-195.,-46.25060169356,-38.58303584936));
#6954 = CARTESIAN_POINT('',(-195.,-45.76188700792,-45.60385567537));
#6955 = CARTESIAN_POINT('',(-195.,-45.01771900248,-50.64806835564));
#6956 = CARTESIAN_POINT('',(-195.,-43.97631538895,-54.97333100136));
#6957 = CARTESIAN_POINT('',(-195.,-42.63421761372,-58.79108857679));
#6958 = CARTESIAN_POINT('',(-195.,-40.98827449008,-62.19211459799));
#6959 = CARTESIAN_POINT('',(-195.,-39.03450781055,-65.2224871388));
#6960 = CARTESIAN_POINT('',(-195.,-36.76747386719,-67.90704791384));
#6961 = CARTESIAN_POINT('',(-195.,-34.1790285798,-70.2594993405));
#6962 = CARTESIAN_POINT('',(-195.,-31.25572040757,-72.28772045827));
#6963 = CARTESIAN_POINT('',(-195.,-27.97374620644,-73.99673481414));
#6964 = CARTESIAN_POINT('',(-195.,-24.28908226529,-75.39023386358));
#6965 = CARTESIAN_POINT('',(-195.,-20.11464010887,-76.47131942679));
#6966 = CARTESIAN_POINT('',(-195.,-15.24686617707,-77.24362182206));
#6967 = CARTESIAN_POINT('',(-195.,-8.472965767894,-77.75061275244));
#6968 = CARTESIAN_POINT('',(-195.,-4.93876612943E-10,-77.74961319147));
#6969 = CARTESIAN_POINT('',(-195.,8.472965766885,-77.75061275255));
#6970 = CARTESIAN_POINT('',(-195.,15.246866177104,-77.24362182199));
#6971 = CARTESIAN_POINT('',(-195.,20.114640108798,-76.47131942701));
#6972 = CARTESIAN_POINT('',(-195.,24.289082265539,-75.39023386288));
#6973 = CARTESIAN_POINT('',(-195.,27.973746205631,-73.99673481648));
#6974 = CARTESIAN_POINT('',(-195.,31.255720410371,-72.28772045023));
#6975 = CARTESIAN_POINT('',(-195.,34.179028569849,-70.25949936911));
#6976 = CARTESIAN_POINT('',(-195.,36.767473903788,-67.9070478087));
#6977 = CARTESIAN_POINT('',(-195.,39.034507671649,-65.22248753788));
#6978 = CARTESIAN_POINT('',(-195.,40.988275034305,-62.19211303439));
#6979 = CARTESIAN_POINT('',(-195.,42.634215413765,-58.79109489754));
#6980 = CARTESIAN_POINT('',(-195.,43.976324577784,-54.97330460081));
#6981 = CARTESIAN_POINT('',(-195.,45.017679067963,-50.64818309212));
#6982 = CARTESIAN_POINT('',(-195.,45.762072019885,-45.60332411472));
#6983 = CARTESIAN_POINT('',(-195.,46.249498742519,-38.58620475494));
#6984 = CARTESIAN_POINT('',(-195.,46.254121579264,-33.1873251968));
#6985 = CARTESIAN_POINT('',(-195.,46.245878420736,-26.41267480319));
#6986 = PCURVE('',#6449,#6987);
#6987 = DEFINITIONAL_REPRESENTATION('',(#6988),#7056);
#6988 = B_SPLINE_CURVE_WITH_KNOTS('',3,(#6989,#6990,#6991,#6992,#6993,
    #6994,#6995,#6996,#6997,#6998,#6999,#7000,#7001,#7002,#7003,#7004,
    #7005,#7006,#7007,#7008,#7009,#7010,#7011,#7012,#7013,#7014,#7015,
    #7016,#7017,#7018,#7019,#7020,#7021,#7022,#7023,#7024,#7025,#7026,
    #7027,#7028,#7029,#7030,#7031,#7032,#7033,#7034,#7035,#7036,#7037,
    #7038,#7039,#7040,#7041,#7042,#7043,#7044,#7045,#7046,#7047,#7048,
    #7049,#7050,#7051,#7052,#7053,#7054,#7055),.UNSPECIFIED.,.F.,.F.,(1,
    1,2,1,1,1,1,1,1,1,1,1,1,1,1,1,1,1,1,1,1,1,1,1,1,1,1,1,1,1,1,1,1,1,1,
    1,1,1,1,1,1,1,1,1,1,1,1,1,1,1,1,1,1,1,1,1,1,1,1,1,1,1,1,1,1,1,2,1,1)
  ,(-16.14698380566,-10.19458222285,0.,10.194582222852,16.146983805666,
    21.095766238372,25.473785948345,29.473309724924,33.212989712799,
    36.782949692404,40.261794416707,43.72430507857,47.245792879254,
    50.906240248553,54.797382813547,59.038670496181,63.82035072162,
    69.564218646999,79.39752849787,89.230838350178,94.974706275557,
    99.756386500997,103.99767418363,107.88881674862,111.54926411792,
    115.0707519186,118.53326258047,122.01210730477,125.58206728437,
    129.32174727225,133.32127104883,137.6992907588,142.64807319151,
    148.60047477432,158.79505699599,168.98963922003,174.94204080284,
    179.89082323554,184.26884294552,188.2683667221,192.00804670997,
    195.57800668958,199.05685141388,202.51936207574,206.04084987643,
    209.70129724573,213.59243981072,217.83372749335,222.61540771879,
    228.35927564417,238.19258549427,248.02589534735,253.76976327273,
    258.55144349817,262.7927311808,266.6838737458,270.3443211151,
    273.86580891578,277.32831957764,280.80716430195,284.37712428155,
    288.11680426943,292.11632804601,296.49434775598,301.44313018868,
    307.3955317715,317.59011399435,327.7846962172,333.73709780002),
  .UNSPECIFIED.);
#6989 = CARTESIAN_POINT('',(-3.387323615022,-46.25412324326));
#6990 = CARTESIAN_POINT('',(3.387326778588,-46.24588008473));
#6991 = CARTESIAN_POINT('',(8.786206336728,-46.25170630855));
#6992 = CARTESIAN_POINT('',(15.803325696508,-45.76170365996));
#6993 = CARTESIAN_POINT('',(20.848184673908,-45.017760601));
#6994 = CARTESIAN_POINT('',(25.173306182595,-43.97630786412));
#6995 = CARTESIAN_POINT('',(28.991096479328,-42.63422147769));
#6996 = CARTESIAN_POINT('',(32.392114616178,-40.98827560986));
#6997 = CARTESIAN_POINT('',(35.422489119668,-39.03450961345));
#6998 = CARTESIAN_POINT('',(38.107049390489,-36.76747549459));
#6999 = CARTESIAN_POINT('',(40.459500950895,-34.17903025376));
#7000 = CARTESIAN_POINT('',(42.487722032013,-31.25572206876));
#7001 = CARTESIAN_POINT('',(44.196736398263,-27.97374787125));
#7002 = CARTESIAN_POINT('',(45.590235444668,-24.28908392904));
#7003 = CARTESIAN_POINT('',(46.671321008796,-20.11464177294));
#7004 = CARTESIAN_POINT('',(47.443623403772,-15.24686784104));
#7005 = CARTESIAN_POINT('',(47.950614334286,-8.472967431645));
#7006 = CARTESIAN_POINT('',(47.949614773256,-1.664231771159E-06));
#7007 = CARTESIAN_POINT('',(47.950614334281,8.472964103159));
#7008 = CARTESIAN_POINT('',(47.443623403847,15.246864513082));
#7009 = CARTESIAN_POINT('',(46.671321008574,20.114638444878));
#7010 = CARTESIAN_POINT('',(45.590235445371,24.289080601297));
#7011 = CARTESIAN_POINT('',(44.196736395926,27.973744542448));
#7012 = CARTESIAN_POINT('',(42.487722040055,31.255718743575));
#7013 = CARTESIAN_POINT('',(40.459500922287,34.17902691581));
#7014 = CARTESIAN_POINT('',(38.107049495629,36.767472203197));
#7015 = CARTESIAN_POINT('',(35.422488720585,39.034506146555));
#7016 = CARTESIAN_POINT('',(32.392116179775,40.988272826092));
#7017 = CARTESIAN_POINT('',(28.991090158578,42.634215949732));
#7018 = CARTESIAN_POINT('',(25.173332583151,43.976313724961));
#7019 = CARTESIAN_POINT('',(20.848069937427,45.01771733849));
#7020 = CARTESIAN_POINT('',(15.803857257156,45.761885343928));
#7021 = CARTESIAN_POINT('',(8.78303743193,46.250600029518));
#7022 = CARTESIAN_POINT('',(1.582177347359E-06,46.249618449931));
#7023 = CARTESIAN_POINT('',(-8.783034267577,46.250600029568));
#7024 = CARTESIAN_POINT('',(-15.80385409359,45.761885343929));
#7025 = CARTESIAN_POINT('',(-20.84806677386,45.01771733849));
#7026 = CARTESIAN_POINT('',(-25.17332941958,43.976313724961));
#7027 = CARTESIAN_POINT('',(-28.99108699501,42.634215949732));
#7028 = CARTESIAN_POINT('',(-32.3921130162,40.988272826092));
#7029 = CARTESIAN_POINT('',(-35.42248555701,39.034506146555));
#7030 = CARTESIAN_POINT('',(-38.10704633206,36.767472203197));
#7031 = CARTESIAN_POINT('',(-40.45949775872,34.17902691581));
#7032 = CARTESIAN_POINT('',(-42.48771887648,31.255718743575));
#7033 = CARTESIAN_POINT('',(-44.19673323236,27.973744542448));
#7034 = CARTESIAN_POINT('',(-45.5902322818,24.289080601297));
#7035 = CARTESIAN_POINT('',(-46.671317845,20.114638444878));
#7036 = CARTESIAN_POINT('',(-47.44362024028,15.246864513081));
#7037 = CARTESIAN_POINT('',(-47.95061117066,8.472964103897));
#7038 = CARTESIAN_POINT('',(-47.94961160968,-1.66350280908E-06));
#7039 = CARTESIAN_POINT('',(-47.95061117077,-8.472967430881));
#7040 = CARTESIAN_POINT('',(-47.4436202402,-15.2468678411));
#7041 = CARTESIAN_POINT('',(-46.67131784523,-20.11464177279));
#7042 = CARTESIAN_POINT('',(-45.5902322811,-24.28908392953));
#7043 = CARTESIAN_POINT('',(-44.19673323469,-27.97374786962));
#7044 = CARTESIAN_POINT('',(-42.48771886844,-31.25572207436));
#7045 = CARTESIAN_POINT('',(-40.45949778732,-34.17903023384));
#7046 = CARTESIAN_POINT('',(-38.10704622692,-36.76747556778));
#7047 = CARTESIAN_POINT('',(-35.4224859561,-39.03450933564));
#7048 = CARTESIAN_POINT('',(-32.39211145261,-40.9882766983));
#7049 = CARTESIAN_POINT('',(-28.99109331576,-42.63421707776));
#7050 = CARTESIAN_POINT('',(-25.17330301902,-43.97632624178));
#7051 = CARTESIAN_POINT('',(-20.84818151034,-45.01768073196));
#7052 = CARTESIAN_POINT('',(-15.80332253294,-45.76207368388));
#7053 = CARTESIAN_POINT('',(-8.786203173162,-46.24950040651));
#7054 = CARTESIAN_POINT('',(-3.387323615022,-46.25412324326));
#7055 = CARTESIAN_POINT('',(3.387326778588,-46.24588008473));
#7056 = ( GEOMETRIC_REPRESENTATION_CONTEXT(2) 
PARAMETRIC_REPRESENTATION_CONTEXT() REPRESENTATION_CONTEXT('2D SPACE',''
  ) );
#7057 = PCURVE('',#6830,#7058);
#7058 = DEFINITIONAL_REPRESENTATION('',(#7059),#7063);
#7059 = LINE('',#7060,#7061);
#7060 = CARTESIAN_POINT('',(0.,-10.));
#7061 = VECTOR('',#7062,1.);
#7062 = DIRECTION('',(1.,0.));
#7063 = ( GEOMETRIC_REPRESENTATION_CONTEXT(2) 
PARAMETRIC_REPRESENTATION_CONTEXT() REPRESENTATION_CONTEXT('2D SPACE',''
  ) );
#7064 = ADVANCED_FACE('',(#7065),#6830,.T.);
#7065 = FACE_BOUND('',#7066,.T.);
#7066 = EDGE_LOOP('',(#7067,#7088,#7089,#7090));
#7067 = ORIENTED_EDGE('',*,*,#7068,.T.);
#7068 = EDGE_CURVE('',#6687,#6915,#7069,.T.);
#7069 = SEAM_CURVE('',#7070,(#7074,#7081),.PCURVE_S1.);
#7070 = LINE('',#7071,#7072);
#7071 = CARTESIAN_POINT('',(-205.,46.25,-29.8));
#7072 = VECTOR('',#7073,1.);
#7073 = DIRECTION('',(1.,0.,0.));
#7074 = PCURVE('',#6830,#7075);
#7075 = DEFINITIONAL_REPRESENTATION('',(#7076),#7080);
#7076 = LINE('',#7077,#7078);
#7077 = CARTESIAN_POINT('',(0.,0.));
#7078 = VECTOR('',#7079,1.);
#7079 = DIRECTION('',(0.,-1.));
#7080 = ( GEOMETRIC_REPRESENTATION_CONTEXT(2) 
PARAMETRIC_REPRESENTATION_CONTEXT() REPRESENTATION_CONTEXT('2D SPACE',''
  ) );
#7081 = PCURVE('',#6830,#7082);
#7082 = DEFINITIONAL_REPRESENTATION('',(#7083),#7087);
#7083 = LINE('',#7084,#7085);
#7084 = CARTESIAN_POINT('',(317.59011399435,0.));
#7085 = VECTOR('',#7086,1.);
#7086 = DIRECTION('',(0.,-1.));
#7087 = ( GEOMETRIC_REPRESENTATION_CONTEXT(2) 
PARAMETRIC_REPRESENTATION_CONTEXT() REPRESENTATION_CONTEXT('2D SPACE',''
  ) );
#7088 = ORIENTED_EDGE('',*,*,#6914,.T.);
#7089 = ORIENTED_EDGE('',*,*,#7068,.F.);
#7090 = ORIENTED_EDGE('',*,*,#6686,.F.);
#7091 = ( GEOMETRIC_REPRESENTATION_CONTEXT(3) 
GLOBAL_UNCERTAINTY_ASSIGNED_CONTEXT((#7095)) 
GLOBAL_UNIT_ASSIGNED_CONTEXT((#7092,#7093,#7094)) REPRESENTATION_CONTEXT
('Context #1','3D Context with UNIT and UNCERTAINTY') );
#7092 = ( LENGTH_UNIT() NAMED_UNIT(*) SI_UNIT(.MILLI.,.METRE.) );
#7093 = ( NAMED_UNIT(*) PLANE_ANGLE_UNIT() SI_UNIT($,.RADIAN.) );
#7094 = ( NAMED_UNIT(*) SI_UNIT($,.STERADIAN.) SOLID_ANGLE_UNIT() );
#7095 = UNCERTAINTY_MEASURE_WITH_UNIT(LENGTH_MEASURE(1.E-07),#7092,
  'distance_accuracy_value','confusion accuracy');
#7096 = CONTEXT_DEPENDENT_SHAPE_REPRESENTATION(#7097,#7099);
#7097 = ( REPRESENTATION_RELATIONSHIP('','',#6268,#10) 
REPRESENTATION_RELATIONSHIP_WITH_TRANSFORMATION(#7098) 
SHAPE_REPRESENTATION_RELATIONSHIP() );
#7098 = ITEM_DEFINED_TRANSFORMATION('','',#11,#19);
#7099 = PRODUCT_DEFINITION_SHAPE('Placement','Placement of an item',
  #7100);
#7100 = NEXT_ASSEMBLY_USAGE_OCCURRENCE('2','','',#5,#6263,$);
#7101 = PRODUCT_RELATED_PRODUCT_CATEGORY('part',$,(#6265));
ENDSEC;
END-ISO-10303-21;
