ISO-10303-21;
HEADER;
FILE_DESCRIPTION(('Open CASCADE Model'),'2;1');
FILE_NAME('Open CASCADE Shape Model','2026-10-04T21:56:43',('Author'),(
    'Open CASCADE'),'Open CASCADE STEP processor 7.9','Open CASCADE 7.9'
  ,'Unknown');
FILE_SCHEMA(('AUTOMOTIVE_DESIGN { 1 0 10303 214 1 1 1 1 }'));
ENDSEC;
DATA;
#1 = APPLICATION_PROTOCOL_DEFINITION('international standard',
  'automotive_design',2000,#2);
#2 = APPLICATION_CONTEXT(
  'core data for automotive mechanical design processes');
#3 = SHAPE_DEFINITION_REPRESENTATION(#4,#10);
#4 = PRODUCT_DEFINITION_SHAPE('','',#5);
#5 = PRODUCT_DEFINITION('design','',#6,#9);
#6 = PRODUCT_DEFINITION_FORMATION('','',#7);
#7 = PRODUCT('Open CASCADE STEP translator 7.9 25',
  'Open CASCADE STEP translator 7.9 25','',(#8));
#8 = PRODUCT_CONTEXT('',#2,'mechanical');
#9 = PRODUCT_DEFINITION_CONTEXT('part definition',#2,'design');
#10 = ADVANCED_BREP_SHAPE_REPRESENTATION('',(#11,#15),#4473);
#11 = AXIS2_PLACEMENT_3D('',#12,#13,#14);
#12 = CARTESIAN_POINT('',(0.,0.,0.));
#13 = DIRECTION('',(0.,0.,1.));
#14 = DIRECTION('',(1.,0.,-0.));
#15 = MANIFOLD_SOLID_BREP('',#16);
#16 = CLOSED_SHELL('',(#17,#548,#574,#579,#655,#793,#848,#969,#1972,
    #2059,#2488,#2547,#2878,#2952,#3500,#3526,#3531,#3607,#3745,#3795,
    #3845,#3914,#3941,#3988,#4015,#4042,#4069,#4096,#4123,#4150,#4157,
    #4183,#4236,#4241,#4269,#4318,#4345,#4392,#4429,#4456));
#17 = ADVANCED_FACE('',(#18,#139),#33,.T.);
#18 = FACE_BOUND('',#19,.F.);
#19 = EDGE_LOOP('',(#20,#56,#82,#115));
#20 = ORIENTED_EDGE('',*,*,#21,.F.);
#21 = EDGE_CURVE('',#22,#24,#26,.T.);
#22 = VERTEX_POINT('',#23);
#23 = CARTESIAN_POINT('',(-321.,350.,-16.69337613708));
#24 = VERTEX_POINT('',#25);
#25 = CARTESIAN_POINT('',(-321.,355.,-37.));
#26 = SURFACE_CURVE('',#27,(#32,#44),.PCURVE_S1.);
#27 = CIRCLE('',#28,13.);
#28 = AXIS2_PLACEMENT_3D('',#29,#30,#31);
#29 = CARTESIAN_POINT('',(-321.,360.,-25.));
#30 = DIRECTION('',(1.,0.,0.));
#31 = DIRECTION('',(0.,-0.769230769231,0.638971066378));
#32 = PCURVE('',#33,#38);
#33 = CYLINDRICAL_SURFACE('',#34,13.);
#34 = AXIS2_PLACEMENT_3D('',#35,#36,#37);
#35 = CARTESIAN_POINT('',(-321.,360.,-25.));
#36 = DIRECTION('',(-1.,-0.,-0.));
#37 = DIRECTION('',(0.,1.,0.));
#38 = DEFINITIONAL_REPRESENTATION('',(#39),#43);
#39 = LINE('',#40,#41);
#40 = CARTESIAN_POINT('',(-2.448432746013,0.));
#41 = VECTOR('',#42,1.);
#42 = DIRECTION('',(-1.,0.));
#43 = ( GEOMETRIC_REPRESENTATION_CONTEXT(2) 
PARAMETRIC_REPRESENTATION_CONTEXT() REPRESENTATION_CONTEXT('2D SPACE',''
  ) );
#44 = PCURVE('',#45,#50);
#45 = PLANE('',#46);
#46 = AXIS2_PLACEMENT_3D('',#47,#48,#49);
#47 = CARTESIAN_POINT('',(-321.,360.,-25.));
#48 = DIRECTION('',(1.,0.,0.));
#49 = DIRECTION('',(-0.,0.,1.));
#50 = DEFINITIONAL_REPRESENTATION('',(#51),#55);
#51 = CIRCLE('',#52,13.);
#52 = AXIS2_PLACEMENT_2D('',#53,#54);
#53 = CARTESIAN_POINT('',(-3.552713678801E-15,-5.684341886081E-14));
#54 = DIRECTION('',(0.638971066378,0.769230769231));
#55 = ( GEOMETRIC_REPRESENTATION_CONTEXT(2) 
PARAMETRIC_REPRESENTATION_CONTEXT() REPRESENTATION_CONTEXT('2D SPACE',''
  ) );
#56 = ORIENTED_EDGE('',*,*,#57,.F.);
#57 = EDGE_CURVE('',#58,#22,#60,.T.);
#58 = VERTEX_POINT('',#59);
#59 = CARTESIAN_POINT('',(-285.,350.,-16.69337613708));
#60 = SURFACE_CURVE('',#61,(#65,#71),.PCURVE_S1.);
#61 = LINE('',#62,#63);
#62 = CARTESIAN_POINT('',(-321.,350.,-16.69337613708));
#63 = VECTOR('',#64,1.);
#64 = DIRECTION('',(-1.,-0.,-0.));
#65 = PCURVE('',#33,#66);
#66 = DEFINITIONAL_REPRESENTATION('',(#67),#70);
#67 = B_SPLINE_CURVE_WITH_KNOTS('',1,(#68,#69),.UNSPECIFIED.,.F.,.F.,(2,
    2),(-36.,-0.),.PIECEWISE_BEZIER_KNOTS.);
#68 = CARTESIAN_POINT('',(-2.448432746013,-36.));
#69 = CARTESIAN_POINT('',(-2.448432746013,0.));
#70 = ( GEOMETRIC_REPRESENTATION_CONTEXT(2) 
PARAMETRIC_REPRESENTATION_CONTEXT() REPRESENTATION_CONTEXT('2D SPACE',''
  ) );
#71 = PCURVE('',#72,#77);
#72 = PLANE('',#73);
#73 = AXIS2_PLACEMENT_3D('',#74,#75,#76);
#74 = CARTESIAN_POINT('',(-321.,350.,-25.));
#75 = DIRECTION('',(0.,1.,0.));
#76 = DIRECTION('',(0.,0.,1.));
#77 = DEFINITIONAL_REPRESENTATION('',(#78),#81);
#78 = B_SPLINE_CURVE_WITH_KNOTS('',1,(#79,#80),.UNSPECIFIED.,.F.,.F.,(2,
    2),(-36.0000006,6.000000212225E-07),.PIECEWISE_BEZIER_KNOTS.);
#79 = CARTESIAN_POINT('',(8.306623862918,36.0000006));
#80 = CARTESIAN_POINT('',(8.306623862918,-6.000000212225E-07));
#81 = ( GEOMETRIC_REPRESENTATION_CONTEXT(2) 
PARAMETRIC_REPRESENTATION_CONTEXT() REPRESENTATION_CONTEXT('2D SPACE',''
  ) );
#82 = ORIENTED_EDGE('',*,*,#83,.F.);
#83 = EDGE_CURVE('',#84,#58,#86,.T.);
#84 = VERTEX_POINT('',#85);
#85 = CARTESIAN_POINT('',(-285.,355.,-37.));
#86 = SURFACE_CURVE('',#87,(#92,#99),.PCURVE_S1.);
#87 = CIRCLE('',#88,13.);
#88 = AXIS2_PLACEMENT_3D('',#89,#90,#91);
#89 = CARTESIAN_POINT('',(-285.,360.,-25.));
#90 = DIRECTION('',(-1.,0.,0.));
#91 = DIRECTION('',(0.,0.769230769231,0.638971066378));
#92 = PCURVE('',#33,#93);
#93 = DEFINITIONAL_REPRESENTATION('',(#94),#98);
#94 = LINE('',#95,#96);
#95 = CARTESIAN_POINT('',(-6.976345214756,-36.));
#96 = VECTOR('',#97,1.);
#97 = DIRECTION('',(1.,-0.));
#98 = ( GEOMETRIC_REPRESENTATION_CONTEXT(2) 
PARAMETRIC_REPRESENTATION_CONTEXT() REPRESENTATION_CONTEXT('2D SPACE',''
  ) );
#99 = PCURVE('',#100,#105);
#100 = PLANE('',#101);
#101 = AXIS2_PLACEMENT_3D('',#102,#103,#104);
#102 = CARTESIAN_POINT('',(-285.,360.,-25.));
#103 = DIRECTION('',(1.,0.,0.));
#104 = DIRECTION('',(-0.,0.,1.));
#105 = DEFINITIONAL_REPRESENTATION('',(#106),#114);
#106 = ( BOUNDED_CURVE() B_SPLINE_CURVE(2,(#107,#108,#109,#110,#111,#112
,#113),.UNSPECIFIED.,.T.,.F.) B_SPLINE_CURVE_WITH_KNOTS((1,2,2,2,2,1),(
    -2.094395102393,0.,2.094395102393,4.188790204786,6.28318530718,
8.377580409573),.UNSPECIFIED.) CURVE() GEOMETRIC_REPRESENTATION_ITEM() 
RATIONAL_B_SPLINE_CURVE((1.,0.5,1.,0.5,1.,0.5,1.)) REPRESENTATION_ITEM(
  '') );
#107 = CARTESIAN_POINT('',(8.306623862918,-10.));
#108 = CARTESIAN_POINT('',(-9.01388421277,-24.38749456993));
#109 = CARTESIAN_POINT('',(-12.8135659693,-2.19374728497));
#110 = CARTESIAN_POINT('',(-16.61324772583,19.999999999999));
#111 = CARTESIAN_POINT('',(4.506942106385,12.193747284969));
#112 = CARTESIAN_POINT('',(25.627131938607,4.387494569939));
#113 = CARTESIAN_POINT('',(8.306623862918,-10.));
#114 = ( GEOMETRIC_REPRESENTATION_CONTEXT(2) 
PARAMETRIC_REPRESENTATION_CONTEXT() REPRESENTATION_CONTEXT('2D SPACE',''
  ) );
#115 = ORIENTED_EDGE('',*,*,#116,.T.);
#116 = EDGE_CURVE('',#84,#24,#117,.T.);
#117 = SURFACE_CURVE('',#118,(#122,#128),.PCURVE_S1.);
#118 = LINE('',#119,#120);
#119 = CARTESIAN_POINT('',(-321.,355.,-37.));
#120 = VECTOR('',#121,1.);
#121 = DIRECTION('',(-1.,-0.,-0.));
#122 = PCURVE('',#33,#123);
#123 = DEFINITIONAL_REPRESENTATION('',(#124),#127);
#124 = B_SPLINE_CURVE_WITH_KNOTS('',1,(#125,#126),.UNSPECIFIED.,.F.,.F.,
  (2,2),(-36.0000006,6.000000212225E-07),.PIECEWISE_BEZIER_KNOTS.);
#125 = CARTESIAN_POINT('',(-4.317597860685,-36.0000006));
#126 = CARTESIAN_POINT('',(-4.317597860685,6.000000212225E-07));
#127 = ( GEOMETRIC_REPRESENTATION_CONTEXT(2) 
PARAMETRIC_REPRESENTATION_CONTEXT() REPRESENTATION_CONTEXT('2D SPACE',''
  ) );
#128 = PCURVE('',#129,#134);
#129 = PLANE('',#130);
#130 = AXIS2_PLACEMENT_3D('',#131,#132,#133);
#131 = CARTESIAN_POINT('',(-321.,354.,-37.));
#132 = DIRECTION('',(0.,0.,1.));
#133 = DIRECTION('',(1.,0.,0.));
#134 = DEFINITIONAL_REPRESENTATION('',(#135),#138);
#135 = B_SPLINE_CURVE_WITH_KNOTS('',1,(#136,#137),.UNSPECIFIED.,.F.,.F.,
  (2,2),(-36.0000006,6.000000212225E-07),.PIECEWISE_BEZIER_KNOTS.);
#136 = CARTESIAN_POINT('',(36.0000006,1.));
#137 = CARTESIAN_POINT('',(-6.000000212225E-07,1.));
#138 = ( GEOMETRIC_REPRESENTATION_CONTEXT(2) 
PARAMETRIC_REPRESENTATION_CONTEXT() REPRESENTATION_CONTEXT('2D SPACE',''
  ) );
#139 = FACE_BOUND('',#140,.F.);
#140 = EDGE_LOOP('',(#141,#169));
#141 = ORIENTED_EDGE('',*,*,#142,.F.);
#142 = EDGE_CURVE('',#143,#145,#147,.T.);
#143 = VERTEX_POINT('',#144);
#144 = CARTESIAN_POINT('',(-301.3638353015,347.03851860318,-24.));
#145 = VERTEX_POINT('',#146);
#146 = CARTESIAN_POINT('',(-304.6361646984,347.03851860318,-24.));
#147 = SURFACE_CURVE('',#148,(#152,#158),.PCURVE_S1.);
#148 = LINE('',#149,#150);
#149 = CARTESIAN_POINT('',(-321.,347.03851860318,-24.));
#150 = VECTOR('',#151,1.);
#151 = DIRECTION('',(-1.,-0.,-0.));
#152 = PCURVE('',#33,#153);
#153 = DEFINITIONAL_REPRESENTATION('',(#154),#157);
#154 = B_SPLINE_CURVE_WITH_KNOTS('',1,(#155,#156),.UNSPECIFIED.,.F.,.F.,
  (2,2),(-20.04,-15.96),.PIECEWISE_BEZIER_KNOTS.);
#155 = CARTESIAN_POINT('',(-3.064593512933,-20.04));
#156 = CARTESIAN_POINT('',(-3.064593512933,-15.96));
#157 = ( GEOMETRIC_REPRESENTATION_CONTEXT(2) 
PARAMETRIC_REPRESENTATION_CONTEXT() REPRESENTATION_CONTEXT('2D SPACE',''
  ) );
#158 = PCURVE('',#159,#164);
#159 = PLANE('',#160);
#160 = AXIS2_PLACEMENT_3D('',#161,#162,#163);
#161 = CARTESIAN_POINT('',(-303.,347.5,-24.));
#162 = DIRECTION('',(0.,0.,1.));
#163 = DIRECTION('',(1.,0.,-0.));
#164 = DEFINITIONAL_REPRESENTATION('',(#165),#168);
#165 = B_SPLINE_CURVE_WITH_KNOTS('',1,(#166,#167),.UNSPECIFIED.,.F.,.F.,
  (2,2),(-20.04,-15.96),.PIECEWISE_BEZIER_KNOTS.);
#166 = CARTESIAN_POINT('',(2.04,-0.461481396816));
#167 = CARTESIAN_POINT('',(-2.04,-0.461481396816));
#168 = ( GEOMETRIC_REPRESENTATION_CONTEXT(2) 
PARAMETRIC_REPRESENTATION_CONTEXT() REPRESENTATION_CONTEXT('2D SPACE',''
  ) );
#169 = ORIENTED_EDGE('',*,*,#170,.F.);
#170 = EDGE_CURVE('',#145,#143,#171,.T.);
#171 = SURFACE_CURVE('',#172,(#265,#404),.PCURVE_S1.);
#172 = B_SPLINE_CURVE_WITH_KNOTS('',7,(#173,#174,#175,#176,#177,#178,
    #179,#180,#181,#182,#183,#184,#185,#186,#187,#188,#189,#190,#191,
    #192,#193,#194,#195,#196,#197,#198,#199,#200,#201,#202,#203,#204,
    #205,#206,#207,#208,#209,#210,#211,#212,#213,#214,#215,#216,#217,
    #218,#219,#220,#221,#222,#223,#224,#225,#226,#227,#228,#229,#230,
    #231,#232,#233,#234,#235,#236,#237,#238,#239,#240,#241,#242,#243,
    #244,#245,#246,#247,#248,#249,#250,#251,#252,#253,#254,#255,#256,
    #257,#258,#259,#260,#261,#262,#263,#264),.UNSPECIFIED.,.F.,.F.,(8,6,
    6,6,6,6,6,6,6,6,6,6,6,6,6,8),(0.,8.665434746879E-02,0.231008757012,
    0.422569857593,0.494249526086,0.5406163919,0.563439035761,
    0.577219793508,0.606615857701,0.64310746719,0.661730712842,
    0.69478276022,0.796817537775,0.999999950724,1.128586796855,
    1.213458857259),.UNSPECIFIED.);
#173 = CARTESIAN_POINT('',(-304.6361646984,347.03851860318,-24.));
#174 = CARTESIAN_POINT('',(-304.6394447335,347.05014784257,
    -23.84926783001));
#175 = CARTESIAN_POINT('',(-304.6431980453,347.06382414752,
    -23.69866733532));
#176 = CARTESIAN_POINT('',(-304.6473596707,347.07954801976,
    -23.54820858892));
#177 = CARTESIAN_POINT('',(-304.6518487769,347.09732080126,
    -23.39790678619));
#178 = CARTESIAN_POINT('',(-304.6565694564,347.1171439862,
    -23.24778225752));
#179 = CARTESIAN_POINT('',(-304.6614115203,347.1390185328,-23.097860481)
  );
#180 = CARTESIAN_POINT('',(-304.6743136984,347.20280105581,
    -22.6988115127));
#181 = CARTESIAN_POINT('',(-304.6823666764,347.24833510946,
    -22.45019123333));
#182 = CARTESIAN_POINT('',(-304.6898441276,347.29956548759,
    -22.20227757627));
#183 = CARTESIAN_POINT('',(-304.6960761532,347.35652433758,
    -21.95508473848));
#184 = CARTESIAN_POINT('',(-304.7002871138,347.41924281238,
    -21.7087055404));
#185 = CARTESIAN_POINT('',(-304.7015751152,347.48772266723,
    -21.46334043181));
#186 = CARTESIAN_POINT('',(-304.6952870567,347.6603195017,
    -20.89551122647));
#187 = CARTESIAN_POINT('',(-304.6847008423,347.76803393736,
    -20.57648675427));
#188 = CARTESIAN_POINT('',(-304.6647738491,347.88560356677,
    -20.25967449471));
#189 = CARTESIAN_POINT('',(-304.6323925897,348.01344029744,
    -19.94486247782));
#190 = CARTESIAN_POINT('',(-304.5833905335,348.15108087003,
    -19.63399186403));
#191 = CARTESIAN_POINT('',(-304.512354957,348.29676544345,
    -19.33081134812));
#192 = CARTESIAN_POINT('',(-304.3755148398,348.50122265805,
    -18.93428675396));
#193 = CARTESIAN_POINT('',(-304.3341748648,348.55745250862,
    -18.82812451511));
#194 = CARTESIAN_POINT('',(-304.2883704544,348.61400331014,
    -18.72411319993));
#195 = CARTESIAN_POINT('',(-304.2376846049,348.67056161345,
    -18.62269143808));
#196 = CARTESIAN_POINT('',(-304.1816806763,348.72670991772,
    -18.52441537632));
#197 = CARTESIAN_POINT('',(-304.11991702,348.78190043609,-18.42998020205
    ));
#198 = CARTESIAN_POINT('',(-304.0080085504,348.87005467782,
    -18.28219637535));
#199 = CARTESIAN_POINT('',(-303.9614406546,348.90400266351,
    -18.22608523269));
#200 = CARTESIAN_POINT('',(-303.9121932304,348.93703822601,
    -18.1722190165));
#201 = CARTESIAN_POINT('',(-303.8602181114,348.96890548367,
    -18.12091652415));
#202 = CARTESIAN_POINT('',(-303.805487568,348.9993295884,-18.07250758379
    ));
#203 = CARTESIAN_POINT('',(-303.7479953491,349.0280188642,
    -18.02733413926));
#204 = CARTESIAN_POINT('',(-303.658107632,349.06778363307,
    -17.96528349635));
#205 = CARTESIAN_POINT('',(-303.6278024944,349.08040138933,
    -17.9456927347));
#206 = CARTESIAN_POINT('',(-303.5968605037,349.09247709209,
    -17.92703112892));
#207 = CARTESIAN_POINT('',(-303.565302393,349.10396906684,
    -17.90934846106));
#208 = CARTESIAN_POINT('',(-303.5331514363,349.11483708708,
    -17.89269221645));
#209 = CARTESIAN_POINT('',(-303.5004334486,349.12504237433,
    -17.87710758371));
#210 = CARTESIAN_POINT('',(-303.4470957641,349.14028703776,
    -17.85390010843));
#211 = CARTESIAN_POINT('',(-303.4268209353,349.14577058705,
    -17.84557019578));
#212 = CARTESIAN_POINT('',(-303.4063602336,349.15098963607,
    -17.83765781722));
#213 = CARTESIAN_POINT('',(-303.3857224317,349.15593597425,
    -17.83017259482));
#214 = CARTESIAN_POINT('',(-303.3649171408,349.16060179035,
    -17.82312367231));
#215 = CARTESIAN_POINT('',(-303.3439548106,349.16497967245,
    -17.81651971503));
#216 = CARTESIAN_POINT('',(-303.2778205755,349.17777201552,
    -17.79724848051));
#217 = CARTESIAN_POINT('',(-303.2321156737,349.18514255232,
    -17.78618533365));
#218 = CARTESIAN_POINT('',(-303.1858588356,349.19110223447,
    -17.7772650423));
#219 = CARTESIAN_POINT('',(-303.1391815063,349.19559602834,
    -17.77055184846));
#220 = CARTESIAN_POINT('',(-303.092219291,349.19858646134,
    -17.76608882707));
#221 = CARTESIAN_POINT('',(-303.0451114814,349.20005423271,
    -17.7638980498));
#222 = CARTESIAN_POINT('',(-302.939518176,349.19993004135,
    -17.76408340957));
#223 = CARTESIAN_POINT('',(-302.8810648451,349.19751399989,
    -17.76768969329));
#224 = CARTESIAN_POINT('',(-302.8229081474,349.1927552016,
    -17.77479217943));
#225 = CARTESIAN_POINT('',(-302.7653064265,349.18570126125,
    -17.78533684877));
#226 = CARTESIAN_POINT('',(-302.708507427,349.17644073652,
    -17.79922252253));
#227 = CARTESIAN_POINT('',(-302.6527469092,349.16510095786,
    -17.81630030153));
#228 = CARTESIAN_POINT('',(-302.5704337404,349.14508120811,
    -17.84661697369));
#229 = CARTESIAN_POINT('',(-302.5429407676,349.1378157785,
    -17.85764374504));
#230 = CARTESIAN_POINT('',(-302.5157883513,349.13006861119,
    -17.8694313848));
#231 = CARTESIAN_POINT('',(-302.4889953036,349.12185985706,
    -17.88195642921));
#232 = CARTESIAN_POINT('',(-302.4625792441,349.11321077618,
    -17.89519388528));
#233 = CARTESIAN_POINT('',(-302.4365565996,349.10414373786,
    -17.90911723083));
#234 = CARTESIAN_POINT('',(-302.3654835577,349.07789016807,
    -17.94957671633));
#235 = CARTESIAN_POINT('',(-302.3213264512,349.05986089611,
    -17.97751857314));
#236 = CARTESIAN_POINT('',(-302.2785108106,349.04071010599,
    -18.00738981398));
#237 = CARTESIAN_POINT('',(-302.237067494,349.02055410115,
    -18.03905489251));
#238 = CARTESIAN_POINT('',(-302.1970188173,348.99950884121,
    -18.07237656667));
#239 = CARTESIAN_POINT('',(-302.1583786807,348.97768899609,
    -18.10721557846));
#240 = CARTESIAN_POINT('',(-302.0062325743,348.88580296495,
    -18.25522868747));
#241 = CARTESIAN_POINT('',(-301.9049820035,348.81020413665,
    -18.37995101575));
#242 = CARTESIAN_POINT('',(-301.8164254288,348.73111674483,
    -18.5143934282));
#243 = CARTESIAN_POINT('',(-301.7393318857,348.65047521035,
    -18.65619985233));
#244 = CARTESIAN_POINT('',(-301.672439739,348.5696470012,-18.80357225743
    ));
#245 = CARTESIAN_POINT('',(-301.6145720437,348.48958188119,
    -18.95513209409));
#246 = CARTESIAN_POINT('',(-301.465217605,348.25423694396,
    -19.41818874218));
#247 = CARTESIAN_POINT('',(-301.3964333901,348.10175307159,
    -19.74189394823));
#248 = CARTESIAN_POINT('',(-301.3508723784,347.95883124527,
    -20.07339634769));
#249 = CARTESIAN_POINT('',(-301.3224756192,347.82721355917,
    -20.40866186786));
#250 = CARTESIAN_POINT('',(-301.3066447433,347.70725869988,
    -20.74566620145));
#251 = CARTESIAN_POINT('',(-301.3,347.5983962161,-21.08483013135));
#252 = CARTESIAN_POINT('',(-301.3,347.4377285715,-21.64727938854));
#253 = CARTESIAN_POINT('',(-301.3026611564,347.37998438077,
    -21.86621820074));
#254 = CARTESIAN_POINT('',(-301.3072871523,347.32679625346,
    -22.08591189795));
#255 = CARTESIAN_POINT('',(-301.3132757855,347.27815993675,
    -22.30623943683));
#256 = CARTESIAN_POINT('',(-301.3200998068,347.23405743545,
    -22.52713535863));
#257 = CARTESIAN_POINT('',(-301.3272974265,347.19447013103,
    -22.74857529492));
#258 = CARTESIAN_POINT('',(-301.339208296,347.13622865416,
    -23.11707921252));
#259 = CARTESIAN_POINT('',(-301.3439337222,347.11503590746,
    -23.26381883175));
#260 = CARTESIAN_POINT('',(-301.3485339302,347.09580766893,
    -23.41075097493));
#261 = CARTESIAN_POINT('',(-301.3529064936,347.07854305689,
    -23.55785184426));
#262 = CARTESIAN_POINT('',(-301.3569621155,347.06324070379,
    -23.70510239095));
#263 = CARTESIAN_POINT('',(-301.3606253461,347.04989937759,
    -23.85248830419));
#264 = CARTESIAN_POINT('',(-301.3638353015,347.03851860318,-24.));
#265 = PCURVE('',#33,#266);
#266 = DEFINITIONAL_REPRESENTATION('',(#267),#403);
#267 = B_SPLINE_CURVE_WITH_KNOTS('',3,(#268,#269,#270,#271,#272,#273,
    #274,#275,#276,#277,#278,#279,#280,#281,#282,#283,#284,#285,#286,
    #287,#288,#289,#290,#291,#292,#293,#294,#295,#296,#297,#298,#299,
    #300,#301,#302,#303,#304,#305,#306,#307,#308,#309,#310,#311,#312,
    #313,#314,#315,#316,#317,#318,#319,#320,#321,#322,#323,#324,#325,
    #326,#327,#328,#329,#330,#331,#332,#333,#334,#335,#336,#337,#338,
    #339,#340,#341,#342,#343,#344,#345,#346,#347,#348,#349,#350,#351,
    #352,#353,#354,#355,#356,#357,#358,#359,#360,#361,#362,#363,#364,
    #365,#366,#367,#368,#369,#370,#371,#372,#373,#374,#375,#376,#377,
    #378,#379,#380,#381,#382,#383,#384,#385,#386,#387,#388,#389,#390,
    #391,#392,#393,#394,#395,#396,#397,#398,#399,#400,#401,#402),
  .UNSPECIFIED.,.F.,.F.,(4,1,1,1,1,1,1,1,1,1,1,1,1,1,1,1,1,1,1,1,1,1,1,1
    ,1,1,1,1,1,1,1,1,1,1,1,1,1,1,1,1,1,1,1,1,1,1,1,1,1,1,1,1,1,1,1,1,1,1
    ,1,1,1,1,1,1,1,1,1,1,1,1,1,1,1,1,1,1,1,1,1,1,1,1,1,1,1,1,1,1,1,1,1,1
    ,1,1,1,1,1,1,1,1,1,1,1,1,1,1,1,1,1,1,1,1,1,1,1,1,1,1,1,1,1,1,1,1,1,1
    ,1,1,1,1,1,1,4),(0.,9.192870130754E-03,1.838574026151E-02,
    2.757861039226E-02,3.677148052301E-02,4.596435065377E-02,
    5.515722078452E-02,6.435009091527E-02,7.354296104603E-02,
    8.273583117678E-02,9.192870130754E-02,0.101121571438,0.110314441569,
    0.1195073117,0.128700181831,0.137893051961,0.147085922092,
    0.156278792223,0.165471662354,0.174664532484,0.183857402615,
    0.193050272746,0.202243142877,0.211436013007,0.220628883138,
    0.229821753269,0.2390146234,0.24820749353,0.257400363661,
    0.266593233792,0.275786103923,0.284978974053,0.294171844184,
    0.303364714315,0.312557584446,0.321750454576,0.330943324707,
    0.340136194838,0.349329064969,0.358521935099,0.36771480523,
    0.376907675361,0.386100545492,0.395293415622,0.404486285753,
    0.413679155884,0.422872026015,0.432064896145,0.441257766276,
    0.450450636407,0.459643506538,0.468836376668,0.478029246799,
    0.48722211693,0.496414987061,0.505607857191,0.514800727322,
    0.523993597453,0.533186467584,0.542379337714,0.551572207845,
    0.560765077976,0.569957948107,0.579150818237,0.588343688368,
    0.597536558499,0.60672942863,0.61592229876,0.625115168891,
    0.634308039022,0.643500909153,0.652693779283,0.661886649414,
    0.671079519545,0.680272389676,0.689465259807,0.698658129937,
    0.707851000068,0.717043870199,0.72623674033,0.73542961046,
    0.744622480591,0.753815350722,0.763008220853,0.772201090983,
    0.781393961114,0.790586831245,0.799779701376,0.808972571506,
    0.818165441637,0.827358311768,0.836551181899,0.845744052029,
    0.85493692216,0.864129792291,0.873322662422,0.882515532552,
    0.891708402683,0.900901272814,0.910094142945,0.919287013075,
    0.928479883206,0.937672753337,0.946865623468,0.956058493598,
    0.965251363729,0.97444423386,0.983637103991,0.992829974121,
    1.002022844252,1.011215714383,1.020408584514,1.029601454644,
    1.038794324775,1.047987194906,1.057180065037,1.066372935167,
    1.075565805298,1.084758675429,1.09395154556,1.10314441569,
    1.112337285821,1.121530155952,1.130723026083,1.139915896213,
    1.149108766344,1.158301636475,1.167494506606,1.176687376736,
    1.185880246867,1.195073116998,1.204265987129,1.213458857259),
  .QUASI_UNIFORM_KNOTS.);
#268 = CARTESIAN_POINT('',(-3.064593512933,-16.36383530156));
#269 = CARTESIAN_POINT('',(-3.061714866329,-16.36302351433));
#270 = CARTESIAN_POINT('',(-3.055957242903,-16.36132484495));
#271 = CARTESIAN_POINT('',(-3.047319431152,-16.35857050406));
#272 = CARTESIAN_POINT('',(-3.038679840848,-16.35562813081));
#273 = CARTESIAN_POINT('',(-3.03003812596,-16.35251828193));
#274 = CARTESIAN_POINT('',(-3.021393977045,-16.34926295637));
#275 = CARTESIAN_POINT('',(-3.012747126604,-16.34588577834));
#276 = CARTESIAN_POINT('',(-3.004097347234,-16.34241191395));
#277 = CARTESIAN_POINT('',(-2.995444454201,-16.33886806027));
#278 = CARTESIAN_POINT('',(-2.986788297785,-16.33528241123));
#279 = CARTESIAN_POINT('',(-2.978128792404,-16.33168464344));
#280 = CARTESIAN_POINT('',(-2.969466884029,-16.32810630429));
#281 = CARTESIAN_POINT('',(-2.960801553447,-16.32457952452));
#282 = CARTESIAN_POINT('',(-2.952132183502,-16.321138031));
#283 = CARTESIAN_POINT('',(-2.943458127445,-16.3178169793));
#284 = CARTESIAN_POINT('',(-2.934778832567,-16.31465302769));
#285 = CARTESIAN_POINT('',(-2.926093815191,-16.31168435443));
#286 = CARTESIAN_POINT('',(-2.91740267554,-16.30895069808));
#287 = CARTESIAN_POINT('',(-2.908705102438,-16.30649339961));
#288 = CARTESIAN_POINT('',(-2.900000879527,-16.30435545205));
#289 = CARTESIAN_POINT('',(-2.891289896425,-16.30258155548));
#290 = CARTESIAN_POINT('',(-2.882572139489,-16.3012181806));
#291 = CARTESIAN_POINT('',(-2.873847760176,-16.30031363022));
#292 = CARTESIAN_POINT('',(-2.865116854428,-16.29991813766));
#293 = CARTESIAN_POINT('',(-2.856380321479,-16.30008385748));
#294 = CARTESIAN_POINT('',(-2.847636695097,-16.30086528705));
#295 = CARTESIAN_POINT('',(-2.838894006886,-16.30231811015));
#296 = CARTESIAN_POINT('',(-2.830164289106,-16.30449598427));
#297 = CARTESIAN_POINT('',(-2.82143893936,-16.30745859684));
#298 = CARTESIAN_POINT('',(-2.812715632751,-16.31126878558));
#299 = CARTESIAN_POINT('',(-2.803991362404,-16.31599348879));
#300 = CARTESIAN_POINT('',(-2.795264302499,-16.32170369212));
#301 = CARTESIAN_POINT('',(-2.78653330959,-16.32847463389));
#302 = CARTESIAN_POINT('',(-2.777798059674,-16.33638593002));
#303 = CARTESIAN_POINT('',(-2.769059018521,-16.34552170818));
#304 = CARTESIAN_POINT('',(-2.760317460974,-16.35597072642));
#305 = CARTESIAN_POINT('',(-2.75157548215,-16.36782648177));
#306 = CARTESIAN_POINT('',(-2.742836016474,-16.38118730662));
#307 = CARTESIAN_POINT('',(-2.734102861204,-16.39615645183));
#308 = CARTESIAN_POINT('',(-2.725380705402,-16.41284215845));
#309 = CARTESIAN_POINT('',(-2.716675167235,-16.43135770696));
#310 = CARTESIAN_POINT('',(-2.707992830657,-16.45182148185));
#311 = CARTESIAN_POINT('',(-2.699341317839,-16.47435690726));
#312 = CARTESIAN_POINT('',(-2.69072926432,-16.49909278805));
#313 = CARTESIAN_POINT('',(-2.682166696111,-16.52616205872));
#314 = CARTESIAN_POINT('',(-2.673663948308,-16.55570639143));
#315 = CARTESIAN_POINT('',(-2.665236071223,-16.58785885175));
#316 = CARTESIAN_POINT('',(-2.656886757698,-16.62280857591));
#317 = CARTESIAN_POINT('',(-2.648622527458,-16.66076236263));
#318 = CARTESIAN_POINT('',(-2.640462522919,-16.70189212247));
#319 = CARTESIAN_POINT('',(-2.632425752292,-16.74638561445));
#320 = CARTESIAN_POINT('',(-2.624534771603,-16.79443149474));
#321 = CARTESIAN_POINT('',(-2.616815028074,-16.84622123923));
#322 = CARTESIAN_POINT('',(-2.609295144693,-16.90194887242));
#323 = CARTESIAN_POINT('',(-2.602007802098,-16.96180221049));
#324 = CARTESIAN_POINT('',(-2.594986719779,-17.02599494004));
#325 = CARTESIAN_POINT('',(-2.588281839534,-17.09461899099));
#326 = CARTESIAN_POINT('',(-2.581944635374,-17.16774167963));
#327 = CARTESIAN_POINT('',(-2.576029229853,-17.24539523539));
#328 = CARTESIAN_POINT('',(-2.570589729874,-17.32761502095));
#329 = CARTESIAN_POINT('',(-2.56569030108,-17.41428311503));
#330 = CARTESIAN_POINT('',(-2.561401032918,-17.50507226865));
#331 = CARTESIAN_POINT('',(-2.557784183498,-17.59965806428));
#332 = CARTESIAN_POINT('',(-2.554902638926,-17.69748114387));
#333 = CARTESIAN_POINT('',(-2.552808897756,-17.79792454255));
#334 = CARTESIAN_POINT('',(-2.551546248502,-17.90014328454));
#335 = CARTESIAN_POINT('',(-2.5511406587,-18.00328107709));
#336 = CARTESIAN_POINT('',(-2.551601115605,-18.10637337187));
#337 = CARTESIAN_POINT('',(-2.552916947495,-18.20847936595));
#338 = CARTESIAN_POINT('',(-2.55506153066,-18.30877170906));
#339 = CARTESIAN_POINT('',(-2.557991665484,-18.406420743));
#340 = CARTESIAN_POINT('',(-2.561650380775,-18.50072283789));
#341 = CARTESIAN_POINT('',(-2.565979619753,-18.59126127998));
#342 = CARTESIAN_POINT('',(-2.570910129511,-18.67758057449));
#343 = CARTESIAN_POINT('',(-2.576379075298,-18.75950211684));
#344 = CARTESIAN_POINT('',(-2.582325401051,-18.83691992606));
#345 = CARTESIAN_POINT('',(-2.588686858128,-18.90975752082));
#346 = CARTESIAN_POINT('',(-2.595400188921,-18.97798075207));
#347 = CARTESIAN_POINT('',(-2.602422565063,-19.041773305));
#348 = CARTESIAN_POINT('',(-2.609713488624,-19.10130050376));
#349 = CARTESIAN_POINT('',(-2.617236975849,-19.15674204028));
#350 = CARTESIAN_POINT('',(-2.624960551276,-19.2082799473));
#351 = CARTESIAN_POINT('',(-2.632855148374,-19.25609897379));
#352 = CARTESIAN_POINT('',(-2.640894768906,-19.30038387561));
#353 = CARTESIAN_POINT('',(-2.64905639887,-19.34131841194));
#354 = CARTESIAN_POINT('',(-2.657319340381,-19.37908237242));
#355 = CARTESIAN_POINT('',(-2.665666827169,-19.41385654468));
#356 = CARTESIAN_POINT('',(-2.674079296566,-19.44579965859));
#357 = CARTESIAN_POINT('',(-2.682564946002,-19.47515290077));
#358 = CARTESIAN_POINT('',(-2.691112944397,-19.50205929746));
#359 = CARTESIAN_POINT('',(-2.69971199336,-19.52665361387));
#360 = CARTESIAN_POINT('',(-2.708352397805,-19.54906667756));
#361 = CARTESIAN_POINT('',(-2.717025415939,-19.56942420563));
#362 = CARTESIAN_POINT('',(-2.725723348777,-19.58784712182));
#363 = CARTESIAN_POINT('',(-2.734439441463,-19.60445149123));
#364 = CARTESIAN_POINT('',(-2.743167844378,-19.61934857372));
#365 = CARTESIAN_POINT('',(-2.751903567005,-19.6326448612));
#366 = CARTESIAN_POINT('',(-2.760642441906,-19.64444213456));
#367 = CARTESIAN_POINT('',(-2.769381093572,-19.65483752997));
#368 = CARTESIAN_POINT('',(-2.778116912962,-19.66392361691));
#369 = CARTESIAN_POINT('',(-2.786848036855,-19.67178848678));
#370 = CARTESIAN_POINT('',(-2.795573331952,-19.67851585181));
#371 = CARTESIAN_POINT('',(-2.804292382009,-19.68418515398));
#372 = CARTESIAN_POINT('',(-2.813005482259,-19.68887168324));
#373 = CARTESIAN_POINT('',(-2.82171362303,-19.69264670539));
#374 = CARTESIAN_POINT('',(-2.830418528027,-19.69557759676));
#375 = CARTESIAN_POINT('',(-2.839122500886,-19.69772799443));
#376 = CARTESIAN_POINT('',(-2.847828997501,-19.69915792698));
#377 = CARTESIAN_POINT('',(-2.856540498004,-19.69992405531));
#378 = CARTESIAN_POINT('',(-2.865266462984,-19.70007953755));
#379 = CARTESIAN_POINT('',(-2.873990666973,-19.69967537865));
#380 = CARTESIAN_POINT('',(-2.882707824651,-19.69876387846));
#381 = CARTESIAN_POINT('',(-2.891418995354,-19.6973949497));
#382 = CARTESIAN_POINT('',(-2.900123679628,-19.69561673856));
#383 = CARTESIAN_POINT('',(-2.908821928531,-19.69347555206));
#384 = CARTESIAN_POINT('',(-2.917513770233,-19.69101596287));
#385 = CARTESIAN_POINT('',(-2.926199355604,-19.68828085841));
#386 = CARTESIAN_POINT('',(-2.934878911442,-19.68531149656));
#387 = CARTESIAN_POINT('',(-2.94355274496,-19.68214755153));
#388 = CARTESIAN_POINT('',(-2.952221236398,-19.67882715341));
#389 = CARTESIAN_POINT('',(-2.96088482854,-19.67538692384));
#390 = CARTESIAN_POINT('',(-2.96954404117,-19.67186199434));
#391 = CARTESIAN_POINT('',(-2.978199389413,-19.66828605917));
#392 = CARTESIAN_POINT('',(-2.986851662151,-19.66469126799));
#393 = CARTESIAN_POINT('',(-2.995500746345,-19.66110873332));
#394 = CARTESIAN_POINT('',(-3.004146557848,-19.65756812063));
#395 = CARTESIAN_POINT('',(-3.01278928545,-19.65409752907));
#396 = CARTESIAN_POINT('',(-3.021429097193,-19.65072358963));
#397 = CARTESIAN_POINT('',(-3.030066218907,-19.64747140097));
#398 = CARTESIAN_POINT('',(-3.038700912642,-19.64436452628));
#399 = CARTESIAN_POINT('',(-3.047333483603,-19.64142490792));
#400 = CARTESIAN_POINT('',(-3.055964273417,-19.63867305034));
#401 = CARTESIAN_POINT('',(-3.061717211052,-19.63697582471));
#402 = CARTESIAN_POINT('',(-3.064593512933,-19.63616469843));
#403 = ( GEOMETRIC_REPRESENTATION_CONTEXT(2) 
PARAMETRIC_REPRESENTATION_CONTEXT() REPRESENTATION_CONTEXT('2D SPACE',''
  ) );
#404 = PCURVE('',#405,#410);
#405 = CYLINDRICAL_SURFACE('',#406,1.7);
#406 = AXIS2_PLACEMENT_3D('',#407,#408,#409);
#407 = CARTESIAN_POINT('',(-303.,347.5,-24.));
#408 = DIRECTION('',(-0.,-0.,-1.));
#409 = DIRECTION('',(1.,0.,0.));
#410 = DEFINITIONAL_REPRESENTATION('',(#411),#547);
#411 = B_SPLINE_CURVE_WITH_KNOTS('',3,(#412,#413,#414,#415,#416,#417,
    #418,#419,#420,#421,#422,#423,#424,#425,#426,#427,#428,#429,#430,
    #431,#432,#433,#434,#435,#436,#437,#438,#439,#440,#441,#442,#443,
    #444,#445,#446,#447,#448,#449,#450,#451,#452,#453,#454,#455,#456,
    #457,#458,#459,#460,#461,#462,#463,#464,#465,#466,#467,#468,#469,
    #470,#471,#472,#473,#474,#475,#476,#477,#478,#479,#480,#481,#482,
    #483,#484,#485,#486,#487,#488,#489,#490,#491,#492,#493,#494,#495,
    #496,#497,#498,#499,#500,#501,#502,#503,#504,#505,#506,#507,#508,
    #509,#510,#511,#512,#513,#514,#515,#516,#517,#518,#519,#520,#521,
    #522,#523,#524,#525,#526,#527,#528,#529,#530,#531,#532,#533,#534,
    #535,#536,#537,#538,#539,#540,#541,#542,#543,#544,#545,#546),
  .UNSPECIFIED.,.F.,.F.,(4,1,1,1,1,1,1,1,1,1,1,1,1,1,1,1,1,1,1,1,1,1,1,1
    ,1,1,1,1,1,1,1,1,1,1,1,1,1,1,1,1,1,1,1,1,1,1,1,1,1,1,1,1,1,1,1,1,1,1
    ,1,1,1,1,1,1,1,1,1,1,1,1,1,1,1,1,1,1,1,1,1,1,1,1,1,1,1,1,1,1,1,1,1,1
    ,1,1,1,1,1,1,1,1,1,1,1,1,1,1,1,1,1,1,1,1,1,1,1,1,1,1,1,1,1,1,1,1,1,1
    ,1,1,1,1,1,1,4),(0.,9.192870130754E-03,1.838574026151E-02,
    2.757861039226E-02,3.677148052301E-02,4.596435065377E-02,
    5.515722078452E-02,6.435009091527E-02,7.354296104603E-02,
    8.273583117678E-02,9.192870130754E-02,0.101121571438,0.110314441569,
    0.1195073117,0.128700181831,0.137893051961,0.147085922092,
    0.156278792223,0.165471662354,0.174664532484,0.183857402615,
    0.193050272746,0.202243142877,0.211436013007,0.220628883138,
    0.229821753269,0.2390146234,0.24820749353,0.257400363661,
    0.266593233792,0.275786103923,0.284978974053,0.294171844184,
    0.303364714315,0.312557584446,0.321750454576,0.330943324707,
    0.340136194838,0.349329064969,0.358521935099,0.36771480523,
    0.376907675361,0.386100545492,0.395293415622,0.404486285753,
    0.413679155884,0.422872026015,0.432064896145,0.441257766276,
    0.450450636407,0.459643506538,0.468836376668,0.478029246799,
    0.48722211693,0.496414987061,0.505607857191,0.514800727322,
    0.523993597453,0.533186467584,0.542379337714,0.551572207845,
    0.560765077976,0.569957948107,0.579150818237,0.588343688368,
    0.597536558499,0.60672942863,0.61592229876,0.625115168891,
    0.634308039022,0.643500909153,0.652693779283,0.661886649414,
    0.671079519545,0.680272389676,0.689465259807,0.698658129937,
    0.707851000068,0.717043870199,0.72623674033,0.73542961046,
    0.744622480591,0.753815350722,0.763008220853,0.772201090983,
    0.781393961114,0.790586831245,0.799779701376,0.808972571506,
    0.818165441637,0.827358311768,0.836551181899,0.845744052029,
    0.85493692216,0.864129792291,0.873322662422,0.882515532552,
    0.891708402683,0.900901272814,0.910094142945,0.919287013075,
    0.928479883206,0.937672753337,0.946865623468,0.956058493598,
    0.965251363729,0.97444423386,0.983637103991,0.992829974121,
    1.002022844252,1.011215714383,1.020408584514,1.029601454644,
    1.038794324775,1.047987194906,1.057180065037,1.066372935167,
    1.075565805298,1.084758675429,1.09395154556,1.10314441569,
    1.112337285821,1.121530155952,1.130723026083,1.139915896213,
    1.149108766344,1.158301636475,1.167494506606,1.176687376736,
    1.185880246867,1.195073116998,1.204265987129,1.213458857259),
  .QUASI_UNIFORM_KNOTS.);
#412 = CARTESIAN_POINT('',(-9.699687262132,-3.552713678801E-15));
#413 = CARTESIAN_POINT('',(-9.697927881451,-3.731152295655E-02));
#414 = CARTESIAN_POINT('',(-9.69421457677,-0.111913994557));
#415 = CARTESIAN_POINT('',(-9.688063539522,-0.223752581877));
#416 = CARTESIAN_POINT('',(-9.681333937919,-0.335522866113));
#417 = CARTESIAN_POINT('',(-9.674028406319,-0.447220914781));
#418 = CARTESIAN_POINT('',(-9.666149627903,-0.558842304062));
#419 = CARTESIAN_POINT('',(-9.657700321722,-0.670382047269));
#420 = CARTESIAN_POINT('',(-9.648683211846,-0.781834620259));
#421 = CARTESIAN_POINT('',(-9.639100998857,-0.893193928728));
#422 = CARTESIAN_POINT('',(-9.62895632789,-1.00445341105));
#423 = CARTESIAN_POINT('',(-9.618251756725,-1.115605657061));
#424 = CARTESIAN_POINT('',(-9.606991083195,-1.226630040618));
#425 = CARTESIAN_POINT('',(-9.595175409243,-1.337531137173));
#426 = CARTESIAN_POINT('',(-9.582805879723,-1.448308293011));
#427 = CARTESIAN_POINT('',(-9.569883153372,-1.558961175921));
#428 = CARTESIAN_POINT('',(-9.55640751502,-1.669488187192));
#429 = CARTESIAN_POINT('',(-9.542378816557,-1.77988678683));
#430 = CARTESIAN_POINT('',(-9.527796463672,-1.890153308101));
#431 = CARTESIAN_POINT('',(-9.512659390792,-2.000282905039));
#432 = CARTESIAN_POINT('',(-9.496966035235,-2.110269482287));
#433 = CARTESIAN_POINT('',(-9.480714321491,-2.220105566134));
#434 = CARTESIAN_POINT('',(-9.4639015982,-2.329782431976));
#435 = CARTESIAN_POINT('',(-9.446524743368,-2.439289268369));
#436 = CARTESIAN_POINT('',(-9.428579629732,-2.548615941804));
#437 = CARTESIAN_POINT('',(-9.410062963306,-2.657742325514));
#438 = CARTESIAN_POINT('',(-9.390965247051,-2.766677774946));
#439 = CARTESIAN_POINT('',(-9.371296844598,-2.875313456037));
#440 = CARTESIAN_POINT('',(-9.351078916142,-2.983492407277));
#441 = CARTESIAN_POINT('',(-9.330284506423,-3.091313978818));
#442 = CARTESIAN_POINT('',(-9.308898055321,-3.198798951289));
#443 = CARTESIAN_POINT('',(-9.286900105207,-3.305976271741));
#444 = CARTESIAN_POINT('',(-9.264271460011,-3.412859982363));
#445 = CARTESIAN_POINT('',(-9.240992107621,-3.519455556876));
#446 = CARTESIAN_POINT('',(-9.217041522734,-3.625758335127));
#447 = CARTESIAN_POINT('',(-9.192398578837,-3.731754045944));
#448 = CARTESIAN_POINT('',(-9.167041545486,-3.837418734483));
#449 = CARTESIAN_POINT('',(-9.140948044606,-3.942718806067));
#450 = CARTESIAN_POINT('',(-9.114095000377,-4.047610989299));
#451 = CARTESIAN_POINT('',(-9.086458574628,-4.152042262341));
#452 = CARTESIAN_POINT('',(-9.058014087083,-4.255949731002));
#453 = CARTESIAN_POINT('',(-9.028735929912,-4.359260427159));
#454 = CARTESIAN_POINT('',(-8.998597434781,-4.461891131814));
#455 = CARTESIAN_POINT('',(-8.967570841329,-4.563747804032));
#456 = CARTESIAN_POINT('',(-8.935626799419,-4.664726153472));
#457 = CARTESIAN_POINT('',(-8.902735507441,-4.764707591457));
#458 = CARTESIAN_POINT('',(-8.868861619341,-4.863572050058));
#459 = CARTESIAN_POINT('',(-8.833982254281,-4.961147443364));
#460 = CARTESIAN_POINT('',(-8.798018404468,-5.057395685026));
#461 = CARTESIAN_POINT('',(-8.760885829413,-5.152247037336));
#462 = CARTESIAN_POINT('',(-8.722541639182,-5.245489526283));
#463 = CARTESIAN_POINT('',(-8.68292957625,-5.33691699267));
#464 = CARTESIAN_POINT('',(-8.641994494035,-5.426287263837));
#465 = CARTESIAN_POINT('',(-8.599678534115,-5.513330478438));
#466 = CARTESIAN_POINT('',(-8.555920280941,-5.59774641919));
#467 = CARTESIAN_POINT('',(-8.510659107703,-5.679195401522));
#468 = CARTESIAN_POINT('',(-8.463810623523,-5.757332279769));
#469 = CARTESIAN_POINT('',(-8.415369734951,-5.831638337714));
#470 = CARTESIAN_POINT('',(-8.365328997012,-5.901586575929));
#471 = CARTESIAN_POINT('',(-8.313684015386,-5.966628238279));
#472 = CARTESIAN_POINT('',(-8.260406053121,-6.026221189779));
#473 = CARTESIAN_POINT('',(-8.205540342133,-6.079718567502));
#474 = CARTESIAN_POINT('',(-8.149228559684,-6.126413328288));
#475 = CARTESIAN_POINT('',(-8.09157251236,-6.165685347029));
#476 = CARTESIAN_POINT('',(-8.032780626818,-6.19690587114));
#477 = CARTESIAN_POINT('',(-7.973059133332,-6.219553082884));
#478 = CARTESIAN_POINT('',(-7.912718698274,-6.233195260987));
#479 = CARTESIAN_POINT('',(-7.852052775718,-6.237574968464));
#480 = CARTESIAN_POINT('',(-7.79140648686,-6.232602676882));
#481 = CARTESIAN_POINT('',(-7.731111537634,-6.218385150517));
#482 = CARTESIAN_POINT('',(-7.671445659276,-6.195185882526));
#483 = CARTESIAN_POINT('',(-7.612711612212,-6.163435037783));
#484 = CARTESIAN_POINT('',(-7.555171070412,-6.123702396251));
#485 = CARTESIAN_POINT('',(-7.498947814283,-6.076564184376));
#486 = CARTESIAN_POINT('',(-7.444228047864,-6.022716752339));
#487 = CARTESIAN_POINT('',(-7.391062905625,-5.962788366489));
#488 = CARTESIAN_POINT('',(-7.339487842854,-5.897391675988));
#489 = CARTESIAN_POINT('',(-7.289549141948,-5.827158396273));
#490 = CARTESIAN_POINT('',(-7.241295633458,-5.752739808168));
#491 = CARTESIAN_POINT('',(-7.19464474276,-5.674568981782));
#492 = CARTESIAN_POINT('',(-7.149536257398,-5.593059820534));
#493 = CARTESIAN_POINT('',(-7.105908454695,-5.508582703849));
#494 = CARTESIAN_POINT('',(-7.063703863483,-5.421475135771));
#495 = CARTESIAN_POINT('',(-7.022867180169,-5.332042371998));
#496 = CARTESIAN_POINT('',(-6.983345529409,-5.240560681625));
#497 = CARTESIAN_POINT('',(-6.94508755001,-5.147277645983));
#498 = CARTESIAN_POINT('',(-6.908045014943,-5.052419228739));
#499 = CARTESIAN_POINT('',(-6.872165543362,-4.956170278197));
#500 = CARTESIAN_POINT('',(-6.837418383076,-4.858752083862));
#501 = CARTESIAN_POINT('',(-6.80367248377,-4.760066414746));
#502 = CARTESIAN_POINT('',(-6.770890402305,-4.66023604614));
#503 = CARTESIAN_POINT('',(-6.739042345253,-4.559392003701));
#504 = CARTESIAN_POINT('',(-6.708098736864,-4.457648761391));
#505 = CARTESIAN_POINT('',(-6.678031936033,-4.355111588413));
#506 = CARTESIAN_POINT('',(-6.648815544404,-4.251875186886));
#507 = CARTESIAN_POINT('',(-6.620424395093,-4.148024573692));
#508 = CARTESIAN_POINT('',(-6.592834388136,-4.043635277019));
#509 = CARTESIAN_POINT('',(-6.566022391301,-3.93877363803));
#510 = CARTESIAN_POINT('',(-6.539966143997,-3.833497011354));
#511 = CARTESIAN_POINT('',(-6.514644178319,-3.727853925222));
#512 = CARTESIAN_POINT('',(-6.490035751625,-3.621884190161));
#513 = CARTESIAN_POINT('',(-6.466120791282,-3.515618965773));
#514 = CARTESIAN_POINT('',(-6.442879850361,-3.409080784569));
#515 = CARTESIAN_POINT('',(-6.420294077142,-3.30228355337));
#516 = CARTESIAN_POINT('',(-6.398345189141,-3.195232477278));
#517 = CARTESIAN_POINT('',(-6.377015488906,-3.087924131618));
#518 = CARTESIAN_POINT('',(-6.35628778636,-2.980345861252));
#519 = CARTESIAN_POINT('',(-6.336145736959,-2.872477590216));
#520 = CARTESIAN_POINT('',(-6.316572700457,-2.764284556434));
#521 = CARTESIAN_POINT('',(-6.297556199088,-2.655743855529));
#522 = CARTESIAN_POINT('',(-6.279071562869,-2.546744768853));
#523 = CARTESIAN_POINT('',(-6.261149581418,-2.437497542688));
#524 = CARTESIAN_POINT('',(-6.243795925153,-2.328077246728));
#525 = CARTESIAN_POINT('',(-6.227004230732,-2.218479472129));
#526 = CARTESIAN_POINT('',(-6.210772164809,-2.108719344267));
#527 = CARTESIAN_POINT('',(-6.195097070875,-1.998805075816));
#528 = CARTESIAN_POINT('',(-6.179977091021,-1.888745137206));
#529 = CARTESIAN_POINT('',(-6.165410824199,-1.778546420442));
#530 = CARTESIAN_POINT('',(-6.151397379219,-1.668214815329));
#531 = CARTESIAN_POINT('',(-6.137936324617,-1.557755145919));
#532 = CARTESIAN_POINT('',(-6.125027665569,-1.447171256921));
#533 = CARTESIAN_POINT('',(-6.112671822163,-1.336466143221));
#534 = CARTESIAN_POINT('',(-6.100869579058,-1.225641760235));
#535 = CARTESIAN_POINT('',(-6.089622149847,-1.114700071053));
#536 = CARTESIAN_POINT('',(-6.078930810812,-1.003639468787));
#537 = CARTESIAN_POINT('',(-6.068798273413,-0.892469881872));
#538 = CARTESIAN_POINT('',(-6.059227316864,-0.781200873438));
#539 = CARTESIAN_POINT('',(-6.050220530808,-0.669838483104));
#540 = CARTESIAN_POINT('',(-6.041780632168,-0.558388998115));
#541 = CARTESIAN_POINT('',(-6.033910340005,-0.446857942161));
#542 = CARTESIAN_POINT('',(-6.026612372233,-0.335250351466));
#543 = CARTESIAN_POINT('',(-6.019889408205,-0.2235706841));
#544 = CARTESIAN_POINT('',(-6.013744077824,-0.111822909163));
#545 = CARTESIAN_POINT('',(-6.010033953374,-3.728113187756E-02));
#546 = CARTESIAN_POINT('',(-6.008276005817,3.552713678801E-15));
#547 = ( GEOMETRIC_REPRESENTATION_CONTEXT(2) 
PARAMETRIC_REPRESENTATION_CONTEXT() REPRESENTATION_CONTEXT('2D SPACE',''
  ) );
#548 = ADVANCED_FACE('',(#549),#405,.F.);
#549 = FACE_BOUND('',#550,.T.);
#550 = EDGE_LOOP('',(#551,#573));
#551 = ORIENTED_EDGE('',*,*,#552,.F.);
#552 = EDGE_CURVE('',#143,#145,#553,.T.);
#553 = SURFACE_CURVE('',#554,(#559,#566),.PCURVE_S1.);
#554 = CIRCLE('',#555,1.7);
#555 = AXIS2_PLACEMENT_3D('',#556,#557,#558);
#556 = CARTESIAN_POINT('',(-303.,347.5,-24.));
#557 = DIRECTION('',(-0.,0.,1.));
#558 = DIRECTION('',(0.962449822607,-0.271459645186,0.));
#559 = PCURVE('',#405,#560);
#560 = DEFINITIONAL_REPRESENTATION('',(#561),#565);
#561 = LINE('',#562,#563);
#562 = CARTESIAN_POINT('',(-6.008276005817,0.));
#563 = VECTOR('',#564,1.);
#564 = DIRECTION('',(-1.,0.));
#565 = ( GEOMETRIC_REPRESENTATION_CONTEXT(2) 
PARAMETRIC_REPRESENTATION_CONTEXT() REPRESENTATION_CONTEXT('2D SPACE',''
  ) );
#566 = PCURVE('',#159,#567);
#567 = DEFINITIONAL_REPRESENTATION('',(#568),#572);
#568 = CIRCLE('',#569,1.7);
#569 = AXIS2_PLACEMENT_2D('',#570,#571);
#570 = CARTESIAN_POINT('',(0.,0.));
#571 = DIRECTION('',(0.962449822607,-0.271459645186));
#572 = ( GEOMETRIC_REPRESENTATION_CONTEXT(2) 
PARAMETRIC_REPRESENTATION_CONTEXT() REPRESENTATION_CONTEXT('2D SPACE',''
  ) );
#573 = ORIENTED_EDGE('',*,*,#170,.F.);
#574 = ADVANCED_FACE('',(#575),#159,.T.);
#575 = FACE_BOUND('',#576,.T.);
#576 = EDGE_LOOP('',(#577,#578));
#577 = ORIENTED_EDGE('',*,*,#552,.T.);
#578 = ORIENTED_EDGE('',*,*,#142,.F.);
#579 = ADVANCED_FACE('',(#580),#129,.T.);
#580 = FACE_BOUND('',#581,.T.);
#581 = EDGE_LOOP('',(#582,#605,#633,#654));
#582 = ORIENTED_EDGE('',*,*,#583,.F.);
#583 = EDGE_CURVE('',#584,#24,#586,.T.);
#584 = VERTEX_POINT('',#585);
#585 = CARTESIAN_POINT('',(-321.,354.,-37.));
#586 = SURFACE_CURVE('',#587,(#591,#598),.PCURVE_S1.);
#587 = LINE('',#588,#589);
#588 = CARTESIAN_POINT('',(-321.,354.,-37.));
#589 = VECTOR('',#590,1.);
#590 = DIRECTION('',(0.,1.,0.));
#591 = PCURVE('',#129,#592);
#592 = DEFINITIONAL_REPRESENTATION('',(#593),#597);
#593 = LINE('',#594,#595);
#594 = CARTESIAN_POINT('',(0.,0.));
#595 = VECTOR('',#596,1.);
#596 = DIRECTION('',(0.,1.));
#597 = ( GEOMETRIC_REPRESENTATION_CONTEXT(2) 
PARAMETRIC_REPRESENTATION_CONTEXT() REPRESENTATION_CONTEXT('2D SPACE',''
  ) );
#598 = PCURVE('',#45,#599);
#599 = DEFINITIONAL_REPRESENTATION('',(#600),#604);
#600 = LINE('',#601,#602);
#601 = CARTESIAN_POINT('',(-12.,6.));
#602 = VECTOR('',#603,1.);
#603 = DIRECTION('',(0.,-1.));
#604 = ( GEOMETRIC_REPRESENTATION_CONTEXT(2) 
PARAMETRIC_REPRESENTATION_CONTEXT() REPRESENTATION_CONTEXT('2D SPACE',''
  ) );
#605 = ORIENTED_EDGE('',*,*,#606,.T.);
#606 = EDGE_CURVE('',#584,#607,#609,.T.);
#607 = VERTEX_POINT('',#608);
#608 = CARTESIAN_POINT('',(-285.,354.,-37.));
#609 = SURFACE_CURVE('',#610,(#614,#621),.PCURVE_S1.);
#610 = LINE('',#611,#612);
#611 = CARTESIAN_POINT('',(-321.,354.,-37.));
#612 = VECTOR('',#613,1.);
#613 = DIRECTION('',(1.,0.,0.));
#614 = PCURVE('',#129,#615);
#615 = DEFINITIONAL_REPRESENTATION('',(#616),#620);
#616 = LINE('',#617,#618);
#617 = CARTESIAN_POINT('',(0.,0.));
#618 = VECTOR('',#619,1.);
#619 = DIRECTION('',(1.,0.));
#620 = ( GEOMETRIC_REPRESENTATION_CONTEXT(2) 
PARAMETRIC_REPRESENTATION_CONTEXT() REPRESENTATION_CONTEXT('2D SPACE',''
  ) );
#621 = PCURVE('',#622,#627);
#622 = PLANE('',#623);
#623 = AXIS2_PLACEMENT_3D('',#624,#625,#626);
#624 = CARTESIAN_POINT('',(-321.,354.,-46.));
#625 = DIRECTION('',(0.,1.,0.));
#626 = DIRECTION('',(0.,0.,1.));
#627 = DEFINITIONAL_REPRESENTATION('',(#628),#632);
#628 = LINE('',#629,#630);
#629 = CARTESIAN_POINT('',(9.,0.));
#630 = VECTOR('',#631,1.);
#631 = DIRECTION('',(0.,1.));
#632 = ( GEOMETRIC_REPRESENTATION_CONTEXT(2) 
PARAMETRIC_REPRESENTATION_CONTEXT() REPRESENTATION_CONTEXT('2D SPACE',''
  ) );
#633 = ORIENTED_EDGE('',*,*,#634,.T.);
#634 = EDGE_CURVE('',#607,#84,#635,.T.);
#635 = SURFACE_CURVE('',#636,(#640,#647),.PCURVE_S1.);
#636 = LINE('',#637,#638);
#637 = CARTESIAN_POINT('',(-285.,354.,-37.));
#638 = VECTOR('',#639,1.);
#639 = DIRECTION('',(0.,1.,0.));
#640 = PCURVE('',#129,#641);
#641 = DEFINITIONAL_REPRESENTATION('',(#642),#646);
#642 = LINE('',#643,#644);
#643 = CARTESIAN_POINT('',(36.,0.));
#644 = VECTOR('',#645,1.);
#645 = DIRECTION('',(0.,1.));
#646 = ( GEOMETRIC_REPRESENTATION_CONTEXT(2) 
PARAMETRIC_REPRESENTATION_CONTEXT() REPRESENTATION_CONTEXT('2D SPACE',''
  ) );
#647 = PCURVE('',#100,#648);
#648 = DEFINITIONAL_REPRESENTATION('',(#649),#653);
#649 = LINE('',#650,#651);
#650 = CARTESIAN_POINT('',(-12.,6.));
#651 = VECTOR('',#652,1.);
#652 = DIRECTION('',(0.,-1.));
#653 = ( GEOMETRIC_REPRESENTATION_CONTEXT(2) 
PARAMETRIC_REPRESENTATION_CONTEXT() REPRESENTATION_CONTEXT('2D SPACE',''
  ) );
#654 = ORIENTED_EDGE('',*,*,#116,.T.);
#655 = ADVANCED_FACE('',(#656,#731,#762),#622,.F.);
#656 = FACE_BOUND('',#657,.F.);
#657 = EDGE_LOOP('',(#658,#688,#709,#710));
#658 = ORIENTED_EDGE('',*,*,#659,.F.);
#659 = EDGE_CURVE('',#660,#662,#664,.T.);
#660 = VERTEX_POINT('',#661);
#661 = CARTESIAN_POINT('',(-321.,354.,-46.));
#662 = VERTEX_POINT('',#663);
#663 = CARTESIAN_POINT('',(-285.,354.,-46.));
#664 = SURFACE_CURVE('',#665,(#669,#676),.PCURVE_S1.);
#665 = LINE('',#666,#667);
#666 = CARTESIAN_POINT('',(-321.,354.,-46.));
#667 = VECTOR('',#668,1.);
#668 = DIRECTION('',(1.,0.,0.));
#669 = PCURVE('',#622,#670);
#670 = DEFINITIONAL_REPRESENTATION('',(#671),#675);
#671 = LINE('',#672,#673);
#672 = CARTESIAN_POINT('',(0.,0.));
#673 = VECTOR('',#674,1.);
#674 = DIRECTION('',(0.,1.));
#675 = ( GEOMETRIC_REPRESENTATION_CONTEXT(2) 
PARAMETRIC_REPRESENTATION_CONTEXT() REPRESENTATION_CONTEXT('2D SPACE',''
  ) );
#676 = PCURVE('',#677,#682);
#677 = PLANE('',#678);
#678 = AXIS2_PLACEMENT_3D('',#679,#680,#681);
#679 = CARTESIAN_POINT('',(-321.,354.,-46.));
#680 = DIRECTION('',(0.,0.,1.));
#681 = DIRECTION('',(1.,0.,0.));
#682 = DEFINITIONAL_REPRESENTATION('',(#683),#687);
#683 = LINE('',#684,#685);
#684 = CARTESIAN_POINT('',(0.,0.));
#685 = VECTOR('',#686,1.);
#686 = DIRECTION('',(1.,0.));
#687 = ( GEOMETRIC_REPRESENTATION_CONTEXT(2) 
PARAMETRIC_REPRESENTATION_CONTEXT() REPRESENTATION_CONTEXT('2D SPACE',''
  ) );
#688 = ORIENTED_EDGE('',*,*,#689,.T.);
#689 = EDGE_CURVE('',#660,#584,#690,.T.);
#690 = SURFACE_CURVE('',#691,(#695,#702),.PCURVE_S1.);
#691 = LINE('',#692,#693);
#692 = CARTESIAN_POINT('',(-321.,354.,-46.));
#693 = VECTOR('',#694,1.);
#694 = DIRECTION('',(0.,0.,1.));
#695 = PCURVE('',#622,#696);
#696 = DEFINITIONAL_REPRESENTATION('',(#697),#701);
#697 = LINE('',#698,#699);
#698 = CARTESIAN_POINT('',(0.,0.));
#699 = VECTOR('',#700,1.);
#700 = DIRECTION('',(1.,0.));
#701 = ( GEOMETRIC_REPRESENTATION_CONTEXT(2) 
PARAMETRIC_REPRESENTATION_CONTEXT() REPRESENTATION_CONTEXT('2D SPACE',''
  ) );
#702 = PCURVE('',#45,#703);
#703 = DEFINITIONAL_REPRESENTATION('',(#704),#708);
#704 = LINE('',#705,#706);
#705 = CARTESIAN_POINT('',(-21.,6.));
#706 = VECTOR('',#707,1.);
#707 = DIRECTION('',(1.,0.));
#708 = ( GEOMETRIC_REPRESENTATION_CONTEXT(2) 
PARAMETRIC_REPRESENTATION_CONTEXT() REPRESENTATION_CONTEXT('2D SPACE',''
  ) );
#709 = ORIENTED_EDGE('',*,*,#606,.T.);
#710 = ORIENTED_EDGE('',*,*,#711,.F.);
#711 = EDGE_CURVE('',#662,#607,#712,.T.);
#712 = SURFACE_CURVE('',#713,(#717,#724),.PCURVE_S1.);
#713 = LINE('',#714,#715);
#714 = CARTESIAN_POINT('',(-285.,354.,-46.));
#715 = VECTOR('',#716,1.);
#716 = DIRECTION('',(0.,0.,1.));
#717 = PCURVE('',#622,#718);
#718 = DEFINITIONAL_REPRESENTATION('',(#719),#723);
#719 = LINE('',#720,#721);
#720 = CARTESIAN_POINT('',(0.,36.));
#721 = VECTOR('',#722,1.);
#722 = DIRECTION('',(1.,0.));
#723 = ( GEOMETRIC_REPRESENTATION_CONTEXT(2) 
PARAMETRIC_REPRESENTATION_CONTEXT() REPRESENTATION_CONTEXT('2D SPACE',''
  ) );
#724 = PCURVE('',#100,#725);
#725 = DEFINITIONAL_REPRESENTATION('',(#726),#730);
#726 = LINE('',#727,#728);
#727 = CARTESIAN_POINT('',(-21.,6.));
#728 = VECTOR('',#729,1.);
#729 = DIRECTION('',(1.,0.));
#730 = ( GEOMETRIC_REPRESENTATION_CONTEXT(2) 
PARAMETRIC_REPRESENTATION_CONTEXT() REPRESENTATION_CONTEXT('2D SPACE',''
  ) );
#731 = FACE_BOUND('',#732,.F.);
#732 = EDGE_LOOP('',(#733));
#733 = ORIENTED_EDGE('',*,*,#734,.F.);
#734 = EDGE_CURVE('',#735,#735,#737,.T.);
#735 = VERTEX_POINT('',#736);
#736 = CARTESIAN_POINT('',(-310.35,354.,-41.5));
#737 = SURFACE_CURVE('',#738,(#743,#750),.PCURVE_S1.);
#738 = CIRCLE('',#739,1.65);
#739 = AXIS2_PLACEMENT_3D('',#740,#741,#742);
#740 = CARTESIAN_POINT('',(-312.,354.,-41.5));
#741 = DIRECTION('',(-0.,1.,0.));
#742 = DIRECTION('',(1.,0.,0.));
#743 = PCURVE('',#622,#744);
#744 = DEFINITIONAL_REPRESENTATION('',(#745),#749);
#745 = CIRCLE('',#746,1.65);
#746 = AXIS2_PLACEMENT_2D('',#747,#748);
#747 = CARTESIAN_POINT('',(4.5,9.));
#748 = DIRECTION('',(0.,1.));
#749 = ( GEOMETRIC_REPRESENTATION_CONTEXT(2) 
PARAMETRIC_REPRESENTATION_CONTEXT() REPRESENTATION_CONTEXT('2D SPACE',''
  ) );
#750 = PCURVE('',#751,#756);
#751 = CYLINDRICAL_SURFACE('',#752,1.65);
#752 = AXIS2_PLACEMENT_3D('',#753,#754,#755);
#753 = CARTESIAN_POINT('',(-312.,370.,-41.5));
#754 = DIRECTION('',(-0.,1.,-0.));
#755 = DIRECTION('',(1.,0.,0.));
#756 = DEFINITIONAL_REPRESENTATION('',(#757),#761);
#757 = LINE('',#758,#759);
#758 = CARTESIAN_POINT('',(-6.28318530718,-16.));
#759 = VECTOR('',#760,1.);
#760 = DIRECTION('',(1.,-0.));
#761 = ( GEOMETRIC_REPRESENTATION_CONTEXT(2) 
PARAMETRIC_REPRESENTATION_CONTEXT() REPRESENTATION_CONTEXT('2D SPACE',''
  ) );
#762 = FACE_BOUND('',#763,.F.);
#763 = EDGE_LOOP('',(#764));
#764 = ORIENTED_EDGE('',*,*,#765,.F.);
#765 = EDGE_CURVE('',#766,#766,#768,.T.);
#766 = VERTEX_POINT('',#767);
#767 = CARTESIAN_POINT('',(-292.35,354.,-41.5));
#768 = SURFACE_CURVE('',#769,(#774,#781),.PCURVE_S1.);
#769 = CIRCLE('',#770,1.65);
#770 = AXIS2_PLACEMENT_3D('',#771,#772,#773);
#771 = CARTESIAN_POINT('',(-294.,354.,-41.5));
#772 = DIRECTION('',(-0.,1.,0.));
#773 = DIRECTION('',(1.,0.,0.));
#774 = PCURVE('',#622,#775);
#775 = DEFINITIONAL_REPRESENTATION('',(#776),#780);
#776 = CIRCLE('',#777,1.65);
#777 = AXIS2_PLACEMENT_2D('',#778,#779);
#778 = CARTESIAN_POINT('',(4.5,27.));
#779 = DIRECTION('',(0.,1.));
#780 = ( GEOMETRIC_REPRESENTATION_CONTEXT(2) 
PARAMETRIC_REPRESENTATION_CONTEXT() REPRESENTATION_CONTEXT('2D SPACE',''
  ) );
#781 = PCURVE('',#782,#787);
#782 = CYLINDRICAL_SURFACE('',#783,1.65);
#783 = AXIS2_PLACEMENT_3D('',#784,#785,#786);
#784 = CARTESIAN_POINT('',(-294.,370.,-41.5));
#785 = DIRECTION('',(-0.,1.,-0.));
#786 = DIRECTION('',(1.,0.,0.));
#787 = DEFINITIONAL_REPRESENTATION('',(#788),#792);
#788 = LINE('',#789,#790);
#789 = CARTESIAN_POINT('',(-6.28318530718,-16.));
#790 = VECTOR('',#791,1.);
#791 = DIRECTION('',(1.,-0.));
#792 = ( GEOMETRIC_REPRESENTATION_CONTEXT(2) 
PARAMETRIC_REPRESENTATION_CONTEXT() REPRESENTATION_CONTEXT('2D SPACE',''
  ) );
#793 = ADVANCED_FACE('',(#794),#782,.F.);
#794 = FACE_BOUND('',#795,.T.);
#795 = EDGE_LOOP('',(#796,#825,#846,#847));
#796 = ORIENTED_EDGE('',*,*,#797,.T.);
#797 = EDGE_CURVE('',#798,#798,#800,.T.);
#798 = VERTEX_POINT('',#799);
#799 = CARTESIAN_POINT('',(-292.35,359.25,-41.5));
#800 = SURFACE_CURVE('',#801,(#806,#813),.PCURVE_S1.);
#801 = CIRCLE('',#802,1.65);
#802 = AXIS2_PLACEMENT_3D('',#803,#804,#805);
#803 = CARTESIAN_POINT('',(-294.,359.25,-41.5));
#804 = DIRECTION('',(-0.,1.,0.));
#805 = DIRECTION('',(1.,0.,0.));
#806 = PCURVE('',#782,#807);
#807 = DEFINITIONAL_REPRESENTATION('',(#808),#812);
#808 = LINE('',#809,#810);
#809 = CARTESIAN_POINT('',(-6.28318530718,-10.75));
#810 = VECTOR('',#811,1.);
#811 = DIRECTION('',(1.,-0.));
#812 = ( GEOMETRIC_REPRESENTATION_CONTEXT(2) 
PARAMETRIC_REPRESENTATION_CONTEXT() REPRESENTATION_CONTEXT('2D SPACE',''
  ) );
#813 = PCURVE('',#814,#819);
#814 = PLANE('',#815);
#815 = AXIS2_PLACEMENT_3D('',#816,#817,#818);
#816 = CARTESIAN_POINT('',(-323.,359.25,-50.));
#817 = DIRECTION('',(0.,1.,0.));
#818 = DIRECTION('',(0.,0.,1.));
#819 = DEFINITIONAL_REPRESENTATION('',(#820),#824);
#820 = CIRCLE('',#821,1.65);
#821 = AXIS2_PLACEMENT_2D('',#822,#823);
#822 = CARTESIAN_POINT('',(8.5,29.));
#823 = DIRECTION('',(0.,1.));
#824 = ( GEOMETRIC_REPRESENTATION_CONTEXT(2) 
PARAMETRIC_REPRESENTATION_CONTEXT() REPRESENTATION_CONTEXT('2D SPACE',''
  ) );
#825 = ORIENTED_EDGE('',*,*,#826,.T.);
#826 = EDGE_CURVE('',#798,#766,#827,.T.);
#827 = SEAM_CURVE('',#828,(#832,#839),.PCURVE_S1.);
#828 = LINE('',#829,#830);
#829 = CARTESIAN_POINT('',(-292.35,370.,-41.5));
#830 = VECTOR('',#831,1.);
#831 = DIRECTION('',(0.,-1.,0.));
#832 = PCURVE('',#782,#833);
#833 = DEFINITIONAL_REPRESENTATION('',(#834),#838);
#834 = LINE('',#835,#836);
#835 = CARTESIAN_POINT('',(-6.28318530718,0.));
#836 = VECTOR('',#837,1.);
#837 = DIRECTION('',(-0.,-1.));
#838 = ( GEOMETRIC_REPRESENTATION_CONTEXT(2) 
PARAMETRIC_REPRESENTATION_CONTEXT() REPRESENTATION_CONTEXT('2D SPACE',''
  ) );
#839 = PCURVE('',#782,#840);
#840 = DEFINITIONAL_REPRESENTATION('',(#841),#845);
#841 = LINE('',#842,#843);
#842 = CARTESIAN_POINT('',(-0.,0.));
#843 = VECTOR('',#844,1.);
#844 = DIRECTION('',(-0.,-1.));
#845 = ( GEOMETRIC_REPRESENTATION_CONTEXT(2) 
PARAMETRIC_REPRESENTATION_CONTEXT() REPRESENTATION_CONTEXT('2D SPACE',''
  ) );
#846 = ORIENTED_EDGE('',*,*,#765,.F.);
#847 = ORIENTED_EDGE('',*,*,#826,.F.);
#848 = ADVANCED_FACE('',(#849,#940,#966),#814,.T.);
#849 = FACE_BOUND('',#850,.T.);
#850 = EDGE_LOOP('',(#851,#874,#895,#921));
#851 = ORIENTED_EDGE('',*,*,#852,.T.);
#852 = EDGE_CURVE('',#853,#855,#857,.T.);
#853 = VERTEX_POINT('',#854);
#854 = CARTESIAN_POINT('',(-285.,359.25,-46.));
#855 = VERTEX_POINT('',#856);
#856 = CARTESIAN_POINT('',(-321.,359.25,-46.));
#857 = SURFACE_CURVE('',#858,(#862,#868),.PCURVE_S1.);
#858 = LINE('',#859,#860);
#859 = CARTESIAN_POINT('',(-322.,359.25,-46.));
#860 = VECTOR('',#861,1.);
#861 = DIRECTION('',(-1.,0.,0.));
#862 = PCURVE('',#814,#863);
#863 = DEFINITIONAL_REPRESENTATION('',(#864),#867);
#864 = B_SPLINE_CURVE_WITH_KNOTS('',1,(#865,#866),.UNSPECIFIED.,.F.,.F.,
  (2,2),(-37.,-1.),.PIECEWISE_BEZIER_KNOTS.);
#865 = CARTESIAN_POINT('',(4.,38.));
#866 = CARTESIAN_POINT('',(4.,2.));
#867 = ( GEOMETRIC_REPRESENTATION_CONTEXT(2) 
PARAMETRIC_REPRESENTATION_CONTEXT() REPRESENTATION_CONTEXT('2D SPACE',''
  ) );
#868 = PCURVE('',#677,#869);
#869 = DEFINITIONAL_REPRESENTATION('',(#870),#873);
#870 = B_SPLINE_CURVE_WITH_KNOTS('',1,(#871,#872),.UNSPECIFIED.,.F.,.F.,
  (2,2),(-37.,-1.),.PIECEWISE_BEZIER_KNOTS.);
#871 = CARTESIAN_POINT('',(36.,5.25));
#872 = CARTESIAN_POINT('',(0.,5.25));
#873 = ( GEOMETRIC_REPRESENTATION_CONTEXT(2) 
PARAMETRIC_REPRESENTATION_CONTEXT() REPRESENTATION_CONTEXT('2D SPACE',''
  ) );
#874 = ORIENTED_EDGE('',*,*,#875,.T.);
#875 = EDGE_CURVE('',#855,#876,#878,.T.);
#876 = VERTEX_POINT('',#877);
#877 = CARTESIAN_POINT('',(-321.,359.25,-33.1154174261));
#878 = SURFACE_CURVE('',#879,(#883,#889),.PCURVE_S1.);
#879 = LINE('',#880,#881);
#880 = CARTESIAN_POINT('',(-321.,359.25,-37.5));
#881 = VECTOR('',#882,1.);
#882 = DIRECTION('',(0.,0.,1.));
#883 = PCURVE('',#814,#884);
#884 = DEFINITIONAL_REPRESENTATION('',(#885),#888);
#885 = B_SPLINE_CURVE_WITH_KNOTS('',1,(#886,#887),.UNSPECIFIED.,.F.,.F.,
  (2,2),(-8.5,12.5),.PIECEWISE_BEZIER_KNOTS.);
#886 = CARTESIAN_POINT('',(4.,2.));
#887 = CARTESIAN_POINT('',(25.,2.));
#888 = ( GEOMETRIC_REPRESENTATION_CONTEXT(2) 
PARAMETRIC_REPRESENTATION_CONTEXT() REPRESENTATION_CONTEXT('2D SPACE',''
  ) );
#889 = PCURVE('',#45,#890);
#890 = DEFINITIONAL_REPRESENTATION('',(#891),#894);
#891 = B_SPLINE_CURVE_WITH_KNOTS('',1,(#892,#893),.UNSPECIFIED.,.F.,.F.,
  (2,2),(-8.5,12.5),.PIECEWISE_BEZIER_KNOTS.);
#892 = CARTESIAN_POINT('',(-21.,0.75));
#893 = CARTESIAN_POINT('',(-3.552713678801E-15,0.75));
#894 = ( GEOMETRIC_REPRESENTATION_CONTEXT(2) 
PARAMETRIC_REPRESENTATION_CONTEXT() REPRESENTATION_CONTEXT('2D SPACE',''
  ) );
#895 = ORIENTED_EDGE('',*,*,#896,.F.);
#896 = EDGE_CURVE('',#897,#876,#899,.T.);
#897 = VERTEX_POINT('',#898);
#898 = CARTESIAN_POINT('',(-285.,359.25,-33.1154174261));
#899 = SURFACE_CURVE('',#900,(#904,#910),.PCURVE_S1.);
#900 = LINE('',#901,#902);
#901 = CARTESIAN_POINT('',(-323.,359.25,-33.1154174261));
#902 = VECTOR('',#903,1.);
#903 = DIRECTION('',(-1.,-0.,-0.));
#904 = PCURVE('',#814,#905);
#905 = DEFINITIONAL_REPRESENTATION('',(#906),#909);
#906 = B_SPLINE_CURVE_WITH_KNOTS('',1,(#907,#908),.UNSPECIFIED.,.F.,.F.,
  (2,2),(-38.0000006,-1.9999994),.PIECEWISE_BEZIER_KNOTS.);
#907 = CARTESIAN_POINT('',(16.884582573891,38.0000006));
#908 = CARTESIAN_POINT('',(16.884582573891,1.9999994));
#909 = ( GEOMETRIC_REPRESENTATION_CONTEXT(2) 
PARAMETRIC_REPRESENTATION_CONTEXT() REPRESENTATION_CONTEXT('2D SPACE',''
  ) );
#910 = PCURVE('',#911,#916);
#911 = CYLINDRICAL_SURFACE('',#912,8.15);
#912 = AXIS2_PLACEMENT_3D('',#913,#914,#915);
#913 = CARTESIAN_POINT('',(-323.,360.,-25.));
#914 = DIRECTION('',(-1.,-0.,-0.));
#915 = DIRECTION('',(0.,1.,0.));
#916 = DEFINITIONAL_REPRESENTATION('',(#917),#920);
#917 = B_SPLINE_CURVE_WITH_KNOTS('',1,(#918,#919),.UNSPECIFIED.,.F.,.F.,
  (2,2),(-38.,-2.),.PIECEWISE_BEZIER_KNOTS.);
#918 = CARTESIAN_POINT('',(-10.90341936499,-38.));
#919 = CARTESIAN_POINT('',(-10.90341936499,-2.));
#920 = ( GEOMETRIC_REPRESENTATION_CONTEXT(2) 
PARAMETRIC_REPRESENTATION_CONTEXT() REPRESENTATION_CONTEXT('2D SPACE',''
  ) );
#921 = ORIENTED_EDGE('',*,*,#922,.F.);
#922 = EDGE_CURVE('',#853,#897,#923,.T.);
#923 = SURFACE_CURVE('',#924,(#928,#934),.PCURVE_S1.);
#924 = LINE('',#925,#926);
#925 = CARTESIAN_POINT('',(-285.,359.25,-37.5));
#926 = VECTOR('',#927,1.);
#927 = DIRECTION('',(0.,0.,1.));
#928 = PCURVE('',#814,#929);
#929 = DEFINITIONAL_REPRESENTATION('',(#930),#933);
#930 = B_SPLINE_CURVE_WITH_KNOTS('',1,(#931,#932),.UNSPECIFIED.,.F.,.F.,
  (2,2),(-8.5,12.5),.PIECEWISE_BEZIER_KNOTS.);
#931 = CARTESIAN_POINT('',(4.,38.));
#932 = CARTESIAN_POINT('',(25.,38.));
#933 = ( GEOMETRIC_REPRESENTATION_CONTEXT(2) 
PARAMETRIC_REPRESENTATION_CONTEXT() REPRESENTATION_CONTEXT('2D SPACE',''
  ) );
#934 = PCURVE('',#100,#935);
#935 = DEFINITIONAL_REPRESENTATION('',(#936),#939);
#936 = B_SPLINE_CURVE_WITH_KNOTS('',1,(#937,#938),.UNSPECIFIED.,.F.,.F.,
  (2,2),(-8.5,12.5),.PIECEWISE_BEZIER_KNOTS.);
#937 = CARTESIAN_POINT('',(-21.,0.75));
#938 = CARTESIAN_POINT('',(-3.552713678801E-15,0.75));
#939 = ( GEOMETRIC_REPRESENTATION_CONTEXT(2) 
PARAMETRIC_REPRESENTATION_CONTEXT() REPRESENTATION_CONTEXT('2D SPACE',''
  ) );
#940 = FACE_BOUND('',#941,.T.);
#941 = EDGE_LOOP('',(#942));
#942 = ORIENTED_EDGE('',*,*,#943,.F.);
#943 = EDGE_CURVE('',#944,#944,#946,.T.);
#944 = VERTEX_POINT('',#945);
#945 = CARTESIAN_POINT('',(-310.35,359.25,-41.5));
#946 = SURFACE_CURVE('',#947,(#952,#959),.PCURVE_S1.);
#947 = CIRCLE('',#948,1.65);
#948 = AXIS2_PLACEMENT_3D('',#949,#950,#951);
#949 = CARTESIAN_POINT('',(-312.,359.25,-41.5));
#950 = DIRECTION('',(-0.,1.,0.));
#951 = DIRECTION('',(1.,0.,0.));
#952 = PCURVE('',#814,#953);
#953 = DEFINITIONAL_REPRESENTATION('',(#954),#958);
#954 = CIRCLE('',#955,1.65);
#955 = AXIS2_PLACEMENT_2D('',#956,#957);
#956 = CARTESIAN_POINT('',(8.5,11.));
#957 = DIRECTION('',(0.,1.));
#958 = ( GEOMETRIC_REPRESENTATION_CONTEXT(2) 
PARAMETRIC_REPRESENTATION_CONTEXT() REPRESENTATION_CONTEXT('2D SPACE',''
  ) );
#959 = PCURVE('',#751,#960);
#960 = DEFINITIONAL_REPRESENTATION('',(#961),#965);
#961 = LINE('',#962,#963);
#962 = CARTESIAN_POINT('',(-6.28318530718,-10.75));
#963 = VECTOR('',#964,1.);
#964 = DIRECTION('',(1.,-0.));
#965 = ( GEOMETRIC_REPRESENTATION_CONTEXT(2) 
PARAMETRIC_REPRESENTATION_CONTEXT() REPRESENTATION_CONTEXT('2D SPACE',''
  ) );
#966 = FACE_BOUND('',#967,.T.);
#967 = EDGE_LOOP('',(#968));
#968 = ORIENTED_EDGE('',*,*,#797,.F.);
#969 = ADVANCED_FACE('',(#970,#1049,#1346,#1675),#911,.F.);
#970 = FACE_BOUND('',#971,.T.);
#971 = EDGE_LOOP('',(#972,#1000,#1001,#1025));
#972 = ORIENTED_EDGE('',*,*,#973,.F.);
#973 = EDGE_CURVE('',#897,#974,#976,.T.);
#974 = VERTEX_POINT('',#975);
#975 = CARTESIAN_POINT('',(-285.,360.75,-33.1154174261));
#976 = SURFACE_CURVE('',#977,(#982,#989),.PCURVE_S1.);
#977 = CIRCLE('',#978,8.15);
#978 = AXIS2_PLACEMENT_3D('',#979,#980,#981);
#979 = CARTESIAN_POINT('',(-285.,360.,-25.));
#980 = DIRECTION('',(-1.,-0.,0.));
#981 = DIRECTION('',(0.,-9.20245398773E-02,-0.9957567394));
#982 = PCURVE('',#911,#983);
#983 = DEFINITIONAL_REPRESENTATION('',(#984),#988);
#984 = LINE('',#985,#986);
#985 = CARTESIAN_POINT('',(-10.90341936499,-38.));
#986 = VECTOR('',#987,1.);
#987 = DIRECTION('',(1.,-0.));
#988 = ( GEOMETRIC_REPRESENTATION_CONTEXT(2) 
PARAMETRIC_REPRESENTATION_CONTEXT() REPRESENTATION_CONTEXT('2D SPACE',''
  ) );
#989 = PCURVE('',#100,#990);
#990 = DEFINITIONAL_REPRESENTATION('',(#991),#999);
#991 = ( BOUNDED_CURVE() B_SPLINE_CURVE(2,(#992,#993,#994,#995,#996,#997
,#998),.UNSPECIFIED.,.T.,.F.) B_SPLINE_CURVE_WITH_KNOTS((1,2,2,2,2,1),(
    -2.094395102393,0.,2.094395102393,4.188790204786,6.28318530718,
8.377580409573),.UNSPECIFIED.) CURVE() GEOMETRIC_REPRESENTATION_ITEM() 
RATIONAL_B_SPLINE_CURVE((1.,0.5,1.,0.5,1.,0.5,1.)) REPRESENTATION_ITEM(
  '') );
#992 = CARTESIAN_POINT('',(-8.115417426109,0.75));
#993 = CARTESIAN_POINT('',(-6.816379320433,14.806315306651));
#994 = CARTESIAN_POINT('',(4.707227765893,6.653157653326));
#995 = CARTESIAN_POINT('',(16.230834852219,-1.5));
#996 = CARTESIAN_POINT('',(3.408189660216,-7.403157653326));
#997 = CARTESIAN_POINT('',(-9.414455531786,-13.30631530665));
#998 = CARTESIAN_POINT('',(-8.115417426109,0.75));
#999 = ( GEOMETRIC_REPRESENTATION_CONTEXT(2) 
PARAMETRIC_REPRESENTATION_CONTEXT() REPRESENTATION_CONTEXT('2D SPACE',''
  ) );
#1000 = ORIENTED_EDGE('',*,*,#896,.T.);
#1001 = ORIENTED_EDGE('',*,*,#1002,.F.);
#1002 = EDGE_CURVE('',#1003,#876,#1005,.T.);
#1003 = VERTEX_POINT('',#1004);
#1004 = CARTESIAN_POINT('',(-321.,360.75,-33.1154174261));
#1005 = SURFACE_CURVE('',#1006,(#1011,#1018),.PCURVE_S1.);
#1006 = CIRCLE('',#1007,8.15);
#1007 = AXIS2_PLACEMENT_3D('',#1008,#1009,#1010);
#1008 = CARTESIAN_POINT('',(-321.,360.,-25.));
#1009 = DIRECTION('',(1.,-0.,0.));
#1010 = DIRECTION('',(0.,9.20245398773E-02,-0.9957567394));
#1011 = PCURVE('',#911,#1012);
#1012 = DEFINITIONAL_REPRESENTATION('',(#1013),#1017);
#1013 = LINE('',#1014,#1015);
#1014 = CARTESIAN_POINT('',(-4.804543902956,-2.));
#1015 = VECTOR('',#1016,1.);
#1016 = DIRECTION('',(-1.,-0.));
#1017 = ( GEOMETRIC_REPRESENTATION_CONTEXT(2) 
PARAMETRIC_REPRESENTATION_CONTEXT() REPRESENTATION_CONTEXT('2D SPACE',''
  ) );
#1018 = PCURVE('',#45,#1019);
#1019 = DEFINITIONAL_REPRESENTATION('',(#1020),#1024);
#1020 = CIRCLE('',#1021,8.15);
#1021 = AXIS2_PLACEMENT_2D('',#1022,#1023);
#1022 = CARTESIAN_POINT('',(-3.552713678801E-15,-5.684341886081E-14));
#1023 = DIRECTION('',(-0.9957567394,-9.20245398773E-02));
#1024 = ( GEOMETRIC_REPRESENTATION_CONTEXT(2) 
PARAMETRIC_REPRESENTATION_CONTEXT() REPRESENTATION_CONTEXT('2D SPACE',''
  ) );
#1025 = ORIENTED_EDGE('',*,*,#1026,.F.);
#1026 = EDGE_CURVE('',#974,#1003,#1027,.T.);
#1027 = SURFACE_CURVE('',#1028,(#1032,#1038),.PCURVE_S1.);
#1028 = LINE('',#1029,#1030);
#1029 = CARTESIAN_POINT('',(-323.,360.75,-33.1154174261));
#1030 = VECTOR('',#1031,1.);
#1031 = DIRECTION('',(-1.,-0.,-0.));
#1032 = PCURVE('',#911,#1033);
#1033 = DEFINITIONAL_REPRESENTATION('',(#1034),#1037);
#1034 = B_SPLINE_CURVE_WITH_KNOTS('',1,(#1035,#1036),.UNSPECIFIED.,.F.,
  .F.,(2,2),(-38.,-2.),.PIECEWISE_BEZIER_KNOTS.);
#1035 = CARTESIAN_POINT('',(-4.804543902956,-38.));
#1036 = CARTESIAN_POINT('',(-4.804543902956,-2.));
#1037 = ( GEOMETRIC_REPRESENTATION_CONTEXT(2) 
PARAMETRIC_REPRESENTATION_CONTEXT() REPRESENTATION_CONTEXT('2D SPACE',''
  ) );
#1038 = PCURVE('',#1039,#1044);
#1039 = PLANE('',#1040);
#1040 = AXIS2_PLACEMENT_3D('',#1041,#1042,#1043);
#1041 = CARTESIAN_POINT('',(-323.,360.75,-50.));
#1042 = DIRECTION('',(0.,1.,0.));
#1043 = DIRECTION('',(0.,0.,1.));
#1044 = DEFINITIONAL_REPRESENTATION('',(#1045),#1048);
#1045 = B_SPLINE_CURVE_WITH_KNOTS('',1,(#1046,#1047),.UNSPECIFIED.,.F.,
  .F.,(2,2),(-38.0000006,-1.9999994),.PIECEWISE_BEZIER_KNOTS.);
#1046 = CARTESIAN_POINT('',(16.884582573891,38.0000006));
#1047 = CARTESIAN_POINT('',(16.884582573891,1.9999994));
#1048 = ( GEOMETRIC_REPRESENTATION_CONTEXT(2) 
PARAMETRIC_REPRESENTATION_CONTEXT() REPRESENTATION_CONTEXT('2D SPACE',''
  ) );
#1049 = FACE_BOUND('',#1050,.T.);
#1050 = EDGE_LOOP('',(#1051));
#1051 = ORIENTED_EDGE('',*,*,#1052,.T.);
#1052 = EDGE_CURVE('',#1053,#1053,#1055,.T.);
#1053 = VERTEX_POINT('',#1054);
#1054 = CARTESIAN_POINT('',(-288.8,360.,-16.85));
#1055 = SURFACE_CURVE('',#1056,(#1149,#1245),.PCURVE_S1.);
#1056 = B_SPLINE_CURVE_WITH_KNOTS('',6,(#1057,#1058,#1059,#1060,#1061,
    #1062,#1063,#1064,#1065,#1066,#1067,#1068,#1069,#1070,#1071,#1072,
    #1073,#1074,#1075,#1076,#1077,#1078,#1079,#1080,#1081,#1082,#1083,
    #1084,#1085,#1086,#1087,#1088,#1089,#1090,#1091,#1092,#1093,#1094,
    #1095,#1096,#1097,#1098,#1099,#1100,#1101,#1102,#1103,#1104,#1105,
    #1106,#1107,#1108,#1109,#1110,#1111,#1112,#1113,#1114,#1115,#1116,
    #1117,#1118,#1119,#1120,#1121,#1122,#1123,#1124,#1125,#1126,#1127,
    #1128,#1129,#1130,#1131,#1132,#1133,#1134,#1135,#1136,#1137,#1138,
    #1139,#1140,#1141,#1142,#1143,#1144,#1145,#1146,#1147,#1148),
  .UNSPECIFIED.,.T.,.F.,(7,5,5,5,5,5,5,5,5,5,5,5,5,5,5,5,5,5,7),(0.,
    5.112745373929E-02,8.252710975503E-02,0.153242175978,0.249710494756,
    0.322144467766,0.377680647438,0.417107638608,0.466930801026,
    0.499246257026,0.549268961383,0.621545316414,0.677237211976,
    0.749613614162,0.822230217804,0.877906423034,0.917432823031,
    0.949646862363,1.),.UNSPECIFIED.);
#1057 = CARTESIAN_POINT('',(-288.8,360.,-16.85));
#1058 = CARTESIAN_POINT('',(-288.8,360.10646989226,-16.85));
#1059 = CARTESIAN_POINT('',(-288.8080017878,360.2127402737,
    -16.85166906049));
#1060 = CARTESIAN_POINT('',(-288.8239490005,360.31765756597,
    -16.8549955863));
#1061 = CARTESIAN_POINT('',(-288.8474905347,360.4200853851,
    -16.85984945072));
#1062 = CARTESIAN_POINT('',(-288.877987983,360.51896529493,
    -16.86598871185));
#1063 = CARTESIAN_POINT('',(-288.9369457128,360.67136171856,
    -16.8774908643));
#1064 = CARTESIAN_POINT('',(-288.9616798929,360.72773374101,
    -16.88224482253));
#1065 = CARTESIAN_POINT('',(-288.9885586884,360.78239396721,
    -16.88731801265));
#1066 = CARTESIAN_POINT('',(-289.0174198609,360.83525500094,
    -16.89264960005));
#1067 = CARTESIAN_POINT('',(-289.0480961907,360.88624268658,
    -16.89817846008));
#1068 = CARTESIAN_POINT('',(-289.1532008102,361.04576959533,
    -16.91660756915));
#1069 = CARTESIAN_POINT('',(-289.2342920176,361.14639386291,
    -16.93006513904));
#1070 = CARTESIAN_POINT('',(-289.3221013857,361.23708461993,
    -16.94360809334));
#1071 = CARTESIAN_POINT('',(-289.4153183558,361.3179217287,
    -16.95672038758));
#1072 = CARTESIAN_POINT('',(-289.5128457908,361.38906745165,
    -16.96900280798));
#1073 = CARTESIAN_POINT('',(-289.751404353,361.53480444004,
    -16.99536519209));
#1074 = CARTESIAN_POINT('',(-289.8955025801,361.60131208015,
    -17.00848858391));
#1075 = CARTESIAN_POINT('',(-290.0439154652,361.65076483922,
    -17.01877168203));
#1076 = CARTESIAN_POINT('',(-290.1950286414,361.68358192929,
    -17.02577058443));
#1077 = CARTESIAN_POINT('',(-290.3474920162,361.7,-17.02927230423));
#1078 = CARTESIAN_POINT('',(-290.6145117829,361.7,-17.02927230423));
#1079 = CARTESIAN_POINT('',(-290.7290126536,361.69074382282,
    -17.027297957));
#1080 = CARTESIAN_POINT('',(-290.8429379278,361.67223471751,
    -17.02335086029));
#1081 = CARTESIAN_POINT('',(-290.9557132317,361.64440223432,
    -17.01749843744));
#1082 = CARTESIAN_POINT('',(-291.0667017398,361.60711322844,
    -17.00988277222));
#1083 = CARTESIAN_POINT('',(-291.2583013552,361.52420067102,
    -16.99371145381));
#1084 = CARTESIAN_POINT('',(-291.339959791,361.48255083643,
    -16.98578966528));
#1085 = CARTESIAN_POINT('',(-291.4197991452,361.43514219887,
    -16.97706455096));
#1086 = CARTESIAN_POINT('',(-291.4974266263,361.381876401,
    -16.96766874768));
#1087 = CARTESIAN_POINT('',(-291.5723796519,361.32265271385,
    -16.95777051049));
#1088 = CARTESIAN_POINT('',(-291.6950530489,361.21102851118,
    -16.94034057095));
#1089 = CARTESIAN_POINT('',(-291.7443737484,361.16162472652,
    -16.93295414674));
#1090 = CARTESIAN_POINT('',(-291.7918638335,361.10914713806,
    -16.92549539328));
#1091 = CARTESIAN_POINT('',(-291.8372852293,361.05359483197,
    -16.91805304643));
#1092 = CARTESIAN_POINT('',(-291.8803805815,360.99498186687,
    -16.91072553003));
#1093 = CARTESIAN_POINT('',(-291.9720414237,360.85544157069,
    -16.89463953089));
#1094 = CARTESIAN_POINT('',(-292.0191411388,360.77257066034,
    -16.88599763312));
#1095 = CARTESIAN_POINT('',(-292.0613964376,360.68504452215,
    -16.87794393883));
#1096 = CARTESIAN_POINT('',(-292.0981088713,360.59327847717,
    -16.87073663395));
#1097 = CARTESIAN_POINT('',(-292.1286542819,360.49777850615,
    -16.86461614402));
#1098 = CARTESIAN_POINT('',(-292.1679339629,360.33515460317,
    -16.85664229379));
#1099 = CARTESIAN_POINT('',(-292.180546356,360.26991187515,
    -16.85404813644));
#1100 = CARTESIAN_POINT('',(-292.1901468326,360.20369977343,
    -16.85205521779));
#1101 = CARTESIAN_POINT('',(-292.1966200347,360.13682379301,
    -16.85070495699));
#1102 = CARTESIAN_POINT('',(-292.1999056897,360.06959833891,
    -16.85001967206));
#1103 = CARTESIAN_POINT('',(-292.2001418734,359.89823523209,
    -16.84997040678));
#1104 = CARTESIAN_POINT('',(-292.1926344408,359.79428713924,
    -16.85153634953));
#1105 = CARTESIAN_POINT('',(-292.1775216275,359.69158598903,
    -16.85468938288));
#1106 = CARTESIAN_POINT('',(-292.1551227435,359.59120441212,
    -16.85931150017));
#1107 = CARTESIAN_POINT('',(-292.1260242494,359.49414516076,
    -16.86518096972));
#1108 = CARTESIAN_POINT('',(-292.0405938579,359.26711435554,
    -16.88190428089));
#1109 = CARTESIAN_POINT('',(-291.9779363907,359.14179190214,
    -16.89380784458));
#1110 = CARTESIAN_POINT('',(-291.9050385395,359.02614311521,
    -16.90702469276));
#1111 = CARTESIAN_POINT('',(-291.8236944676,358.92067434483,
    -16.9208318352));
#1112 = CARTESIAN_POINT('',(-291.7356032505,358.82563695919,
    -16.93459851858));
#1113 = CARTESIAN_POINT('',(-291.5705604018,358.67587481494,
    -16.95801365782));
#1114 = CARTESIAN_POINT('',(-291.4955293265,358.61675648769,
    -16.96790529727));
#1115 = CARTESIAN_POINT('',(-291.4178302107,358.56359780552,
    -16.97729128478));
#1116 = CARTESIAN_POINT('',(-291.3379250235,358.51629786147,
    -16.98600369932));
#1117 = CARTESIAN_POINT('',(-291.2562060417,358.47475829187,
    -16.99391022968));
#1118 = CARTESIAN_POINT('',(-291.0648675896,358.39227166231,
    -17.01000841982));
#1119 = CARTESIAN_POINT('',(-290.9542223386,358.35523043468,
    -17.01757567473));
#1120 = CARTESIAN_POINT('',(-290.8418082306,358.32758201591,
    -17.02338994102));
#1121 = CARTESIAN_POINT('',(-290.7282555095,358.30919504601,
    -17.02731100243));
#1122 = CARTESIAN_POINT('',(-290.6141330004,358.3,-17.02927230423));
#1123 = CARTESIAN_POINT('',(-290.385488217,358.3,-17.02927230423));
#1124 = CARTESIAN_POINT('',(-290.2709873463,358.30925617718,
    -17.027297957));
#1125 = CARTESIAN_POINT('',(-290.1570620721,358.32776528249,
    -17.02335086029));
#1126 = CARTESIAN_POINT('',(-290.0442867682,358.35559776567,
    -17.01749843744));
#1127 = CARTESIAN_POINT('',(-289.9332982601,358.39288677155,
    -17.00988277222));
#1128 = CARTESIAN_POINT('',(-289.7416986447,358.47579932897,
    -16.99371145381));
#1129 = CARTESIAN_POINT('',(-289.6600402089,358.51744916356,
    -16.98578966528));
#1130 = CARTESIAN_POINT('',(-289.5802008547,358.56485780112,
    -16.97706455096));
#1131 = CARTESIAN_POINT('',(-289.5025733736,358.61812359899,
    -16.96766874768));
#1132 = CARTESIAN_POINT('',(-289.427620348,358.67734728614,
    -16.95777051049));
#1133 = CARTESIAN_POINT('',(-289.304946951,358.78897148881,
    -16.94034057095));
#1134 = CARTESIAN_POINT('',(-289.2556262515,358.83837527347,
    -16.93295414674));
#1135 = CARTESIAN_POINT('',(-289.2081361664,358.89085286193,
    -16.92549539328));
#1136 = CARTESIAN_POINT('',(-289.1627147706,358.94640516802,
    -16.91805304643));
#1137 = CARTESIAN_POINT('',(-289.1196194184,359.00501813312,
    -16.91072553003));
#1138 = CARTESIAN_POINT('',(-289.0461265365,359.11690035296,
    -16.89782791306));
#1139 = CARTESIAN_POINT('',(-289.0148481778,359.16916242342,
    -16.89218228519));
#1140 = CARTESIAN_POINT('',(-288.985477502,359.22338147666,
    -16.8867461128));
#1141 = CARTESIAN_POINT('',(-288.9581936457,359.27947686545,
    -16.88158494231));
#1142 = CARTESIAN_POINT('',(-288.9331700742,359.33735340628,
    -16.87676388393));
#1143 = CARTESIAN_POINT('',(-288.8752567372,359.48998008416,
    -16.86543848737));
#1144 = CARTESIAN_POINT('',(-288.8458042892,359.58732008797,
    -16.85950173836));
#1145 = CARTESIAN_POINT('',(-288.823089979,359.68803653116,
    -16.85481639154));
#1146 = CARTESIAN_POINT('',(-288.8077128081,359.79111530114,
    -16.85160878698));
#1147 = CARTESIAN_POINT('',(-288.8,359.89547031637,-16.85));
#1148 = CARTESIAN_POINT('',(-288.8,360.,-16.85));
#1149 = PCURVE('',#911,#1150);
#1150 = DEFINITIONAL_REPRESENTATION('',(#1151),#1244);
#1151 = B_SPLINE_CURVE_WITH_KNOTS('',6,(#1152,#1153,#1154,#1155,#1156,
    #1157,#1158,#1159,#1160,#1161,#1162,#1163,#1164,#1165,#1166,#1167,
    #1168,#1169,#1170,#1171,#1172,#1173,#1174,#1175,#1176,#1177,#1178,
    #1179,#1180,#1181,#1182,#1183,#1184,#1185,#1186,#1187,#1188,#1189,
    #1190,#1191,#1192,#1193,#1194,#1195,#1196,#1197,#1198,#1199,#1200,
    #1201,#1202,#1203,#1204,#1205,#1206,#1207,#1208,#1209,#1210,#1211,
    #1212,#1213,#1214,#1215,#1216,#1217,#1218,#1219,#1220,#1221,#1222,
    #1223,#1224,#1225,#1226,#1227,#1228,#1229,#1230,#1231,#1232,#1233,
    #1234,#1235,#1236,#1237,#1238,#1239,#1240,#1241,#1242,#1243),
  .UNSPECIFIED.,.T.,.F.,(7,5,5,5,5,5,5,5,5,5,5,5,5,5,5,5,5,5,7),(0.,
    5.112745373929E-02,8.252710975503E-02,0.153242175978,0.249710494756,
    0.322144467766,0.377680647438,0.417107638608,0.466930801026,
    0.499246257026,0.549268961383,0.621545316414,0.677237211976,
    0.749613614162,0.822230217804,0.877906423034,0.917432823031,
    0.949646862363,1.),.UNSPECIFIED.);
#1152 = CARTESIAN_POINT('',(-7.853981633974,-34.2));
#1153 = CARTESIAN_POINT('',(-7.840917843513,-34.2));
#1154 = CARTESIAN_POINT('',(-7.827878530973,-34.19199821213));
#1155 = CARTESIAN_POINT('',(-7.815001240237,-34.17605099949));
#1156 = CARTESIAN_POINT('',(-7.802421417612,-34.15250946524));
#1157 = CARTESIAN_POINT('',(-7.790266627944,-34.12201201695));
#1158 = CARTESIAN_POINT('',(-7.771514496544,-34.06305428711));
#1159 = CARTESIAN_POINT('',(-7.764573401119,-34.03832010706));
#1160 = CARTESIAN_POINT('',(-7.75783814259,-34.01144131154));
#1161 = CARTESIAN_POINT('',(-7.751319504994,-33.98258013906));
#1162 = CARTESIAN_POINT('',(-7.745026827738,-33.95190380929));
#1163 = CARTESIAN_POINT('',(-7.725322793584,-33.84679918971));
#1164 = CARTESIAN_POINT('',(-7.712868333922,-33.76570798233));
#1165 = CARTESIAN_POINT('',(-7.701618872107,-33.67789861425));
#1166 = CARTESIAN_POINT('',(-7.691571401287,-33.58468164418));
#1167 = CARTESIAN_POINT('',(-7.682713018766,-33.48715420917));
#1168 = CARTESIAN_POINT('',(-7.664540976548,-33.24859564693));
#1169 = CARTESIAN_POINT('',(-7.656224223083,-33.10449741987));
#1170 = CARTESIAN_POINT('',(-7.650026655241,-32.95608453476));
#1171 = CARTESIAN_POINT('',(-7.645909476252,-32.8049713585));
#1172 = CARTESIAN_POINT('',(-7.643849675953,-32.65250798375));
#1173 = CARTESIAN_POINT('',(-7.643849675953,-32.38548821707));
#1174 = CARTESIAN_POINT('',(-7.645010937345,-32.27098734637));
#1175 = CARTESIAN_POINT('',(-7.647333099045,-32.15706207211));
#1176 = CARTESIAN_POINT('',(-7.650822755735,-32.04428676827));
#1177 = CARTESIAN_POINT('',(-7.655492373216,-31.93329826015));
#1178 = CARTESIAN_POINT('',(-7.66585738798,-31.74169864476));
#1179 = CARTESIAN_POINT('',(-7.671059351947,-31.66004020895));
#1180 = CARTESIAN_POINT('',(-7.676973898281,-31.58020085477));
#1181 = CARTESIAN_POINT('',(-7.683610137956,-31.50257337368));
#1182 = CARTESIAN_POINT('',(-7.690977223455,-31.42762034808));
#1183 = CARTESIAN_POINT('',(-7.70483941189,-31.30494695109));
#1184 = CARTESIAN_POINT('',(-7.710968474388,-31.25562625152));
#1185 = CARTESIAN_POINT('',(-7.717471887568,-31.20813616643));
#1186 = CARTESIAN_POINT('',(-7.72434864796,-31.16271477067));
#1187 = CARTESIAN_POINT('',(-7.731596070575,-31.1196194184));
#1188 = CARTESIAN_POINT('',(-7.748830968884,-31.02795857623));
#1189 = CARTESIAN_POINT('',(-7.759053725198,-30.98085886116));
#1190 = CARTESIAN_POINT('',(-7.769837210702,-30.93860356232));
#1191 = CARTESIAN_POINT('',(-7.781129885281,-30.90189112865));
#1192 = CARTESIAN_POINT('',(-7.792870378209,-30.87134571802));
#1193 = CARTESIAN_POINT('',(-7.812848203286,-30.83206603706));
#1194 = CARTESIAN_POINT('',(-7.820859429511,-30.81945364392));
#1195 = CARTESIAN_POINT('',(-7.828986712252,-30.80985316735));
#1196 = CARTESIAN_POINT('',(-7.837193415273,-30.80337996523));
#1197 = CARTESIAN_POINT('',(-7.845441960144,-30.80009431026));
#1198 = CARTESIAN_POINT('',(-7.866468109088,-30.79985812653));
#1199 = CARTESIAN_POINT('',(-7.879222422259,-30.80736555916));
#1200 = CARTESIAN_POINT('',(-7.891827421883,-30.82247837241));
#1201 = CARTESIAN_POINT('',(-7.904155238839,-30.84487725641));
#1202 = CARTESIAN_POINT('',(-7.916085078813,-30.87397575054));
#1203 = CARTESIAN_POINT('',(-7.944017091048,-30.95940614209));
#1204 = CARTESIAN_POINT('',(-7.959459820977,-31.02206360921));
#1205 = CARTESIAN_POINT('',(-7.97373877206,-31.09496146045));
#1206 = CARTESIAN_POINT('',(-7.986788204876,-31.17630553238));
#1207 = CARTESIAN_POINT('',(-7.998570191488,-31.26439674946));
#1208 = CARTESIAN_POINT('',(-8.017169155607,-31.42943959815));
#1209 = CARTESIAN_POINT('',(-8.024523358927,-31.50447067347));
#1210 = CARTESIAN_POINT('',(-8.031146448263,-31.58216978927));
#1211 = CARTESIAN_POINT('',(-8.037047597607,-31.66207497643));
#1212 = CARTESIAN_POINT('',(-8.042235921177,-31.7437939582));
#1213 = CARTESIAN_POINT('',(-8.052547923769,-31.93513241032));
#1214 = CARTESIAN_POINT('',(-8.057186568847,-32.04577766131));
#1215 = CARTESIAN_POINT('',(-8.060653161652,-32.15819176939));
#1216 = CARTESIAN_POINT('',(-8.062959999666,-32.27174449048));
#1217 = CARTESIAN_POINT('',(-8.064113591996,-32.38586699954));
#1218 = CARTESIAN_POINT('',(-8.064113591996,-32.61451178292));
#1219 = CARTESIAN_POINT('',(-8.062952330604,-32.72901265362));
#1220 = CARTESIAN_POINT('',(-8.060630168904,-32.84293792788));
#1221 = CARTESIAN_POINT('',(-8.057140512214,-32.95571323172));
#1222 = CARTESIAN_POINT('',(-8.052470894733,-33.06670173985));
#1223 = CARTESIAN_POINT('',(-8.042105879969,-33.25830135523));
#1224 = CARTESIAN_POINT('',(-8.036903916002,-33.33995979104));
#1225 = CARTESIAN_POINT('',(-8.030989369668,-33.41979914522));
#1226 = CARTESIAN_POINT('',(-8.024353129993,-33.49742662631));
#1227 = CARTESIAN_POINT('',(-8.016986044494,-33.57237965191));
#1228 = CARTESIAN_POINT('',(-8.003123856059,-33.6950530489));
#1229 = CARTESIAN_POINT('',(-7.996994793561,-33.74437374847));
#1230 = CARTESIAN_POINT('',(-7.990491380381,-33.79186383356));
#1231 = CARTESIAN_POINT('',(-7.983614619989,-33.83728522932));
#1232 = CARTESIAN_POINT('',(-7.976367197374,-33.88038058159));
#1233 = CARTESIAN_POINT('',(-7.962548402845,-33.9538734634));
#1234 = CARTESIAN_POINT('',(-7.956098736802,-33.98515182214));
#1235 = CARTESIAN_POINT('',(-7.949413045589,-34.01452249791));
#1236 = CARTESIAN_POINT('',(-7.942501475039,-34.04180635421));
#1237 = CARTESIAN_POINT('',(-7.935375755961,-34.06682992574));
#1238 = CARTESIAN_POINT('',(-7.916597069861,-34.12474326277));
#1239 = CARTESIAN_POINT('',(-7.904632351386,-34.15419571076));
#1240 = CARTESIAN_POINT('',(-7.892263150981,-34.17691002094));
#1241 = CARTESIAN_POINT('',(-7.879611659994,-34.19228719189));
#1242 = CARTESIAN_POINT('',(-7.866807362027,-34.2));
#1243 = CARTESIAN_POINT('',(-7.853981633974,-34.2));
#1244 = ( GEOMETRIC_REPRESENTATION_CONTEXT(2) 
PARAMETRIC_REPRESENTATION_CONTEXT() REPRESENTATION_CONTEXT('2D SPACE',''
  ) );
#1245 = PCURVE('',#1246,#1251);
#1246 = CYLINDRICAL_SURFACE('',#1247,1.7);
#1247 = AXIS2_PLACEMENT_3D('',#1248,#1249,#1250);
#1248 = CARTESIAN_POINT('',(-290.5,360.,-24.));
#1249 = DIRECTION('',(-0.,-0.,-1.));
#1250 = DIRECTION('',(1.,0.,0.));
#1251 = DEFINITIONAL_REPRESENTATION('',(#1252),#1345);
#1252 = B_SPLINE_CURVE_WITH_KNOTS('',6,(#1253,#1254,#1255,#1256,#1257,
    #1258,#1259,#1260,#1261,#1262,#1263,#1264,#1265,#1266,#1267,#1268,
    #1269,#1270,#1271,#1272,#1273,#1274,#1275,#1276,#1277,#1278,#1279,
    #1280,#1281,#1282,#1283,#1284,#1285,#1286,#1287,#1288,#1289,#1290,
    #1291,#1292,#1293,#1294,#1295,#1296,#1297,#1298,#1299,#1300,#1301,
    #1302,#1303,#1304,#1305,#1306,#1307,#1308,#1309,#1310,#1311,#1312,
    #1313,#1314,#1315,#1316,#1317,#1318,#1319,#1320,#1321,#1322,#1323,
    #1324,#1325,#1326,#1327,#1328,#1329,#1330,#1331,#1332,#1333,#1334,
    #1335,#1336,#1337,#1338,#1339,#1340,#1341,#1342,#1343,#1344),
  .UNSPECIFIED.,.F.,.F.,(7,5,5,5,5,5,5,5,5,5,5,5,5,5,5,5,5,5,7),(0.,
    5.112745373929E-02,8.252710975503E-02,0.153242175978,0.249710494756,
    0.322144467766,0.377680647438,0.417107638608,0.466930801026,
    0.499246257026,0.549268961383,0.621545316414,0.677237211976,
    0.749613614162,0.822230217804,0.877906423034,0.917432823031,
    0.949646862363,1.),.UNSPECIFIED.);
#1253 = CARTESIAN_POINT('',(0.,-7.15));
#1254 = CARTESIAN_POINT('',(-6.262934838869E-02,-7.15));
#1255 = CARTESIAN_POINT('',(-0.125141322586,-7.148330939504));
#1256 = CARTESIAN_POINT('',(-0.187299641988,-7.145004413699));
#1257 = CARTESIAN_POINT('',(-0.248869338614,-7.14015054928));
#1258 = CARTESIAN_POINT('',(-0.309588777566,-7.134011288149));
#1259 = CARTESIAN_POINT('',(-0.4057084475,-7.1225091357));
#1260 = CARTESIAN_POINT('',(-0.441884401433,-7.117755177462));
#1261 = CARTESIAN_POINT('',(-0.477664431045,-7.112681987349));
#1262 = CARTESIAN_POINT('',(-0.513044767184,-7.107350399946));
#1263 = CARTESIAN_POINT('',(-0.54801804416,-7.10182153992));
#1264 = CARTESIAN_POINT('',(-0.660393797418,-7.083392430848));
#1265 = CARTESIAN_POINT('',(-0.736064805166,-7.06993486096));
#1266 = CARTESIAN_POINT('',(-0.809878442991,-7.056391906659));
#1267 = CARTESIAN_POINT('',(-0.882066031545,-7.04327961242));
#1268 = CARTESIAN_POINT('',(-0.952840148335,-7.030997192017));
#1269 = CARTESIAN_POINT('',(-1.117282645101,-7.004634807901));
#1270 = CARTESIAN_POINT('',(-1.210012135984,-6.991511416082));
#1271 = CARTESIAN_POINT('',(-1.301213054179,-6.981228317966));
#1272 = CARTESIAN_POINT('',(-1.391401055998,-6.974229415564));
#1273 = CARTESIAN_POINT('',(-1.481085748114,-6.970727695763));
#1274 = CARTESIAN_POINT('',(-1.638156199106,-6.970727695763));
#1275 = CARTESIAN_POINT('',(-1.705509490215,-6.972702042995));
#1276 = CARTESIAN_POINT('',(-1.773074865804,-6.976649139704));
#1277 = CARTESIAN_POINT('',(-1.841063163091,-6.982501562558));
#1278 = CARTESIAN_POINT('',(-1.909692497905,-6.990117227771));
#1279 = CARTESIAN_POINT('',(-2.032498368835,-7.006288546188));
#1280 = CARTESIAN_POINT('',(-2.086312066148,-7.014210334711));
#1281 = CARTESIAN_POINT('',(-2.140762076788,-7.022935449039));
#1282 = CARTESIAN_POINT('',(-2.195957321954,-7.032331252313));
#1283 = CARTESIAN_POINT('',(-2.252013840817,-7.042229489508));
#1284 = CARTESIAN_POINT('',(-2.349577102081,-7.059659429047));
#1285 = CARTESIAN_POINT('',(-2.390593827041,-7.067045853253));
#1286 = CARTESIAN_POINT('',(-2.432150730161,-7.074504606715));
#1287 = CARTESIAN_POINT('',(-2.47427903422,-7.081946953567));
#1288 = CARTESIAN_POINT('',(-2.517014052709,-7.089274469965));
#1289 = CARTESIAN_POINT('',(-2.615221523666,-7.105360469108));
#1290 = CARTESIAN_POINT('',(-2.671176079673,-7.114002366875));
#1291 = CARTESIAN_POINT('',(-2.728151907532,-7.122056061169));
#1292 = CARTESIAN_POINT('',(-2.786075847815,-7.129263366044));
#1293 = CARTESIAN_POINT('',(-2.84490076217,-7.135383855974));
#1294 = CARTESIAN_POINT('',(-2.943312768001,-7.143357706203));
#1295 = CARTESIAN_POINT('',(-2.982359956775,-7.145951863555));
#1296 = CARTESIAN_POINT('',(-3.021649928724,-7.147944782207));
#1297 = CARTESIAN_POINT('',(-3.061105399853,-7.149295043005));
#1298 = CARTESIAN_POINT('',(-3.100652416219,-7.149980327937));
#1299 = CARTESIAN_POINT('',(-3.201454339498,-7.150029593211));
#1300 = CARTESIAN_POINT('',(-3.262594118804,-7.148463650466));
#1301 = CARTESIAN_POINT('',(-3.323407724142,-7.145310617111));
#1302 = CARTESIAN_POINT('',(-3.383670746248,-7.140688499826));
#1303 = CARTESIAN_POINT('',(-3.443134707158,-7.13481903028));
#1304 = CARTESIAN_POINT('',(-3.585824316727,-7.118095719107));
#1305 = CARTESIAN_POINT('',(-3.667800947318,-7.106192155411));
#1306 = CARTESIAN_POINT('',(-3.747652036674,-7.092975307233));
#1307 = CARTESIAN_POINT('',(-3.825508293235,-7.079168164791));
#1308 = CARTESIAN_POINT('',(-3.901450187906,-7.065401481416));
#1309 = CARTESIAN_POINT('',(-4.032545971262,-7.041986342176));
#1310 = CARTESIAN_POINT('',(-4.088600173029,-7.032094702725));
#1311 = CARTESIAN_POINT('',(-4.143794580409,-7.022708715215));
#1312 = CARTESIAN_POINT('',(-4.198245281352,-7.013996300677));
#1313 = CARTESIAN_POINT('',(-4.252061258324,-7.006089770319));
#1314 = CARTESIAN_POINT('',(-4.374626751469,-6.989991580171));
#1315 = CARTESIAN_POINT('',(-4.443020888921,-6.98242432527));
#1316 = CARTESIAN_POINT('',(-4.510780414852,-6.976610058978));
#1317 = CARTESIAN_POINT('',(-4.578121188007,-6.972688997569));
#1318 = CARTESIAN_POINT('',(-4.645251921295,-6.970727695763));
#1319 = CARTESIAN_POINT('',(-4.779748852696,-6.970727695763));
#1320 = CARTESIAN_POINT('',(-4.847102143805,-6.972702042995));
#1321 = CARTESIAN_POINT('',(-4.914667519393,-6.976649139704));
#1322 = CARTESIAN_POINT('',(-4.98265581668,-6.982501562558));
#1323 = CARTESIAN_POINT('',(-5.051285151495,-6.990117227771));
#1324 = CARTESIAN_POINT('',(-5.174091022425,-7.006288546188));
#1325 = CARTESIAN_POINT('',(-5.227904719738,-7.014210334711));
#1326 = CARTESIAN_POINT('',(-5.282354730378,-7.022935449039));
#1327 = CARTESIAN_POINT('',(-5.337549975544,-7.032331252313));
#1328 = CARTESIAN_POINT('',(-5.393606494407,-7.042229489508));
#1329 = CARTESIAN_POINT('',(-5.491169755671,-7.059659429047));
#1330 = CARTESIAN_POINT('',(-5.53218648063,-7.067045853253));
#1331 = CARTESIAN_POINT('',(-5.573743383751,-7.074504606715));
#1332 = CARTESIAN_POINT('',(-5.615871687809,-7.081946953567));
#1333 = CARTESIAN_POINT('',(-5.658606706298,-7.089274469965));
#1334 = CARTESIAN_POINT('',(-5.73734861925,-7.102172086938));
#1335 = CARTESIAN_POINT('',(-5.773144818171,-7.107817714801));
#1336 = CARTESIAN_POINT('',(-5.809366681179,-7.113253887194));
#1337 = CARTESIAN_POINT('',(-5.846006040366,-7.118415057681));
#1338 = CARTESIAN_POINT('',(-5.883058682227,-7.123236116069));
#1339 = CARTESIAN_POINT('',(-5.979085021976,-7.134561512621));
#1340 = CARTESIAN_POINT('',(-6.038765760067,-7.140498261631));
#1341 = CARTESIAN_POINT('',(-6.099258878584,-7.145183608457));
#1342 = CARTESIAN_POINT('',(-6.160311967192,-7.148391213016));
#1343 = CARTESIAN_POINT('',(-6.221697257989,-7.15));
#1344 = CARTESIAN_POINT('',(-6.28318530718,-7.15));
#1345 = ( GEOMETRIC_REPRESENTATION_CONTEXT(2) 
PARAMETRIC_REPRESENTATION_CONTEXT() REPRESENTATION_CONTEXT('2D SPACE',''
  ) );
#1346 = FACE_BOUND('',#1347,.T.);
#1347 = EDGE_LOOP('',(#1348,#1376,#1446,#1511,#1537));
#1348 = ORIENTED_EDGE('',*,*,#1349,.F.);
#1349 = EDGE_CURVE('',#1350,#1352,#1354,.T.);
#1350 = VERTEX_POINT('',#1351);
#1351 = CARTESIAN_POINT('',(-299.4184500561,355.82597316731,-18.));
#1352 = VERTEX_POINT('',#1353);
#1353 = CARTESIAN_POINT('',(-306.5815499438,355.82597316731,-18.));
#1354 = SURFACE_CURVE('',#1355,(#1359,#1365),.PCURVE_S1.);
#1355 = LINE('',#1356,#1357);
#1356 = CARTESIAN_POINT('',(-323.,355.82597316731,-18.));
#1357 = VECTOR('',#1358,1.);
#1358 = DIRECTION('',(-1.,-0.,-0.));
#1359 = PCURVE('',#911,#1360);
#1360 = DEFINITIONAL_REPRESENTATION('',(#1361),#1364);
#1361 = B_SPLINE_CURVE_WITH_KNOTS('',1,(#1362,#1363),.UNSPECIFIED.,.F.,
  .F.,(2,2),(-26.6,-13.4),.PIECEWISE_BEZIER_KNOTS.);
#1362 = CARTESIAN_POINT('',(-8.391668393761,-26.6));
#1363 = CARTESIAN_POINT('',(-8.391668393761,-13.4));
#1364 = ( GEOMETRIC_REPRESENTATION_CONTEXT(2) 
PARAMETRIC_REPRESENTATION_CONTEXT() REPRESENTATION_CONTEXT('2D SPACE',''
  ) );
#1365 = PCURVE('',#1366,#1371);
#1366 = PLANE('',#1367);
#1367 = AXIS2_PLACEMENT_3D('',#1368,#1369,#1370);
#1368 = CARTESIAN_POINT('',(-303.,360.,-18.));
#1369 = DIRECTION('',(0.,0.,1.));
#1370 = DIRECTION('',(1.,0.,-0.));
#1371 = DEFINITIONAL_REPRESENTATION('',(#1372),#1375);
#1372 = B_SPLINE_CURVE_WITH_KNOTS('',1,(#1373,#1374),.UNSPECIFIED.,.F.,
  .F.,(2,2),(-26.6,-13.4),.PIECEWISE_BEZIER_KNOTS.);
#1373 = CARTESIAN_POINT('',(6.6,-4.174026832688));
#1374 = CARTESIAN_POINT('',(-6.6,-4.174026832688));
#1375 = ( GEOMETRIC_REPRESENTATION_CONTEXT(2) 
PARAMETRIC_REPRESENTATION_CONTEXT() REPRESENTATION_CONTEXT('2D SPACE',''
  ) );
#1376 = ORIENTED_EDGE('',*,*,#1377,.T.);
#1377 = EDGE_CURVE('',#1350,#1378,#1380,.T.);
#1378 = VERTEX_POINT('',#1379);
#1379 = CARTESIAN_POINT('',(-297.5,360.,-16.85));
#1380 = SURFACE_CURVE('',#1381,(#1399,#1420),.PCURVE_S1.);
#1381 = B_SPLINE_CURVE_WITH_KNOTS('',6,(#1382,#1383,#1384,#1385,#1386,
    #1387,#1388,#1389,#1390,#1391,#1392,#1393,#1394,#1395,#1396,#1397,
    #1398),.UNSPECIFIED.,.F.,.F.,(7,5,5,7),(0.,0.58742928561,
    0.743826231565,1.),.UNSPECIFIED.);
#1382 = CARTESIAN_POINT('',(-299.4184512288,355.82597216109,-18.0000006)
  );
#1383 = CARTESIAN_POINT('',(-299.1188268521,356.08306659349,
    -17.84669782713));
#1384 = CARTESIAN_POINT('',(-298.8350626986,356.37136459993,
    -17.69014847273));
#1385 = CARTESIAN_POINT('',(-298.5683732274,356.69334756601,
    -17.53435091575));
#1386 = CARTESIAN_POINT('',(-298.3222823548,357.05224375629,
    -17.38393564986));
#1387 = CARTESIAN_POINT('',(-298.1029730517,357.45112975563,
    -17.24539785245));
#1388 = CARTESIAN_POINT('',(-297.871410745,358.0090941187,
    -17.09597923783));
#1389 = CARTESIAN_POINT('',(-297.825320482,358.12933504173,
    -17.06602799794));
#1390 = CARTESIAN_POINT('',(-297.7820559764,358.25241260722,
    -17.03773523042));
#1391 = CARTESIAN_POINT('',(-297.7418380692,358.37823048469,
    -17.01129009798));
#1392 = CARTESIAN_POINT('',(-297.704881689,358.50668266661,
    -16.98687640368));
#1393 = CARTESIAN_POINT('',(-297.6165495391,358.85217991057,
    -16.9282992159));
#1394 = CARTESIAN_POINT('',(-297.5708785669,359.0740015601,
    -16.89776096113));
#1395 = CARTESIAN_POINT('',(-297.5357075061,359.30144984008,
    -16.87409707293));
#1396 = CARTESIAN_POINT('',(-297.5119229457,359.53278697209,
    -16.85804616367));
#1397 = CARTESIAN_POINT('',(-297.5,359.76623361741,-16.85));
#1398 = CARTESIAN_POINT('',(-297.5,360.,-16.85));
#1399 = PCURVE('',#911,#1400);
#1400 = DEFINITIONAL_REPRESENTATION('',(#1401),#1419);
#1401 = B_SPLINE_CURVE_WITH_KNOTS('',6,(#1402,#1403,#1404,#1405,#1406,
    #1407,#1408,#1409,#1410,#1411,#1412,#1413,#1414,#1415,#1416,#1417,
    #1418),.UNSPECIFIED.,.F.,.F.,(7,5,5,7),(0.,0.58742928561,
    0.743826231565,1.),.UNSPECIFIED.);
#1402 = CARTESIAN_POINT('',(-8.391668537507,-23.58154877113));
#1403 = CARTESIAN_POINT('',(-8.354940758301,-23.8811731478));
#1404 = CARTESIAN_POINT('',(-8.314720536989,-24.1649373013));
#1405 = CARTESIAN_POINT('',(-8.270908496941,-24.43162677254));
#1406 = CARTESIAN_POINT('',(-8.223281262024,-24.67771764518));
#1407 = CARTESIAN_POINT('',(-8.171606896472,-24.89702694821));
#1408 = CARTESIAN_POINT('',(-8.100732715149,-25.12858925499));
#1409 = CARTESIAN_POINT('',(-8.08553074076,-25.17467951795));
#1410 = CARTESIAN_POINT('',(-8.070039244878,-25.21794402353));
#1411 = CARTESIAN_POINT('',(-8.05426848359,-25.25816193072));
#1412 = CARTESIAN_POINT('',(-8.038228506444,-25.29511831098));
#1413 = CARTESIAN_POINT('',(-7.995231232208,-25.3834504608));
#1414 = CARTESIAN_POINT('',(-7.967770446005,-25.42912143305));
#1415 = CARTESIAN_POINT('',(-7.939735768055,-25.46429249382));
#1416 = CARTESIAN_POINT('',(-7.911308389977,-25.48807705423));
#1417 = CARTESIAN_POINT('',(-7.882664625703,-25.5));
#1418 = CARTESIAN_POINT('',(-7.853981633974,-25.5));
#1419 = ( GEOMETRIC_REPRESENTATION_CONTEXT(2) 
PARAMETRIC_REPRESENTATION_CONTEXT() REPRESENTATION_CONTEXT('2D SPACE',''
  ) );
#1420 = PCURVE('',#1421,#1426);
#1421 = CYLINDRICAL_SURFACE('',#1422,5.5);
#1422 = AXIS2_PLACEMENT_3D('',#1423,#1424,#1425);
#1423 = CARTESIAN_POINT('',(-303.,360.,-18.));
#1424 = DIRECTION('',(-0.,-0.,-1.));
#1425 = DIRECTION('',(1.,0.,0.));
#1426 = DEFINITIONAL_REPRESENTATION('',(#1427),#1445);
#1427 = B_SPLINE_CURVE_WITH_KNOTS('',6,(#1428,#1429,#1430,#1431,#1432,
    #1433,#1434,#1435,#1436,#1437,#1438,#1439,#1440,#1441,#1442,#1443,
    #1444),.UNSPECIFIED.,.F.,.F.,(7,5,5,7),(0.,0.58742928561,
    0.743826231565,1.),.UNSPECIFIED.);
#1428 = CARTESIAN_POINT('',(-5.421541296363,5.999999999062E-07));
#1429 = CARTESIAN_POINT('',(-5.493324329021,-0.153302172865));
#1430 = CARTESIAN_POINT('',(-5.566613875537,-0.309851527261));
#1431 = CARTESIAN_POINT('',(-5.642198430737,-0.465649084246));
#1432 = CARTESIAN_POINT('',(-5.720791023804,-0.616064350138));
#1433 = CARTESIAN_POINT('',(-5.803061120011,-0.754602147548));
#1434 = CARTESIAN_POINT('',(-5.912898766145,-0.904020762166));
#1435 = CARTESIAN_POINT('',(-5.936303080165,-0.933972002056));
#1436 = CARTESIAN_POINT('',(-5.960008995364,-0.962264769572));
#1437 = CARTESIAN_POINT('',(-5.984010073026,-0.98870990202));
#1438 = CARTESIAN_POINT('',(-6.008301582575,-1.013123596316));
#1439 = CARTESIAN_POINT('',(-6.073139821032,-1.0717007841));
#1440 = CARTESIAN_POINT('',(-6.114271033851,-1.102239038864));
#1441 = CARTESIAN_POINT('',(-6.156037975642,-1.125902927065));
#1442 = CARTESIAN_POINT('',(-6.198237484638,-1.141953836326));
#1443 = CARTESIAN_POINT('',(-6.240682328527,-1.15));
#1444 = CARTESIAN_POINT('',(-6.28318530718,-1.15));
#1445 = ( GEOMETRIC_REPRESENTATION_CONTEXT(2) 
PARAMETRIC_REPRESENTATION_CONTEXT() REPRESENTATION_CONTEXT('2D SPACE',''
  ) );
#1446 = ORIENTED_EDGE('',*,*,#1447,.T.);
#1447 = EDGE_CURVE('',#1378,#1448,#1450,.T.);
#1448 = VERTEX_POINT('',#1449);
#1449 = CARTESIAN_POINT('',(-299.4184500561,364.17402683268,-18.));
#1450 = SURFACE_CURVE('',#1451,(#1469,#1490),.PCURVE_S1.);
#1451 = B_SPLINE_CURVE_WITH_KNOTS('',6,(#1452,#1453,#1454,#1455,#1456,
    #1457,#1458,#1459,#1460,#1461,#1462,#1463,#1464,#1465,#1466,#1467,
    #1468),.UNSPECIFIED.,.F.,.F.,(7,5,5,7),(0.,0.255306060745,
    0.411525607499,1.),.UNSPECIFIED.);
#1452 = CARTESIAN_POINT('',(-297.5,360.,-16.85));
#1453 = CARTESIAN_POINT('',(-297.5,360.23297324884,-16.85));
#1454 = CARTESIAN_POINT('',(-297.5118421803,360.46559412828,
    -16.85799166005));
#1455 = CARTESIAN_POINT('',(-297.5354591875,360.69610882396,
    -16.87392949473));
#1456 = CARTESIAN_POINT('',(-297.5703815655,360.9227739793,
    -16.89742652428));
#1457 = CARTESIAN_POINT('',(-297.6157398674,361.1438870896,
    -16.92775784275));
#1458 = CARTESIAN_POINT('',(-297.7035881033,361.48871349849,
    -16.98602120916));
#1459 = CARTESIAN_POINT('',(-297.7404054154,361.61710461033,
    -17.0103464411));
#1460 = CARTESIAN_POINT('',(-297.7804826733,361.74287064184,
    -17.03670331546));
#1461 = CARTESIAN_POINT('',(-297.8236055484,361.86590486348,
    -17.06490859745));
#1462 = CARTESIAN_POINT('',(-297.8695536518,361.98611018782,
    -17.09477358167));
#1463 = CARTESIAN_POINT('',(-298.1009706101,362.5452232467,
    -17.24413270311));
#1464 = CARTESIAN_POINT('',(-298.3204827469,362.94513052712,
    -17.38283546743));
#1465 = CARTESIAN_POINT('',(-298.5669114083,363.30488798631,
    -17.53349698274));
#1466 = CARTESIAN_POINT('',(-298.8340280944,363.62758453531,
    -17.68957775835));
#1467 = CARTESIAN_POINT('',(-299.1182820691,363.91646595223,
    -17.84641908894));
#1468 = CARTESIAN_POINT('',(-299.4184512288,364.17402783891,-18.0000006)
  );
#1469 = PCURVE('',#911,#1470);
#1470 = DEFINITIONAL_REPRESENTATION('',(#1471),#1489);
#1471 = B_SPLINE_CURVE_WITH_KNOTS('',6,(#1472,#1473,#1474,#1475,#1476,
    #1477,#1478,#1479,#1480,#1481,#1482,#1483,#1484,#1485,#1486,#1487,
    #1488),.UNSPECIFIED.,.F.,.F.,(7,5,5,7),(0.,0.255306060745,
    0.411525607499,1.),.UNSPECIFIED.);
#1472 = CARTESIAN_POINT('',(-7.853981633974,-25.5));
#1473 = CARTESIAN_POINT('',(-7.82539595927,-25.5));
#1474 = CARTESIAN_POINT('',(-7.796853515571,-25.48815781967));
#1475 = CARTESIAN_POINT('',(-7.768527481341,-25.46454081241));
#1476 = CARTESIAN_POINT('',(-7.740590241407,-25.42961843441));
#1477 = CARTESIAN_POINT('',(-7.713218930522,-25.38426013259));
#1478 = CARTESIAN_POINT('',(-7.670309238965,-25.29641189662));
#1479 = CARTESIAN_POINT('',(-7.6542786411,-25.25959458458));
#1480 = CARTESIAN_POINT('',(-7.638516322877,-25.21951732668));
#1481 = CARTESIAN_POINT('',(-7.623032406788,-25.17639445159));
#1482 = CARTESIAN_POINT('',(-7.607837223378,-25.13044634819));
#1483 = CARTESIAN_POINT('',(-7.536828769968,-24.89902938983));
#1484 = CARTESIAN_POINT('',(-7.485030428934,-24.67951725302));
#1485 = CARTESIAN_POINT('',(-7.43729486922,-24.43308859163));
#1486 = CARTESIAN_POINT('',(-7.393389341067,-24.16597190552));
#1487 = CARTESIAN_POINT('',(-7.353089288835,-23.88171793087));
#1488 = CARTESIAN_POINT('',(-7.316294730442,-23.58154877113));
#1489 = ( GEOMETRIC_REPRESENTATION_CONTEXT(2) 
PARAMETRIC_REPRESENTATION_CONTEXT() REPRESENTATION_CONTEXT('2D SPACE',''
  ) );
#1490 = PCURVE('',#1421,#1491);
#1491 = DEFINITIONAL_REPRESENTATION('',(#1492),#1510);
#1492 = B_SPLINE_CURVE_WITH_KNOTS('',6,(#1493,#1494,#1495,#1496,#1497,
    #1498,#1499,#1500,#1501,#1502,#1503,#1504,#1505,#1506,#1507,#1508,
    #1509),.UNSPECIFIED.,.F.,.F.,(7,5,5,7),(0.,0.255306060745,
    0.411525607499,1.),.UNSPECIFIED.);
#1493 = CARTESIAN_POINT('',(0.,-1.15));
#1494 = CARTESIAN_POINT('',(-4.235877251656E-02,-1.15));
#1495 = CARTESIAN_POINT('',(-8.465347702489E-02,-1.142008339944));
#1496 = CARTESIAN_POINT('',(-0.126702050672,-1.126070505263));
#1497 = CARTESIAN_POINT('',(-0.168322220521,-1.102573475718));
#1498 = CARTESIAN_POINT('',(-0.209316200487,-1.072242157249));
#1499 = CARTESIAN_POINT('',(-0.274014499628,-1.013978790838));
#1500 = CARTESIAN_POINT('',(-0.298288381525,-0.989653558891));
#1501 = CARTESIAN_POINT('',(-0.322272735555,-0.963296684535));
#1502 = CARTESIAN_POINT('',(-0.345962713902,-0.935091402547));
#1503 = CARTESIAN_POINT('',(-0.369351759733,-0.905226418326));
#1504 = CARTESIAN_POINT('',(-0.479372226834,-0.755867296888));
#1505 = CARTESIAN_POINT('',(-0.561819385514,-0.617164532569));
#1506 = CARTESIAN_POINT('',(-0.64057266222,-0.46650301726));
#1507 = CARTESIAN_POINT('',(-0.716304238658,-0.310422241647));
#1508 = CARTESIAN_POINT('',(-0.789730460804,-0.153580911053));
#1509 = CARTESIAN_POINT('',(-0.861644010816,5.999999999062E-07));
#1510 = ( GEOMETRIC_REPRESENTATION_CONTEXT(2) 
PARAMETRIC_REPRESENTATION_CONTEXT() REPRESENTATION_CONTEXT('2D SPACE',''
  ) );
#1511 = ORIENTED_EDGE('',*,*,#1512,.T.);
#1512 = EDGE_CURVE('',#1448,#1513,#1515,.T.);
#1513 = VERTEX_POINT('',#1514);
#1514 = CARTESIAN_POINT('',(-306.5815499438,364.17402683268,-18.));
#1515 = SURFACE_CURVE('',#1516,(#1520,#1526),.PCURVE_S1.);
#1516 = LINE('',#1517,#1518);
#1517 = CARTESIAN_POINT('',(-323.,364.17402683268,-18.));
#1518 = VECTOR('',#1519,1.);
#1519 = DIRECTION('',(-1.,-0.,-0.));
#1520 = PCURVE('',#911,#1521);
#1521 = DEFINITIONAL_REPRESENTATION('',(#1522),#1525);
#1522 = B_SPLINE_CURVE_WITH_KNOTS('',1,(#1523,#1524),.UNSPECIFIED.,.F.,
  .F.,(2,2),(-26.6,-13.4),.PIECEWISE_BEZIER_KNOTS.);
#1523 = CARTESIAN_POINT('',(-7.316294874188,-26.6));
#1524 = CARTESIAN_POINT('',(-7.316294874188,-13.4));
#1525 = ( GEOMETRIC_REPRESENTATION_CONTEXT(2) 
PARAMETRIC_REPRESENTATION_CONTEXT() REPRESENTATION_CONTEXT('2D SPACE',''
  ) );
#1526 = PCURVE('',#1527,#1532);
#1527 = PLANE('',#1528);
#1528 = AXIS2_PLACEMENT_3D('',#1529,#1530,#1531);
#1529 = CARTESIAN_POINT('',(-303.,360.,-18.));
#1530 = DIRECTION('',(0.,0.,1.));
#1531 = DIRECTION('',(1.,0.,-0.));
#1532 = DEFINITIONAL_REPRESENTATION('',(#1533),#1536);
#1533 = B_SPLINE_CURVE_WITH_KNOTS('',1,(#1534,#1535),.UNSPECIFIED.,.F.,
  .F.,(2,2),(-26.6,-13.4),.PIECEWISE_BEZIER_KNOTS.);
#1534 = CARTESIAN_POINT('',(6.6,4.174026832688));
#1535 = CARTESIAN_POINT('',(-6.6,4.174026832688));
#1536 = ( GEOMETRIC_REPRESENTATION_CONTEXT(2) 
PARAMETRIC_REPRESENTATION_CONTEXT() REPRESENTATION_CONTEXT('2D SPACE',''
  ) );
#1537 = ORIENTED_EDGE('',*,*,#1538,.T.);
#1538 = EDGE_CURVE('',#1513,#1352,#1539,.T.);
#1539 = SURFACE_CURVE('',#1540,(#1583,#1629),.PCURVE_S1.);
#1540 = B_SPLINE_CURVE_WITH_KNOTS('',6,(#1541,#1542,#1543,#1544,#1545,
    #1546,#1547,#1548,#1549,#1550,#1551,#1552,#1553,#1554,#1555,#1556,
    #1557,#1558,#1559,#1560,#1561,#1562,#1563,#1564,#1565,#1566,#1567,
    #1568,#1569,#1570,#1571,#1572,#1573,#1574,#1575,#1576,#1577,#1578,
    #1579,#1580,#1581,#1582),.UNSPECIFIED.,.F.,.F.,(7,5,5,5,5,5,5,5,7),(
    0.,0.293607292169,0.371777184155,0.414431392416,0.499835214833,
    0.58554151496,0.627769196746,0.705854601108,1.),.UNSPECIFIED.);
#1541 = CARTESIAN_POINT('',(-306.5815487711,364.17402783891,-18.0000006)
  );
#1542 = CARTESIAN_POINT('',(-306.8811731478,363.9169334065,
    -17.84669782713));
#1543 = CARTESIAN_POINT('',(-307.1649373013,363.62863540006,
    -17.69014847273));
#1544 = CARTESIAN_POINT('',(-307.4316267725,363.30665243398,
    -17.53435091575));
#1545 = CARTESIAN_POINT('',(-307.6777176451,362.9477562437,
    -17.38393564986));
#1546 = CARTESIAN_POINT('',(-307.8970269482,362.54887024436,
    -17.24539785245));
#1547 = CARTESIAN_POINT('',(-308.1285892549,361.99090588129,
    -17.09597923783));
#1548 = CARTESIAN_POINT('',(-308.1746795179,361.87066495826,
    -17.06602799794));
#1549 = CARTESIAN_POINT('',(-308.2179440235,361.74758739278,
    -17.03773523042));
#1550 = CARTESIAN_POINT('',(-308.2581619307,361.6217695153,
    -17.01129009798));
#1551 = CARTESIAN_POINT('',(-308.2951183109,361.49331733338,
    -16.98687640368));
#1552 = CARTESIAN_POINT('',(-308.3468745523,361.29088097499,
    -16.95255441476));
#1553 = CARTESIAN_POINT('',(-308.36410919,361.21867759529,
    -16.94109735724));
#1554 = CARTESIAN_POINT('',(-308.3802679432,361.14577812235,
    -16.93033203306));
#1555 = CARTESIAN_POINT('',(-308.3953146513,361.07222505891,
    -16.92028821612));
#1556 = CARTESIAN_POINT('',(-308.4092161478,360.99806168898,
    -16.91099326309));
#1557 = CARTESIAN_POINT('',(-308.4474229501,360.77370570583,
    -16.88541075457));
#1558 = CARTESIAN_POINT('',(-308.4682027003,360.62174318799,
    -16.87144388455));
#1559 = CARTESIAN_POINT('',(-308.4839961008,360.46800318536,
    -16.86080025591));
#1560 = CARTESIAN_POINT('',(-308.494611345,360.31305092458,
    -16.85363641938));
#1561 = CARTESIAN_POINT('',(-308.4999488217,360.15745729207,
    -16.8500345375));
#1562 = CARTESIAN_POINT('',(-308.5000507707,359.84558726001,
    -16.84996573751));
#1563 = CARTESIAN_POINT('',(-308.4947777004,359.68942812712,
    -16.853524163));
#1564 = CARTESIAN_POINT('',(-308.4841875773,359.53390509998,
    -16.86067120678));
#1565 = CARTESIAN_POINT('',(-308.4683802402,359.37959802712,
    -16.87132451025));
#1566 = CARTESIAN_POINT('',(-308.4475496951,359.22708111811,
    -16.8853258132));
#1567 = CARTESIAN_POINT('',(-308.4093900053,359.00293831336,
    -16.91087688862));
#1568 = CARTESIAN_POINT('',(-308.3956424023,358.92950931973,
    -16.92006910726));
#1569 = CARTESIAN_POINT('',(-308.380771996,358.85667789659,
    -16.92999560125));
#1570 = CARTESIAN_POINT('',(-308.3648109506,358.78448614522,
    -16.94062984297));
#1571 = CARTESIAN_POINT('',(-308.3477943169,358.71297541734,
    -16.95194297471));
#1572 = CARTESIAN_POINT('',(-308.2964118966,358.5112865015,
    -16.98602120916));
#1573 = CARTESIAN_POINT('',(-308.2595945845,358.38289538966,
    -17.0103464411));
#1574 = CARTESIAN_POINT('',(-308.2195173266,358.25712935815,
    -17.03670331546));
#1575 = CARTESIAN_POINT('',(-308.1763944515,358.13409513651,
    -17.06490859745));
#1576 = CARTESIAN_POINT('',(-308.1304463481,358.01388981217,
    -17.09477358167));
#1577 = CARTESIAN_POINT('',(-307.8990293898,357.45477675329,
    -17.24413270311));
#1578 = CARTESIAN_POINT('',(-307.679517253,357.05486947287,
    -17.38283546743));
#1579 = CARTESIAN_POINT('',(-307.4330885916,356.69511201368,
    -17.53349698273));
#1580 = CARTESIAN_POINT('',(-307.1659719055,356.37241546468,
    -17.68957775835));
#1581 = CARTESIAN_POINT('',(-306.8817179308,356.08353404776,
    -17.84641908894));
#1582 = CARTESIAN_POINT('',(-306.5815487711,355.82597216109,-18.0000006)
  );
#1583 = PCURVE('',#911,#1584);
#1584 = DEFINITIONAL_REPRESENTATION('',(#1585),#1628);
#1585 = B_SPLINE_CURVE_WITH_KNOTS('',6,(#1586,#1587,#1588,#1589,#1590,
    #1591,#1592,#1593,#1594,#1595,#1596,#1597,#1598,#1599,#1600,#1601,
    #1602,#1603,#1604,#1605,#1606,#1607,#1608,#1609,#1610,#1611,#1612,
    #1613,#1614,#1615,#1616,#1617,#1618,#1619,#1620,#1621,#1622,#1623,
    #1624,#1625,#1626,#1627),.UNSPECIFIED.,.F.,.F.,(7,5,5,5,5,5,5,5,7),(
    0.,0.293607292169,0.371777184155,0.414431392416,0.499835214833,
    0.58554151496,0.627769196746,0.705854601108,1.),.UNSPECIFIED.);
#1586 = CARTESIAN_POINT('',(-7.316294730442,-16.41845122886));
#1587 = CARTESIAN_POINT('',(-7.353022509648,-16.11882685219));
#1588 = CARTESIAN_POINT('',(-7.39324273096,-15.83506269869));
#1589 = CARTESIAN_POINT('',(-7.437054771008,-15.56837322745));
#1590 = CARTESIAN_POINT('',(-7.484682005925,-15.32228235482));
#1591 = CARTESIAN_POINT('',(-7.536356371477,-15.10297305178));
#1592 = CARTESIAN_POINT('',(-7.607230552799,-14.871410745));
#1593 = CARTESIAN_POINT('',(-7.622432527188,-14.82532048204));
#1594 = CARTESIAN_POINT('',(-7.637924023071,-14.78205597646));
#1595 = CARTESIAN_POINT('',(-7.653694784359,-14.74183806927));
#1596 = CARTESIAN_POINT('',(-7.669734761505,-14.70488168901));
#1597 = CARTESIAN_POINT('',(-7.69492804964,-14.65312544768));
#1598 = CARTESIAN_POINT('',(-7.703897693382,-14.63589080998));
#1599 = CARTESIAN_POINT('',(-7.712938631212,-14.61973205672));
#1600 = CARTESIAN_POINT('',(-7.722046478305,-14.60468534862));
#1601 = CARTESIAN_POINT('',(-7.731216895674,-14.59078385219));
#1602 = CARTESIAN_POINT('',(-7.75892362127,-14.55257704987));
#1603 = CARTESIAN_POINT('',(-7.777643437332,-14.53179729961));
#1604 = CARTESIAN_POINT('',(-7.796545093872,-14.51600389913));
#1605 = CARTESIAN_POINT('',(-7.81557038319,-14.50538865493));
#1606 = CARTESIAN_POINT('',(-7.83466172037,-14.50005117829));
#1607 = CARTESIAN_POINT('',(-7.872927982904,-14.49994922921));
#1608 = CARTESIAN_POINT('',(-7.892088513137,-14.50522229956));
#1609 = CARTESIAN_POINT('',(-7.911183581263,-14.51581242262));
#1610 = CARTESIAN_POINT('',(-7.930154651133,-14.53161975976));
#1611 = CARTESIAN_POINT('',(-7.948942544664,-14.55245030481));
#1612 = CARTESIAN_POINT('',(-7.976622844872,-14.59060999464));
#1613 = CARTESIAN_POINT('',(-7.985702303776,-14.60435759762));
#1614 = CARTESIAN_POINT('',(-7.994720496899,-14.61922800396));
#1615 = CARTESIAN_POINT('',(-8.003673202995,-14.63518904933));
#1616 = CARTESIAN_POINT('',(-8.012556156704,-14.65220568308));
#1617 = CARTESIAN_POINT('',(-8.037654028984,-14.70358810337));
#1618 = CARTESIAN_POINT('',(-8.053684626849,-14.74040541542));
#1619 = CARTESIAN_POINT('',(-8.069446945072,-14.78048267331));
#1620 = CARTESIAN_POINT('',(-8.084930861161,-14.8236055484));
#1621 = CARTESIAN_POINT('',(-8.100126044571,-14.8695536518));
#1622 = CARTESIAN_POINT('',(-8.171134497981,-15.10097061016));
#1623 = CARTESIAN_POINT('',(-8.222932839015,-15.32048274697));
#1624 = CARTESIAN_POINT('',(-8.270668398729,-15.56691140836));
#1625 = CARTESIAN_POINT('',(-8.314573926882,-15.83402809447));
#1626 = CARTESIAN_POINT('',(-8.354873979113,-16.11828206912));
#1627 = CARTESIAN_POINT('',(-8.391668537507,-16.41845122886));
#1628 = ( GEOMETRIC_REPRESENTATION_CONTEXT(2) 
PARAMETRIC_REPRESENTATION_CONTEXT() REPRESENTATION_CONTEXT('2D SPACE',''
  ) );
#1629 = PCURVE('',#1421,#1630);
#1630 = DEFINITIONAL_REPRESENTATION('',(#1631),#1674);
#1631 = B_SPLINE_CURVE_WITH_KNOTS('',6,(#1632,#1633,#1634,#1635,#1636,
    #1637,#1638,#1639,#1640,#1641,#1642,#1643,#1644,#1645,#1646,#1647,
    #1648,#1649,#1650,#1651,#1652,#1653,#1654,#1655,#1656,#1657,#1658,
    #1659,#1660,#1661,#1662,#1663,#1664,#1665,#1666,#1667,#1668,#1669,
    #1670,#1671,#1672,#1673),.UNSPECIFIED.,.F.,.F.,(7,5,5,5,5,5,5,5,7),(
    0.,0.293607292169,0.371777184155,0.414431392416,0.499835214833,
    0.58554151496,0.627769196746,0.705854601108,1.),.UNSPECIFIED.);
#1632 = CARTESIAN_POINT('',(-2.279948642774,5.999999999062E-07));
#1633 = CARTESIAN_POINT('',(-2.351731675431,-0.153302172865));
#1634 = CARTESIAN_POINT('',(-2.425021221947,-0.309851527261));
#1635 = CARTESIAN_POINT('',(-2.500605777147,-0.465649084245));
#1636 = CARTESIAN_POINT('',(-2.579198370214,-0.616064350138));
#1637 = CARTESIAN_POINT('',(-2.661468466421,-0.754602147548));
#1638 = CARTESIAN_POINT('',(-2.771306112555,-0.904020762165));
#1639 = CARTESIAN_POINT('',(-2.794710426575,-0.933972002055));
#1640 = CARTESIAN_POINT('',(-2.818416341774,-0.962264769572));
#1641 = CARTESIAN_POINT('',(-2.842417419435,-0.988709902019));
#1642 = CARTESIAN_POINT('',(-2.866708928985,-1.013123596316));
#1643 = CARTESIAN_POINT('',(-2.904699440073,-1.047445585238));
#1644 = CARTESIAN_POINT('',(-2.918194396731,-1.058902642756));
#1645 = CARTESIAN_POINT('',(-2.931767878288,-1.069667966931));
#1646 = CARTESIAN_POINT('',(-2.945415362939,-1.079711783873));
#1647 = CARTESIAN_POINT('',(-2.959132550536,-1.089006736908));
#1648 = CARTESIAN_POINT('',(-3.000511815084,-1.114589245423));
#1649 = CARTESIAN_POINT('',(-3.028383505927,-1.12855611545));
#1650 = CARTESIAN_POINT('',(-3.056459414174,-1.139199744084));
#1651 = CARTESIAN_POINT('',(-3.084673985735,-1.146363580613));
#1652 = CARTESIAN_POINT('',(-3.112964053513,-1.149965462499));
#1653 = CARTESIAN_POINT('',(-3.169667698735,-1.15003426249));
#1654 = CARTESIAN_POINT('',(-3.19805995404,-1.146475836998));
#1655 = CARTESIAN_POINT('',(-3.226377476029,-1.139328793214));
#1656 = CARTESIAN_POINT('',(-3.254555942326,-1.128675489743));
#1657 = CARTESIAN_POINT('',(-3.282528594815,-1.114674186791));
#1658 = CARTESIAN_POINT('',(-3.323868211758,-1.089123111372));
#1659 = CARTESIAN_POINT('',(-3.337449063997,-1.079930892735));
#1660 = CARTESIAN_POINT('',(-3.350961661149,-1.070004398748));
#1661 = CARTESIAN_POINT('',(-3.364401815809,-1.059370157021));
#1662 = CARTESIAN_POINT('',(-3.377765127567,-1.048057025281));
#1663 = CARTESIAN_POINT('',(-3.415607153218,-1.013978790838));
#1664 = CARTESIAN_POINT('',(-3.439881035114,-0.989653558891));
#1665 = CARTESIAN_POINT('',(-3.463865389145,-0.963296684535));
#1666 = CARTESIAN_POINT('',(-3.487555367491,-0.935091402547));
#1667 = CARTESIAN_POINT('',(-3.510944413323,-0.905226418326));
#1668 = CARTESIAN_POINT('',(-3.620964880423,-0.755867296888));
#1669 = CARTESIAN_POINT('',(-3.703412039104,-0.617164532569));
#1670 = CARTESIAN_POINT('',(-3.78216531581,-0.466503017261));
#1671 = CARTESIAN_POINT('',(-3.857896892248,-0.310422241647));
#1672 = CARTESIAN_POINT('',(-3.931323114393,-0.153580911053));
#1673 = CARTESIAN_POINT('',(-4.003236664406,5.999999999062E-07));
#1674 = ( GEOMETRIC_REPRESENTATION_CONTEXT(2) 
PARAMETRIC_REPRESENTATION_CONTEXT() REPRESENTATION_CONTEXT('2D SPACE',''
  ) );
#1675 = FACE_BOUND('',#1676,.T.);
#1676 = EDGE_LOOP('',(#1677));
#1677 = ORIENTED_EDGE('',*,*,#1678,.T.);
#1678 = EDGE_CURVE('',#1679,#1679,#1681,.T.);
#1679 = VERTEX_POINT('',#1680);
#1680 = CARTESIAN_POINT('',(-313.8,360.,-16.85));
#1681 = SURFACE_CURVE('',#1682,(#1775,#1871),.PCURVE_S1.);
#1682 = B_SPLINE_CURVE_WITH_KNOTS('',6,(#1683,#1684,#1685,#1686,#1687,
    #1688,#1689,#1690,#1691,#1692,#1693,#1694,#1695,#1696,#1697,#1698,
    #1699,#1700,#1701,#1702,#1703,#1704,#1705,#1706,#1707,#1708,#1709,
    #1710,#1711,#1712,#1713,#1714,#1715,#1716,#1717,#1718,#1719,#1720,
    #1721,#1722,#1723,#1724,#1725,#1726,#1727,#1728,#1729,#1730,#1731,
    #1732,#1733,#1734,#1735,#1736,#1737,#1738,#1739,#1740,#1741,#1742,
    #1743,#1744,#1745,#1746,#1747,#1748,#1749,#1750,#1751,#1752,#1753,
    #1754,#1755,#1756,#1757,#1758,#1759,#1760,#1761,#1762,#1763,#1764,
    #1765,#1766,#1767,#1768,#1769,#1770,#1771,#1772,#1773,#1774),
  .UNSPECIFIED.,.T.,.F.,(7,5,5,5,5,5,5,5,5,5,5,5,5,5,5,5,5,5,7),(0.,
    5.112745359218E-02,8.252710951756E-02,0.153242175537,0.249710494038,
    0.322144462677,0.377680642218,0.417107633296,0.466930795597,
    0.499246251521,0.549268955761,0.621545310763,0.677237206429,
    0.749613612953,0.822230216963,0.877906422476,0.917432822673,
    0.949646862153,1.),.UNSPECIFIED.);
#1683 = CARTESIAN_POINT('',(-313.8,360.,-16.85));
#1684 = CARTESIAN_POINT('',(-313.8,360.10646989226,-16.85));
#1685 = CARTESIAN_POINT('',(-313.8080017878,360.2127402737,
    -16.85166906049));
#1686 = CARTESIAN_POINT('',(-313.8239490005,360.31765756597,
    -16.8549955863));
#1687 = CARTESIAN_POINT('',(-313.8474905347,360.4200853851,
    -16.85984945072));
#1688 = CARTESIAN_POINT('',(-313.877987983,360.51896529493,
    -16.86598871185));
#1689 = CARTESIAN_POINT('',(-313.9369457128,360.67136171856,
    -16.8774908643));
#1690 = CARTESIAN_POINT('',(-313.9616798929,360.72773374101,
    -16.88224482253));
#1691 = CARTESIAN_POINT('',(-313.9885586884,360.78239396721,
    -16.88731801265));
#1692 = CARTESIAN_POINT('',(-314.0174198609,360.83525500094,
    -16.89264960005));
#1693 = CARTESIAN_POINT('',(-314.0480961907,360.88624268658,
    -16.89817846008));
#1694 = CARTESIAN_POINT('',(-314.1532008102,361.04576959533,
    -16.91660756915));
#1695 = CARTESIAN_POINT('',(-314.2342920176,361.14639386291,
    -16.93006513904));
#1696 = CARTESIAN_POINT('',(-314.3221013857,361.23708461993,
    -16.94360809334));
#1697 = CARTESIAN_POINT('',(-314.4153183558,361.3179217287,
    -16.95672038758));
#1698 = CARTESIAN_POINT('',(-314.5128457908,361.38906745165,
    -16.96900280798));
#1699 = CARTESIAN_POINT('',(-314.751404353,361.53480444004,
    -16.99536519209));
#1700 = CARTESIAN_POINT('',(-314.8955025801,361.60131208015,
    -17.00848858391));
#1701 = CARTESIAN_POINT('',(-315.0439154652,361.65076483922,
    -17.01877168203));
#1702 = CARTESIAN_POINT('',(-315.1950286414,361.68358192929,
    -17.02577058443));
#1703 = CARTESIAN_POINT('',(-315.3474920162,361.7,-17.02927230423));
#1704 = CARTESIAN_POINT('',(-315.6145117763,361.7,-17.02927230423));
#1705 = CARTESIAN_POINT('',(-315.729012664,361.69074382093,
    -17.02729795663));
#1706 = CARTESIAN_POINT('',(-315.842937928,361.67223471877,
    -17.02335086054));
#1707 = CARTESIAN_POINT('',(-315.9557132213,361.64440223681,
    -17.01749843793));
#1708 = CARTESIAN_POINT('',(-316.0667017461,361.60711322571,
    -17.00988277169));
#1709 = CARTESIAN_POINT('',(-316.2583013552,361.52420067102,
    -16.99371145381));
#1710 = CARTESIAN_POINT('',(-316.339959791,361.48255083643,
    -16.98578966528));
#1711 = CARTESIAN_POINT('',(-316.4197991452,361.43514219887,
    -16.97706455096));
#1712 = CARTESIAN_POINT('',(-316.4974266263,361.381876401,
    -16.96766874768));
#1713 = CARTESIAN_POINT('',(-316.5723796519,361.32265271385,
    -16.95777051049));
#1714 = CARTESIAN_POINT('',(-316.6950530489,361.21102851118,
    -16.94034057095));
#1715 = CARTESIAN_POINT('',(-316.7443737484,361.16162472652,
    -16.93295414674));
#1716 = CARTESIAN_POINT('',(-316.7918638335,361.10914713806,
    -16.92549539328));
#1717 = CARTESIAN_POINT('',(-316.8372852293,361.05359483197,
    -16.91805304643));
#1718 = CARTESIAN_POINT('',(-316.8803805815,360.99498186687,
    -16.91072553003));
#1719 = CARTESIAN_POINT('',(-316.9720414237,360.85544157069,
    -16.89463953089));
#1720 = CARTESIAN_POINT('',(-317.0191411388,360.77257066034,
    -16.88599763312));
#1721 = CARTESIAN_POINT('',(-317.0613964376,360.68504452215,
    -16.87794393883));
#1722 = CARTESIAN_POINT('',(-317.0981088713,360.59327847717,
    -16.87073663395));
#1723 = CARTESIAN_POINT('',(-317.1286542819,360.49777850615,
    -16.86461614402));
#1724 = CARTESIAN_POINT('',(-317.1679339629,360.33515460317,
    -16.85664229379));
#1725 = CARTESIAN_POINT('',(-317.180546356,360.26991187515,
    -16.85404813644));
#1726 = CARTESIAN_POINT('',(-317.1901468326,360.20369977343,
    -16.85205521779));
#1727 = CARTESIAN_POINT('',(-317.1966200347,360.13682379301,
    -16.85070495699));
#1728 = CARTESIAN_POINT('',(-317.1999056897,360.06959833891,
    -16.85001967206));
#1729 = CARTESIAN_POINT('',(-317.2001418734,359.89823523209,
    -16.84997040678));
#1730 = CARTESIAN_POINT('',(-317.1926344408,359.79428713924,
    -16.85153634953));
#1731 = CARTESIAN_POINT('',(-317.1775216275,359.69158598903,
    -16.85468938288));
#1732 = CARTESIAN_POINT('',(-317.1551227435,359.59120441212,
    -16.85931150017));
#1733 = CARTESIAN_POINT('',(-317.1260242494,359.49414516076,
    -16.86518096972));
#1734 = CARTESIAN_POINT('',(-317.0405938578,359.26711435527,
    -16.88190428091));
#1735 = CARTESIAN_POINT('',(-316.9779363907,359.14179190222,
    -16.89380784459));
#1736 = CARTESIAN_POINT('',(-316.9050385397,359.02614311544,
    -16.90702469273));
#1737 = CARTESIAN_POINT('',(-316.8236944677,358.92067434487,
    -16.92083183519));
#1738 = CARTESIAN_POINT('',(-316.7356032503,358.825636959,
    -16.93459851861));
#1739 = CARTESIAN_POINT('',(-316.5705604018,358.67587481494,
    -16.95801365782));
#1740 = CARTESIAN_POINT('',(-316.4955293265,358.61675648769,
    -16.96790529727));
#1741 = CARTESIAN_POINT('',(-316.4178302107,358.56359780552,
    -16.97729128478));
#1742 = CARTESIAN_POINT('',(-316.3379250235,358.51629786147,
    -16.98600369932));
#1743 = CARTESIAN_POINT('',(-316.2562060417,358.47475829187,
    -16.99391022968));
#1744 = CARTESIAN_POINT('',(-316.0648675833,358.3922716596,
    -17.01000842035));
#1745 = CARTESIAN_POINT('',(-315.9542223489,358.35523043712,
    -17.01757567425));
#1746 = CARTESIAN_POINT('',(-315.8418082306,358.32758201718,
    -17.02338994077));
#1747 = CARTESIAN_POINT('',(-315.7282554992,358.30919504418,
    -17.02731100279));
#1748 = CARTESIAN_POINT('',(-315.6141330067,358.3,-17.02927230423));
#1749 = CARTESIAN_POINT('',(-315.385488217,358.3,-17.02927230423));
#1750 = CARTESIAN_POINT('',(-315.2709873463,358.30925617718,
    -17.027297957));
#1751 = CARTESIAN_POINT('',(-315.1570620721,358.32776528249,
    -17.02335086029));
#1752 = CARTESIAN_POINT('',(-315.0442867682,358.35559776567,
    -17.01749843744));
#1753 = CARTESIAN_POINT('',(-314.9332982601,358.39288677155,
    -17.00988277222));
#1754 = CARTESIAN_POINT('',(-314.7416986447,358.47579932897,
    -16.99371145381));
#1755 = CARTESIAN_POINT('',(-314.6600402089,358.51744916356,
    -16.98578966528));
#1756 = CARTESIAN_POINT('',(-314.5802008547,358.56485780112,
    -16.97706455096));
#1757 = CARTESIAN_POINT('',(-314.5025733736,358.61812359899,
    -16.96766874768));
#1758 = CARTESIAN_POINT('',(-314.427620348,358.67734728614,
    -16.95777051049));
#1759 = CARTESIAN_POINT('',(-314.304946951,358.78897148881,
    -16.94034057095));
#1760 = CARTESIAN_POINT('',(-314.2556262515,358.83837527347,
    -16.93295414674));
#1761 = CARTESIAN_POINT('',(-314.2081361664,358.89085286193,
    -16.92549539328));
#1762 = CARTESIAN_POINT('',(-314.1627147706,358.94640516802,
    -16.91805304643));
#1763 = CARTESIAN_POINT('',(-314.1196194184,359.00501813312,
    -16.91072553003));
#1764 = CARTESIAN_POINT('',(-314.0461265366,359.11690035293,
    -16.89782791306));
#1765 = CARTESIAN_POINT('',(-314.0148481778,359.16916242342,
    -16.89218228519));
#1766 = CARTESIAN_POINT('',(-313.985477502,359.22338147668,
    -16.8867461128));
#1767 = CARTESIAN_POINT('',(-313.9581936457,359.27947686546,
    -16.88158494231));
#1768 = CARTESIAN_POINT('',(-313.9331700742,359.33735340626,
    -16.87676388393));
#1769 = CARTESIAN_POINT('',(-313.8752567372,359.48998008416,
    -16.86543848737));
#1770 = CARTESIAN_POINT('',(-313.8458042892,359.58732008797,
    -16.85950173836));
#1771 = CARTESIAN_POINT('',(-313.823089979,359.68803653116,
    -16.85481639154));
#1772 = CARTESIAN_POINT('',(-313.8077128081,359.79111530114,
    -16.85160878698));
#1773 = CARTESIAN_POINT('',(-313.8,359.89547031637,-16.85));
#1774 = CARTESIAN_POINT('',(-313.8,360.,-16.85));
#1775 = PCURVE('',#911,#1776);
#1776 = DEFINITIONAL_REPRESENTATION('',(#1777),#1870);
#1777 = B_SPLINE_CURVE_WITH_KNOTS('',6,(#1778,#1779,#1780,#1781,#1782,
    #1783,#1784,#1785,#1786,#1787,#1788,#1789,#1790,#1791,#1792,#1793,
    #1794,#1795,#1796,#1797,#1798,#1799,#1800,#1801,#1802,#1803,#1804,
    #1805,#1806,#1807,#1808,#1809,#1810,#1811,#1812,#1813,#1814,#1815,
    #1816,#1817,#1818,#1819,#1820,#1821,#1822,#1823,#1824,#1825,#1826,
    #1827,#1828,#1829,#1830,#1831,#1832,#1833,#1834,#1835,#1836,#1837,
    #1838,#1839,#1840,#1841,#1842,#1843,#1844,#1845,#1846,#1847,#1848,
    #1849,#1850,#1851,#1852,#1853,#1854,#1855,#1856,#1857,#1858,#1859,
    #1860,#1861,#1862,#1863,#1864,#1865,#1866,#1867,#1868,#1869),
  .UNSPECIFIED.,.T.,.F.,(7,5,5,5,5,5,5,5,5,5,5,5,5,5,5,5,5,5,7),(0.,
    5.112745359218E-02,8.252710951756E-02,0.153242175537,0.249710494038,
    0.322144462677,0.377680642218,0.417107633296,0.466930795597,
    0.499246251521,0.549268955761,0.621545310763,0.677237206429,
    0.749613612953,0.822230216963,0.877906422476,0.917432822673,
    0.949646862153,1.),.UNSPECIFIED.);
#1778 = CARTESIAN_POINT('',(-7.853981633974,-9.2));
#1779 = CARTESIAN_POINT('',(-7.840917843513,-9.2));
#1780 = CARTESIAN_POINT('',(-7.827878530973,-9.191998212137));
#1781 = CARTESIAN_POINT('',(-7.815001240237,-9.176050999496));
#1782 = CARTESIAN_POINT('',(-7.802421417612,-9.152509465245));
#1783 = CARTESIAN_POINT('',(-7.790266627944,-9.12201201695));
#1784 = CARTESIAN_POINT('',(-7.771514496544,-9.063054287115));
#1785 = CARTESIAN_POINT('',(-7.764573401119,-9.038320107063));
#1786 = CARTESIAN_POINT('',(-7.75783814259,-9.011441311541));
#1787 = CARTESIAN_POINT('',(-7.751319504994,-8.982580139062));
#1788 = CARTESIAN_POINT('',(-7.745026827738,-8.95190380929));
#1789 = CARTESIAN_POINT('',(-7.725322793584,-8.846799189714));
#1790 = CARTESIAN_POINT('',(-7.712868333922,-8.765707982337));
#1791 = CARTESIAN_POINT('',(-7.701618872107,-8.677898614255));
#1792 = CARTESIAN_POINT('',(-7.691571401287,-8.584681644182));
#1793 = CARTESIAN_POINT('',(-7.682713018766,-8.487154209179));
#1794 = CARTESIAN_POINT('',(-7.664540976548,-8.248595646931));
#1795 = CARTESIAN_POINT('',(-7.656224223083,-8.10449741987));
#1796 = CARTESIAN_POINT('',(-7.650026655241,-7.956084534766));
#1797 = CARTESIAN_POINT('',(-7.645909476252,-7.804971358506));
#1798 = CARTESIAN_POINT('',(-7.643849675953,-7.652507983757));
#1799 = CARTESIAN_POINT('',(-7.643849675953,-7.385488223653));
#1800 = CARTESIAN_POINT('',(-7.645010937581,-7.270987335973));
#1801 = CARTESIAN_POINT('',(-7.647333098887,-7.157062071983));
#1802 = CARTESIAN_POINT('',(-7.650822755424,-7.044286778616));
#1803 = CARTESIAN_POINT('',(-7.655492373556,-6.93329825386));
#1804 = CARTESIAN_POINT('',(-7.66585738798,-6.741698644768));
#1805 = CARTESIAN_POINT('',(-7.671059351947,-6.660040208958));
#1806 = CARTESIAN_POINT('',(-7.676973898281,-6.580200854775));
#1807 = CARTESIAN_POINT('',(-7.683610137956,-6.502573373685));
#1808 = CARTESIAN_POINT('',(-7.690977223455,-6.427620348081));
#1809 = CARTESIAN_POINT('',(-7.70483941189,-6.304946951093));
#1810 = CARTESIAN_POINT('',(-7.710968474388,-6.255626251525));
#1811 = CARTESIAN_POINT('',(-7.717471887568,-6.208136166438));
#1812 = CARTESIAN_POINT('',(-7.72434864796,-6.162714770675));
#1813 = CARTESIAN_POINT('',(-7.731596070575,-6.119619418401));
#1814 = CARTESIAN_POINT('',(-7.748830968884,-6.02795857623));
#1815 = CARTESIAN_POINT('',(-7.759053725198,-5.980858861167));
#1816 = CARTESIAN_POINT('',(-7.769837210702,-5.938603562326));
#1817 = CARTESIAN_POINT('',(-7.781129885281,-5.901891128653));
#1818 = CARTESIAN_POINT('',(-7.792870378209,-5.871345718021));
#1819 = CARTESIAN_POINT('',(-7.812848203286,-5.832066037065));
#1820 = CARTESIAN_POINT('',(-7.820859429511,-5.819453643925));
#1821 = CARTESIAN_POINT('',(-7.828986712252,-5.809853167356));
#1822 = CARTESIAN_POINT('',(-7.837193415273,-5.803379965235));
#1823 = CARTESIAN_POINT('',(-7.845441960144,-5.800094310267));
#1824 = CARTESIAN_POINT('',(-7.866468109088,-5.799858126535));
#1825 = CARTESIAN_POINT('',(-7.879222422259,-5.807365559163));
#1826 = CARTESIAN_POINT('',(-7.891827421883,-5.822478372418));
#1827 = CARTESIAN_POINT('',(-7.904155238839,-5.844877256415));
#1828 = CARTESIAN_POINT('',(-7.916085078813,-5.873975750547));
#1829 = CARTESIAN_POINT('',(-7.94401709108,-5.959406142193));
#1830 = CARTESIAN_POINT('',(-7.959459820967,-6.022063609245));
#1831 = CARTESIAN_POINT('',(-7.973738772032,-6.094961460294));
#1832 = CARTESIAN_POINT('',(-7.986788204871,-6.176305532268));
#1833 = CARTESIAN_POINT('',(-7.998570191511,-6.264396749672));
#1834 = CARTESIAN_POINT('',(-8.017169155607,-6.429439598155));
#1835 = CARTESIAN_POINT('',(-8.024523358927,-6.504470673473));
#1836 = CARTESIAN_POINT('',(-8.031146448263,-6.582169789271));
#1837 = CARTESIAN_POINT('',(-8.037047597607,-6.662074976432));
#1838 = CARTESIAN_POINT('',(-8.042235921177,-6.743793958202));
#1839 = CARTESIAN_POINT('',(-8.052547924108,-6.935132416604));
#1840 = CARTESIAN_POINT('',(-8.057186568543,-7.045777651093));
#1841 = CARTESIAN_POINT('',(-8.060653161493,-7.158191769398));
#1842 = CARTESIAN_POINT('',(-8.062959999894,-7.271744500712));
#1843 = CARTESIAN_POINT('',(-8.064113591996,-7.385866993285));
#1844 = CARTESIAN_POINT('',(-8.064113591996,-7.614511782928));
#1845 = CARTESIAN_POINT('',(-8.062952330604,-7.729012653624));
#1846 = CARTESIAN_POINT('',(-8.060630168904,-7.842937927883));
#1847 = CARTESIAN_POINT('',(-8.057140512214,-7.955713231726));
#1848 = CARTESIAN_POINT('',(-8.052470894733,-8.06670173985));
#1849 = CARTESIAN_POINT('',(-8.042105879969,-8.258301355232));
#1850 = CARTESIAN_POINT('',(-8.036903916002,-8.339959791042));
#1851 = CARTESIAN_POINT('',(-8.030989369668,-8.419799145225));
#1852 = CARTESIAN_POINT('',(-8.024353129993,-8.497426626315));
#1853 = CARTESIAN_POINT('',(-8.016986044494,-8.572379651919));
#1854 = CARTESIAN_POINT('',(-8.003123856059,-8.695053048907));
#1855 = CARTESIAN_POINT('',(-7.996994793561,-8.744373748475));
#1856 = CARTESIAN_POINT('',(-7.990491380381,-8.791863833562));
#1857 = CARTESIAN_POINT('',(-7.983614619989,-8.837285229325));
#1858 = CARTESIAN_POINT('',(-7.976367197374,-8.880380581599));
#1859 = CARTESIAN_POINT('',(-7.962548402848,-8.953873463387));
#1860 = CARTESIAN_POINT('',(-7.956098736801,-8.985151822153));
#1861 = CARTESIAN_POINT('',(-7.949413045586,-9.01452249793));
#1862 = CARTESIAN_POINT('',(-7.942501475038,-9.041806354216));
#1863 = CARTESIAN_POINT('',(-7.935375755964,-9.066829925738));
#1864 = CARTESIAN_POINT('',(-7.916597069861,-9.124743262777));
#1865 = CARTESIAN_POINT('',(-7.904632351386,-9.154195710764));
#1866 = CARTESIAN_POINT('',(-7.892263150981,-9.176910020946));
#1867 = CARTESIAN_POINT('',(-7.879611659994,-9.192287191896));
#1868 = CARTESIAN_POINT('',(-7.866807362027,-9.2));
#1869 = CARTESIAN_POINT('',(-7.853981633974,-9.2));
#1870 = ( GEOMETRIC_REPRESENTATION_CONTEXT(2) 
PARAMETRIC_REPRESENTATION_CONTEXT() REPRESENTATION_CONTEXT('2D SPACE',''
  ) );
#1871 = PCURVE('',#1872,#1877);
#1872 = CYLINDRICAL_SURFACE('',#1873,1.7);
#1873 = AXIS2_PLACEMENT_3D('',#1874,#1875,#1876);
#1874 = CARTESIAN_POINT('',(-315.5,360.,-24.));
#1875 = DIRECTION('',(-0.,-0.,-1.));
#1876 = DIRECTION('',(1.,0.,0.));
#1877 = DEFINITIONAL_REPRESENTATION('',(#1878),#1971);
#1878 = B_SPLINE_CURVE_WITH_KNOTS('',6,(#1879,#1880,#1881,#1882,#1883,
    #1884,#1885,#1886,#1887,#1888,#1889,#1890,#1891,#1892,#1893,#1894,
    #1895,#1896,#1897,#1898,#1899,#1900,#1901,#1902,#1903,#1904,#1905,
    #1906,#1907,#1908,#1909,#1910,#1911,#1912,#1913,#1914,#1915,#1916,
    #1917,#1918,#1919,#1920,#1921,#1922,#1923,#1924,#1925,#1926,#1927,
    #1928,#1929,#1930,#1931,#1932,#1933,#1934,#1935,#1936,#1937,#1938,
    #1939,#1940,#1941,#1942,#1943,#1944,#1945,#1946,#1947,#1948,#1949,
    #1950,#1951,#1952,#1953,#1954,#1955,#1956,#1957,#1958,#1959,#1960,
    #1961,#1962,#1963,#1964,#1965,#1966,#1967,#1968,#1969,#1970),
  .UNSPECIFIED.,.F.,.F.,(7,5,5,5,5,5,5,5,5,5,5,5,5,5,5,5,5,5,7),(0.,
    5.112745359218E-02,8.252710951756E-02,0.153242175537,0.249710494038,
    0.322144462677,0.377680642218,0.417107633296,0.466930795597,
    0.499246251521,0.549268955761,0.621545310763,0.677237206429,
    0.749613612953,0.822230216963,0.877906422476,0.917432822673,
    0.949646862153,1.),.UNSPECIFIED.);
#1879 = CARTESIAN_POINT('',(0.,-7.15));
#1880 = CARTESIAN_POINT('',(-6.262934838871E-02,-7.15));
#1881 = CARTESIAN_POINT('',(-0.125141322586,-7.148330939504));
#1882 = CARTESIAN_POINT('',(-0.187299641988,-7.145004413699));
#1883 = CARTESIAN_POINT('',(-0.248869338614,-7.14015054928));
#1884 = CARTESIAN_POINT('',(-0.309588777566,-7.134011288149));
#1885 = CARTESIAN_POINT('',(-0.4057084475,-7.1225091357));
#1886 = CARTESIAN_POINT('',(-0.441884401433,-7.117755177462));
#1887 = CARTESIAN_POINT('',(-0.477664431045,-7.112681987349));
#1888 = CARTESIAN_POINT('',(-0.513044767184,-7.107350399946));
#1889 = CARTESIAN_POINT('',(-0.54801804416,-7.10182153992));
#1890 = CARTESIAN_POINT('',(-0.660393797418,-7.083392430848));
#1891 = CARTESIAN_POINT('',(-0.736064805166,-7.06993486096));
#1892 = CARTESIAN_POINT('',(-0.80987844299,-7.056391906659));
#1893 = CARTESIAN_POINT('',(-0.882066031545,-7.04327961242));
#1894 = CARTESIAN_POINT('',(-0.952840148335,-7.030997192017));
#1895 = CARTESIAN_POINT('',(-1.117282645101,-7.004634807901));
#1896 = CARTESIAN_POINT('',(-1.210012135984,-6.991511416082));
#1897 = CARTESIAN_POINT('',(-1.301213054179,-6.981228317966));
#1898 = CARTESIAN_POINT('',(-1.391401055998,-6.974229415564));
#1899 = CARTESIAN_POINT('',(-1.481085748114,-6.970727695763));
#1900 = CARTESIAN_POINT('',(-1.638156195234,-6.970727695763));
#1901 = CARTESIAN_POINT('',(-1.705509496544,-6.972702043368));
#1902 = CARTESIAN_POINT('',(-1.773074865728,-6.976649139458));
#1903 = CARTESIAN_POINT('',(-1.841063156725,-6.982501562068));
#1904 = CARTESIAN_POINT('',(-1.909692501936,-6.990117228302));
#1905 = CARTESIAN_POINT('',(-2.032498368835,-7.006288546188));
#1906 = CARTESIAN_POINT('',(-2.086312066148,-7.014210334711));
#1907 = CARTESIAN_POINT('',(-2.140762076788,-7.022935449039));
#1908 = CARTESIAN_POINT('',(-2.195957321954,-7.032331252313));
#1909 = CARTESIAN_POINT('',(-2.252013840817,-7.042229489508));
#1910 = CARTESIAN_POINT('',(-2.349577102081,-7.059659429047));
#1911 = CARTESIAN_POINT('',(-2.390593827041,-7.067045853253));
#1912 = CARTESIAN_POINT('',(-2.432150730161,-7.074504606715));
#1913 = CARTESIAN_POINT('',(-2.47427903422,-7.081946953567));
#1914 = CARTESIAN_POINT('',(-2.517014052709,-7.089274469965));
#1915 = CARTESIAN_POINT('',(-2.615221523666,-7.105360469108));
#1916 = CARTESIAN_POINT('',(-2.671176079673,-7.114002366875));
#1917 = CARTESIAN_POINT('',(-2.728151907532,-7.122056061169));
#1918 = CARTESIAN_POINT('',(-2.786075847815,-7.129263366044));
#1919 = CARTESIAN_POINT('',(-2.84490076217,-7.135383855974));
#1920 = CARTESIAN_POINT('',(-2.943312768001,-7.143357706203));
#1921 = CARTESIAN_POINT('',(-2.982359956775,-7.145951863555));
#1922 = CARTESIAN_POINT('',(-3.021649928724,-7.147944782207));
#1923 = CARTESIAN_POINT('',(-3.061105399853,-7.149295043005));
#1924 = CARTESIAN_POINT('',(-3.100652416219,-7.149980327937));
#1925 = CARTESIAN_POINT('',(-3.201454339498,-7.150029593211));
#1926 = CARTESIAN_POINT('',(-3.262594118804,-7.148463650466));
#1927 = CARTESIAN_POINT('',(-3.323407724142,-7.145310617111));
#1928 = CARTESIAN_POINT('',(-3.383670746248,-7.140688499826));
#1929 = CARTESIAN_POINT('',(-3.443134707158,-7.13481903028));
#1930 = CARTESIAN_POINT('',(-3.585824316892,-7.118095719087));
#1931 = CARTESIAN_POINT('',(-3.667800947281,-7.106192155406));
#1932 = CARTESIAN_POINT('',(-3.74765203652,-7.092975307265));
#1933 = CARTESIAN_POINT('',(-3.825508293173,-7.079168164801));
#1934 = CARTESIAN_POINT('',(-3.901450188073,-7.065401481386));
#1935 = CARTESIAN_POINT('',(-4.032545971262,-7.041986342176));
#1936 = CARTESIAN_POINT('',(-4.088600173029,-7.032094702725));
#1937 = CARTESIAN_POINT('',(-4.143794580409,-7.022708715215));
#1938 = CARTESIAN_POINT('',(-4.198245281351,-7.013996300677));
#1939 = CARTESIAN_POINT('',(-4.252061258324,-7.006089770319));
#1940 = CARTESIAN_POINT('',(-4.374626755492,-6.989991579643));
#1941 = CARTESIAN_POINT('',(-4.443020882633,-6.98242432575));
#1942 = CARTESIAN_POINT('',(-4.510780414698,-6.976610059226));
#1943 = CARTESIAN_POINT('',(-4.578121194226,-6.972688997208));
#1944 = CARTESIAN_POINT('',(-4.645251917611,-6.970727695763));
#1945 = CARTESIAN_POINT('',(-4.779748852695,-6.970727695763));
#1946 = CARTESIAN_POINT('',(-4.847102143805,-6.972702042995));
#1947 = CARTESIAN_POINT('',(-4.914667519393,-6.976649139704));
#1948 = CARTESIAN_POINT('',(-4.98265581668,-6.982501562558));
#1949 = CARTESIAN_POINT('',(-5.051285151495,-6.990117227771));
#1950 = CARTESIAN_POINT('',(-5.174091022425,-7.006288546188));
#1951 = CARTESIAN_POINT('',(-5.227904719738,-7.014210334711));
#1952 = CARTESIAN_POINT('',(-5.282354730378,-7.022935449039));
#1953 = CARTESIAN_POINT('',(-5.337549975544,-7.032331252313));
#1954 = CARTESIAN_POINT('',(-5.393606494407,-7.042229489508));
#1955 = CARTESIAN_POINT('',(-5.491169755671,-7.059659429047));
#1956 = CARTESIAN_POINT('',(-5.53218648063,-7.067045853253));
#1957 = CARTESIAN_POINT('',(-5.573743383751,-7.074504606715));
#1958 = CARTESIAN_POINT('',(-5.615871687809,-7.081946953567));
#1959 = CARTESIAN_POINT('',(-5.658606706298,-7.089274469965));
#1960 = CARTESIAN_POINT('',(-5.737348619233,-7.102172086935));
#1961 = CARTESIAN_POINT('',(-5.773144818174,-7.107817714802));
#1962 = CARTESIAN_POINT('',(-5.809366681196,-7.113253887196));
#1963 = CARTESIAN_POINT('',(-5.846006040372,-7.118415057681));
#1964 = CARTESIAN_POINT('',(-5.883058682211,-7.123236116067));
#1965 = CARTESIAN_POINT('',(-5.979085021976,-7.134561512621));
#1966 = CARTESIAN_POINT('',(-6.038765760067,-7.140498261631));
#1967 = CARTESIAN_POINT('',(-6.099258878584,-7.145183608457));
#1968 = CARTESIAN_POINT('',(-6.160311967192,-7.148391213016));
#1969 = CARTESIAN_POINT('',(-6.221697257989,-7.15));
#1970 = CARTESIAN_POINT('',(-6.28318530718,-7.15));
#1971 = ( GEOMETRIC_REPRESENTATION_CONTEXT(2) 
PARAMETRIC_REPRESENTATION_CONTEXT() REPRESENTATION_CONTEXT('2D SPACE',''
  ) );
#1972 = ADVANCED_FACE('',(#1973),#1872,.F.);
#1973 = FACE_BOUND('',#1974,.T.);
#1974 = EDGE_LOOP('',(#1975,#2010,#2031,#2032,#2033));
#1975 = ORIENTED_EDGE('',*,*,#1976,.F.);
#1976 = EDGE_CURVE('',#1977,#1979,#1981,.T.);
#1977 = VERTEX_POINT('',#1978);
#1978 = CARTESIAN_POINT('',(-313.8,360.,-12.));
#1979 = VERTEX_POINT('',#1980);
#1980 = CARTESIAN_POINT('',(-317.2,360.,-12.));
#1981 = SURFACE_CURVE('',#1982,(#1987,#1994),.PCURVE_S1.);
#1982 = CIRCLE('',#1983,1.7);
#1983 = AXIS2_PLACEMENT_3D('',#1984,#1985,#1986);
#1984 = CARTESIAN_POINT('',(-315.5,360.,-12.));
#1985 = DIRECTION('',(0.,0.,-1.));
#1986 = DIRECTION('',(1.,0.,0.));
#1987 = PCURVE('',#1872,#1988);
#1988 = DEFINITIONAL_REPRESENTATION('',(#1989),#1993);
#1989 = LINE('',#1990,#1991);
#1990 = CARTESIAN_POINT('',(-6.28318530718,-12.));
#1991 = VECTOR('',#1992,1.);
#1992 = DIRECTION('',(1.,-0.));
#1993 = ( GEOMETRIC_REPRESENTATION_CONTEXT(2) 
PARAMETRIC_REPRESENTATION_CONTEXT() REPRESENTATION_CONTEXT('2D SPACE',''
  ) );
#1994 = PCURVE('',#1995,#2000);
#1995 = PLANE('',#1996);
#1996 = AXIS2_PLACEMENT_3D('',#1997,#1998,#1999);
#1997 = CARTESIAN_POINT('',(-327.,336.,-12.));
#1998 = DIRECTION('',(0.,0.,1.));
#1999 = DIRECTION('',(1.,0.,0.));
#2000 = DEFINITIONAL_REPRESENTATION('',(#2001),#2009);
#2001 = ( BOUNDED_CURVE() B_SPLINE_CURVE(2,(#2002,#2003,#2004,#2005,
#2006,#2007,#2008),.UNSPECIFIED.,.T.,.F.) B_SPLINE_CURVE_WITH_KNOTS((1,2
    ,2,2,2,1),(-2.094395102393,0.,2.094395102393,4.188790204786,
6.28318530718,8.377580409573),.UNSPECIFIED.) CURVE() 
GEOMETRIC_REPRESENTATION_ITEM() RATIONAL_B_SPLINE_CURVE((1.,0.5,1.,0.5,
1.,0.5,1.)) REPRESENTATION_ITEM('') );
#2002 = CARTESIAN_POINT('',(13.2,24.));
#2003 = CARTESIAN_POINT('',(13.2,21.055513627133));
#2004 = CARTESIAN_POINT('',(10.65,22.527756813566));
#2005 = CARTESIAN_POINT('',(8.1,24.));
#2006 = CARTESIAN_POINT('',(10.65,25.472243186434));
#2007 = CARTESIAN_POINT('',(13.2,26.944486372867));
#2008 = CARTESIAN_POINT('',(13.2,24.));
#2009 = ( GEOMETRIC_REPRESENTATION_CONTEXT(2) 
PARAMETRIC_REPRESENTATION_CONTEXT() REPRESENTATION_CONTEXT('2D SPACE',''
  ) );
#2010 = ORIENTED_EDGE('',*,*,#2011,.F.);
#2011 = EDGE_CURVE('',#1679,#1977,#2012,.T.);
#2012 = SEAM_CURVE('',#2013,(#2017,#2024),.PCURVE_S1.);
#2013 = LINE('',#2014,#2015);
#2014 = CARTESIAN_POINT('',(-313.8,360.,-24.));
#2015 = VECTOR('',#2016,1.);
#2016 = DIRECTION('',(0.,0.,1.));
#2017 = PCURVE('',#1872,#2018);
#2018 = DEFINITIONAL_REPRESENTATION('',(#2019),#2023);
#2019 = LINE('',#2020,#2021);
#2020 = CARTESIAN_POINT('',(-0.,0.));
#2021 = VECTOR('',#2022,1.);
#2022 = DIRECTION('',(-0.,-1.));
#2023 = ( GEOMETRIC_REPRESENTATION_CONTEXT(2) 
PARAMETRIC_REPRESENTATION_CONTEXT() REPRESENTATION_CONTEXT('2D SPACE',''
  ) );
#2024 = PCURVE('',#1872,#2025);
#2025 = DEFINITIONAL_REPRESENTATION('',(#2026),#2030);
#2026 = LINE('',#2027,#2028);
#2027 = CARTESIAN_POINT('',(-6.28318530718,0.));
#2028 = VECTOR('',#2029,1.);
#2029 = DIRECTION('',(-0.,-1.));
#2030 = ( GEOMETRIC_REPRESENTATION_CONTEXT(2) 
PARAMETRIC_REPRESENTATION_CONTEXT() REPRESENTATION_CONTEXT('2D SPACE',''
  ) );
#2031 = ORIENTED_EDGE('',*,*,#1678,.F.);
#2032 = ORIENTED_EDGE('',*,*,#2011,.T.);
#2033 = ORIENTED_EDGE('',*,*,#2034,.F.);
#2034 = EDGE_CURVE('',#1979,#1977,#2035,.T.);
#2035 = SURFACE_CURVE('',#2036,(#2041,#2048),.PCURVE_S1.);
#2036 = CIRCLE('',#2037,1.7);
#2037 = AXIS2_PLACEMENT_3D('',#2038,#2039,#2040);
#2038 = CARTESIAN_POINT('',(-315.5,360.,-12.));
#2039 = DIRECTION('',(0.,0.,-1.));
#2040 = DIRECTION('',(1.,0.,0.));
#2041 = PCURVE('',#1872,#2042);
#2042 = DEFINITIONAL_REPRESENTATION('',(#2043),#2047);
#2043 = LINE('',#2044,#2045);
#2044 = CARTESIAN_POINT('',(-6.28318530718,-12.));
#2045 = VECTOR('',#2046,1.);
#2046 = DIRECTION('',(1.,-0.));
#2047 = ( GEOMETRIC_REPRESENTATION_CONTEXT(2) 
PARAMETRIC_REPRESENTATION_CONTEXT() REPRESENTATION_CONTEXT('2D SPACE',''
  ) );
#2048 = PCURVE('',#1995,#2049);
#2049 = DEFINITIONAL_REPRESENTATION('',(#2050),#2058);
#2050 = ( BOUNDED_CURVE() B_SPLINE_CURVE(2,(#2051,#2052,#2053,#2054,
#2055,#2056,#2057),.UNSPECIFIED.,.T.,.F.) B_SPLINE_CURVE_WITH_KNOTS((1,2
    ,2,2,2,1),(-2.094395102393,0.,2.094395102393,4.188790204786,
6.28318530718,8.377580409573),.UNSPECIFIED.) CURVE() 
GEOMETRIC_REPRESENTATION_ITEM() RATIONAL_B_SPLINE_CURVE((1.,0.5,1.,0.5,
1.,0.5,1.)) REPRESENTATION_ITEM('') );
#2051 = CARTESIAN_POINT('',(13.2,24.));
#2052 = CARTESIAN_POINT('',(13.2,21.055513627133));
#2053 = CARTESIAN_POINT('',(10.65,22.527756813566));
#2054 = CARTESIAN_POINT('',(8.1,24.));
#2055 = CARTESIAN_POINT('',(10.65,25.472243186434));
#2056 = CARTESIAN_POINT('',(13.2,26.944486372867));
#2057 = CARTESIAN_POINT('',(13.2,24.));
#2058 = ( GEOMETRIC_REPRESENTATION_CONTEXT(2) 
PARAMETRIC_REPRESENTATION_CONTEXT() REPRESENTATION_CONTEXT('2D SPACE',''
  ) );
#2059 = ADVANCED_FACE('',(#2060,#2298,#2333,#2337,#2395,#2453),#1995,.T.
  );
#2060 = FACE_BOUND('',#2061,.T.);
#2061 = EDGE_LOOP('',(#2062,#2092,#2121,#2149,#2182,#2210,#2239,#2267));
#2062 = ORIENTED_EDGE('',*,*,#2063,.F.);
#2063 = EDGE_CURVE('',#2064,#2066,#2068,.T.);
#2064 = VERTEX_POINT('',#2065);
#2065 = CARTESIAN_POINT('',(-327.,342.,-12.));
#2066 = VERTEX_POINT('',#2067);
#2067 = CARTESIAN_POINT('',(-327.,378.,-12.));
#2068 = SURFACE_CURVE('',#2069,(#2073,#2080),.PCURVE_S1.);
#2069 = LINE('',#2070,#2071);
#2070 = CARTESIAN_POINT('',(-327.,336.,-12.));
#2071 = VECTOR('',#2072,1.);
#2072 = DIRECTION('',(0.,1.,0.));
#2073 = PCURVE('',#1995,#2074);
#2074 = DEFINITIONAL_REPRESENTATION('',(#2075),#2079);
#2075 = LINE('',#2076,#2077);
#2076 = CARTESIAN_POINT('',(0.,0.));
#2077 = VECTOR('',#2078,1.);
#2078 = DIRECTION('',(0.,1.));
#2079 = ( GEOMETRIC_REPRESENTATION_CONTEXT(2) 
PARAMETRIC_REPRESENTATION_CONTEXT() REPRESENTATION_CONTEXT('2D SPACE',''
  ) );
#2080 = PCURVE('',#2081,#2086);
#2081 = PLANE('',#2082);
#2082 = AXIS2_PLACEMENT_3D('',#2083,#2084,#2085);
#2083 = CARTESIAN_POINT('',(-327.,336.,-16.));
#2084 = DIRECTION('',(1.,0.,0.));
#2085 = DIRECTION('',(0.,0.,1.));
#2086 = DEFINITIONAL_REPRESENTATION('',(#2087),#2091);
#2087 = LINE('',#2088,#2089);
#2088 = CARTESIAN_POINT('',(4.,0.));
#2089 = VECTOR('',#2090,1.);
#2090 = DIRECTION('',(0.,-1.));
#2091 = ( GEOMETRIC_REPRESENTATION_CONTEXT(2) 
PARAMETRIC_REPRESENTATION_CONTEXT() REPRESENTATION_CONTEXT('2D SPACE',''
  ) );
#2092 = ORIENTED_EDGE('',*,*,#2093,.T.);
#2093 = EDGE_CURVE('',#2064,#2094,#2096,.T.);
#2094 = VERTEX_POINT('',#2095);
#2095 = CARTESIAN_POINT('',(-321.,336.,-12.));
#2096 = SURFACE_CURVE('',#2097,(#2102,#2109),.PCURVE_S1.);
#2097 = CIRCLE('',#2098,6.);
#2098 = AXIS2_PLACEMENT_3D('',#2099,#2100,#2101);
#2099 = CARTESIAN_POINT('',(-321.,342.,-12.));
#2100 = DIRECTION('',(0.,0.,1.));
#2101 = DIRECTION('',(0.,-1.,0.));
#2102 = PCURVE('',#1995,#2103);
#2103 = DEFINITIONAL_REPRESENTATION('',(#2104),#2108);
#2104 = CIRCLE('',#2105,6.);
#2105 = AXIS2_PLACEMENT_2D('',#2106,#2107);
#2106 = CARTESIAN_POINT('',(6.,6.));
#2107 = DIRECTION('',(0.,-1.));
#2108 = ( GEOMETRIC_REPRESENTATION_CONTEXT(2) 
PARAMETRIC_REPRESENTATION_CONTEXT() REPRESENTATION_CONTEXT('2D SPACE',''
  ) );
#2109 = PCURVE('',#2110,#2115);
#2110 = CYLINDRICAL_SURFACE('',#2111,6.);
#2111 = AXIS2_PLACEMENT_3D('',#2112,#2113,#2114);
#2112 = CARTESIAN_POINT('',(-321.,342.,-16.));
#2113 = DIRECTION('',(0.,0.,1.));
#2114 = DIRECTION('',(-1.,-0.,0.));
#2115 = DEFINITIONAL_REPRESENTATION('',(#2116),#2120);
#2116 = LINE('',#2117,#2118);
#2117 = CARTESIAN_POINT('',(-4.712388980385,4.));
#2118 = VECTOR('',#2119,1.);
#2119 = DIRECTION('',(1.,0.));
#2120 = ( GEOMETRIC_REPRESENTATION_CONTEXT(2) 
PARAMETRIC_REPRESENTATION_CONTEXT() REPRESENTATION_CONTEXT('2D SPACE',''
  ) );
#2121 = ORIENTED_EDGE('',*,*,#2122,.T.);
#2122 = EDGE_CURVE('',#2094,#2123,#2125,.T.);
#2123 = VERTEX_POINT('',#2124);
#2124 = CARTESIAN_POINT('',(-285.,336.,-12.));
#2125 = SURFACE_CURVE('',#2126,(#2130,#2137),.PCURVE_S1.);
#2126 = LINE('',#2127,#2128);
#2127 = CARTESIAN_POINT('',(-327.,336.,-12.));
#2128 = VECTOR('',#2129,1.);
#2129 = DIRECTION('',(1.,0.,0.));
#2130 = PCURVE('',#1995,#2131);
#2131 = DEFINITIONAL_REPRESENTATION('',(#2132),#2136);
#2132 = LINE('',#2133,#2134);
#2133 = CARTESIAN_POINT('',(0.,0.));
#2134 = VECTOR('',#2135,1.);
#2135 = DIRECTION('',(1.,0.));
#2136 = ( GEOMETRIC_REPRESENTATION_CONTEXT(2) 
PARAMETRIC_REPRESENTATION_CONTEXT() REPRESENTATION_CONTEXT('2D SPACE',''
  ) );
#2137 = PCURVE('',#2138,#2143);
#2138 = PLANE('',#2139);
#2139 = AXIS2_PLACEMENT_3D('',#2140,#2141,#2142);
#2140 = CARTESIAN_POINT('',(-327.,336.,-16.));
#2141 = DIRECTION('',(0.,1.,0.));
#2142 = DIRECTION('',(0.,0.,1.));
#2143 = DEFINITIONAL_REPRESENTATION('',(#2144),#2148);
#2144 = LINE('',#2145,#2146);
#2145 = CARTESIAN_POINT('',(4.,0.));
#2146 = VECTOR('',#2147,1.);
#2147 = DIRECTION('',(0.,1.));
#2148 = ( GEOMETRIC_REPRESENTATION_CONTEXT(2) 
PARAMETRIC_REPRESENTATION_CONTEXT() REPRESENTATION_CONTEXT('2D SPACE',''
  ) );
#2149 = ORIENTED_EDGE('',*,*,#2150,.F.);
#2150 = EDGE_CURVE('',#2151,#2123,#2153,.T.);
#2151 = VERTEX_POINT('',#2152);
#2152 = CARTESIAN_POINT('',(-279.,342.,-12.));
#2153 = SURFACE_CURVE('',#2154,(#2159,#2170),.PCURVE_S1.);
#2154 = CIRCLE('',#2155,6.);
#2155 = AXIS2_PLACEMENT_3D('',#2156,#2157,#2158);
#2156 = CARTESIAN_POINT('',(-285.,342.,-12.));
#2157 = DIRECTION('',(-0.,-0.,-1.));
#2158 = DIRECTION('',(0.,-1.,0.));
#2159 = PCURVE('',#1995,#2160);
#2160 = DEFINITIONAL_REPRESENTATION('',(#2161),#2169);
#2161 = ( BOUNDED_CURVE() B_SPLINE_CURVE(2,(#2162,#2163,#2164,#2165,
#2166,#2167,#2168),.UNSPECIFIED.,.T.,.F.) B_SPLINE_CURVE_WITH_KNOTS((1,2
    ,2,2,2,1),(-2.094395102393,0.,2.094395102393,4.188790204786,
6.28318530718,8.377580409573),.UNSPECIFIED.) CURVE() 
GEOMETRIC_REPRESENTATION_ITEM() RATIONAL_B_SPLINE_CURVE((1.,0.5,1.,0.5,
1.,0.5,1.)) REPRESENTATION_ITEM('') );
#2162 = CARTESIAN_POINT('',(42.,0.));
#2163 = CARTESIAN_POINT('',(31.607695154587,0.));
#2164 = CARTESIAN_POINT('',(36.803847577293,9.));
#2165 = CARTESIAN_POINT('',(42.,18.));
#2166 = CARTESIAN_POINT('',(47.196152422707,9.));
#2167 = CARTESIAN_POINT('',(52.392304845413,8.881784197001E-15));
#2168 = CARTESIAN_POINT('',(42.,0.));
#2169 = ( GEOMETRIC_REPRESENTATION_CONTEXT(2) 
PARAMETRIC_REPRESENTATION_CONTEXT() REPRESENTATION_CONTEXT('2D SPACE',''
  ) );
#2170 = PCURVE('',#2171,#2176);
#2171 = CYLINDRICAL_SURFACE('',#2172,6.);
#2172 = AXIS2_PLACEMENT_3D('',#2173,#2174,#2175);
#2173 = CARTESIAN_POINT('',(-285.,342.,-16.));
#2174 = DIRECTION('',(0.,0.,1.));
#2175 = DIRECTION('',(1.,0.,-0.));
#2176 = DEFINITIONAL_REPRESENTATION('',(#2177),#2181);
#2177 = LINE('',#2178,#2179);
#2178 = CARTESIAN_POINT('',(4.712388980385,4.));
#2179 = VECTOR('',#2180,1.);
#2180 = DIRECTION('',(-1.,0.));
#2181 = ( GEOMETRIC_REPRESENTATION_CONTEXT(2) 
PARAMETRIC_REPRESENTATION_CONTEXT() REPRESENTATION_CONTEXT('2D SPACE',''
  ) );
#2182 = ORIENTED_EDGE('',*,*,#2183,.T.);
#2183 = EDGE_CURVE('',#2151,#2184,#2186,.T.);
#2184 = VERTEX_POINT('',#2185);
#2185 = CARTESIAN_POINT('',(-279.,378.,-12.));
#2186 = SURFACE_CURVE('',#2187,(#2191,#2198),.PCURVE_S1.);
#2187 = LINE('',#2188,#2189);
#2188 = CARTESIAN_POINT('',(-279.,336.,-12.));
#2189 = VECTOR('',#2190,1.);
#2190 = DIRECTION('',(0.,1.,0.));
#2191 = PCURVE('',#1995,#2192);
#2192 = DEFINITIONAL_REPRESENTATION('',(#2193),#2197);
#2193 = LINE('',#2194,#2195);
#2194 = CARTESIAN_POINT('',(48.,0.));
#2195 = VECTOR('',#2196,1.);
#2196 = DIRECTION('',(0.,1.));
#2197 = ( GEOMETRIC_REPRESENTATION_CONTEXT(2) 
PARAMETRIC_REPRESENTATION_CONTEXT() REPRESENTATION_CONTEXT('2D SPACE',''
  ) );
#2198 = PCURVE('',#2199,#2204);
#2199 = PLANE('',#2200);
#2200 = AXIS2_PLACEMENT_3D('',#2201,#2202,#2203);
#2201 = CARTESIAN_POINT('',(-279.,336.,-16.));
#2202 = DIRECTION('',(1.,0.,0.));
#2203 = DIRECTION('',(0.,0.,1.));
#2204 = DEFINITIONAL_REPRESENTATION('',(#2205),#2209);
#2205 = LINE('',#2206,#2207);
#2206 = CARTESIAN_POINT('',(4.,0.));
#2207 = VECTOR('',#2208,1.);
#2208 = DIRECTION('',(0.,-1.));
#2209 = ( GEOMETRIC_REPRESENTATION_CONTEXT(2) 
PARAMETRIC_REPRESENTATION_CONTEXT() REPRESENTATION_CONTEXT('2D SPACE',''
  ) );
#2210 = ORIENTED_EDGE('',*,*,#2211,.T.);
#2211 = EDGE_CURVE('',#2184,#2212,#2214,.T.);
#2212 = VERTEX_POINT('',#2213);
#2213 = CARTESIAN_POINT('',(-285.,384.,-12.));
#2214 = SURFACE_CURVE('',#2215,(#2220,#2227),.PCURVE_S1.);
#2215 = CIRCLE('',#2216,6.);
#2216 = AXIS2_PLACEMENT_3D('',#2217,#2218,#2219);
#2217 = CARTESIAN_POINT('',(-285.,378.,-12.));
#2218 = DIRECTION('',(0.,0.,1.));
#2219 = DIRECTION('',(0.,-1.,0.));
#2220 = PCURVE('',#1995,#2221);
#2221 = DEFINITIONAL_REPRESENTATION('',(#2222),#2226);
#2222 = CIRCLE('',#2223,6.);
#2223 = AXIS2_PLACEMENT_2D('',#2224,#2225);
#2224 = CARTESIAN_POINT('',(42.,42.));
#2225 = DIRECTION('',(0.,-1.));
#2226 = ( GEOMETRIC_REPRESENTATION_CONTEXT(2) 
PARAMETRIC_REPRESENTATION_CONTEXT() REPRESENTATION_CONTEXT('2D SPACE',''
  ) );
#2227 = PCURVE('',#2228,#2233);
#2228 = CYLINDRICAL_SURFACE('',#2229,6.);
#2229 = AXIS2_PLACEMENT_3D('',#2230,#2231,#2232);
#2230 = CARTESIAN_POINT('',(-285.,378.,-16.));
#2231 = DIRECTION('',(0.,0.,1.));
#2232 = DIRECTION('',(1.,0.,-0.));
#2233 = DEFINITIONAL_REPRESENTATION('',(#2234),#2238);
#2234 = LINE('',#2235,#2236);
#2235 = CARTESIAN_POINT('',(-1.570796326795,4.));
#2236 = VECTOR('',#2237,1.);
#2237 = DIRECTION('',(1.,0.));
#2238 = ( GEOMETRIC_REPRESENTATION_CONTEXT(2) 
PARAMETRIC_REPRESENTATION_CONTEXT() REPRESENTATION_CONTEXT('2D SPACE',''
  ) );
#2239 = ORIENTED_EDGE('',*,*,#2240,.F.);
#2240 = EDGE_CURVE('',#2241,#2212,#2243,.T.);
#2241 = VERTEX_POINT('',#2242);
#2242 = CARTESIAN_POINT('',(-321.,384.,-12.));
#2243 = SURFACE_CURVE('',#2244,(#2248,#2255),.PCURVE_S1.);
#2244 = LINE('',#2245,#2246);
#2245 = CARTESIAN_POINT('',(-327.,384.,-12.));
#2246 = VECTOR('',#2247,1.);
#2247 = DIRECTION('',(1.,0.,0.));
#2248 = PCURVE('',#1995,#2249);
#2249 = DEFINITIONAL_REPRESENTATION('',(#2250),#2254);
#2250 = LINE('',#2251,#2252);
#2251 = CARTESIAN_POINT('',(0.,48.));
#2252 = VECTOR('',#2253,1.);
#2253 = DIRECTION('',(1.,0.));
#2254 = ( GEOMETRIC_REPRESENTATION_CONTEXT(2) 
PARAMETRIC_REPRESENTATION_CONTEXT() REPRESENTATION_CONTEXT('2D SPACE',''
  ) );
#2255 = PCURVE('',#2256,#2261);
#2256 = PLANE('',#2257);
#2257 = AXIS2_PLACEMENT_3D('',#2258,#2259,#2260);
#2258 = CARTESIAN_POINT('',(-327.,384.,-16.));
#2259 = DIRECTION('',(0.,1.,0.));
#2260 = DIRECTION('',(0.,0.,1.));
#2261 = DEFINITIONAL_REPRESENTATION('',(#2262),#2266);
#2262 = LINE('',#2263,#2264);
#2263 = CARTESIAN_POINT('',(4.,0.));
#2264 = VECTOR('',#2265,1.);
#2265 = DIRECTION('',(0.,1.));
#2266 = ( GEOMETRIC_REPRESENTATION_CONTEXT(2) 
PARAMETRIC_REPRESENTATION_CONTEXT() REPRESENTATION_CONTEXT('2D SPACE',''
  ) );
#2267 = ORIENTED_EDGE('',*,*,#2268,.F.);
#2268 = EDGE_CURVE('',#2066,#2241,#2269,.T.);
#2269 = SURFACE_CURVE('',#2270,(#2275,#2286),.PCURVE_S1.);
#2270 = CIRCLE('',#2271,6.);
#2271 = AXIS2_PLACEMENT_3D('',#2272,#2273,#2274);
#2272 = CARTESIAN_POINT('',(-321.,378.,-12.));
#2273 = DIRECTION('',(-0.,-0.,-1.));
#2274 = DIRECTION('',(0.,-1.,0.));
#2275 = PCURVE('',#1995,#2276);
#2276 = DEFINITIONAL_REPRESENTATION('',(#2277),#2285);
#2277 = ( BOUNDED_CURVE() B_SPLINE_CURVE(2,(#2278,#2279,#2280,#2281,
#2282,#2283,#2284),.UNSPECIFIED.,.T.,.F.) B_SPLINE_CURVE_WITH_KNOTS((1,2
    ,2,2,2,1),(-2.094395102393,0.,2.094395102393,4.188790204786,
6.28318530718,8.377580409573),.UNSPECIFIED.) CURVE() 
GEOMETRIC_REPRESENTATION_ITEM() RATIONAL_B_SPLINE_CURVE((1.,0.5,1.,0.5,
1.,0.5,1.)) REPRESENTATION_ITEM('') );
#2278 = CARTESIAN_POINT('',(6.,36.));
#2279 = CARTESIAN_POINT('',(-4.392304845413,36.));
#2280 = CARTESIAN_POINT('',(0.803847577293,45.));
#2281 = CARTESIAN_POINT('',(6.,54.));
#2282 = CARTESIAN_POINT('',(11.196152422707,45.));
#2283 = CARTESIAN_POINT('',(16.392304845413,36.));
#2284 = CARTESIAN_POINT('',(6.,36.));
#2285 = ( GEOMETRIC_REPRESENTATION_CONTEXT(2) 
PARAMETRIC_REPRESENTATION_CONTEXT() REPRESENTATION_CONTEXT('2D SPACE',''
  ) );
#2286 = PCURVE('',#2287,#2292);
#2287 = CYLINDRICAL_SURFACE('',#2288,6.);
#2288 = AXIS2_PLACEMENT_3D('',#2289,#2290,#2291);
#2289 = CARTESIAN_POINT('',(-321.,378.,-16.));
#2290 = DIRECTION('',(0.,0.,1.));
#2291 = DIRECTION('',(-1.,-0.,0.));
#2292 = DEFINITIONAL_REPRESENTATION('',(#2293),#2297);
#2293 = LINE('',#2294,#2295);
#2294 = CARTESIAN_POINT('',(1.570796326795,4.));
#2295 = VECTOR('',#2296,1.);
#2296 = DIRECTION('',(-1.,0.));
#2297 = ( GEOMETRIC_REPRESENTATION_CONTEXT(2) 
PARAMETRIC_REPRESENTATION_CONTEXT() REPRESENTATION_CONTEXT('2D SPACE',''
  ) );
#2298 = FACE_BOUND('',#2299,.T.);
#2299 = EDGE_LOOP('',(#2300));
#2300 = ORIENTED_EDGE('',*,*,#2301,.T.);
#2301 = EDGE_CURVE('',#2302,#2302,#2304,.T.);
#2302 = VERTEX_POINT('',#2303);
#2303 = CARTESIAN_POINT('',(-301.3,347.5,-12.));
#2304 = SURFACE_CURVE('',#2305,(#2310,#2321),.PCURVE_S1.);
#2305 = CIRCLE('',#2306,1.7);
#2306 = AXIS2_PLACEMENT_3D('',#2307,#2308,#2309);
#2307 = CARTESIAN_POINT('',(-303.,347.5,-12.));
#2308 = DIRECTION('',(0.,0.,-1.));
#2309 = DIRECTION('',(1.,0.,0.));
#2310 = PCURVE('',#1995,#2311);
#2311 = DEFINITIONAL_REPRESENTATION('',(#2312),#2320);
#2312 = ( BOUNDED_CURVE() B_SPLINE_CURVE(2,(#2313,#2314,#2315,#2316,
#2317,#2318,#2319),.UNSPECIFIED.,.T.,.F.) B_SPLINE_CURVE_WITH_KNOTS((1,2
    ,2,2,2,1),(-2.094395102393,0.,2.094395102393,4.188790204786,
6.28318530718,8.377580409573),.UNSPECIFIED.) CURVE() 
GEOMETRIC_REPRESENTATION_ITEM() RATIONAL_B_SPLINE_CURVE((1.,0.5,1.,0.5,
1.,0.5,1.)) REPRESENTATION_ITEM('') );
#2313 = CARTESIAN_POINT('',(25.7,11.5));
#2314 = CARTESIAN_POINT('',(25.7,8.555513627133));
#2315 = CARTESIAN_POINT('',(23.15,10.027756813566));
#2316 = CARTESIAN_POINT('',(20.6,11.5));
#2317 = CARTESIAN_POINT('',(23.15,12.972243186434));
#2318 = CARTESIAN_POINT('',(25.7,14.444486372867));
#2319 = CARTESIAN_POINT('',(25.7,11.5));
#2320 = ( GEOMETRIC_REPRESENTATION_CONTEXT(2) 
PARAMETRIC_REPRESENTATION_CONTEXT() REPRESENTATION_CONTEXT('2D SPACE',''
  ) );
#2321 = PCURVE('',#2322,#2327);
#2322 = CYLINDRICAL_SURFACE('',#2323,1.7);
#2323 = AXIS2_PLACEMENT_3D('',#2324,#2325,#2326);
#2324 = CARTESIAN_POINT('',(-303.,347.5,-24.));
#2325 = DIRECTION('',(-0.,-0.,-1.));
#2326 = DIRECTION('',(1.,0.,0.));
#2327 = DEFINITIONAL_REPRESENTATION('',(#2328),#2332);
#2328 = LINE('',#2329,#2330);
#2329 = CARTESIAN_POINT('',(-6.28318530718,-12.));
#2330 = VECTOR('',#2331,1.);
#2331 = DIRECTION('',(1.,-0.));
#2332 = ( GEOMETRIC_REPRESENTATION_CONTEXT(2) 
PARAMETRIC_REPRESENTATION_CONTEXT() REPRESENTATION_CONTEXT('2D SPACE',''
  ) );
#2333 = FACE_BOUND('',#2334,.T.);
#2334 = EDGE_LOOP('',(#2335,#2336));
#2335 = ORIENTED_EDGE('',*,*,#1976,.T.);
#2336 = ORIENTED_EDGE('',*,*,#2034,.T.);
#2337 = FACE_BOUND('',#2338,.T.);
#2338 = EDGE_LOOP('',(#2339,#2369));
#2339 = ORIENTED_EDGE('',*,*,#2340,.T.);
#2340 = EDGE_CURVE('',#2341,#2343,#2345,.T.);
#2341 = VERTEX_POINT('',#2342);
#2342 = CARTESIAN_POINT('',(-297.5,360.,-12.));
#2343 = VERTEX_POINT('',#2344);
#2344 = CARTESIAN_POINT('',(-308.5,360.,-12.));
#2345 = SURFACE_CURVE('',#2346,(#2351,#2362),.PCURVE_S1.);
#2346 = CIRCLE('',#2347,5.5);
#2347 = AXIS2_PLACEMENT_3D('',#2348,#2349,#2350);
#2348 = CARTESIAN_POINT('',(-303.,360.,-12.));
#2349 = DIRECTION('',(0.,0.,-1.));
#2350 = DIRECTION('',(1.,0.,0.));
#2351 = PCURVE('',#1995,#2352);
#2352 = DEFINITIONAL_REPRESENTATION('',(#2353),#2361);
#2353 = ( BOUNDED_CURVE() B_SPLINE_CURVE(2,(#2354,#2355,#2356,#2357,
#2358,#2359,#2360),.UNSPECIFIED.,.T.,.F.) B_SPLINE_CURVE_WITH_KNOTS((1,2
    ,2,2,2,1),(-2.094395102393,0.,2.094395102393,4.188790204786,
6.28318530718,8.377580409573),.UNSPECIFIED.) CURVE() 
GEOMETRIC_REPRESENTATION_ITEM() RATIONAL_B_SPLINE_CURVE((1.,0.5,1.,0.5,
1.,0.5,1.)) REPRESENTATION_ITEM('') );
#2354 = CARTESIAN_POINT('',(29.5,24.));
#2355 = CARTESIAN_POINT('',(29.5,14.473720558371));
#2356 = CARTESIAN_POINT('',(21.25,19.236860279186));
#2357 = CARTESIAN_POINT('',(13.,24.));
#2358 = CARTESIAN_POINT('',(21.25,28.763139720814));
#2359 = CARTESIAN_POINT('',(29.5,33.526279441629));
#2360 = CARTESIAN_POINT('',(29.5,24.));
#2361 = ( GEOMETRIC_REPRESENTATION_CONTEXT(2) 
PARAMETRIC_REPRESENTATION_CONTEXT() REPRESENTATION_CONTEXT('2D SPACE',''
  ) );
#2362 = PCURVE('',#1421,#2363);
#2363 = DEFINITIONAL_REPRESENTATION('',(#2364),#2368);
#2364 = LINE('',#2365,#2366);
#2365 = CARTESIAN_POINT('',(-6.28318530718,-6.));
#2366 = VECTOR('',#2367,1.);
#2367 = DIRECTION('',(1.,-0.));
#2368 = ( GEOMETRIC_REPRESENTATION_CONTEXT(2) 
PARAMETRIC_REPRESENTATION_CONTEXT() REPRESENTATION_CONTEXT('2D SPACE',''
  ) );
#2369 = ORIENTED_EDGE('',*,*,#2370,.T.);
#2370 = EDGE_CURVE('',#2343,#2341,#2371,.T.);
#2371 = SURFACE_CURVE('',#2372,(#2377,#2388),.PCURVE_S1.);
#2372 = CIRCLE('',#2373,5.5);
#2373 = AXIS2_PLACEMENT_3D('',#2374,#2375,#2376);
#2374 = CARTESIAN_POINT('',(-303.,360.,-12.));
#2375 = DIRECTION('',(0.,0.,-1.));
#2376 = DIRECTION('',(1.,0.,0.));
#2377 = PCURVE('',#1995,#2378);
#2378 = DEFINITIONAL_REPRESENTATION('',(#2379),#2387);
#2379 = ( BOUNDED_CURVE() B_SPLINE_CURVE(2,(#2380,#2381,#2382,#2383,
#2384,#2385,#2386),.UNSPECIFIED.,.T.,.F.) B_SPLINE_CURVE_WITH_KNOTS((1,2
    ,2,2,2,1),(-2.094395102393,0.,2.094395102393,4.188790204786,
6.28318530718,8.377580409573),.UNSPECIFIED.) CURVE() 
GEOMETRIC_REPRESENTATION_ITEM() RATIONAL_B_SPLINE_CURVE((1.,0.5,1.,0.5,
1.,0.5,1.)) REPRESENTATION_ITEM('') );
#2380 = CARTESIAN_POINT('',(29.5,24.));
#2381 = CARTESIAN_POINT('',(29.5,14.473720558371));
#2382 = CARTESIAN_POINT('',(21.25,19.236860279186));
#2383 = CARTESIAN_POINT('',(13.,24.));
#2384 = CARTESIAN_POINT('',(21.25,28.763139720814));
#2385 = CARTESIAN_POINT('',(29.5,33.526279441629));
#2386 = CARTESIAN_POINT('',(29.5,24.));
#2387 = ( GEOMETRIC_REPRESENTATION_CONTEXT(2) 
PARAMETRIC_REPRESENTATION_CONTEXT() REPRESENTATION_CONTEXT('2D SPACE',''
  ) );
#2388 = PCURVE('',#1421,#2389);
#2389 = DEFINITIONAL_REPRESENTATION('',(#2390),#2394);
#2390 = LINE('',#2391,#2392);
#2391 = CARTESIAN_POINT('',(-6.28318530718,-6.));
#2392 = VECTOR('',#2393,1.);
#2393 = DIRECTION('',(1.,-0.));
#2394 = ( GEOMETRIC_REPRESENTATION_CONTEXT(2) 
PARAMETRIC_REPRESENTATION_CONTEXT() REPRESENTATION_CONTEXT('2D SPACE',''
  ) );
#2395 = FACE_BOUND('',#2396,.T.);
#2396 = EDGE_LOOP('',(#2397,#2427));
#2397 = ORIENTED_EDGE('',*,*,#2398,.T.);
#2398 = EDGE_CURVE('',#2399,#2401,#2403,.T.);
#2399 = VERTEX_POINT('',#2400);
#2400 = CARTESIAN_POINT('',(-288.8,360.,-12.));
#2401 = VERTEX_POINT('',#2402);
#2402 = CARTESIAN_POINT('',(-292.2,360.,-12.));
#2403 = SURFACE_CURVE('',#2404,(#2409,#2420),.PCURVE_S1.);
#2404 = CIRCLE('',#2405,1.7);
#2405 = AXIS2_PLACEMENT_3D('',#2406,#2407,#2408);
#2406 = CARTESIAN_POINT('',(-290.5,360.,-12.));
#2407 = DIRECTION('',(0.,0.,-1.));
#2408 = DIRECTION('',(1.,0.,0.));
#2409 = PCURVE('',#1995,#2410);
#2410 = DEFINITIONAL_REPRESENTATION('',(#2411),#2419);
#2411 = ( BOUNDED_CURVE() B_SPLINE_CURVE(2,(#2412,#2413,#2414,#2415,
#2416,#2417,#2418),.UNSPECIFIED.,.T.,.F.) B_SPLINE_CURVE_WITH_KNOTS((1,2
    ,2,2,2,1),(-2.094395102393,0.,2.094395102393,4.188790204786,
6.28318530718,8.377580409573),.UNSPECIFIED.) CURVE() 
GEOMETRIC_REPRESENTATION_ITEM() RATIONAL_B_SPLINE_CURVE((1.,0.5,1.,0.5,
1.,0.5,1.)) REPRESENTATION_ITEM('') );
#2412 = CARTESIAN_POINT('',(38.2,24.));
#2413 = CARTESIAN_POINT('',(38.2,21.055513627133));
#2414 = CARTESIAN_POINT('',(35.65,22.527756813566));
#2415 = CARTESIAN_POINT('',(33.1,24.));
#2416 = CARTESIAN_POINT('',(35.65,25.472243186434));
#2417 = CARTESIAN_POINT('',(38.2,26.944486372867));
#2418 = CARTESIAN_POINT('',(38.2,24.));
#2419 = ( GEOMETRIC_REPRESENTATION_CONTEXT(2) 
PARAMETRIC_REPRESENTATION_CONTEXT() REPRESENTATION_CONTEXT('2D SPACE',''
  ) );
#2420 = PCURVE('',#1246,#2421);
#2421 = DEFINITIONAL_REPRESENTATION('',(#2422),#2426);
#2422 = LINE('',#2423,#2424);
#2423 = CARTESIAN_POINT('',(-6.28318530718,-12.));
#2424 = VECTOR('',#2425,1.);
#2425 = DIRECTION('',(1.,-0.));
#2426 = ( GEOMETRIC_REPRESENTATION_CONTEXT(2) 
PARAMETRIC_REPRESENTATION_CONTEXT() REPRESENTATION_CONTEXT('2D SPACE',''
  ) );
#2427 = ORIENTED_EDGE('',*,*,#2428,.T.);
#2428 = EDGE_CURVE('',#2401,#2399,#2429,.T.);
#2429 = SURFACE_CURVE('',#2430,(#2435,#2446),.PCURVE_S1.);
#2430 = CIRCLE('',#2431,1.7);
#2431 = AXIS2_PLACEMENT_3D('',#2432,#2433,#2434);
#2432 = CARTESIAN_POINT('',(-290.5,360.,-12.));
#2433 = DIRECTION('',(0.,0.,-1.));
#2434 = DIRECTION('',(1.,0.,0.));
#2435 = PCURVE('',#1995,#2436);
#2436 = DEFINITIONAL_REPRESENTATION('',(#2437),#2445);
#2437 = ( BOUNDED_CURVE() B_SPLINE_CURVE(2,(#2438,#2439,#2440,#2441,
#2442,#2443,#2444),.UNSPECIFIED.,.T.,.F.) B_SPLINE_CURVE_WITH_KNOTS((1,2
    ,2,2,2,1),(-2.094395102393,0.,2.094395102393,4.188790204786,
6.28318530718,8.377580409573),.UNSPECIFIED.) CURVE() 
GEOMETRIC_REPRESENTATION_ITEM() RATIONAL_B_SPLINE_CURVE((1.,0.5,1.,0.5,
1.,0.5,1.)) REPRESENTATION_ITEM('') );
#2438 = CARTESIAN_POINT('',(38.2,24.));
#2439 = CARTESIAN_POINT('',(38.2,21.055513627133));
#2440 = CARTESIAN_POINT('',(35.65,22.527756813566));
#2441 = CARTESIAN_POINT('',(33.1,24.));
#2442 = CARTESIAN_POINT('',(35.65,25.472243186434));
#2443 = CARTESIAN_POINT('',(38.2,26.944486372867));
#2444 = CARTESIAN_POINT('',(38.2,24.));
#2445 = ( GEOMETRIC_REPRESENTATION_CONTEXT(2) 
PARAMETRIC_REPRESENTATION_CONTEXT() REPRESENTATION_CONTEXT('2D SPACE',''
  ) );
#2446 = PCURVE('',#1246,#2447);
#2447 = DEFINITIONAL_REPRESENTATION('',(#2448),#2452);
#2448 = LINE('',#2449,#2450);
#2449 = CARTESIAN_POINT('',(-6.28318530718,-12.));
#2450 = VECTOR('',#2451,1.);
#2451 = DIRECTION('',(1.,-0.));
#2452 = ( GEOMETRIC_REPRESENTATION_CONTEXT(2) 
PARAMETRIC_REPRESENTATION_CONTEXT() REPRESENTATION_CONTEXT('2D SPACE',''
  ) );
#2453 = FACE_BOUND('',#2454,.T.);
#2454 = EDGE_LOOP('',(#2455));
#2455 = ORIENTED_EDGE('',*,*,#2456,.T.);
#2456 = EDGE_CURVE('',#2457,#2457,#2459,.T.);
#2457 = VERTEX_POINT('',#2458);
#2458 = CARTESIAN_POINT('',(-301.3,372.5,-12.));
#2459 = SURFACE_CURVE('',#2460,(#2465,#2476),.PCURVE_S1.);
#2460 = CIRCLE('',#2461,1.7);
#2461 = AXIS2_PLACEMENT_3D('',#2462,#2463,#2464);
#2462 = CARTESIAN_POINT('',(-303.,372.5,-12.));
#2463 = DIRECTION('',(0.,0.,-1.));
#2464 = DIRECTION('',(1.,0.,0.));
#2465 = PCURVE('',#1995,#2466);
#2466 = DEFINITIONAL_REPRESENTATION('',(#2467),#2475);
#2467 = ( BOUNDED_CURVE() B_SPLINE_CURVE(2,(#2468,#2469,#2470,#2471,
#2472,#2473,#2474),.UNSPECIFIED.,.T.,.F.) B_SPLINE_CURVE_WITH_KNOTS((1,2
    ,2,2,2,1),(-2.094395102393,0.,2.094395102393,4.188790204786,
6.28318530718,8.377580409573),.UNSPECIFIED.) CURVE() 
GEOMETRIC_REPRESENTATION_ITEM() RATIONAL_B_SPLINE_CURVE((1.,0.5,1.,0.5,
1.,0.5,1.)) REPRESENTATION_ITEM('') );
#2468 = CARTESIAN_POINT('',(25.7,36.5));
#2469 = CARTESIAN_POINT('',(25.7,33.555513627133));
#2470 = CARTESIAN_POINT('',(23.15,35.027756813566));
#2471 = CARTESIAN_POINT('',(20.6,36.5));
#2472 = CARTESIAN_POINT('',(23.15,37.972243186434));
#2473 = CARTESIAN_POINT('',(25.7,39.444486372867));
#2474 = CARTESIAN_POINT('',(25.7,36.5));
#2475 = ( GEOMETRIC_REPRESENTATION_CONTEXT(2) 
PARAMETRIC_REPRESENTATION_CONTEXT() REPRESENTATION_CONTEXT('2D SPACE',''
  ) );
#2476 = PCURVE('',#2477,#2482);
#2477 = CYLINDRICAL_SURFACE('',#2478,1.7);
#2478 = AXIS2_PLACEMENT_3D('',#2479,#2480,#2481);
#2479 = CARTESIAN_POINT('',(-303.,372.5,-24.));
#2480 = DIRECTION('',(-0.,-0.,-1.));
#2481 = DIRECTION('',(1.,0.,0.));
#2482 = DEFINITIONAL_REPRESENTATION('',(#2483),#2487);
#2483 = LINE('',#2484,#2485);
#2484 = CARTESIAN_POINT('',(-6.28318530718,-12.));
#2485 = VECTOR('',#2486,1.);
#2486 = DIRECTION('',(1.,-0.));
#2487 = ( GEOMETRIC_REPRESENTATION_CONTEXT(2) 
PARAMETRIC_REPRESENTATION_CONTEXT() REPRESENTATION_CONTEXT('2D SPACE',''
  ) );
#2488 = ADVANCED_FACE('',(#2489),#2477,.F.);
#2489 = FACE_BOUND('',#2490,.T.);
#2490 = EDGE_LOOP('',(#2491,#2524,#2545,#2546));
#2491 = ORIENTED_EDGE('',*,*,#2492,.T.);
#2492 = EDGE_CURVE('',#2493,#2493,#2495,.T.);
#2493 = VERTEX_POINT('',#2494);
#2494 = CARTESIAN_POINT('',(-301.3,372.5,-16.));
#2495 = SURFACE_CURVE('',#2496,(#2501,#2508),.PCURVE_S1.);
#2496 = CIRCLE('',#2497,1.7);
#2497 = AXIS2_PLACEMENT_3D('',#2498,#2499,#2500);
#2498 = CARTESIAN_POINT('',(-303.,372.5,-16.));
#2499 = DIRECTION('',(0.,0.,-1.));
#2500 = DIRECTION('',(1.,0.,0.));
#2501 = PCURVE('',#2477,#2502);
#2502 = DEFINITIONAL_REPRESENTATION('',(#2503),#2507);
#2503 = LINE('',#2504,#2505);
#2504 = CARTESIAN_POINT('',(-6.28318530718,-8.));
#2505 = VECTOR('',#2506,1.);
#2506 = DIRECTION('',(1.,-0.));
#2507 = ( GEOMETRIC_REPRESENTATION_CONTEXT(2) 
PARAMETRIC_REPRESENTATION_CONTEXT() REPRESENTATION_CONTEXT('2D SPACE',''
  ) );
#2508 = PCURVE('',#2509,#2514);
#2509 = PLANE('',#2510);
#2510 = AXIS2_PLACEMENT_3D('',#2511,#2512,#2513);
#2511 = CARTESIAN_POINT('',(-327.,336.,-16.));
#2512 = DIRECTION('',(0.,0.,1.));
#2513 = DIRECTION('',(1.,0.,0.));
#2514 = DEFINITIONAL_REPRESENTATION('',(#2515),#2523);
#2515 = ( BOUNDED_CURVE() B_SPLINE_CURVE(2,(#2516,#2517,#2518,#2519,
#2520,#2521,#2522),.UNSPECIFIED.,.T.,.F.) B_SPLINE_CURVE_WITH_KNOTS((1,2
    ,2,2,2,1),(-2.094395102393,0.,2.094395102393,4.188790204786,
6.28318530718,8.377580409573),.UNSPECIFIED.) CURVE() 
GEOMETRIC_REPRESENTATION_ITEM() RATIONAL_B_SPLINE_CURVE((1.,0.5,1.,0.5,
1.,0.5,1.)) REPRESENTATION_ITEM('') );
#2516 = CARTESIAN_POINT('',(25.7,36.5));
#2517 = CARTESIAN_POINT('',(25.7,33.555513627133));
#2518 = CARTESIAN_POINT('',(23.15,35.027756813566));
#2519 = CARTESIAN_POINT('',(20.6,36.5));
#2520 = CARTESIAN_POINT('',(23.15,37.972243186434));
#2521 = CARTESIAN_POINT('',(25.7,39.444486372867));
#2522 = CARTESIAN_POINT('',(25.7,36.5));
#2523 = ( GEOMETRIC_REPRESENTATION_CONTEXT(2) 
PARAMETRIC_REPRESENTATION_CONTEXT() REPRESENTATION_CONTEXT('2D SPACE',''
  ) );
#2524 = ORIENTED_EDGE('',*,*,#2525,.T.);
#2525 = EDGE_CURVE('',#2493,#2457,#2526,.T.);
#2526 = SEAM_CURVE('',#2527,(#2531,#2538),.PCURVE_S1.);
#2527 = LINE('',#2528,#2529);
#2528 = CARTESIAN_POINT('',(-301.3,372.5,-24.));
#2529 = VECTOR('',#2530,1.);
#2530 = DIRECTION('',(0.,0.,1.));
#2531 = PCURVE('',#2477,#2532);
#2532 = DEFINITIONAL_REPRESENTATION('',(#2533),#2537);
#2533 = LINE('',#2534,#2535);
#2534 = CARTESIAN_POINT('',(-6.28318530718,0.));
#2535 = VECTOR('',#2536,1.);
#2536 = DIRECTION('',(-0.,-1.));
#2537 = ( GEOMETRIC_REPRESENTATION_CONTEXT(2) 
PARAMETRIC_REPRESENTATION_CONTEXT() REPRESENTATION_CONTEXT('2D SPACE',''
  ) );
#2538 = PCURVE('',#2477,#2539);
#2539 = DEFINITIONAL_REPRESENTATION('',(#2540),#2544);
#2540 = LINE('',#2541,#2542);
#2541 = CARTESIAN_POINT('',(-0.,0.));
#2542 = VECTOR('',#2543,1.);
#2543 = DIRECTION('',(-0.,-1.));
#2544 = ( GEOMETRIC_REPRESENTATION_CONTEXT(2) 
PARAMETRIC_REPRESENTATION_CONTEXT() REPRESENTATION_CONTEXT('2D SPACE',''
  ) );
#2545 = ORIENTED_EDGE('',*,*,#2456,.F.);
#2546 = ORIENTED_EDGE('',*,*,#2525,.F.);
#2547 = ADVANCED_FACE('',(#2548,#2746,#2776,#2875),#2509,.F.);
#2548 = FACE_BOUND('',#2549,.F.);
#2549 = EDGE_LOOP('',(#2550,#2575,#2599,#2622,#2650,#2673,#2697,#2720));
#2550 = ORIENTED_EDGE('',*,*,#2551,.F.);
#2551 = EDGE_CURVE('',#2552,#2554,#2556,.T.);
#2552 = VERTEX_POINT('',#2553);
#2553 = CARTESIAN_POINT('',(-327.,342.,-16.));
#2554 = VERTEX_POINT('',#2555);
#2555 = CARTESIAN_POINT('',(-327.,378.,-16.));
#2556 = SURFACE_CURVE('',#2557,(#2561,#2568),.PCURVE_S1.);
#2557 = LINE('',#2558,#2559);
#2558 = CARTESIAN_POINT('',(-327.,336.,-16.));
#2559 = VECTOR('',#2560,1.);
#2560 = DIRECTION('',(0.,1.,0.));
#2561 = PCURVE('',#2509,#2562);
#2562 = DEFINITIONAL_REPRESENTATION('',(#2563),#2567);
#2563 = LINE('',#2564,#2565);
#2564 = CARTESIAN_POINT('',(0.,0.));
#2565 = VECTOR('',#2566,1.);
#2566 = DIRECTION('',(0.,1.));
#2567 = ( GEOMETRIC_REPRESENTATION_CONTEXT(2) 
PARAMETRIC_REPRESENTATION_CONTEXT() REPRESENTATION_CONTEXT('2D SPACE',''
  ) );
#2568 = PCURVE('',#2081,#2569);
#2569 = DEFINITIONAL_REPRESENTATION('',(#2570),#2574);
#2570 = LINE('',#2571,#2572);
#2571 = CARTESIAN_POINT('',(0.,0.));
#2572 = VECTOR('',#2573,1.);
#2573 = DIRECTION('',(0.,-1.));
#2574 = ( GEOMETRIC_REPRESENTATION_CONTEXT(2) 
PARAMETRIC_REPRESENTATION_CONTEXT() REPRESENTATION_CONTEXT('2D SPACE',''
  ) );
#2575 = ORIENTED_EDGE('',*,*,#2576,.T.);
#2576 = EDGE_CURVE('',#2552,#2577,#2579,.T.);
#2577 = VERTEX_POINT('',#2578);
#2578 = CARTESIAN_POINT('',(-321.,336.,-16.));
#2579 = SURFACE_CURVE('',#2580,(#2585,#2592),.PCURVE_S1.);
#2580 = CIRCLE('',#2581,6.);
#2581 = AXIS2_PLACEMENT_3D('',#2582,#2583,#2584);
#2582 = CARTESIAN_POINT('',(-321.,342.,-16.));
#2583 = DIRECTION('',(0.,0.,1.));
#2584 = DIRECTION('',(0.,-1.,0.));
#2585 = PCURVE('',#2509,#2586);
#2586 = DEFINITIONAL_REPRESENTATION('',(#2587),#2591);
#2587 = CIRCLE('',#2588,6.);
#2588 = AXIS2_PLACEMENT_2D('',#2589,#2590);
#2589 = CARTESIAN_POINT('',(6.,6.));
#2590 = DIRECTION('',(0.,-1.));
#2591 = ( GEOMETRIC_REPRESENTATION_CONTEXT(2) 
PARAMETRIC_REPRESENTATION_CONTEXT() REPRESENTATION_CONTEXT('2D SPACE',''
  ) );
#2592 = PCURVE('',#2110,#2593);
#2593 = DEFINITIONAL_REPRESENTATION('',(#2594),#2598);
#2594 = LINE('',#2595,#2596);
#2595 = CARTESIAN_POINT('',(-4.712388980385,0.));
#2596 = VECTOR('',#2597,1.);
#2597 = DIRECTION('',(1.,0.));
#2598 = ( GEOMETRIC_REPRESENTATION_CONTEXT(2) 
PARAMETRIC_REPRESENTATION_CONTEXT() REPRESENTATION_CONTEXT('2D SPACE',''
  ) );
#2599 = ORIENTED_EDGE('',*,*,#2600,.T.);
#2600 = EDGE_CURVE('',#2577,#2601,#2603,.T.);
#2601 = VERTEX_POINT('',#2602);
#2602 = CARTESIAN_POINT('',(-285.,336.,-16.));
#2603 = SURFACE_CURVE('',#2604,(#2608,#2615),.PCURVE_S1.);
#2604 = LINE('',#2605,#2606);
#2605 = CARTESIAN_POINT('',(-327.,336.,-16.));
#2606 = VECTOR('',#2607,1.);
#2607 = DIRECTION('',(1.,0.,0.));
#2608 = PCURVE('',#2509,#2609);
#2609 = DEFINITIONAL_REPRESENTATION('',(#2610),#2614);
#2610 = LINE('',#2611,#2612);
#2611 = CARTESIAN_POINT('',(0.,0.));
#2612 = VECTOR('',#2613,1.);
#2613 = DIRECTION('',(1.,0.));
#2614 = ( GEOMETRIC_REPRESENTATION_CONTEXT(2) 
PARAMETRIC_REPRESENTATION_CONTEXT() REPRESENTATION_CONTEXT('2D SPACE',''
  ) );
#2615 = PCURVE('',#2138,#2616);
#2616 = DEFINITIONAL_REPRESENTATION('',(#2617),#2621);
#2617 = LINE('',#2618,#2619);
#2618 = CARTESIAN_POINT('',(0.,0.));
#2619 = VECTOR('',#2620,1.);
#2620 = DIRECTION('',(0.,1.));
#2621 = ( GEOMETRIC_REPRESENTATION_CONTEXT(2) 
PARAMETRIC_REPRESENTATION_CONTEXT() REPRESENTATION_CONTEXT('2D SPACE',''
  ) );
#2622 = ORIENTED_EDGE('',*,*,#2623,.F.);
#2623 = EDGE_CURVE('',#2624,#2601,#2626,.T.);
#2624 = VERTEX_POINT('',#2625);
#2625 = CARTESIAN_POINT('',(-279.,342.,-16.));
#2626 = SURFACE_CURVE('',#2627,(#2632,#2643),.PCURVE_S1.);
#2627 = CIRCLE('',#2628,6.);
#2628 = AXIS2_PLACEMENT_3D('',#2629,#2630,#2631);
#2629 = CARTESIAN_POINT('',(-285.,342.,-16.));
#2630 = DIRECTION('',(-0.,-0.,-1.));
#2631 = DIRECTION('',(0.,-1.,0.));
#2632 = PCURVE('',#2509,#2633);
#2633 = DEFINITIONAL_REPRESENTATION('',(#2634),#2642);
#2634 = ( BOUNDED_CURVE() B_SPLINE_CURVE(2,(#2635,#2636,#2637,#2638,
#2639,#2640,#2641),.UNSPECIFIED.,.T.,.F.) B_SPLINE_CURVE_WITH_KNOTS((1,2
    ,2,2,2,1),(-2.094395102393,0.,2.094395102393,4.188790204786,
6.28318530718,8.377580409573),.UNSPECIFIED.) CURVE() 
GEOMETRIC_REPRESENTATION_ITEM() RATIONAL_B_SPLINE_CURVE((1.,0.5,1.,0.5,
1.,0.5,1.)) REPRESENTATION_ITEM('') );
#2635 = CARTESIAN_POINT('',(42.,0.));
#2636 = CARTESIAN_POINT('',(31.607695154587,0.));
#2637 = CARTESIAN_POINT('',(36.803847577293,9.));
#2638 = CARTESIAN_POINT('',(42.,18.));
#2639 = CARTESIAN_POINT('',(47.196152422707,9.));
#2640 = CARTESIAN_POINT('',(52.392304845413,8.881784197001E-15));
#2641 = CARTESIAN_POINT('',(42.,0.));
#2642 = ( GEOMETRIC_REPRESENTATION_CONTEXT(2) 
PARAMETRIC_REPRESENTATION_CONTEXT() REPRESENTATION_CONTEXT('2D SPACE',''
  ) );
#2643 = PCURVE('',#2171,#2644);
#2644 = DEFINITIONAL_REPRESENTATION('',(#2645),#2649);
#2645 = LINE('',#2646,#2647);
#2646 = CARTESIAN_POINT('',(4.712388980385,-0.));
#2647 = VECTOR('',#2648,1.);
#2648 = DIRECTION('',(-1.,0.));
#2649 = ( GEOMETRIC_REPRESENTATION_CONTEXT(2) 
PARAMETRIC_REPRESENTATION_CONTEXT() REPRESENTATION_CONTEXT('2D SPACE',''
  ) );
#2650 = ORIENTED_EDGE('',*,*,#2651,.T.);
#2651 = EDGE_CURVE('',#2624,#2652,#2654,.T.);
#2652 = VERTEX_POINT('',#2653);
#2653 = CARTESIAN_POINT('',(-279.,378.,-16.));
#2654 = SURFACE_CURVE('',#2655,(#2659,#2666),.PCURVE_S1.);
#2655 = LINE('',#2656,#2657);
#2656 = CARTESIAN_POINT('',(-279.,336.,-16.));
#2657 = VECTOR('',#2658,1.);
#2658 = DIRECTION('',(0.,1.,0.));
#2659 = PCURVE('',#2509,#2660);
#2660 = DEFINITIONAL_REPRESENTATION('',(#2661),#2665);
#2661 = LINE('',#2662,#2663);
#2662 = CARTESIAN_POINT('',(48.,0.));
#2663 = VECTOR('',#2664,1.);
#2664 = DIRECTION('',(0.,1.));
#2665 = ( GEOMETRIC_REPRESENTATION_CONTEXT(2) 
PARAMETRIC_REPRESENTATION_CONTEXT() REPRESENTATION_CONTEXT('2D SPACE',''
  ) );
#2666 = PCURVE('',#2199,#2667);
#2667 = DEFINITIONAL_REPRESENTATION('',(#2668),#2672);
#2668 = LINE('',#2669,#2670);
#2669 = CARTESIAN_POINT('',(0.,0.));
#2670 = VECTOR('',#2671,1.);
#2671 = DIRECTION('',(0.,-1.));
#2672 = ( GEOMETRIC_REPRESENTATION_CONTEXT(2) 
PARAMETRIC_REPRESENTATION_CONTEXT() REPRESENTATION_CONTEXT('2D SPACE',''
  ) );
#2673 = ORIENTED_EDGE('',*,*,#2674,.T.);
#2674 = EDGE_CURVE('',#2652,#2675,#2677,.T.);
#2675 = VERTEX_POINT('',#2676);
#2676 = CARTESIAN_POINT('',(-285.,384.,-16.));
#2677 = SURFACE_CURVE('',#2678,(#2683,#2690),.PCURVE_S1.);
#2678 = CIRCLE('',#2679,6.);
#2679 = AXIS2_PLACEMENT_3D('',#2680,#2681,#2682);
#2680 = CARTESIAN_POINT('',(-285.,378.,-16.));
#2681 = DIRECTION('',(0.,0.,1.));
#2682 = DIRECTION('',(0.,-1.,0.));
#2683 = PCURVE('',#2509,#2684);
#2684 = DEFINITIONAL_REPRESENTATION('',(#2685),#2689);
#2685 = CIRCLE('',#2686,6.);
#2686 = AXIS2_PLACEMENT_2D('',#2687,#2688);
#2687 = CARTESIAN_POINT('',(42.,42.));
#2688 = DIRECTION('',(0.,-1.));
#2689 = ( GEOMETRIC_REPRESENTATION_CONTEXT(2) 
PARAMETRIC_REPRESENTATION_CONTEXT() REPRESENTATION_CONTEXT('2D SPACE',''
  ) );
#2690 = PCURVE('',#2228,#2691);
#2691 = DEFINITIONAL_REPRESENTATION('',(#2692),#2696);
#2692 = LINE('',#2693,#2694);
#2693 = CARTESIAN_POINT('',(-1.570796326795,0.));
#2694 = VECTOR('',#2695,1.);
#2695 = DIRECTION('',(1.,0.));
#2696 = ( GEOMETRIC_REPRESENTATION_CONTEXT(2) 
PARAMETRIC_REPRESENTATION_CONTEXT() REPRESENTATION_CONTEXT('2D SPACE',''
  ) );
#2697 = ORIENTED_EDGE('',*,*,#2698,.F.);
#2698 = EDGE_CURVE('',#2699,#2675,#2701,.T.);
#2699 = VERTEX_POINT('',#2700);
#2700 = CARTESIAN_POINT('',(-321.,384.,-16.));
#2701 = SURFACE_CURVE('',#2702,(#2706,#2713),.PCURVE_S1.);
#2702 = LINE('',#2703,#2704);
#2703 = CARTESIAN_POINT('',(-327.,384.,-16.));
#2704 = VECTOR('',#2705,1.);
#2705 = DIRECTION('',(1.,0.,0.));
#2706 = PCURVE('',#2509,#2707);
#2707 = DEFINITIONAL_REPRESENTATION('',(#2708),#2712);
#2708 = LINE('',#2709,#2710);
#2709 = CARTESIAN_POINT('',(0.,48.));
#2710 = VECTOR('',#2711,1.);
#2711 = DIRECTION('',(1.,0.));
#2712 = ( GEOMETRIC_REPRESENTATION_CONTEXT(2) 
PARAMETRIC_REPRESENTATION_CONTEXT() REPRESENTATION_CONTEXT('2D SPACE',''
  ) );
#2713 = PCURVE('',#2256,#2714);
#2714 = DEFINITIONAL_REPRESENTATION('',(#2715),#2719);
#2715 = LINE('',#2716,#2717);
#2716 = CARTESIAN_POINT('',(0.,0.));
#2717 = VECTOR('',#2718,1.);
#2718 = DIRECTION('',(0.,1.));
#2719 = ( GEOMETRIC_REPRESENTATION_CONTEXT(2) 
PARAMETRIC_REPRESENTATION_CONTEXT() REPRESENTATION_CONTEXT('2D SPACE',''
  ) );
#2720 = ORIENTED_EDGE('',*,*,#2721,.F.);
#2721 = EDGE_CURVE('',#2554,#2699,#2722,.T.);
#2722 = SURFACE_CURVE('',#2723,(#2728,#2739),.PCURVE_S1.);
#2723 = CIRCLE('',#2724,6.);
#2724 = AXIS2_PLACEMENT_3D('',#2725,#2726,#2727);
#2725 = CARTESIAN_POINT('',(-321.,378.,-16.));
#2726 = DIRECTION('',(-0.,-0.,-1.));
#2727 = DIRECTION('',(0.,-1.,0.));
#2728 = PCURVE('',#2509,#2729);
#2729 = DEFINITIONAL_REPRESENTATION('',(#2730),#2738);
#2730 = ( BOUNDED_CURVE() B_SPLINE_CURVE(2,(#2731,#2732,#2733,#2734,
#2735,#2736,#2737),.UNSPECIFIED.,.T.,.F.) B_SPLINE_CURVE_WITH_KNOTS((1,2
    ,2,2,2,1),(-2.094395102393,0.,2.094395102393,4.188790204786,
6.28318530718,8.377580409573),.UNSPECIFIED.) CURVE() 
GEOMETRIC_REPRESENTATION_ITEM() RATIONAL_B_SPLINE_CURVE((1.,0.5,1.,0.5,
1.,0.5,1.)) REPRESENTATION_ITEM('') );
#2731 = CARTESIAN_POINT('',(6.,36.));
#2732 = CARTESIAN_POINT('',(-4.392304845413,36.));
#2733 = CARTESIAN_POINT('',(0.803847577293,45.));
#2734 = CARTESIAN_POINT('',(6.,54.));
#2735 = CARTESIAN_POINT('',(11.196152422707,45.));
#2736 = CARTESIAN_POINT('',(16.392304845413,36.));
#2737 = CARTESIAN_POINT('',(6.,36.));
#2738 = ( GEOMETRIC_REPRESENTATION_CONTEXT(2) 
PARAMETRIC_REPRESENTATION_CONTEXT() REPRESENTATION_CONTEXT('2D SPACE',''
  ) );
#2739 = PCURVE('',#2287,#2740);
#2740 = DEFINITIONAL_REPRESENTATION('',(#2741),#2745);
#2741 = LINE('',#2742,#2743);
#2742 = CARTESIAN_POINT('',(1.570796326795,-0.));
#2743 = VECTOR('',#2744,1.);
#2744 = DIRECTION('',(-1.,0.));
#2745 = ( GEOMETRIC_REPRESENTATION_CONTEXT(2) 
PARAMETRIC_REPRESENTATION_CONTEXT() REPRESENTATION_CONTEXT('2D SPACE',''
  ) );
#2746 = FACE_BOUND('',#2747,.F.);
#2747 = EDGE_LOOP('',(#2748));
#2748 = ORIENTED_EDGE('',*,*,#2749,.T.);
#2749 = EDGE_CURVE('',#2750,#2750,#2752,.T.);
#2750 = VERTEX_POINT('',#2751);
#2751 = CARTESIAN_POINT('',(-301.3,347.5,-16.));
#2752 = SURFACE_CURVE('',#2753,(#2758,#2769),.PCURVE_S1.);
#2753 = CIRCLE('',#2754,1.7);
#2754 = AXIS2_PLACEMENT_3D('',#2755,#2756,#2757);
#2755 = CARTESIAN_POINT('',(-303.,347.5,-16.));
#2756 = DIRECTION('',(0.,0.,-1.));
#2757 = DIRECTION('',(1.,0.,0.));
#2758 = PCURVE('',#2509,#2759);
#2759 = DEFINITIONAL_REPRESENTATION('',(#2760),#2768);
#2760 = ( BOUNDED_CURVE() B_SPLINE_CURVE(2,(#2761,#2762,#2763,#2764,
#2765,#2766,#2767),.UNSPECIFIED.,.T.,.F.) B_SPLINE_CURVE_WITH_KNOTS((1,2
    ,2,2,2,1),(-2.094395102393,0.,2.094395102393,4.188790204786,
6.28318530718,8.377580409573),.UNSPECIFIED.) CURVE() 
GEOMETRIC_REPRESENTATION_ITEM() RATIONAL_B_SPLINE_CURVE((1.,0.5,1.,0.5,
1.,0.5,1.)) REPRESENTATION_ITEM('') );
#2761 = CARTESIAN_POINT('',(25.7,11.5));
#2762 = CARTESIAN_POINT('',(25.7,8.555513627133));
#2763 = CARTESIAN_POINT('',(23.15,10.027756813566));
#2764 = CARTESIAN_POINT('',(20.6,11.5));
#2765 = CARTESIAN_POINT('',(23.15,12.972243186434));
#2766 = CARTESIAN_POINT('',(25.7,14.444486372867));
#2767 = CARTESIAN_POINT('',(25.7,11.5));
#2768 = ( GEOMETRIC_REPRESENTATION_CONTEXT(2) 
PARAMETRIC_REPRESENTATION_CONTEXT() REPRESENTATION_CONTEXT('2D SPACE',''
  ) );
#2769 = PCURVE('',#2322,#2770);
#2770 = DEFINITIONAL_REPRESENTATION('',(#2771),#2775);
#2771 = LINE('',#2772,#2773);
#2772 = CARTESIAN_POINT('',(-6.28318530718,-8.));
#2773 = VECTOR('',#2774,1.);
#2774 = DIRECTION('',(1.,-0.));
#2775 = ( GEOMETRIC_REPRESENTATION_CONTEXT(2) 
PARAMETRIC_REPRESENTATION_CONTEXT() REPRESENTATION_CONTEXT('2D SPACE',''
  ) );
#2776 = FACE_BOUND('',#2777,.F.);
#2777 = EDGE_LOOP('',(#2778,#2808,#2831,#2854));
#2778 = ORIENTED_EDGE('',*,*,#2779,.T.);
#2779 = EDGE_CURVE('',#2780,#2782,#2784,.T.);
#2780 = VERTEX_POINT('',#2781);
#2781 = CARTESIAN_POINT('',(-321.,370.,-16.));
#2782 = VERTEX_POINT('',#2783);
#2783 = CARTESIAN_POINT('',(-285.,370.,-16.));
#2784 = SURFACE_CURVE('',#2785,(#2789,#2796),.PCURVE_S1.);
#2785 = LINE('',#2786,#2787);
#2786 = CARTESIAN_POINT('',(-321.,370.,-16.));
#2787 = VECTOR('',#2788,1.);
#2788 = DIRECTION('',(1.,0.,0.));
#2789 = PCURVE('',#2509,#2790);
#2790 = DEFINITIONAL_REPRESENTATION('',(#2791),#2795);
#2791 = LINE('',#2792,#2793);
#2792 = CARTESIAN_POINT('',(6.,34.));
#2793 = VECTOR('',#2794,1.);
#2794 = DIRECTION('',(1.,0.));
#2795 = ( GEOMETRIC_REPRESENTATION_CONTEXT(2) 
PARAMETRIC_REPRESENTATION_CONTEXT() REPRESENTATION_CONTEXT('2D SPACE',''
  ) );
#2796 = PCURVE('',#2797,#2802);
#2797 = PLANE('',#2798);
#2798 = AXIS2_PLACEMENT_3D('',#2799,#2800,#2801);
#2799 = CARTESIAN_POINT('',(-321.,370.,-25.));
#2800 = DIRECTION('',(0.,1.,0.));
#2801 = DIRECTION('',(0.,0.,1.));
#2802 = DEFINITIONAL_REPRESENTATION('',(#2803),#2807);
#2803 = LINE('',#2804,#2805);
#2804 = CARTESIAN_POINT('',(9.,0.));
#2805 = VECTOR('',#2806,1.);
#2806 = DIRECTION('',(0.,1.));
#2807 = ( GEOMETRIC_REPRESENTATION_CONTEXT(2) 
PARAMETRIC_REPRESENTATION_CONTEXT() REPRESENTATION_CONTEXT('2D SPACE',''
  ) );
#2808 = ORIENTED_EDGE('',*,*,#2809,.T.);
#2809 = EDGE_CURVE('',#2782,#2810,#2812,.T.);
#2810 = VERTEX_POINT('',#2811);
#2811 = CARTESIAN_POINT('',(-285.,350.,-16.));
#2812 = SURFACE_CURVE('',#2813,(#2817,#2824),.PCURVE_S1.);
#2813 = LINE('',#2814,#2815);
#2814 = CARTESIAN_POINT('',(-285.,370.,-16.));
#2815 = VECTOR('',#2816,1.);
#2816 = DIRECTION('',(0.,-1.,0.));
#2817 = PCURVE('',#2509,#2818);
#2818 = DEFINITIONAL_REPRESENTATION('',(#2819),#2823);
#2819 = LINE('',#2820,#2821);
#2820 = CARTESIAN_POINT('',(42.,34.));
#2821 = VECTOR('',#2822,1.);
#2822 = DIRECTION('',(0.,-1.));
#2823 = ( GEOMETRIC_REPRESENTATION_CONTEXT(2) 
PARAMETRIC_REPRESENTATION_CONTEXT() REPRESENTATION_CONTEXT('2D SPACE',''
  ) );
#2824 = PCURVE('',#100,#2825);
#2825 = DEFINITIONAL_REPRESENTATION('',(#2826),#2830);
#2826 = LINE('',#2827,#2828);
#2827 = CARTESIAN_POINT('',(9.,-10.));
#2828 = VECTOR('',#2829,1.);
#2829 = DIRECTION('',(0.,1.));
#2830 = ( GEOMETRIC_REPRESENTATION_CONTEXT(2) 
PARAMETRIC_REPRESENTATION_CONTEXT() REPRESENTATION_CONTEXT('2D SPACE',''
  ) );
#2831 = ORIENTED_EDGE('',*,*,#2832,.F.);
#2832 = EDGE_CURVE('',#2833,#2810,#2835,.T.);
#2833 = VERTEX_POINT('',#2834);
#2834 = CARTESIAN_POINT('',(-321.,350.,-16.));
#2835 = SURFACE_CURVE('',#2836,(#2840,#2847),.PCURVE_S1.);
#2836 = LINE('',#2837,#2838);
#2837 = CARTESIAN_POINT('',(-321.,350.,-16.));
#2838 = VECTOR('',#2839,1.);
#2839 = DIRECTION('',(1.,0.,0.));
#2840 = PCURVE('',#2509,#2841);
#2841 = DEFINITIONAL_REPRESENTATION('',(#2842),#2846);
#2842 = LINE('',#2843,#2844);
#2843 = CARTESIAN_POINT('',(6.,14.));
#2844 = VECTOR('',#2845,1.);
#2845 = DIRECTION('',(1.,0.));
#2846 = ( GEOMETRIC_REPRESENTATION_CONTEXT(2) 
PARAMETRIC_REPRESENTATION_CONTEXT() REPRESENTATION_CONTEXT('2D SPACE',''
  ) );
#2847 = PCURVE('',#72,#2848);
#2848 = DEFINITIONAL_REPRESENTATION('',(#2849),#2853);
#2849 = LINE('',#2850,#2851);
#2850 = CARTESIAN_POINT('',(9.,0.));
#2851 = VECTOR('',#2852,1.);
#2852 = DIRECTION('',(0.,1.));
#2853 = ( GEOMETRIC_REPRESENTATION_CONTEXT(2) 
PARAMETRIC_REPRESENTATION_CONTEXT() REPRESENTATION_CONTEXT('2D SPACE',''
  ) );
#2854 = ORIENTED_EDGE('',*,*,#2855,.T.);
#2855 = EDGE_CURVE('',#2833,#2780,#2856,.T.);
#2856 = SURFACE_CURVE('',#2857,(#2861,#2868),.PCURVE_S1.);
#2857 = LINE('',#2858,#2859);
#2858 = CARTESIAN_POINT('',(-321.,350.,-16.));
#2859 = VECTOR('',#2860,1.);
#2860 = DIRECTION('',(0.,1.,0.));
#2861 = PCURVE('',#2509,#2862);
#2862 = DEFINITIONAL_REPRESENTATION('',(#2863),#2867);
#2863 = LINE('',#2864,#2865);
#2864 = CARTESIAN_POINT('',(6.,14.));
#2865 = VECTOR('',#2866,1.);
#2866 = DIRECTION('',(0.,1.));
#2867 = ( GEOMETRIC_REPRESENTATION_CONTEXT(2) 
PARAMETRIC_REPRESENTATION_CONTEXT() REPRESENTATION_CONTEXT('2D SPACE',''
  ) );
#2868 = PCURVE('',#45,#2869);
#2869 = DEFINITIONAL_REPRESENTATION('',(#2870),#2874);
#2870 = LINE('',#2871,#2872);
#2871 = CARTESIAN_POINT('',(9.,10.));
#2872 = VECTOR('',#2873,1.);
#2873 = DIRECTION('',(0.,-1.));
#2874 = ( GEOMETRIC_REPRESENTATION_CONTEXT(2) 
PARAMETRIC_REPRESENTATION_CONTEXT() REPRESENTATION_CONTEXT('2D SPACE',''
  ) );
#2875 = FACE_BOUND('',#2876,.F.);
#2876 = EDGE_LOOP('',(#2877));
#2877 = ORIENTED_EDGE('',*,*,#2492,.T.);
#2878 = ADVANCED_FACE('',(#2879),#2797,.T.);
#2879 = FACE_BOUND('',#2880,.T.);
#2880 = EDGE_LOOP('',(#2881,#2904,#2930,#2951));
#2881 = ORIENTED_EDGE('',*,*,#2882,.F.);
#2882 = EDGE_CURVE('',#2883,#2782,#2885,.T.);
#2883 = VERTEX_POINT('',#2884);
#2884 = CARTESIAN_POINT('',(-285.,370.,-16.69337613708));
#2885 = SURFACE_CURVE('',#2886,(#2890,#2897),.PCURVE_S1.);
#2886 = LINE('',#2887,#2888);
#2887 = CARTESIAN_POINT('',(-285.,370.,-25.));
#2888 = VECTOR('',#2889,1.);
#2889 = DIRECTION('',(0.,0.,1.));
#2890 = PCURVE('',#2797,#2891);
#2891 = DEFINITIONAL_REPRESENTATION('',(#2892),#2896);
#2892 = LINE('',#2893,#2894);
#2893 = CARTESIAN_POINT('',(0.,36.));
#2894 = VECTOR('',#2895,1.);
#2895 = DIRECTION('',(1.,0.));
#2896 = ( GEOMETRIC_REPRESENTATION_CONTEXT(2) 
PARAMETRIC_REPRESENTATION_CONTEXT() REPRESENTATION_CONTEXT('2D SPACE',''
  ) );
#2897 = PCURVE('',#100,#2898);
#2898 = DEFINITIONAL_REPRESENTATION('',(#2899),#2903);
#2899 = LINE('',#2900,#2901);
#2900 = CARTESIAN_POINT('',(-3.552713678801E-15,-10.));
#2901 = VECTOR('',#2902,1.);
#2902 = DIRECTION('',(1.,0.));
#2903 = ( GEOMETRIC_REPRESENTATION_CONTEXT(2) 
PARAMETRIC_REPRESENTATION_CONTEXT() REPRESENTATION_CONTEXT('2D SPACE',''
  ) );
#2904 = ORIENTED_EDGE('',*,*,#2905,.T.);
#2905 = EDGE_CURVE('',#2883,#2906,#2908,.T.);
#2906 = VERTEX_POINT('',#2907);
#2907 = CARTESIAN_POINT('',(-321.,370.,-16.69337613708));
#2908 = SURFACE_CURVE('',#2909,(#2913,#2919),.PCURVE_S1.);
#2909 = LINE('',#2910,#2911);
#2910 = CARTESIAN_POINT('',(-321.,370.,-16.69337613708));
#2911 = VECTOR('',#2912,1.);
#2912 = DIRECTION('',(-1.,-0.,-0.));
#2913 = PCURVE('',#2797,#2914);
#2914 = DEFINITIONAL_REPRESENTATION('',(#2915),#2918);
#2915 = B_SPLINE_CURVE_WITH_KNOTS('',1,(#2916,#2917),.UNSPECIFIED.,.F.,
  .F.,(2,2),(-36.0000006,6.000000212225E-07),.PIECEWISE_BEZIER_KNOTS.);
#2916 = CARTESIAN_POINT('',(8.306623862918,36.0000006));
#2917 = CARTESIAN_POINT('',(8.306623862918,-6.000000212225E-07));
#2918 = ( GEOMETRIC_REPRESENTATION_CONTEXT(2) 
PARAMETRIC_REPRESENTATION_CONTEXT() REPRESENTATION_CONTEXT('2D SPACE',''
  ) );
#2919 = PCURVE('',#2920,#2925);
#2920 = CYLINDRICAL_SURFACE('',#2921,13.);
#2921 = AXIS2_PLACEMENT_3D('',#2922,#2923,#2924);
#2922 = CARTESIAN_POINT('',(-321.,360.,-25.));
#2923 = DIRECTION('',(-1.,-0.,-0.));
#2924 = DIRECTION('',(0.,1.,0.));
#2925 = DEFINITIONAL_REPRESENTATION('',(#2926),#2929);
#2926 = B_SPLINE_CURVE_WITH_KNOTS('',1,(#2927,#2928),.UNSPECIFIED.,.F.,
  .F.,(2,2),(-36.,0.),.PIECEWISE_BEZIER_KNOTS.);
#2927 = CARTESIAN_POINT('',(-6.976345214756,-36.));
#2928 = CARTESIAN_POINT('',(-6.976345214756,0.));
#2929 = ( GEOMETRIC_REPRESENTATION_CONTEXT(2) 
PARAMETRIC_REPRESENTATION_CONTEXT() REPRESENTATION_CONTEXT('2D SPACE',''
  ) );
#2930 = ORIENTED_EDGE('',*,*,#2931,.T.);
#2931 = EDGE_CURVE('',#2906,#2780,#2932,.T.);
#2932 = SURFACE_CURVE('',#2933,(#2937,#2944),.PCURVE_S1.);
#2933 = LINE('',#2934,#2935);
#2934 = CARTESIAN_POINT('',(-321.,370.,-25.));
#2935 = VECTOR('',#2936,1.);
#2936 = DIRECTION('',(0.,0.,1.));
#2937 = PCURVE('',#2797,#2938);
#2938 = DEFINITIONAL_REPRESENTATION('',(#2939),#2943);
#2939 = LINE('',#2940,#2941);
#2940 = CARTESIAN_POINT('',(0.,0.));
#2941 = VECTOR('',#2942,1.);
#2942 = DIRECTION('',(1.,0.));
#2943 = ( GEOMETRIC_REPRESENTATION_CONTEXT(2) 
PARAMETRIC_REPRESENTATION_CONTEXT() REPRESENTATION_CONTEXT('2D SPACE',''
  ) );
#2944 = PCURVE('',#45,#2945);
#2945 = DEFINITIONAL_REPRESENTATION('',(#2946),#2950);
#2946 = LINE('',#2947,#2948);
#2947 = CARTESIAN_POINT('',(-3.552713678801E-15,-10.));
#2948 = VECTOR('',#2949,1.);
#2949 = DIRECTION('',(1.,0.));
#2950 = ( GEOMETRIC_REPRESENTATION_CONTEXT(2) 
PARAMETRIC_REPRESENTATION_CONTEXT() REPRESENTATION_CONTEXT('2D SPACE',''
  ) );
#2951 = ORIENTED_EDGE('',*,*,#2779,.T.);
#2952 = ADVANCED_FACE('',(#2953,#3032),#2920,.T.);
#2953 = FACE_BOUND('',#2954,.F.);
#2954 = EDGE_LOOP('',(#2955,#2979,#3005,#3031));
#2955 = ORIENTED_EDGE('',*,*,#2956,.F.);
#2956 = EDGE_CURVE('',#2957,#2906,#2959,.T.);
#2957 = VERTEX_POINT('',#2958);
#2958 = CARTESIAN_POINT('',(-321.,364.99999999999,-37.));
#2959 = SURFACE_CURVE('',#2960,(#2965,#2972),.PCURVE_S1.);
#2960 = CIRCLE('',#2961,13.);
#2961 = AXIS2_PLACEMENT_3D('',#2962,#2963,#2964);
#2962 = CARTESIAN_POINT('',(-321.,360.,-25.));
#2963 = DIRECTION('',(1.,0.,0.));
#2964 = DIRECTION('',(0.,-0.769230769231,0.638971066378));
#2965 = PCURVE('',#2920,#2966);
#2966 = DEFINITIONAL_REPRESENTATION('',(#2967),#2971);
#2967 = LINE('',#2968,#2969);
#2968 = CARTESIAN_POINT('',(-2.448432746013,0.));
#2969 = VECTOR('',#2970,1.);
#2970 = DIRECTION('',(-1.,0.));
#2971 = ( GEOMETRIC_REPRESENTATION_CONTEXT(2) 
PARAMETRIC_REPRESENTATION_CONTEXT() REPRESENTATION_CONTEXT('2D SPACE',''
  ) );
#2972 = PCURVE('',#45,#2973);
#2973 = DEFINITIONAL_REPRESENTATION('',(#2974),#2978);
#2974 = CIRCLE('',#2975,13.);
#2975 = AXIS2_PLACEMENT_2D('',#2976,#2977);
#2976 = CARTESIAN_POINT('',(-3.552713678801E-15,-5.684341886081E-14));
#2977 = DIRECTION('',(0.638971066378,0.769230769231));
#2978 = ( GEOMETRIC_REPRESENTATION_CONTEXT(2) 
PARAMETRIC_REPRESENTATION_CONTEXT() REPRESENTATION_CONTEXT('2D SPACE',''
  ) );
#2979 = ORIENTED_EDGE('',*,*,#2980,.F.);
#2980 = EDGE_CURVE('',#2981,#2957,#2983,.T.);
#2981 = VERTEX_POINT('',#2982);
#2982 = CARTESIAN_POINT('',(-285.,364.99999999999,-37.));
#2983 = SURFACE_CURVE('',#2984,(#2988,#2994),.PCURVE_S1.);
#2984 = LINE('',#2985,#2986);
#2985 = CARTESIAN_POINT('',(-321.,365.,-37.));
#2986 = VECTOR('',#2987,1.);
#2987 = DIRECTION('',(-1.,-0.,-0.));
#2988 = PCURVE('',#2920,#2989);
#2989 = DEFINITIONAL_REPRESENTATION('',(#2990),#2993);
#2990 = B_SPLINE_CURVE_WITH_KNOTS('',1,(#2991,#2992),.UNSPECIFIED.,.F.,
  .F.,(2,2),(-36.0000006,6.000000212225E-07),.PIECEWISE_BEZIER_KNOTS.);
#2991 = CARTESIAN_POINT('',(-5.107180100084,-36.0000006));
#2992 = CARTESIAN_POINT('',(-5.107180100084,6.000000212225E-07));
#2993 = ( GEOMETRIC_REPRESENTATION_CONTEXT(2) 
PARAMETRIC_REPRESENTATION_CONTEXT() REPRESENTATION_CONTEXT('2D SPACE',''
  ) );
#2994 = PCURVE('',#2995,#3000);
#2995 = PLANE('',#2996);
#2996 = AXIS2_PLACEMENT_3D('',#2997,#2998,#2999);
#2997 = CARTESIAN_POINT('',(-321.,354.,-37.));
#2998 = DIRECTION('',(0.,0.,1.));
#2999 = DIRECTION('',(1.,0.,0.));
#3000 = DEFINITIONAL_REPRESENTATION('',(#3001),#3004);
#3001 = B_SPLINE_CURVE_WITH_KNOTS('',1,(#3002,#3003),.UNSPECIFIED.,.F.,
  .F.,(2,2),(-36.0000006,6.000000212225E-07),.PIECEWISE_BEZIER_KNOTS.);
#3002 = CARTESIAN_POINT('',(36.0000006,11.));
#3003 = CARTESIAN_POINT('',(-6.000000212225E-07,11.));
#3004 = ( GEOMETRIC_REPRESENTATION_CONTEXT(2) 
PARAMETRIC_REPRESENTATION_CONTEXT() REPRESENTATION_CONTEXT('2D SPACE',''
  ) );
#3005 = ORIENTED_EDGE('',*,*,#3006,.F.);
#3006 = EDGE_CURVE('',#2883,#2981,#3007,.T.);
#3007 = SURFACE_CURVE('',#3008,(#3013,#3020),.PCURVE_S1.);
#3008 = CIRCLE('',#3009,13.);
#3009 = AXIS2_PLACEMENT_3D('',#3010,#3011,#3012);
#3010 = CARTESIAN_POINT('',(-285.,360.,-25.));
#3011 = DIRECTION('',(-1.,0.,0.));
#3012 = DIRECTION('',(0.,0.769230769231,0.638971066378));
#3013 = PCURVE('',#2920,#3014);
#3014 = DEFINITIONAL_REPRESENTATION('',(#3015),#3019);
#3015 = LINE('',#3016,#3017);
#3016 = CARTESIAN_POINT('',(-6.976345214756,-36.));
#3017 = VECTOR('',#3018,1.);
#3018 = DIRECTION('',(1.,-0.));
#3019 = ( GEOMETRIC_REPRESENTATION_CONTEXT(2) 
PARAMETRIC_REPRESENTATION_CONTEXT() REPRESENTATION_CONTEXT('2D SPACE',''
  ) );
#3020 = PCURVE('',#100,#3021);
#3021 = DEFINITIONAL_REPRESENTATION('',(#3022),#3030);
#3022 = ( BOUNDED_CURVE() B_SPLINE_CURVE(2,(#3023,#3024,#3025,#3026,
#3027,#3028,#3029),.UNSPECIFIED.,.T.,.F.) B_SPLINE_CURVE_WITH_KNOTS((1,2
    ,2,2,2,1),(-2.094395102393,0.,2.094395102393,4.188790204786,
6.28318530718,8.377580409573),.UNSPECIFIED.) CURVE() 
GEOMETRIC_REPRESENTATION_ITEM() RATIONAL_B_SPLINE_CURVE((1.,0.5,1.,0.5,
1.,0.5,1.)) REPRESENTATION_ITEM('') );
#3023 = CARTESIAN_POINT('',(8.306623862918,-10.));
#3024 = CARTESIAN_POINT('',(-9.01388421277,-24.38749456993));
#3025 = CARTESIAN_POINT('',(-12.8135659693,-2.19374728497));
#3026 = CARTESIAN_POINT('',(-16.61324772583,19.999999999999));
#3027 = CARTESIAN_POINT('',(4.506942106385,12.193747284969));
#3028 = CARTESIAN_POINT('',(25.627131938607,4.387494569939));
#3029 = CARTESIAN_POINT('',(8.306623862918,-10.));
#3030 = ( GEOMETRIC_REPRESENTATION_CONTEXT(2) 
PARAMETRIC_REPRESENTATION_CONTEXT() REPRESENTATION_CONTEXT('2D SPACE',''
  ) );
#3031 = ORIENTED_EDGE('',*,*,#2905,.T.);
#3032 = FACE_BOUND('',#3033,.F.);
#3033 = EDGE_LOOP('',(#3034,#3062));
#3034 = ORIENTED_EDGE('',*,*,#3035,.T.);
#3035 = EDGE_CURVE('',#3036,#3038,#3040,.T.);
#3036 = VERTEX_POINT('',#3037);
#3037 = CARTESIAN_POINT('',(-301.3638353015,372.96148139681,-24.));
#3038 = VERTEX_POINT('',#3039);
#3039 = CARTESIAN_POINT('',(-304.6361646984,372.96148139681,-24.));
#3040 = SURFACE_CURVE('',#3041,(#3045,#3051),.PCURVE_S1.);
#3041 = LINE('',#3042,#3043);
#3042 = CARTESIAN_POINT('',(-321.,372.96148139681,-24.));
#3043 = VECTOR('',#3044,1.);
#3044 = DIRECTION('',(-1.,-0.,-0.));
#3045 = PCURVE('',#2920,#3046);
#3046 = DEFINITIONAL_REPRESENTATION('',(#3047),#3050);
#3047 = B_SPLINE_CURVE_WITH_KNOTS('',1,(#3048,#3049),.UNSPECIFIED.,.F.,
  .F.,(2,2),(-20.04,-15.96),.PIECEWISE_BEZIER_KNOTS.);
#3048 = CARTESIAN_POINT('',(-6.360184447836,-20.04));
#3049 = CARTESIAN_POINT('',(-6.360184447836,-15.96));
#3050 = ( GEOMETRIC_REPRESENTATION_CONTEXT(2) 
PARAMETRIC_REPRESENTATION_CONTEXT() REPRESENTATION_CONTEXT('2D SPACE',''
  ) );
#3051 = PCURVE('',#3052,#3057);
#3052 = PLANE('',#3053);
#3053 = AXIS2_PLACEMENT_3D('',#3054,#3055,#3056);
#3054 = CARTESIAN_POINT('',(-303.,372.5,-24.));
#3055 = DIRECTION('',(0.,0.,1.));
#3056 = DIRECTION('',(1.,0.,-0.));
#3057 = DEFINITIONAL_REPRESENTATION('',(#3058),#3061);
#3058 = B_SPLINE_CURVE_WITH_KNOTS('',1,(#3059,#3060),.UNSPECIFIED.,.F.,
  .F.,(2,2),(-20.04,-15.96),.PIECEWISE_BEZIER_KNOTS.);
#3059 = CARTESIAN_POINT('',(2.04,0.461481396816));
#3060 = CARTESIAN_POINT('',(-2.04,0.461481396816));
#3061 = ( GEOMETRIC_REPRESENTATION_CONTEXT(2) 
PARAMETRIC_REPRESENTATION_CONTEXT() REPRESENTATION_CONTEXT('2D SPACE',''
  ) );
#3062 = ORIENTED_EDGE('',*,*,#3063,.F.);
#3063 = EDGE_CURVE('',#3036,#3038,#3064,.T.);
#3064 = SURFACE_CURVE('',#3065,(#3173,#3334),.PCURVE_S1.);
#3065 = B_SPLINE_CURVE_WITH_KNOTS('',8,(#3066,#3067,#3068,#3069,#3070,
    #3071,#3072,#3073,#3074,#3075,#3076,#3077,#3078,#3079,#3080,#3081,
    #3082,#3083,#3084,#3085,#3086,#3087,#3088,#3089,#3090,#3091,#3092,
    #3093,#3094,#3095,#3096,#3097,#3098,#3099,#3100,#3101,#3102,#3103,
    #3104,#3105,#3106,#3107,#3108,#3109,#3110,#3111,#3112,#3113,#3114,
    #3115,#3116,#3117,#3118,#3119,#3120,#3121,#3122,#3123,#3124,#3125,
    #3126,#3127,#3128,#3129,#3130,#3131,#3132,#3133,#3134,#3135,#3136,
    #3137,#3138,#3139,#3140,#3141,#3142,#3143,#3144,#3145,#3146,#3147,
    #3148,#3149,#3150,#3151,#3152,#3153,#3154,#3155,#3156,#3157,#3158,
    #3159,#3160,#3161,#3162,#3163,#3164,#3165,#3166,#3167,#3168,#3169,
    #3170,#3171,#3172),.UNSPECIFIED.,.F.,.F.,(9,7,7,7,7,7,7,7,7,7,7,7,7,
    7,7,9),(0.,0.398322955548,0.999999768965,2.012061977235,
    2.331504770262,2.546331992568,2.648808457501,2.709684287506,
    2.847038098882,2.971271445037,3.027828691693,3.120296314821,
    3.294478268393,3.918228738921,5.295430325045,5.694143649794),
  .UNSPECIFIED.);
#3066 = CARTESIAN_POINT('',(-301.3638353015,372.96148139681,-24.));
#3067 = CARTESIAN_POINT('',(-301.3610215099,372.95150520598,
    -23.87069378807));
#3068 = CARTESIAN_POINT('',(-301.3578665323,372.94005328236,
    -23.74148232595));
#3069 = CARTESIAN_POINT('',(-301.3544086284,372.92712532781,
    -23.61237160436));
#3070 = CARTESIAN_POINT('',(-301.3506933923,372.91272066104,
    -23.48336999601));
#3071 = CARTESIAN_POINT('',(-301.3467734818,372.89683845292,
    -23.35448825954));
#3072 = CARTESIAN_POINT('',(-301.3427083466,372.87947796161,
    -23.22573954362));
#3073 = CARTESIAN_POINT('',(-301.338563957,372.86063876779,
    -23.0971393909));
#3074 = CARTESIAN_POINT('',(-301.3281417028,372.80963052712,
    -22.77470349476));
#3075 = CARTESIAN_POINT('',(-301.3218557736,372.7755709316,
    -22.58110958999));
#3076 = CARTESIAN_POINT('',(-301.3158016497,372.73813452053,
    -22.38792312761));
#3077 = CARTESIAN_POINT('',(-301.3102588943,372.69731047206,
    -22.19515607694));
#3078 = CARTESIAN_POINT('',(-301.3055396746,372.65308742457,
    -22.00283898261));
#3079 = CARTESIAN_POINT('',(-301.3019911068,372.60545760095,
    -21.81102647213));
#3080 = CARTESIAN_POINT('',(-301.3,372.55442247785,-21.61980256538));
#3081 = CARTESIAN_POINT('',(-301.3,372.40845761065,-21.1088233241));
#3082 = CARTESIAN_POINT('',(-301.3056338095,372.30818808883,
    -20.79336160673));
#3083 = CARTESIAN_POINT('',(-301.3187798144,372.1986693952,
    -20.48017047871));
#3084 = CARTESIAN_POINT('',(-301.3418578089,372.07939396851,
    -20.16839340466));
#3085 = CARTESIAN_POINT('',(-301.378050454,371.95033552318,
    -19.85889065455));
#3086 = CARTESIAN_POINT('',(-301.4314219269,371.81227620643,
    -19.55401781252));
#3087 = CARTESIAN_POINT('',(-301.5070037265,371.66734938281,
    -19.25773634969));
#3088 = CARTESIAN_POINT('',(-301.6433532475,371.4739727208,
    -18.88788287995));
#3089 = CARTESIAN_POINT('',(-301.6789320557,371.42727272332,
    -18.80046647516));
#3090 = CARTESIAN_POINT('',(-301.7175879292,371.38040877873,
    -18.71457042091));
#3091 = CARTESIAN_POINT('',(-301.7595424781,371.33355729226,
    -18.63043990918));
#3092 = CARTESIAN_POINT('',(-301.805025031,371.28693611989,
    -18.54836657503));
#3093 = CARTESIAN_POINT('',(-301.8542682039,371.24081231759,
    -18.46869493826));
#3094 = CARTESIAN_POINT('',(-301.9075029138,371.19550974642,
    -18.39182922274));
#3095 = CARTESIAN_POINT('',(-302.0035882568,371.1217635792,
    -18.2687517257));
#3096 = CARTESIAN_POINT('',(-302.0441467014,371.09264470849,
    -18.22072337485));
#3097 = CARTESIAN_POINT('',(-302.0866644496,371.06420586919,
    -18.17434687663));
#3098 = CARTESIAN_POINT('',(-302.1311679278,371.03660255418,
    -18.12981739889));
#3099 = CARTESIAN_POINT('',(-302.1776733469,371.0099989395,
    -18.08733430898));
#3100 = CARTESIAN_POINT('',(-302.2261863421,370.98456702262,
    -18.04710158096));
#3101 = CARTESIAN_POINT('',(-302.2767016119,370.96048576068,
    -18.00932820287));
#3102 = CARTESIAN_POINT('',(-302.3542464569,370.92718557332,
    -17.95748543192));
#3103 = CARTESIAN_POINT('',(-302.379734677,370.91678356027,
    -17.9413558073));
#3104 = CARTESIAN_POINT('',(-302.4056564575,370.90675771898,
    -17.92586808815));
#3105 = CARTESIAN_POINT('',(-302.4319999644,370.89713093135,
    -17.91104962528));
#3106 = CARTESIAN_POINT('',(-302.4587522899,370.88792541188,
    -17.89692674229));
#3107 = CARTESIAN_POINT('',(-302.4858994524,370.87916270766,
    -17.88352473559));
#3108 = CARTESIAN_POINT('',(-302.5134263963,370.87086369832,
    -17.87086787441));
#3109 = CARTESIAN_POINT('',(-302.5578853157,370.85840605858,
    -17.85191708944));
#3110 = CARTESIAN_POINT('',(-302.5745803862,370.85393467857,
    -17.84512658848));
#3111 = CARTESIAN_POINT('',(-302.5913979829,370.84963888163,
    -17.83861308797));
#3112 = CARTESIAN_POINT('',(-302.6083335585,370.84552293409,
    -17.83238158747));
#3113 = CARTESIAN_POINT('',(-302.625382239,370.84159094307,
    -17.82643689608));
#3114 = CARTESIAN_POINT('',(-302.6425388237,370.83784685648,
    -17.82078363237));
#3115 = CARTESIAN_POINT('',(-302.6597977855,370.83429446297,
    -17.81542622447));
#3116 = CARTESIAN_POINT('',(-302.7163123596,370.82336285063,
    -17.7989581182));
#3117 = CARTESIAN_POINT('',(-302.7559742427,370.81678034828,
    -17.78907167211));
#3118 = CARTESIAN_POINT('',(-302.7960611512,370.8112340409,
    -17.78076205991));
#3119 = CARTESIAN_POINT('',(-302.8364930481,370.80675982188,
    -17.77407137036));
#3120 = CARTESIAN_POINT('',(-302.8771877999,370.80338509866,
    -17.76903135283));
#3121 = CARTESIAN_POINT('',(-302.9180613477,370.80112856948,
    -17.76566347722));
#3122 = CARTESIAN_POINT('',(-302.9590278793,370.8,-17.76397899395));
#3123 = CARTESIAN_POINT('',(-303.0370583356,370.8,-17.76397899395));
#3124 = CARTESIAN_POINT('',(-303.0741132481,370.800923253,
    -17.76535701111));
#3125 = CARTESIAN_POINT('',(-303.1110997211,370.80276941995,
    -17.76811243765));
#3126 = CARTESIAN_POINT('',(-303.1479537161,370.80553197239,
    -17.77223773929));
#3127 = CARTESIAN_POINT('',(-303.1846122741,370.8091983166,
    -17.77771842142));
#3128 = CARTESIAN_POINT('',(-303.2210136183,370.8137499177,
    -17.78453299513));
#3129 = CARTESIAN_POINT('',(-303.2570972567,370.81916242375,
    -17.79265294332));
#3130 = CARTESIAN_POINT('',(-303.3090596217,370.82824808319,
    -17.80631736866));
#3131 = CARTESIAN_POINT('',(-303.3252385359,370.83126284733,
    -17.81085561583));
#3132 = CARTESIAN_POINT('',(-303.3413358665,370.83444737443,
    -17.81565426846));
#3133 = CARTESIAN_POINT('',(-303.3573468902,370.83779881637,
    -17.82071000026));
#3134 = CARTESIAN_POINT('',(-303.3732671202,370.84131418492,
    -17.82601931844));
#3135 = CARTESIAN_POINT('',(-303.3890923065,370.84499035169,
    -17.83157856374));
#3136 = CARTESIAN_POINT('',(-303.4048184359,370.84882404814,
    -17.83738391041));
#3137 = CARTESIAN_POINT('',(-303.4459848605,370.85933170207,
    -17.85331858484));
#3138 = CARTESIAN_POINT('',(-303.471250056,370.86626282273,
    -17.8638518221));
#3139 = CARTESIAN_POINT('',(-303.4962235271,370.87359088355,
    -17.87501456619));
#3140 = CARTESIAN_POINT('',(-303.5208922172,370.88130093278,
    -17.88678944271));
#3141 = CARTESIAN_POINT('',(-303.5452438036,370.88937741096,
    -17.89915821465));
#3142 = CARTESIAN_POINT('',(-303.5692666983,370.89780415094,
    -17.91210178241));
#3143 = CARTESIAN_POINT('',(-303.5929500473,370.90656437785,
    -17.92560018376));
#3144 = CARTESIAN_POINT('',(-303.6602375661,370.93273786223,
    -17.96606554981));
#3145 = CARTESIAN_POINT('',(-303.7029339804,370.9509503127,-17.994383173
    ));
#3146 = CARTESIAN_POINT('',(-303.7443473371,370.9701767828,
    -18.02446806051));
#3147 = CARTESIAN_POINT('',(-303.7844582124,370.99031669245,
    -18.05620304099));
#3148 = CARTESIAN_POINT('',(-303.8232532934,371.01127067534,
    -18.08947098651));
#3149 = CARTESIAN_POINT('',(-303.8607252747,371.032941095,-18.1241546244
    ));
#3150 = CARTESIAN_POINT('',(-303.8968727561,371.05523256091,
    -18.16013634916));
#3151 = CARTESIAN_POINT('',(-304.0564179774,371.15977108933,
    -18.33037507285));
#3152 = CARTESIAN_POINT('',(-304.1640716876,371.24817723863,
    -18.47843878993));
#3153 = CARTESIAN_POINT('',(-304.2562048144,371.33983590306,
    -18.63739527111));
#3154 = CARTESIAN_POINT('',(-304.3345963341,371.43237908474,
    -18.80430938594));
#3155 = CARTESIAN_POINT('',(-304.4010057767,371.52423315562,
    -18.97704551904));
#3156 = CARTESIAN_POINT('',(-304.4570421565,371.61438733541,
    -19.15407705172));
#3157 = CARTESIAN_POINT('',(-304.5041214619,371.7022307046,
    -19.33443151535));
#3158 = CARTESIAN_POINT('',(-304.630372987,371.975721696,-19.92246820692
    ));
#3159 = CARTESIAN_POINT('',(-304.6803042624,372.15282852507,
    -20.34480176553));
#3160 = CARTESIAN_POINT('',(-304.7042298416,372.31276417523,
    -20.77542402835));
#3161 = CARTESIAN_POINT('',(-304.7105802111,372.45397854607,
    -21.20936122111));
#3162 = CARTESIAN_POINT('',(-304.7057621191,372.5764631565,
    -21.64404110677));
#3163 = CARTESIAN_POINT('',(-304.6944647342,372.68107015787,
    -22.07919290749));
#3164 = CARTESIAN_POINT('',(-304.6801796548,372.76871658538,
    -22.51730874251));
#3165 = CARTESIAN_POINT('',(-304.6615897839,372.85993924705,
    -23.09237035139));
#3166 = CARTESIAN_POINT('',(-304.6574209322,372.87892550368,
    -23.22164707955));
#3167 = CARTESIAN_POINT('',(-304.6533304105,372.89641733099,
    -23.35107432225));
#3168 = CARTESIAN_POINT('',(-304.6493853828,372.91241515275,
    -23.48063625979));
#3169 = CARTESIAN_POINT('',(-304.6456463575,372.92691972435,
    -23.6103195162));
#3170 = CARTESIAN_POINT('',(-304.6421669088,372.93993189136,
    -23.7401131547));
#3171 = CARTESIAN_POINT('',(-304.6389933985,372.95145234822,
    -23.87000867324));
#3172 = CARTESIAN_POINT('',(-304.6361646984,372.96148139681,-24.));
#3173 = PCURVE('',#2920,#3174);
#3174 = DEFINITIONAL_REPRESENTATION('',(#3175),#3333);
#3175 = B_SPLINE_CURVE_WITH_KNOTS('',3,(#3176,#3177,#3178,#3179,#3180,
    #3181,#3182,#3183,#3184,#3185,#3186,#3187,#3188,#3189,#3190,#3191,
    #3192,#3193,#3194,#3195,#3196,#3197,#3198,#3199,#3200,#3201,#3202,
    #3203,#3204,#3205,#3206,#3207,#3208,#3209,#3210,#3211,#3212,#3213,
    #3214,#3215,#3216,#3217,#3218,#3219,#3220,#3221,#3222,#3223,#3224,
    #3225,#3226,#3227,#3228,#3229,#3230,#3231,#3232,#3233,#3234,#3235,
    #3236,#3237,#3238,#3239,#3240,#3241,#3242,#3243,#3244,#3245,#3246,
    #3247,#3248,#3249,#3250,#3251,#3252,#3253,#3254,#3255,#3256,#3257,
    #3258,#3259,#3260,#3261,#3262,#3263,#3264,#3265,#3266,#3267,#3268,
    #3269,#3270,#3271,#3272,#3273,#3274,#3275,#3276,#3277,#3278,#3279,
    #3280,#3281,#3282,#3283,#3284,#3285,#3286,#3287,#3288,#3289,#3290,
    #3291,#3292,#3293,#3294,#3295,#3296,#3297,#3298,#3299,#3300,#3301,
    #3302,#3303,#3304,#3305,#3306,#3307,#3308,#3309,#3310,#3311,#3312,
    #3313,#3314,#3315,#3316,#3317,#3318,#3319,#3320,#3321,#3322,#3323,
    #3324,#3325,#3326,#3327,#3328,#3329,#3330,#3331,#3332),
  .UNSPECIFIED.,.F.,.F.,(4,1,1,1,1,1,1,1,1,1,1,1,1,1,1,1,1,1,1,1,1,1,1,1
    ,1,1,1,1,1,1,1,1,1,1,1,1,1,1,1,1,1,1,1,1,1,1,1,1,1,1,1,1,1,1,1,1,1,1
    ,1,1,1,1,1,1,1,1,1,1,1,1,1,1,1,1,1,1,1,1,1,1,1,1,1,1,1,1,1,1,1,1,1,1
    ,1,1,1,1,1,1,1,1,1,1,1,1,1,1,1,1,1,1,1,1,1,1,1,1,1,1,1,1,1,1,1,1,1,1
    ,1,1,1,1,1,1,1,1,1,1,1,1,1,1,1,1,1,1,1,1,1,1,1,1,1,1,1,1,4),(0.,
    3.697495876489E-02,7.394991752979E-02,0.110924876295,0.14789983506,
    0.184874793824,0.221849752589,0.258824711354,0.295799670119,
    0.332774628884,0.369749587649,0.406724546414,0.443699505179,
    0.480674463944,0.517649422709,0.554624381473,0.591599340238,
    0.628574299003,0.665549257768,0.702524216533,0.739499175298,
    0.776474134063,0.813449092828,0.850424051593,0.887399010357,
    0.924373969122,0.961348927887,0.998323886652,1.035298845417,
    1.072273804182,1.109248762947,1.146223721712,1.183198680477,
    1.220173639242,1.257148598006,1.294123556771,1.331098515536,
    1.368073474301,1.405048433066,1.442023391831,1.478998350596,
    1.515973309361,1.552948268126,1.58992322689,1.626898185655,
    1.66387314442,1.700848103185,1.73782306195,1.774798020715,
    1.81177297948,1.848747938245,1.88572289701,1.922697855775,
    1.959672814539,1.996647773304,2.033622732069,2.070597690834,
    2.107572649599,2.144547608364,2.181522567129,2.218497525894,
    2.255472484659,2.292447443423,2.329422402188,2.366397360953,
    2.403372319718,2.440347278483,2.477322237248,2.514297196013,
    2.551272154778,2.588247113543,2.625222072307,2.662197031072,
    2.699171989837,2.736146948602,2.773121907367,2.810096866132,
    2.847071824897,2.884046783662,2.921021742427,2.957996701192,
    2.994971659956,3.031946618721,3.068921577486,3.105896536251,
    3.142871495016,3.179846453781,3.216821412546,3.253796371311,
    3.290771330076,3.32774628884,3.364721247605,3.40169620637,
    3.438671165135,3.4756461239,3.512621082665,3.54959604143,
    3.586571000195,3.62354595896,3.660520917725,3.697495876489,
    3.734470835254,3.771445794019,3.808420752784,3.845395711549,
    3.882370670314,3.919345629079,3.956320587844,3.993295546609,
    4.030270505373,4.067245464138,4.104220422903,4.141195381668,
    4.178170340433,4.215145299198,4.252120257963,4.289095216728,
    4.326070175493,4.363045134258,4.400020093022,4.436995051787,
    4.473970010552,4.510944969317,4.547919928082,4.584894886847,
    4.621869845612,4.658844804377,4.695819763142,4.732794721906,
    4.769769680671,4.806744639436,4.843719598201,4.880694556966,
    4.917669515731,4.954644474496,4.991619433261,5.028594392026,
    5.065569350791,5.102544309555,5.13951926832,5.176494227085,
    5.21346918585,5.250444144615,5.28741910338,5.324394062145,
    5.36136902091,5.398343979675,5.435318938439,5.472293897204,
    5.509268855969,5.546243814734,5.583218773499,5.620193732264,
    5.657168691029,5.694143649794),.QUASI_UNIFORM_KNOTS.);
#3176 = CARTESIAN_POINT('',(-6.360184447836,-19.63616469843));
#3177 = CARTESIAN_POINT('',(-6.36265392786,-19.63686114253));
#3178 = CARTESIAN_POINT('',(-6.367593130629,-19.63830919439));
#3179 = CARTESIAN_POINT('',(-6.375002911018,-19.64063503647));
#3180 = CARTESIAN_POINT('',(-6.382413924429,-19.64310326633));
#3181 = CARTESIAN_POINT('',(-6.389826397149,-19.64570128204));
#3182 = CARTESIAN_POINT('',(-6.39724053554,-19.64841569441));
#3183 = CARTESIAN_POINT('',(-6.404656523008,-19.65123222544));
#3184 = CARTESIAN_POINT('',(-6.412074521485,-19.65413575176));
#3185 = CARTESIAN_POINT('',(-6.419494668384,-19.65711030781));
#3186 = CARTESIAN_POINT('',(-6.426917087003,-19.66013910506));
#3187 = CARTESIAN_POINT('',(-6.434341847582,-19.66320452729));
#3188 = CARTESIAN_POINT('',(-6.441769112164,-19.66628820585));
#3189 = CARTESIAN_POINT('',(-6.449198525408,-19.66937076916));
#3190 = CARTESIAN_POINT('',(-6.456630431521,-19.67243236799));
#3191 = CARTESIAN_POINT('',(-6.464065227965,-19.67545240331));
#3192 = CARTESIAN_POINT('',(-6.471503263689,-19.67840947866));
#3193 = CARTESIAN_POINT('',(-6.478944863109,-19.681281405));
#3194 = CARTESIAN_POINT('',(-6.486390316373,-19.68404518822));
#3195 = CARTESIAN_POINT('',(-6.493839878577,-19.68667701797));
#3196 = CARTESIAN_POINT('',(-6.501293766665,-19.68915225281));
#3197 = CARTESIAN_POINT('',(-6.508752156413,-19.69144540313));
#3198 = CARTESIAN_POINT('',(-6.516215181157,-19.69353011129));
#3199 = CARTESIAN_POINT('',(-6.523682923183,-19.69537912914));
#3200 = CARTESIAN_POINT('',(-6.531155432444,-19.69696429323));
#3201 = CARTESIAN_POINT('',(-6.538632642975,-19.69825649656));
#3202 = CARTESIAN_POINT('',(-6.546114670884,-19.69922566039));
#3203 = CARTESIAN_POINT('',(-6.553600687978,-19.69984069396));
#3204 = CARTESIAN_POINT('',(-6.561093110887,-19.70006948674));
#3205 = CARTESIAN_POINT('',(-6.568581952206,-19.69987876705));
#3206 = CARTESIAN_POINT('',(-6.576057741886,-19.69923693249));
#3207 = CARTESIAN_POINT('',(-6.58352728579,-19.69811077467));
#3208 = CARTESIAN_POINT('',(-6.590992531752,-19.69646525659));
#3209 = CARTESIAN_POINT('',(-6.59845620601,-19.69426346266));
#3210 = CARTESIAN_POINT('',(-6.605920305825,-19.69146650813));
#3211 = CARTESIAN_POINT('',(-6.613386505684,-19.68803346483));
#3212 = CARTESIAN_POINT('',(-6.620856049993,-19.6839212878));
#3213 = CARTESIAN_POINT('',(-6.628329782426,-19.67908474689));
#3214 = CARTESIAN_POINT('',(-6.635808137526,-19.67347636226));
#3215 = CARTESIAN_POINT('',(-6.643291141109,-19.66704634395));
#3216 = CARTESIAN_POINT('',(-6.650778406804,-19.65974253567));
#3217 = CARTESIAN_POINT('',(-6.658269131911,-19.65151036278));
#3218 = CARTESIAN_POINT('',(-6.665762091535,-19.6422927847));
#3219 = CARTESIAN_POINT('',(-6.673255631042,-19.63203025177));
#3220 = CARTESIAN_POINT('',(-6.680747656635,-19.62066066689));
#3221 = CARTESIAN_POINT('',(-6.688235623851,-19.60811935206));
#3222 = CARTESIAN_POINT('',(-6.69571652384,-19.59433902023));
#3223 = CARTESIAN_POINT('',(-6.703186867208,-19.57924975252));
#3224 = CARTESIAN_POINT('',(-6.710642665243,-19.56277898158));
#3225 = CARTESIAN_POINT('',(-6.718079408443,-19.54485148034));
#3226 = CARTESIAN_POINT('',(-6.725492041674,-19.52538936026));
#3227 = CARTESIAN_POINT('',(-6.732874937614,-19.50431206635));
#3228 = CARTESIAN_POINT('',(-6.740221861383,-19.48153641783));
#3229 = CARTESIAN_POINT('',(-6.747525951927,-19.45697651482));
#3230 = CARTESIAN_POINT('',(-6.754779623805,-19.43054418392));
#3231 = CARTESIAN_POINT('',(-6.761974748079,-19.40214745381));
#3232 = CARTESIAN_POINT('',(-6.769101772617,-19.37169642697));
#3233 = CARTESIAN_POINT('',(-6.776165754819,-19.33902379386));
#3234 = CARTESIAN_POINT('',(-6.783153588373,-19.30402478506));
#3235 = CARTESIAN_POINT('',(-6.790053555967,-19.26658168828));
#3236 = CARTESIAN_POINT('',(-6.796851721115,-19.22657757938));
#3237 = CARTESIAN_POINT('',(-6.803532774245,-19.18389329978));
#3238 = CARTESIAN_POINT('',(-6.810079616937,-19.13840956044));
#3239 = CARTESIAN_POINT('',(-6.816473530547,-19.09000545484));
#3240 = CARTESIAN_POINT('',(-6.822693261186,-19.03856637135));
#3241 = CARTESIAN_POINT('',(-6.828717847675,-18.98395806069));
#3242 = CARTESIAN_POINT('',(-6.834518211179,-18.9261012721));
#3243 = CARTESIAN_POINT('',(-6.840060945019,-18.86496171201));
#3244 = CARTESIAN_POINT('',(-6.845312650542,-18.8005110177));
#3245 = CARTESIAN_POINT('',(-6.850238391686,-18.73274385813));
#3246 = CARTESIAN_POINT('',(-6.85480359931,-18.66165048131));
#3247 = CARTESIAN_POINT('',(-6.858967841658,-18.58731489173));
#3248 = CARTESIAN_POINT('',(-6.862686420094,-18.50995826527));
#3249 = CARTESIAN_POINT('',(-6.865920229114,-18.42978045329));
#3250 = CARTESIAN_POINT('',(-6.868629580091,-18.34709558681));
#3251 = CARTESIAN_POINT('',(-6.870778990571,-18.26228092992));
#3252 = CARTESIAN_POINT('',(-6.872337985774,-18.17578212508));
#3253 = CARTESIAN_POINT('',(-6.873282735312,-18.08814874593));
#3254 = CARTESIAN_POINT('',(-6.873599015361,-17.99991988493));
#3255 = CARTESIAN_POINT('',(-6.873281580752,-17.91168881793));
#3256 = CARTESIAN_POINT('',(-6.872335600966,-17.82405166185));
#3257 = CARTESIAN_POINT('',(-6.870775406511,-17.73755409886));
#3258 = CARTESIAN_POINT('',(-6.86862496063,-17.6527447623));
#3259 = CARTESIAN_POINT('',(-6.865914157517,-17.57005337406));
#3260 = CARTESIAN_POINT('',(-6.862679431748,-17.48988289885));
#3261 = CARTESIAN_POINT('',(-6.858958833044,-17.41251162838));
#3262 = CARTESIAN_POINT('',(-6.854794399945,-17.33819752569));
#3263 = CARTESIAN_POINT('',(-6.850229109342,-17.26711987048));
#3264 = CARTESIAN_POINT('',(-6.845299616884,-17.19931811013));
#3265 = CARTESIAN_POINT('',(-6.840043731882,-17.13483684759));
#3266 = CARTESIAN_POINT('',(-6.834498100824,-17.07368840601));
#3267 = CARTESIAN_POINT('',(-6.828701267745,-17.01588656004));
#3268 = CARTESIAN_POINT('',(-6.822683376765,-16.96134967803));
#3269 = CARTESIAN_POINT('',(-6.816468595948,-16.90995668296));
#3270 = CARTESIAN_POINT('',(-6.810079835568,-16.86159311487));
#3271 = CARTESIAN_POINT('',(-6.803537698265,-16.8161403301));
#3272 = CARTESIAN_POINT('',(-6.796860938071,-16.77347957126));
#3273 = CARTESIAN_POINT('',(-6.790066501417,-16.73349193238));
#3274 = CARTESIAN_POINT('',(-6.783169666363,-16.69605930835));
#3275 = CARTESIAN_POINT('',(-6.776184141817,-16.66106496981));
#3276 = CARTESIAN_POINT('',(-6.769122163281,-16.62839413125));
#3277 = CARTESIAN_POINT('',(-6.761994577169,-16.59793442273));
#3278 = CARTESIAN_POINT('',(-6.754810909097,-16.56957627716));
#3279 = CARTESIAN_POINT('',(-6.747579442704,-16.5432132972));
#3280 = CARTESIAN_POINT('',(-6.740307207756,-16.51874235551));
#3281 = CARTESIAN_POINT('',(-6.733000256581,-16.49606437116));
#3282 = CARTESIAN_POINT('',(-6.725662814612,-16.47508225932));
#3283 = CARTESIAN_POINT('',(-6.718300583854,-16.45570914495));
#3284 = CARTESIAN_POINT('',(-6.710908469363,-16.43783792658));
#3285 = CARTESIAN_POINT('',(-6.70348512306,-16.42138309875));
#3286 = CARTESIAN_POINT('',(-6.696036723413,-16.40628085948));
#3287 = CARTESIAN_POINT('',(-6.688566973574,-16.39246428336));
#3288 = CARTESIAN_POINT('',(-6.681079807243,-16.37986991779));
#3289 = CARTESIAN_POINT('',(-6.673578687512,-16.3684359607));
#3290 = CARTESIAN_POINT('',(-6.66606681672,-16.3581026952));
#3291 = CARTESIAN_POINT('',(-6.658547100397,-16.34881232048));
#3292 = CARTESIAN_POINT('',(-6.651022175389,-16.3405089452));
#3293 = CARTESIAN_POINT('',(-6.643494419161,-16.33313853809));
#3294 = CARTESIAN_POINT('',(-6.635965962617,-16.32664889042));
#3295 = CARTESIAN_POINT('',(-6.628438700526,-16.32098957566));
#3296 = CARTESIAN_POINT('',(-6.620914301239,-16.31611191013));
#3297 = CARTESIAN_POINT('',(-6.613394215312,-16.31196891341));
#3298 = CARTESIAN_POINT('',(-6.605879683241,-16.30851526882));
#3299 = CARTESIAN_POINT('',(-6.598371742318,-16.30570728371));
#3300 = CARTESIAN_POINT('',(-6.590871232693,-16.30350284949));
#3301 = CARTESIAN_POINT('',(-6.583378802696,-16.30186140149));
#3302 = CARTESIAN_POINT('',(-6.57589491348,-16.30074387829));
#3303 = CARTESIAN_POINT('',(-6.568419843048,-16.30011268077));
#3304 = CARTESIAN_POINT('',(-6.560953689711,-16.29993163059));
#3305 = CARTESIAN_POINT('',(-6.553496375041,-16.30016592813));
#3306 = CARTESIAN_POINT('',(-6.546047646382,-16.30078210994));
#3307 = CARTESIAN_POINT('',(-6.53860707895,-16.30174800549));
#3308 = CARTESIAN_POINT('',(-6.531174077596,-16.30303269333));
#3309 = CARTESIAN_POINT('',(-6.523747878282,-16.30460645654));
#3310 = CARTESIAN_POINT('',(-6.516327549299,-16.30644073755));
#3311 = CARTESIAN_POINT('',(-6.508911992318,-16.30850809221));
#3312 = CARTESIAN_POINT('',(-6.501499943241,-16.31078214321));
#3313 = CARTESIAN_POINT('',(-6.494089973156,-16.31323753273));
#3314 = CARTESIAN_POINT('',(-6.486680488476,-16.31584987467));
#3315 = CARTESIAN_POINT('',(-6.479269733964,-16.31859570505));
#3316 = CARTESIAN_POINT('',(-6.471855785007,-16.32145243623));
#3317 = CARTESIAN_POINT('',(-6.464436580265,-16.32439829365));
#3318 = CARTESIAN_POINT('',(-6.457009804067,-16.32741231496));
#3319 = CARTESIAN_POINT('',(-6.449573330237,-16.33047411352));
#3320 = CARTESIAN_POINT('',(-6.442123571495,-16.33356451864));
#3321 = CARTESIAN_POINT('',(-6.434661646382,-16.33666294144));
#3322 = CARTESIAN_POINT('',(-6.42720542861,-16.3397424475));
#3323 = CARTESIAN_POINT('',(-6.419750726719,-16.34278607023));
#3324 = CARTESIAN_POINT('',(-6.412298549149,-16.34577548611));
#3325 = CARTESIAN_POINT('',(-6.404848482096,-16.3486937819));
#3326 = CARTESIAN_POINT('',(-6.397400464035,-16.35152472886));
#3327 = CARTESIAN_POINT('',(-6.389954310284,-16.35425299557));
#3328 = CARTESIAN_POINT('',(-6.382509840649,-16.3568640994));
#3329 = CARTESIAN_POINT('',(-6.375066844553,-16.35934446466));
#3330 = CARTESIAN_POINT('',(-6.367625093058,-16.36168131557));
#3331 = CARTESIAN_POINT('',(-6.362664581498,-16.36313585388));
#3332 = CARTESIAN_POINT('',(-6.360184447836,-16.36383530156));
#3333 = ( GEOMETRIC_REPRESENTATION_CONTEXT(2) 
PARAMETRIC_REPRESENTATION_CONTEXT() REPRESENTATION_CONTEXT('2D SPACE',''
  ) );
#3334 = PCURVE('',#3335,#3340);
#3335 = CYLINDRICAL_SURFACE('',#3336,1.7);
#3336 = AXIS2_PLACEMENT_3D('',#3337,#3338,#3339);
#3337 = CARTESIAN_POINT('',(-303.,372.5,-24.));
#3338 = DIRECTION('',(-0.,-0.,-1.));
#3339 = DIRECTION('',(1.,0.,0.));
#3340 = DEFINITIONAL_REPRESENTATION('',(#3341),#3499);
#3341 = B_SPLINE_CURVE_WITH_KNOTS('',3,(#3342,#3343,#3344,#3345,#3346,
    #3347,#3348,#3349,#3350,#3351,#3352,#3353,#3354,#3355,#3356,#3357,
    #3358,#3359,#3360,#3361,#3362,#3363,#3364,#3365,#3366,#3367,#3368,
    #3369,#3370,#3371,#3372,#3373,#3374,#3375,#3376,#3377,#3378,#3379,
    #3380,#3381,#3382,#3383,#3384,#3385,#3386,#3387,#3388,#3389,#3390,
    #3391,#3392,#3393,#3394,#3395,#3396,#3397,#3398,#3399,#3400,#3401,
    #3402,#3403,#3404,#3405,#3406,#3407,#3408,#3409,#3410,#3411,#3412,
    #3413,#3414,#3415,#3416,#3417,#3418,#3419,#3420,#3421,#3422,#3423,
    #3424,#3425,#3426,#3427,#3428,#3429,#3430,#3431,#3432,#3433,#3434,
    #3435,#3436,#3437,#3438,#3439,#3440,#3441,#3442,#3443,#3444,#3445,
    #3446,#3447,#3448,#3449,#3450,#3451,#3452,#3453,#3454,#3455,#3456,
    #3457,#3458,#3459,#3460,#3461,#3462,#3463,#3464,#3465,#3466,#3467,
    #3468,#3469,#3470,#3471,#3472,#3473,#3474,#3475,#3476,#3477,#3478,
    #3479,#3480,#3481,#3482,#3483,#3484,#3485,#3486,#3487,#3488,#3489,
    #3490,#3491,#3492,#3493,#3494,#3495,#3496,#3497,#3498),
  .UNSPECIFIED.,.F.,.F.,(4,1,1,1,1,1,1,1,1,1,1,1,1,1,1,1,1,1,1,1,1,1,1,1
    ,1,1,1,1,1,1,1,1,1,1,1,1,1,1,1,1,1,1,1,1,1,1,1,1,1,1,1,1,1,1,1,1,1,1
    ,1,1,1,1,1,1,1,1,1,1,1,1,1,1,1,1,1,1,1,1,1,1,1,1,1,1,1,1,1,1,1,1,1,1
    ,1,1,1,1,1,1,1,1,1,1,1,1,1,1,1,1,1,1,1,1,1,1,1,1,1,1,1,1,1,1,1,1,1,1
    ,1,1,1,1,1,1,1,1,1,1,1,1,1,1,1,1,1,1,1,1,1,1,1,1,1,1,1,1,4),(0.,
    3.697495876489E-02,7.394991752979E-02,0.110924876295,0.14789983506,
    0.184874793824,0.221849752589,0.258824711354,0.295799670119,
    0.332774628884,0.369749587649,0.406724546414,0.443699505179,
    0.480674463944,0.517649422709,0.554624381473,0.591599340238,
    0.628574299003,0.665549257768,0.702524216533,0.739499175298,
    0.776474134063,0.813449092828,0.850424051593,0.887399010357,
    0.924373969122,0.961348927887,0.998323886652,1.035298845417,
    1.072273804182,1.109248762947,1.146223721712,1.183198680477,
    1.220173639242,1.257148598006,1.294123556771,1.331098515536,
    1.368073474301,1.405048433066,1.442023391831,1.478998350596,
    1.515973309361,1.552948268126,1.58992322689,1.626898185655,
    1.66387314442,1.700848103185,1.73782306195,1.774798020715,
    1.81177297948,1.848747938245,1.88572289701,1.922697855775,
    1.959672814539,1.996647773304,2.033622732069,2.070597690834,
    2.107572649599,2.144547608364,2.181522567129,2.218497525894,
    2.255472484659,2.292447443423,2.329422402188,2.366397360953,
    2.403372319718,2.440347278483,2.477322237248,2.514297196013,
    2.551272154778,2.588247113543,2.625222072307,2.662197031072,
    2.699171989837,2.736146948602,2.773121907367,2.810096866132,
    2.847071824897,2.884046783662,2.921021742427,2.957996701192,
    2.994971659956,3.031946618721,3.068921577486,3.105896536251,
    3.142871495016,3.179846453781,3.216821412546,3.253796371311,
    3.290771330076,3.32774628884,3.364721247605,3.40169620637,
    3.438671165135,3.4756461239,3.512621082665,3.54959604143,
    3.586571000195,3.62354595896,3.660520917725,3.697495876489,
    3.734470835254,3.771445794019,3.808420752784,3.845395711549,
    3.882370670314,3.919345629079,3.956320587844,3.993295546609,
    4.030270505373,4.067245464138,4.104220422903,4.141195381668,
    4.178170340433,4.215145299198,4.252120257963,4.289095216728,
    4.326070175493,4.363045134258,4.400020093022,4.436995051787,
    4.473970010552,4.510944969317,4.547919928082,4.584894886847,
    4.621869845612,4.658844804377,4.695819763142,4.732794721906,
    4.769769680671,4.806744639436,4.843719598201,4.880694556966,
    4.917669515731,4.954644474496,4.991619433261,5.028594392026,
    5.065569350791,5.102544309555,5.13951926832,5.176494227085,
    5.21346918585,5.250444144615,5.28741910338,5.324394062145,
    5.36136902091,5.398343979675,5.435318938439,5.472293897204,
    5.509268855969,5.546243814734,5.583218773499,5.620193732264,
    5.657168691029,5.694143649794),.QUASI_UNIFORM_KNOTS.);
#3342 = CARTESIAN_POINT('',(-6.558094608543,0.));
#3343 = CARTESIAN_POINT('',(-6.556585301883,-3.200811861368E-02));
#3344 = CARTESIAN_POINT('',(-6.553423523301,-9.600920976167E-02));
#3345 = CARTESIAN_POINT('',(-6.548252956816,-0.19196332311));
#3346 = CARTESIAN_POINT('',(-6.542656069194,-0.287867944685));
#3347 = CARTESIAN_POINT('',(-6.536634506831,-0.383720697515));
#3348 = CARTESIAN_POINT('',(-6.5301899483,-0.479518937217));
#3349 = CARTESIAN_POINT('',(-6.523324100368,-0.575259711555));
#3350 = CARTESIAN_POINT('',(-6.51603868303,-0.670939779934));
#3351 = CARTESIAN_POINT('',(-6.508335420619,-0.766555574738));
#3352 = CARTESIAN_POINT('',(-6.500216014673,-0.862103335362));
#3353 = CARTESIAN_POINT('',(-6.49168217894,-0.95757860965));
#3354 = CARTESIAN_POINT('',(-6.48273543959,-1.052978112974));
#3355 = CARTESIAN_POINT('',(-6.473377892268,-1.148291915375));
#3356 = CARTESIAN_POINT('',(-6.463610686245,-1.243519065884));
#3357 = CARTESIAN_POINT('',(-6.453434692481,-1.338659265072));
#3358 = CARTESIAN_POINT('',(-6.442850629188,-1.43371156264));
#3359 = CARTESIAN_POINT('',(-6.431859012281,-1.528674664449));
#3360 = CARTESIAN_POINT('',(-6.420460152945,-1.623546808694));
#3361 = CARTESIAN_POINT('',(-6.408654142738,-1.718325757361));
#3362 = CARTESIAN_POINT('',(-6.396440841703,-1.813008758702));
#3363 = CARTESIAN_POINT('',(-6.383819866493,-1.907592511636));
#3364 = CARTESIAN_POINT('',(-6.370790574288,-2.002073152729));
#3365 = CARTESIAN_POINT('',(-6.35735206155,-2.096446152208));
#3366 = CARTESIAN_POINT('',(-6.343503104705,-2.190706552578));
#3367 = CARTESIAN_POINT('',(-6.329242314411,-2.284847929053));
#3368 = CARTESIAN_POINT('',(-6.314567488581,-2.378866121443));
#3369 = CARTESIAN_POINT('',(-6.299477950697,-2.472745159686));
#3370 = CARTESIAN_POINT('',(-6.283965740888,-2.566509644633));
#3371 = CARTESIAN_POINT('',(-6.268048402033,-2.660029115459));
#3372 = CARTESIAN_POINT('',(-6.251744417026,-2.753180869222));
#3373 = CARTESIAN_POINT('',(-6.235036776365,-2.846045362916));
#3374 = CARTESIAN_POINT('',(-6.217917350503,-2.938642034362));
#3375 = CARTESIAN_POINT('',(-6.200375118193,-3.030999808208));
#3376 = CARTESIAN_POINT('',(-6.182399365993,-3.123138293977));
#3377 = CARTESIAN_POINT('',(-6.163978866582,-3.215072911249));
#3378 = CARTESIAN_POINT('',(-6.145102125406,-3.306813598865));
#3379 = CARTESIAN_POINT('',(-6.125757332422,-3.398365236661));
#3380 = CARTESIAN_POINT('',(-6.10593238473,-3.489727599774));
#3381 = CARTESIAN_POINT('',(-6.085614882514,-3.580895427694));
#3382 = CARTESIAN_POINT('',(-6.064792124877,-3.671858450085));
#3383 = CARTESIAN_POINT('',(-6.043451098812,-3.762601409704));
#3384 = CARTESIAN_POINT('',(-6.021578463414,-3.853104069572));
#3385 = CARTESIAN_POINT('',(-5.999160529006,-3.943341205796));
#3386 = CARTESIAN_POINT('',(-5.976183231387,-4.033282583568));
#3387 = CARTESIAN_POINT('',(-5.952632101143,-4.122892914913));
#3388 = CARTESIAN_POINT('',(-5.928492227926,-4.212131796394));
#3389 = CARTESIAN_POINT('',(-5.903748219347,-4.3009536252));
#3390 = CARTESIAN_POINT('',(-5.878384154278,-4.38930749148));
#3391 = CARTESIAN_POINT('',(-5.852383529159,-4.477137046654));
#3392 = CARTESIAN_POINT('',(-5.825729199273,-4.564380340391));
#3393 = CARTESIAN_POINT('',(-5.798403303536,-4.650969645142));
#3394 = CARTESIAN_POINT('',(-5.770387210035,-4.736831189229));
#3395 = CARTESIAN_POINT('',(-5.74166133664,-4.821885084741));
#3396 = CARTESIAN_POINT('',(-5.71220538211,-4.906044373168));
#3397 = CARTESIAN_POINT('',(-5.681996959651,-4.989217199743));
#3398 = CARTESIAN_POINT('',(-5.651016115501,-5.071297138367));
#3399 = CARTESIAN_POINT('',(-5.619170309004,-5.152346682981));
#3400 = CARTESIAN_POINT('',(-5.586436429775,-5.232220246727));
#3401 = CARTESIAN_POINT('',(-5.552779007327,-5.31079068149));
#3402 = CARTESIAN_POINT('',(-5.518164604325,-5.387907812823));
#3403 = CARTESIAN_POINT('',(-5.482557799006,-5.46340856677));
#3404 = CARTESIAN_POINT('',(-5.445922449736,-5.537112509097));
#3405 = CARTESIAN_POINT('',(-5.408219795518,-5.608824033118));
#3406 = CARTESIAN_POINT('',(-5.369413425401,-5.678322430856));
#3407 = CARTESIAN_POINT('',(-5.329449371765,-5.745393672375));
#3408 = CARTESIAN_POINT('',(-5.288309827928,-5.809736843325));
#3409 = CARTESIAN_POINT('',(-5.245999132616,-5.871007615714));
#3410 = CARTESIAN_POINT('',(-5.202514162595,-5.928866122216));
#3411 = CARTESIAN_POINT('',(-5.157855146452,-5.98295934491));
#3412 = CARTESIAN_POINT('',(-5.112006667145,-6.032941561789));
#3413 = CARTESIAN_POINT('',(-5.0649996756,-6.078405502191));
#3414 = CARTESIAN_POINT('',(-5.016932135875,-6.118899773705));
#3415 = CARTESIAN_POINT('',(-4.967867656095,-6.154034586084));
#3416 = CARTESIAN_POINT('',(-4.917920523626,-6.183413450669));
#3417 = CARTESIAN_POINT('',(-4.867222772687,-6.206682872475));
#3418 = CARTESIAN_POINT('',(-4.815929334926,-6.223539572338));
#3419 = CARTESIAN_POINT('',(-4.76424118017,-6.233746100639));
#3420 = CARTESIAN_POINT('',(-4.71234187487,-6.237161570899));
#3421 = CARTESIAN_POINT('',(-4.660441145958,-6.233733635007));
#3422 = CARTESIAN_POINT('',(-4.60875037452,-6.223513795257));
#3423 = CARTESIAN_POINT('',(-4.557457003392,-6.206644104689));
#3424 = CARTESIAN_POINT('',(-4.506761560496,-6.183363401039));
#3425 = CARTESIAN_POINT('',(-4.456809304994,-6.153968701042));
#3426 = CARTESIAN_POINT('',(-4.407747961646,-6.118823743412));
#3427 = CARTESIAN_POINT('',(-4.359669596068,-6.078307295559));
#3428 = CARTESIAN_POINT('',(-4.3126741577,-6.032840982677));
#3429 = CARTESIAN_POINT('',(-4.266834075096,-5.98285756723));
#3430 = CARTESIAN_POINT('',(-4.222150126122,-5.928722799961));
#3431 = CARTESIAN_POINT('',(-4.17864143224,-5.870817724747));
#3432 = CARTESIAN_POINT('',(-4.136320548271,-5.809514137978));
#3433 = CARTESIAN_POINT('',(-4.095216059531,-5.745209329328));
#3434 = CARTESIAN_POINT('',(-4.055301769898,-5.678212122322));
#3435 = CARTESIAN_POINT('',(-4.016528823413,-5.608768722909));
#3436 = CARTESIAN_POINT('',(-3.97885729663,-5.537114885902));
#3437 = CARTESIAN_POINT('',(-3.942247441423,-5.463464034331));
#3438 = CARTESIAN_POINT('',(-3.906661658542,-5.388012109381));
#3439 = CARTESIAN_POINT('',(-3.872063668128,-5.310937766365));
#3440 = CARTESIAN_POINT('',(-3.838418488818,-5.232403650621));
#3441 = CARTESIAN_POINT('',(-3.805692244974,-5.15255722284));
#3442 = CARTESIAN_POINT('',(-3.773852051288,-5.071531542528));
#3443 = CARTESIAN_POINT('',(-3.742865904018,-4.98944592584));
#3444 = CARTESIAN_POINT('',(-3.712702564891,-4.906406424738));
#3445 = CARTESIAN_POINT('',(-3.683331522648,-4.822506444002));
#3446 = CARTESIAN_POINT('',(-3.654722670234,-4.737826303595));
#3447 = CARTESIAN_POINT('',(-3.626847029476,-4.652436220455));
#3448 = CARTESIAN_POINT('',(-3.599673531098,-4.56638602648));
#3449 = CARTESIAN_POINT('',(-3.573180463731,-4.479743902156));
#3450 = CARTESIAN_POINT('',(-3.54731200323,-4.392451358044));
#3451 = CARTESIAN_POINT('',(-3.522032115571,-4.304493411339));
#3452 = CARTESIAN_POINT('',(-3.497333482427,-4.215944741377));
#3453 = CARTESIAN_POINT('',(-3.473202103341,-4.126851587412));
#3454 = CARTESIAN_POINT('',(-3.449626691779,-4.037263585574));
#3455 = CARTESIAN_POINT('',(-3.426596079336,-3.947225413984));
#3456 = CARTESIAN_POINT('',(-3.404099842407,-3.856779192158));
#3457 = CARTESIAN_POINT('',(-3.382128073463,-3.765963984383));
#3458 = CARTESIAN_POINT('',(-3.360671388539,-3.674816065321));
#3459 = CARTESIAN_POINT('',(-3.339720877554,-3.583368968285));
#3460 = CARTESIAN_POINT('',(-3.319268075324,-3.49165357933));
#3461 = CARTESIAN_POINT('',(-3.299304931772,-3.399698207317));
#3462 = CARTESIAN_POINT('',(-3.279823786592,-3.30752864934));
#3463 = CARTESIAN_POINT('',(-3.260817346541,-3.215168246992));
#3464 = CARTESIAN_POINT('',(-3.242278665517,-3.122637935368));
#3465 = CARTESIAN_POINT('',(-3.224201127144,-3.029956284962));
#3466 = CARTESIAN_POINT('',(-3.206578429742,-2.937139537105));
#3467 = CARTESIAN_POINT('',(-3.189404573588,-2.844201633451));
#3468 = CARTESIAN_POINT('',(-3.17267385041,-2.751154240056));
#3469 = CARTESIAN_POINT('',(-3.156380835067,-2.658006766594));
#3470 = CARTESIAN_POINT('',(-3.140520379414,-2.564766381245));
#3471 = CARTESIAN_POINT('',(-3.125087608358,-2.471438021807));
#3472 = CARTESIAN_POINT('',(-3.110077918103,-2.378024403568));
#3473 = CARTESIAN_POINT('',(-3.095486976622,-2.284526024498));
#3474 = CARTESIAN_POINT('',(-3.081310726372,-2.190941168287));
#3475 = CARTESIAN_POINT('',(-3.067545389293,-2.09726590581));
#3476 = CARTESIAN_POINT('',(-3.054187474099,-2.003494095498));
#3477 = CARTESIAN_POINT('',(-3.041233785912,-1.909617383412));
#3478 = CARTESIAN_POINT('',(-3.028681438183,-1.815625202662));
#3479 = CARTESIAN_POINT('',(-3.016527867227,-1.721504776115));
#3480 = CARTESIAN_POINT('',(-3.00477084813,-1.627241110327));
#3481 = CARTESIAN_POINT('',(-2.993408516779,-1.532817028308));
#3482 = CARTESIAN_POINT('',(-2.982439380206,-1.438213066156));
#3483 = CARTESIAN_POINT('',(-2.971862381702,-1.343407889092));
#3484 = CARTESIAN_POINT('',(-2.961676772545,-1.248376783129));
#3485 = CARTESIAN_POINT('',(-2.951882716403,-1.153097345285));
#3486 = CARTESIAN_POINT('',(-2.942479170054,-1.057528327819));
#3487 = CARTESIAN_POINT('',(-2.933471939553,-0.961688695075));
#3488 = CARTESIAN_POINT('',(-2.924885110282,-0.865813223845));
#3489 = CARTESIAN_POINT('',(-2.916715160246,-0.769853571366));
#3490 = CARTESIAN_POINT('',(-2.908965180616,-0.673828099292));
#3491 = CARTESIAN_POINT('',(-2.901636530119,-0.577736910821));
#3492 = CARTESIAN_POINT('',(-2.894731052265,-0.48158461688));
#3493 = CARTESIAN_POINT('',(-2.888250463083,-0.385374235517));
#3494 = CARTESIAN_POINT('',(-2.882196498624,-0.289108829374));
#3495 = CARTESIAN_POINT('',(-2.876570857706,-0.192791057655));
#3496 = CARTESIAN_POINT('',(-2.871375209024,-9.642333200761E-02));
#3497 = CARTESIAN_POINT('',(-2.868199170186,-3.214620552589E-02));
#3498 = CARTESIAN_POINT('',(-2.866683352227,1.06581410364E-14));
#3499 = ( GEOMETRIC_REPRESENTATION_CONTEXT(2) 
PARAMETRIC_REPRESENTATION_CONTEXT() REPRESENTATION_CONTEXT('2D SPACE',''
  ) );
#3500 = ADVANCED_FACE('',(#3501),#3335,.F.);
#3501 = FACE_BOUND('',#3502,.T.);
#3502 = EDGE_LOOP('',(#3503,#3525));
#3503 = ORIENTED_EDGE('',*,*,#3504,.F.);
#3504 = EDGE_CURVE('',#3038,#3036,#3505,.T.);
#3505 = SURFACE_CURVE('',#3506,(#3511,#3518),.PCURVE_S1.);
#3506 = CIRCLE('',#3507,1.7);
#3507 = AXIS2_PLACEMENT_3D('',#3508,#3509,#3510);
#3508 = CARTESIAN_POINT('',(-303.,372.5,-24.));
#3509 = DIRECTION('',(0.,0.,1.));
#3510 = DIRECTION('',(-0.962449822607,0.271459645186,0.));
#3511 = PCURVE('',#3335,#3512);
#3512 = DEFINITIONAL_REPRESENTATION('',(#3513),#3517);
#3513 = LINE('',#3514,#3515);
#3514 = CARTESIAN_POINT('',(-2.866683352227,0.));
#3515 = VECTOR('',#3516,1.);
#3516 = DIRECTION('',(-1.,0.));
#3517 = ( GEOMETRIC_REPRESENTATION_CONTEXT(2) 
PARAMETRIC_REPRESENTATION_CONTEXT() REPRESENTATION_CONTEXT('2D SPACE',''
  ) );
#3518 = PCURVE('',#3052,#3519);
#3519 = DEFINITIONAL_REPRESENTATION('',(#3520),#3524);
#3520 = CIRCLE('',#3521,1.7);
#3521 = AXIS2_PLACEMENT_2D('',#3522,#3523);
#3522 = CARTESIAN_POINT('',(0.,0.));
#3523 = DIRECTION('',(-0.962449822607,0.271459645186));
#3524 = ( GEOMETRIC_REPRESENTATION_CONTEXT(2) 
PARAMETRIC_REPRESENTATION_CONTEXT() REPRESENTATION_CONTEXT('2D SPACE',''
  ) );
#3525 = ORIENTED_EDGE('',*,*,#3063,.F.);
#3526 = ADVANCED_FACE('',(#3527),#3052,.T.);
#3527 = FACE_BOUND('',#3528,.T.);
#3528 = EDGE_LOOP('',(#3529,#3530));
#3529 = ORIENTED_EDGE('',*,*,#3504,.T.);
#3530 = ORIENTED_EDGE('',*,*,#3035,.T.);
#3531 = ADVANCED_FACE('',(#3532),#2995,.T.);
#3532 = FACE_BOUND('',#3533,.T.);
#3533 = EDGE_LOOP('',(#3534,#3557,#3558,#3581));
#3534 = ORIENTED_EDGE('',*,*,#3535,.F.);
#3535 = EDGE_CURVE('',#2957,#3536,#3538,.T.);
#3536 = VERTEX_POINT('',#3537);
#3537 = CARTESIAN_POINT('',(-321.,366.,-37.));
#3538 = SURFACE_CURVE('',#3539,(#3543,#3550),.PCURVE_S1.);
#3539 = LINE('',#3540,#3541);
#3540 = CARTESIAN_POINT('',(-321.,354.,-37.));
#3541 = VECTOR('',#3542,1.);
#3542 = DIRECTION('',(0.,1.,0.));
#3543 = PCURVE('',#2995,#3544);
#3544 = DEFINITIONAL_REPRESENTATION('',(#3545),#3549);
#3545 = LINE('',#3546,#3547);
#3546 = CARTESIAN_POINT('',(0.,0.));
#3547 = VECTOR('',#3548,1.);
#3548 = DIRECTION('',(0.,1.));
#3549 = ( GEOMETRIC_REPRESENTATION_CONTEXT(2) 
PARAMETRIC_REPRESENTATION_CONTEXT() REPRESENTATION_CONTEXT('2D SPACE',''
  ) );
#3550 = PCURVE('',#45,#3551);
#3551 = DEFINITIONAL_REPRESENTATION('',(#3552),#3556);
#3552 = LINE('',#3553,#3554);
#3553 = CARTESIAN_POINT('',(-12.,6.));
#3554 = VECTOR('',#3555,1.);
#3555 = DIRECTION('',(0.,-1.));
#3556 = ( GEOMETRIC_REPRESENTATION_CONTEXT(2) 
PARAMETRIC_REPRESENTATION_CONTEXT() REPRESENTATION_CONTEXT('2D SPACE',''
  ) );
#3557 = ORIENTED_EDGE('',*,*,#2980,.F.);
#3558 = ORIENTED_EDGE('',*,*,#3559,.T.);
#3559 = EDGE_CURVE('',#2981,#3560,#3562,.T.);
#3560 = VERTEX_POINT('',#3561);
#3561 = CARTESIAN_POINT('',(-285.,366.,-37.));
#3562 = SURFACE_CURVE('',#3563,(#3567,#3574),.PCURVE_S1.);
#3563 = LINE('',#3564,#3565);
#3564 = CARTESIAN_POINT('',(-285.,354.,-37.));
#3565 = VECTOR('',#3566,1.);
#3566 = DIRECTION('',(0.,1.,0.));
#3567 = PCURVE('',#2995,#3568);
#3568 = DEFINITIONAL_REPRESENTATION('',(#3569),#3573);
#3569 = LINE('',#3570,#3571);
#3570 = CARTESIAN_POINT('',(36.,0.));
#3571 = VECTOR('',#3572,1.);
#3572 = DIRECTION('',(0.,1.));
#3573 = ( GEOMETRIC_REPRESENTATION_CONTEXT(2) 
PARAMETRIC_REPRESENTATION_CONTEXT() REPRESENTATION_CONTEXT('2D SPACE',''
  ) );
#3574 = PCURVE('',#100,#3575);
#3575 = DEFINITIONAL_REPRESENTATION('',(#3576),#3580);
#3576 = LINE('',#3577,#3578);
#3577 = CARTESIAN_POINT('',(-12.,6.));
#3578 = VECTOR('',#3579,1.);
#3579 = DIRECTION('',(0.,-1.));
#3580 = ( GEOMETRIC_REPRESENTATION_CONTEXT(2) 
PARAMETRIC_REPRESENTATION_CONTEXT() REPRESENTATION_CONTEXT('2D SPACE',''
  ) );
#3581 = ORIENTED_EDGE('',*,*,#3582,.F.);
#3582 = EDGE_CURVE('',#3536,#3560,#3583,.T.);
#3583 = SURFACE_CURVE('',#3584,(#3588,#3595),.PCURVE_S1.);
#3584 = LINE('',#3585,#3586);
#3585 = CARTESIAN_POINT('',(-321.,366.,-37.));
#3586 = VECTOR('',#3587,1.);
#3587 = DIRECTION('',(1.,0.,0.));
#3588 = PCURVE('',#2995,#3589);
#3589 = DEFINITIONAL_REPRESENTATION('',(#3590),#3594);
#3590 = LINE('',#3591,#3592);
#3591 = CARTESIAN_POINT('',(0.,12.));
#3592 = VECTOR('',#3593,1.);
#3593 = DIRECTION('',(1.,0.));
#3594 = ( GEOMETRIC_REPRESENTATION_CONTEXT(2) 
PARAMETRIC_REPRESENTATION_CONTEXT() REPRESENTATION_CONTEXT('2D SPACE',''
  ) );
#3595 = PCURVE('',#3596,#3601);
#3596 = PLANE('',#3597);
#3597 = AXIS2_PLACEMENT_3D('',#3598,#3599,#3600);
#3598 = CARTESIAN_POINT('',(-321.,366.,-46.));
#3599 = DIRECTION('',(0.,1.,0.));
#3600 = DIRECTION('',(0.,0.,1.));
#3601 = DEFINITIONAL_REPRESENTATION('',(#3602),#3606);
#3602 = LINE('',#3603,#3604);
#3603 = CARTESIAN_POINT('',(9.,0.));
#3604 = VECTOR('',#3605,1.);
#3605 = DIRECTION('',(0.,1.));
#3606 = ( GEOMETRIC_REPRESENTATION_CONTEXT(2) 
PARAMETRIC_REPRESENTATION_CONTEXT() REPRESENTATION_CONTEXT('2D SPACE',''
  ) );
#3607 = ADVANCED_FACE('',(#3608,#3683,#3714),#3596,.T.);
#3608 = FACE_BOUND('',#3609,.T.);
#3609 = EDGE_LOOP('',(#3610,#3640,#3661,#3662));
#3610 = ORIENTED_EDGE('',*,*,#3611,.F.);
#3611 = EDGE_CURVE('',#3612,#3614,#3616,.T.);
#3612 = VERTEX_POINT('',#3613);
#3613 = CARTESIAN_POINT('',(-321.,366.,-46.));
#3614 = VERTEX_POINT('',#3615);
#3615 = CARTESIAN_POINT('',(-285.,366.,-46.));
#3616 = SURFACE_CURVE('',#3617,(#3621,#3628),.PCURVE_S1.);
#3617 = LINE('',#3618,#3619);
#3618 = CARTESIAN_POINT('',(-321.,366.,-46.));
#3619 = VECTOR('',#3620,1.);
#3620 = DIRECTION('',(1.,0.,0.));
#3621 = PCURVE('',#3596,#3622);
#3622 = DEFINITIONAL_REPRESENTATION('',(#3623),#3627);
#3623 = LINE('',#3624,#3625);
#3624 = CARTESIAN_POINT('',(0.,0.));
#3625 = VECTOR('',#3626,1.);
#3626 = DIRECTION('',(0.,1.));
#3627 = ( GEOMETRIC_REPRESENTATION_CONTEXT(2) 
PARAMETRIC_REPRESENTATION_CONTEXT() REPRESENTATION_CONTEXT('2D SPACE',''
  ) );
#3628 = PCURVE('',#3629,#3634);
#3629 = PLANE('',#3630);
#3630 = AXIS2_PLACEMENT_3D('',#3631,#3632,#3633);
#3631 = CARTESIAN_POINT('',(-321.,354.,-46.));
#3632 = DIRECTION('',(0.,0.,1.));
#3633 = DIRECTION('',(1.,0.,0.));
#3634 = DEFINITIONAL_REPRESENTATION('',(#3635),#3639);
#3635 = LINE('',#3636,#3637);
#3636 = CARTESIAN_POINT('',(0.,12.));
#3637 = VECTOR('',#3638,1.);
#3638 = DIRECTION('',(1.,0.));
#3639 = ( GEOMETRIC_REPRESENTATION_CONTEXT(2) 
PARAMETRIC_REPRESENTATION_CONTEXT() REPRESENTATION_CONTEXT('2D SPACE',''
  ) );
#3640 = ORIENTED_EDGE('',*,*,#3641,.T.);
#3641 = EDGE_CURVE('',#3612,#3536,#3642,.T.);
#3642 = SURFACE_CURVE('',#3643,(#3647,#3654),.PCURVE_S1.);
#3643 = LINE('',#3644,#3645);
#3644 = CARTESIAN_POINT('',(-321.,366.,-46.));
#3645 = VECTOR('',#3646,1.);
#3646 = DIRECTION('',(0.,0.,1.));
#3647 = PCURVE('',#3596,#3648);
#3648 = DEFINITIONAL_REPRESENTATION('',(#3649),#3653);
#3649 = LINE('',#3650,#3651);
#3650 = CARTESIAN_POINT('',(0.,0.));
#3651 = VECTOR('',#3652,1.);
#3652 = DIRECTION('',(1.,0.));
#3653 = ( GEOMETRIC_REPRESENTATION_CONTEXT(2) 
PARAMETRIC_REPRESENTATION_CONTEXT() REPRESENTATION_CONTEXT('2D SPACE',''
  ) );
#3654 = PCURVE('',#45,#3655);
#3655 = DEFINITIONAL_REPRESENTATION('',(#3656),#3660);
#3656 = LINE('',#3657,#3658);
#3657 = CARTESIAN_POINT('',(-21.,-6.));
#3658 = VECTOR('',#3659,1.);
#3659 = DIRECTION('',(1.,0.));
#3660 = ( GEOMETRIC_REPRESENTATION_CONTEXT(2) 
PARAMETRIC_REPRESENTATION_CONTEXT() REPRESENTATION_CONTEXT('2D SPACE',''
  ) );
#3661 = ORIENTED_EDGE('',*,*,#3582,.T.);
#3662 = ORIENTED_EDGE('',*,*,#3663,.F.);
#3663 = EDGE_CURVE('',#3614,#3560,#3664,.T.);
#3664 = SURFACE_CURVE('',#3665,(#3669,#3676),.PCURVE_S1.);
#3665 = LINE('',#3666,#3667);
#3666 = CARTESIAN_POINT('',(-285.,366.,-46.));
#3667 = VECTOR('',#3668,1.);
#3668 = DIRECTION('',(0.,0.,1.));
#3669 = PCURVE('',#3596,#3670);
#3670 = DEFINITIONAL_REPRESENTATION('',(#3671),#3675);
#3671 = LINE('',#3672,#3673);
#3672 = CARTESIAN_POINT('',(0.,36.));
#3673 = VECTOR('',#3674,1.);
#3674 = DIRECTION('',(1.,0.));
#3675 = ( GEOMETRIC_REPRESENTATION_CONTEXT(2) 
PARAMETRIC_REPRESENTATION_CONTEXT() REPRESENTATION_CONTEXT('2D SPACE',''
  ) );
#3676 = PCURVE('',#100,#3677);
#3677 = DEFINITIONAL_REPRESENTATION('',(#3678),#3682);
#3678 = LINE('',#3679,#3680);
#3679 = CARTESIAN_POINT('',(-21.,-6.));
#3680 = VECTOR('',#3681,1.);
#3681 = DIRECTION('',(1.,0.));
#3682 = ( GEOMETRIC_REPRESENTATION_CONTEXT(2) 
PARAMETRIC_REPRESENTATION_CONTEXT() REPRESENTATION_CONTEXT('2D SPACE',''
  ) );
#3683 = FACE_BOUND('',#3684,.T.);
#3684 = EDGE_LOOP('',(#3685));
#3685 = ORIENTED_EDGE('',*,*,#3686,.F.);
#3686 = EDGE_CURVE('',#3687,#3687,#3689,.T.);
#3687 = VERTEX_POINT('',#3688);
#3688 = CARTESIAN_POINT('',(-310.35,366.,-41.5));
#3689 = SURFACE_CURVE('',#3690,(#3695,#3702),.PCURVE_S1.);
#3690 = CIRCLE('',#3691,1.65);
#3691 = AXIS2_PLACEMENT_3D('',#3692,#3693,#3694);
#3692 = CARTESIAN_POINT('',(-312.,366.,-41.5));
#3693 = DIRECTION('',(-0.,1.,0.));
#3694 = DIRECTION('',(1.,0.,0.));
#3695 = PCURVE('',#3596,#3696);
#3696 = DEFINITIONAL_REPRESENTATION('',(#3697),#3701);
#3697 = CIRCLE('',#3698,1.65);
#3698 = AXIS2_PLACEMENT_2D('',#3699,#3700);
#3699 = CARTESIAN_POINT('',(4.5,9.));
#3700 = DIRECTION('',(0.,1.));
#3701 = ( GEOMETRIC_REPRESENTATION_CONTEXT(2) 
PARAMETRIC_REPRESENTATION_CONTEXT() REPRESENTATION_CONTEXT('2D SPACE',''
  ) );
#3702 = PCURVE('',#3703,#3708);
#3703 = CYLINDRICAL_SURFACE('',#3704,1.65);
#3704 = AXIS2_PLACEMENT_3D('',#3705,#3706,#3707);
#3705 = CARTESIAN_POINT('',(-312.,370.,-41.5));
#3706 = DIRECTION('',(-0.,1.,-0.));
#3707 = DIRECTION('',(1.,0.,0.));
#3708 = DEFINITIONAL_REPRESENTATION('',(#3709),#3713);
#3709 = LINE('',#3710,#3711);
#3710 = CARTESIAN_POINT('',(-6.28318530718,-4.));
#3711 = VECTOR('',#3712,1.);
#3712 = DIRECTION('',(1.,-0.));
#3713 = ( GEOMETRIC_REPRESENTATION_CONTEXT(2) 
PARAMETRIC_REPRESENTATION_CONTEXT() REPRESENTATION_CONTEXT('2D SPACE',''
  ) );
#3714 = FACE_BOUND('',#3715,.T.);
#3715 = EDGE_LOOP('',(#3716));
#3716 = ORIENTED_EDGE('',*,*,#3717,.F.);
#3717 = EDGE_CURVE('',#3718,#3718,#3720,.T.);
#3718 = VERTEX_POINT('',#3719);
#3719 = CARTESIAN_POINT('',(-292.35,366.,-41.5));
#3720 = SURFACE_CURVE('',#3721,(#3726,#3733),.PCURVE_S1.);
#3721 = CIRCLE('',#3722,1.65);
#3722 = AXIS2_PLACEMENT_3D('',#3723,#3724,#3725);
#3723 = CARTESIAN_POINT('',(-294.,366.,-41.5));
#3724 = DIRECTION('',(-0.,1.,0.));
#3725 = DIRECTION('',(1.,0.,0.));
#3726 = PCURVE('',#3596,#3727);
#3727 = DEFINITIONAL_REPRESENTATION('',(#3728),#3732);
#3728 = CIRCLE('',#3729,1.65);
#3729 = AXIS2_PLACEMENT_2D('',#3730,#3731);
#3730 = CARTESIAN_POINT('',(4.5,27.));
#3731 = DIRECTION('',(0.,1.));
#3732 = ( GEOMETRIC_REPRESENTATION_CONTEXT(2) 
PARAMETRIC_REPRESENTATION_CONTEXT() REPRESENTATION_CONTEXT('2D SPACE',''
  ) );
#3733 = PCURVE('',#3734,#3739);
#3734 = CYLINDRICAL_SURFACE('',#3735,1.65);
#3735 = AXIS2_PLACEMENT_3D('',#3736,#3737,#3738);
#3736 = CARTESIAN_POINT('',(-294.,370.,-41.5));
#3737 = DIRECTION('',(-0.,1.,-0.));
#3738 = DIRECTION('',(1.,0.,0.));
#3739 = DEFINITIONAL_REPRESENTATION('',(#3740),#3744);
#3740 = LINE('',#3741,#3742);
#3741 = CARTESIAN_POINT('',(-6.28318530718,-4.));
#3742 = VECTOR('',#3743,1.);
#3743 = DIRECTION('',(1.,-0.));
#3744 = ( GEOMETRIC_REPRESENTATION_CONTEXT(2) 
PARAMETRIC_REPRESENTATION_CONTEXT() REPRESENTATION_CONTEXT('2D SPACE',''
  ) );
#3745 = ADVANCED_FACE('',(#3746),#3734,.F.);
#3746 = FACE_BOUND('',#3747,.T.);
#3747 = EDGE_LOOP('',(#3748,#3749,#3772,#3794));
#3748 = ORIENTED_EDGE('',*,*,#3717,.T.);
#3749 = ORIENTED_EDGE('',*,*,#3750,.T.);
#3750 = EDGE_CURVE('',#3718,#3751,#3753,.T.);
#3751 = VERTEX_POINT('',#3752);
#3752 = CARTESIAN_POINT('',(-292.35,360.75,-41.5));
#3753 = SEAM_CURVE('',#3754,(#3758,#3765),.PCURVE_S1.);
#3754 = LINE('',#3755,#3756);
#3755 = CARTESIAN_POINT('',(-292.35,370.,-41.5));
#3756 = VECTOR('',#3757,1.);
#3757 = DIRECTION('',(0.,-1.,0.));
#3758 = PCURVE('',#3734,#3759);
#3759 = DEFINITIONAL_REPRESENTATION('',(#3760),#3764);
#3760 = LINE('',#3761,#3762);
#3761 = CARTESIAN_POINT('',(-6.28318530718,0.));
#3762 = VECTOR('',#3763,1.);
#3763 = DIRECTION('',(-0.,-1.));
#3764 = ( GEOMETRIC_REPRESENTATION_CONTEXT(2) 
PARAMETRIC_REPRESENTATION_CONTEXT() REPRESENTATION_CONTEXT('2D SPACE',''
  ) );
#3765 = PCURVE('',#3734,#3766);
#3766 = DEFINITIONAL_REPRESENTATION('',(#3767),#3771);
#3767 = LINE('',#3768,#3769);
#3768 = CARTESIAN_POINT('',(-0.,0.));
#3769 = VECTOR('',#3770,1.);
#3770 = DIRECTION('',(-0.,-1.));
#3771 = ( GEOMETRIC_REPRESENTATION_CONTEXT(2) 
PARAMETRIC_REPRESENTATION_CONTEXT() REPRESENTATION_CONTEXT('2D SPACE',''
  ) );
#3772 = ORIENTED_EDGE('',*,*,#3773,.F.);
#3773 = EDGE_CURVE('',#3751,#3751,#3774,.T.);
#3774 = SURFACE_CURVE('',#3775,(#3780,#3787),.PCURVE_S1.);
#3775 = CIRCLE('',#3776,1.65);
#3776 = AXIS2_PLACEMENT_3D('',#3777,#3778,#3779);
#3777 = CARTESIAN_POINT('',(-294.,360.75,-41.5));
#3778 = DIRECTION('',(-0.,1.,0.));
#3779 = DIRECTION('',(1.,0.,0.));
#3780 = PCURVE('',#3734,#3781);
#3781 = DEFINITIONAL_REPRESENTATION('',(#3782),#3786);
#3782 = LINE('',#3783,#3784);
#3783 = CARTESIAN_POINT('',(-6.28318530718,-9.25));
#3784 = VECTOR('',#3785,1.);
#3785 = DIRECTION('',(1.,-0.));
#3786 = ( GEOMETRIC_REPRESENTATION_CONTEXT(2) 
PARAMETRIC_REPRESENTATION_CONTEXT() REPRESENTATION_CONTEXT('2D SPACE',''
  ) );
#3787 = PCURVE('',#1039,#3788);
#3788 = DEFINITIONAL_REPRESENTATION('',(#3789),#3793);
#3789 = CIRCLE('',#3790,1.65);
#3790 = AXIS2_PLACEMENT_2D('',#3791,#3792);
#3791 = CARTESIAN_POINT('',(8.5,29.));
#3792 = DIRECTION('',(0.,1.));
#3793 = ( GEOMETRIC_REPRESENTATION_CONTEXT(2) 
PARAMETRIC_REPRESENTATION_CONTEXT() REPRESENTATION_CONTEXT('2D SPACE',''
  ) );
#3794 = ORIENTED_EDGE('',*,*,#3750,.F.);
#3795 = ADVANCED_FACE('',(#3796),#3703,.F.);
#3796 = FACE_BOUND('',#3797,.T.);
#3797 = EDGE_LOOP('',(#3798,#3799,#3822,#3844));
#3798 = ORIENTED_EDGE('',*,*,#3686,.T.);
#3799 = ORIENTED_EDGE('',*,*,#3800,.T.);
#3800 = EDGE_CURVE('',#3687,#3801,#3803,.T.);
#3801 = VERTEX_POINT('',#3802);
#3802 = CARTESIAN_POINT('',(-310.35,360.75,-41.5));
#3803 = SEAM_CURVE('',#3804,(#3808,#3815),.PCURVE_S1.);
#3804 = LINE('',#3805,#3806);
#3805 = CARTESIAN_POINT('',(-310.35,370.,-41.5));
#3806 = VECTOR('',#3807,1.);
#3807 = DIRECTION('',(0.,-1.,0.));
#3808 = PCURVE('',#3703,#3809);
#3809 = DEFINITIONAL_REPRESENTATION('',(#3810),#3814);
#3810 = LINE('',#3811,#3812);
#3811 = CARTESIAN_POINT('',(-6.28318530718,0.));
#3812 = VECTOR('',#3813,1.);
#3813 = DIRECTION('',(-0.,-1.));
#3814 = ( GEOMETRIC_REPRESENTATION_CONTEXT(2) 
PARAMETRIC_REPRESENTATION_CONTEXT() REPRESENTATION_CONTEXT('2D SPACE',''
  ) );
#3815 = PCURVE('',#3703,#3816);
#3816 = DEFINITIONAL_REPRESENTATION('',(#3817),#3821);
#3817 = LINE('',#3818,#3819);
#3818 = CARTESIAN_POINT('',(-0.,0.));
#3819 = VECTOR('',#3820,1.);
#3820 = DIRECTION('',(-0.,-1.));
#3821 = ( GEOMETRIC_REPRESENTATION_CONTEXT(2) 
PARAMETRIC_REPRESENTATION_CONTEXT() REPRESENTATION_CONTEXT('2D SPACE',''
  ) );
#3822 = ORIENTED_EDGE('',*,*,#3823,.F.);
#3823 = EDGE_CURVE('',#3801,#3801,#3824,.T.);
#3824 = SURFACE_CURVE('',#3825,(#3830,#3837),.PCURVE_S1.);
#3825 = CIRCLE('',#3826,1.65);
#3826 = AXIS2_PLACEMENT_3D('',#3827,#3828,#3829);
#3827 = CARTESIAN_POINT('',(-312.,360.75,-41.5));
#3828 = DIRECTION('',(-0.,1.,0.));
#3829 = DIRECTION('',(1.,0.,0.));
#3830 = PCURVE('',#3703,#3831);
#3831 = DEFINITIONAL_REPRESENTATION('',(#3832),#3836);
#3832 = LINE('',#3833,#3834);
#3833 = CARTESIAN_POINT('',(-6.28318530718,-9.25));
#3834 = VECTOR('',#3835,1.);
#3835 = DIRECTION('',(1.,-0.));
#3836 = ( GEOMETRIC_REPRESENTATION_CONTEXT(2) 
PARAMETRIC_REPRESENTATION_CONTEXT() REPRESENTATION_CONTEXT('2D SPACE',''
  ) );
#3837 = PCURVE('',#1039,#3838);
#3838 = DEFINITIONAL_REPRESENTATION('',(#3839),#3843);
#3839 = CIRCLE('',#3840,1.65);
#3840 = AXIS2_PLACEMENT_2D('',#3841,#3842);
#3841 = CARTESIAN_POINT('',(8.5,11.));
#3842 = DIRECTION('',(0.,1.));
#3843 = ( GEOMETRIC_REPRESENTATION_CONTEXT(2) 
PARAMETRIC_REPRESENTATION_CONTEXT() REPRESENTATION_CONTEXT('2D SPACE',''
  ) );
#3844 = ORIENTED_EDGE('',*,*,#3800,.F.);
#3845 = ADVANCED_FACE('',(#3846),#3629,.F.);
#3846 = FACE_BOUND('',#3847,.F.);
#3847 = EDGE_LOOP('',(#3848,#3871,#3892,#3913));
#3848 = ORIENTED_EDGE('',*,*,#3849,.F.);
#3849 = EDGE_CURVE('',#3850,#3612,#3852,.T.);
#3850 = VERTEX_POINT('',#3851);
#3851 = CARTESIAN_POINT('',(-321.,360.75,-46.));
#3852 = SURFACE_CURVE('',#3853,(#3857,#3864),.PCURVE_S1.);
#3853 = LINE('',#3854,#3855);
#3854 = CARTESIAN_POINT('',(-321.,354.,-46.));
#3855 = VECTOR('',#3856,1.);
#3856 = DIRECTION('',(0.,1.,0.));
#3857 = PCURVE('',#3629,#3858);
#3858 = DEFINITIONAL_REPRESENTATION('',(#3859),#3863);
#3859 = LINE('',#3860,#3861);
#3860 = CARTESIAN_POINT('',(0.,0.));
#3861 = VECTOR('',#3862,1.);
#3862 = DIRECTION('',(0.,1.));
#3863 = ( GEOMETRIC_REPRESENTATION_CONTEXT(2) 
PARAMETRIC_REPRESENTATION_CONTEXT() REPRESENTATION_CONTEXT('2D SPACE',''
  ) );
#3864 = PCURVE('',#45,#3865);
#3865 = DEFINITIONAL_REPRESENTATION('',(#3866),#3870);
#3866 = LINE('',#3867,#3868);
#3867 = CARTESIAN_POINT('',(-21.,6.));
#3868 = VECTOR('',#3869,1.);
#3869 = DIRECTION('',(0.,-1.));
#3870 = ( GEOMETRIC_REPRESENTATION_CONTEXT(2) 
PARAMETRIC_REPRESENTATION_CONTEXT() REPRESENTATION_CONTEXT('2D SPACE',''
  ) );
#3871 = ORIENTED_EDGE('',*,*,#3872,.F.);
#3872 = EDGE_CURVE('',#3873,#3850,#3875,.T.);
#3873 = VERTEX_POINT('',#3874);
#3874 = CARTESIAN_POINT('',(-285.,360.75,-46.));
#3875 = SURFACE_CURVE('',#3876,(#3880,#3886),.PCURVE_S1.);
#3876 = LINE('',#3877,#3878);
#3877 = CARTESIAN_POINT('',(-322.,360.75,-46.));
#3878 = VECTOR('',#3879,1.);
#3879 = DIRECTION('',(-1.,0.,0.));
#3880 = PCURVE('',#3629,#3881);
#3881 = DEFINITIONAL_REPRESENTATION('',(#3882),#3885);
#3882 = B_SPLINE_CURVE_WITH_KNOTS('',1,(#3883,#3884),.UNSPECIFIED.,.F.,
  .F.,(2,2),(-37.,-1.),.PIECEWISE_BEZIER_KNOTS.);
#3883 = CARTESIAN_POINT('',(36.,6.75));
#3884 = CARTESIAN_POINT('',(0.,6.75));
#3885 = ( GEOMETRIC_REPRESENTATION_CONTEXT(2) 
PARAMETRIC_REPRESENTATION_CONTEXT() REPRESENTATION_CONTEXT('2D SPACE',''
  ) );
#3886 = PCURVE('',#1039,#3887);
#3887 = DEFINITIONAL_REPRESENTATION('',(#3888),#3891);
#3888 = B_SPLINE_CURVE_WITH_KNOTS('',1,(#3889,#3890),.UNSPECIFIED.,.F.,
  .F.,(2,2),(-37.,-1.),.PIECEWISE_BEZIER_KNOTS.);
#3889 = CARTESIAN_POINT('',(4.,38.));
#3890 = CARTESIAN_POINT('',(4.,2.));
#3891 = ( GEOMETRIC_REPRESENTATION_CONTEXT(2) 
PARAMETRIC_REPRESENTATION_CONTEXT() REPRESENTATION_CONTEXT('2D SPACE',''
  ) );
#3892 = ORIENTED_EDGE('',*,*,#3893,.T.);
#3893 = EDGE_CURVE('',#3873,#3614,#3894,.T.);
#3894 = SURFACE_CURVE('',#3895,(#3899,#3906),.PCURVE_S1.);
#3895 = LINE('',#3896,#3897);
#3896 = CARTESIAN_POINT('',(-285.,354.,-46.));
#3897 = VECTOR('',#3898,1.);
#3898 = DIRECTION('',(0.,1.,0.));
#3899 = PCURVE('',#3629,#3900);
#3900 = DEFINITIONAL_REPRESENTATION('',(#3901),#3905);
#3901 = LINE('',#3902,#3903);
#3902 = CARTESIAN_POINT('',(36.,0.));
#3903 = VECTOR('',#3904,1.);
#3904 = DIRECTION('',(0.,1.));
#3905 = ( GEOMETRIC_REPRESENTATION_CONTEXT(2) 
PARAMETRIC_REPRESENTATION_CONTEXT() REPRESENTATION_CONTEXT('2D SPACE',''
  ) );
#3906 = PCURVE('',#100,#3907);
#3907 = DEFINITIONAL_REPRESENTATION('',(#3908),#3912);
#3908 = LINE('',#3909,#3910);
#3909 = CARTESIAN_POINT('',(-21.,6.));
#3910 = VECTOR('',#3911,1.);
#3911 = DIRECTION('',(0.,-1.));
#3912 = ( GEOMETRIC_REPRESENTATION_CONTEXT(2) 
PARAMETRIC_REPRESENTATION_CONTEXT() REPRESENTATION_CONTEXT('2D SPACE',''
  ) );
#3913 = ORIENTED_EDGE('',*,*,#3611,.F.);
#3914 = ADVANCED_FACE('',(#3915),#2322,.F.);
#3915 = FACE_BOUND('',#3916,.T.);
#3916 = EDGE_LOOP('',(#3917,#3918,#3939,#3940));
#3917 = ORIENTED_EDGE('',*,*,#2749,.T.);
#3918 = ORIENTED_EDGE('',*,*,#3919,.T.);
#3919 = EDGE_CURVE('',#2750,#2302,#3920,.T.);
#3920 = SEAM_CURVE('',#3921,(#3925,#3932),.PCURVE_S1.);
#3921 = LINE('',#3922,#3923);
#3922 = CARTESIAN_POINT('',(-301.3,347.5,-24.));
#3923 = VECTOR('',#3924,1.);
#3924 = DIRECTION('',(0.,0.,1.));
#3925 = PCURVE('',#2322,#3926);
#3926 = DEFINITIONAL_REPRESENTATION('',(#3927),#3931);
#3927 = LINE('',#3928,#3929);
#3928 = CARTESIAN_POINT('',(-6.28318530718,0.));
#3929 = VECTOR('',#3930,1.);
#3930 = DIRECTION('',(-0.,-1.));
#3931 = ( GEOMETRIC_REPRESENTATION_CONTEXT(2) 
PARAMETRIC_REPRESENTATION_CONTEXT() REPRESENTATION_CONTEXT('2D SPACE',''
  ) );
#3932 = PCURVE('',#2322,#3933);
#3933 = DEFINITIONAL_REPRESENTATION('',(#3934),#3938);
#3934 = LINE('',#3935,#3936);
#3935 = CARTESIAN_POINT('',(-0.,0.));
#3936 = VECTOR('',#3937,1.);
#3937 = DIRECTION('',(-0.,-1.));
#3938 = ( GEOMETRIC_REPRESENTATION_CONTEXT(2) 
PARAMETRIC_REPRESENTATION_CONTEXT() REPRESENTATION_CONTEXT('2D SPACE',''
  ) );
#3939 = ORIENTED_EDGE('',*,*,#2301,.F.);
#3940 = ORIENTED_EDGE('',*,*,#3919,.F.);
#3941 = ADVANCED_FACE('',(#3942),#2199,.T.);
#3942 = FACE_BOUND('',#3943,.T.);
#3943 = EDGE_LOOP('',(#3944,#3945,#3966,#3967));
#3944 = ORIENTED_EDGE('',*,*,#2183,.F.);
#3945 = ORIENTED_EDGE('',*,*,#3946,.F.);
#3946 = EDGE_CURVE('',#2624,#2151,#3947,.T.);
#3947 = SURFACE_CURVE('',#3948,(#3952,#3959),.PCURVE_S1.);
#3948 = LINE('',#3949,#3950);
#3949 = CARTESIAN_POINT('',(-279.,342.,-16.));
#3950 = VECTOR('',#3951,1.);
#3951 = DIRECTION('',(0.,0.,1.));
#3952 = PCURVE('',#2199,#3953);
#3953 = DEFINITIONAL_REPRESENTATION('',(#3954),#3958);
#3954 = LINE('',#3955,#3956);
#3955 = CARTESIAN_POINT('',(0.,-6.));
#3956 = VECTOR('',#3957,1.);
#3957 = DIRECTION('',(1.,0.));
#3958 = ( GEOMETRIC_REPRESENTATION_CONTEXT(2) 
PARAMETRIC_REPRESENTATION_CONTEXT() REPRESENTATION_CONTEXT('2D SPACE',''
  ) );
#3959 = PCURVE('',#2171,#3960);
#3960 = DEFINITIONAL_REPRESENTATION('',(#3961),#3965);
#3961 = LINE('',#3962,#3963);
#3962 = CARTESIAN_POINT('',(-0.,0.));
#3963 = VECTOR('',#3964,1.);
#3964 = DIRECTION('',(-0.,1.));
#3965 = ( GEOMETRIC_REPRESENTATION_CONTEXT(2) 
PARAMETRIC_REPRESENTATION_CONTEXT() REPRESENTATION_CONTEXT('2D SPACE',''
  ) );
#3966 = ORIENTED_EDGE('',*,*,#2651,.T.);
#3967 = ORIENTED_EDGE('',*,*,#3968,.T.);
#3968 = EDGE_CURVE('',#2652,#2184,#3969,.T.);
#3969 = SURFACE_CURVE('',#3970,(#3974,#3981),.PCURVE_S1.);
#3970 = LINE('',#3971,#3972);
#3971 = CARTESIAN_POINT('',(-279.,378.,-16.));
#3972 = VECTOR('',#3973,1.);
#3973 = DIRECTION('',(0.,0.,1.));
#3974 = PCURVE('',#2199,#3975);
#3975 = DEFINITIONAL_REPRESENTATION('',(#3976),#3980);
#3976 = LINE('',#3977,#3978);
#3977 = CARTESIAN_POINT('',(0.,-42.));
#3978 = VECTOR('',#3979,1.);
#3979 = DIRECTION('',(1.,0.));
#3980 = ( GEOMETRIC_REPRESENTATION_CONTEXT(2) 
PARAMETRIC_REPRESENTATION_CONTEXT() REPRESENTATION_CONTEXT('2D SPACE',''
  ) );
#3981 = PCURVE('',#2228,#3982);
#3982 = DEFINITIONAL_REPRESENTATION('',(#3983),#3987);
#3983 = LINE('',#3984,#3985);
#3984 = CARTESIAN_POINT('',(0.,0.));
#3985 = VECTOR('',#3986,1.);
#3986 = DIRECTION('',(0.,1.));
#3987 = ( GEOMETRIC_REPRESENTATION_CONTEXT(2) 
PARAMETRIC_REPRESENTATION_CONTEXT() REPRESENTATION_CONTEXT('2D SPACE',''
  ) );
#3988 = ADVANCED_FACE('',(#3989),#2228,.T.);
#3989 = FACE_BOUND('',#3990,.T.);
#3990 = EDGE_LOOP('',(#3991,#3992,#4013,#4014));
#3991 = ORIENTED_EDGE('',*,*,#2674,.T.);
#3992 = ORIENTED_EDGE('',*,*,#3993,.T.);
#3993 = EDGE_CURVE('',#2675,#2212,#3994,.T.);
#3994 = SURFACE_CURVE('',#3995,(#3999,#4006),.PCURVE_S1.);
#3995 = LINE('',#3996,#3997);
#3996 = CARTESIAN_POINT('',(-285.,384.,-16.));
#3997 = VECTOR('',#3998,1.);
#3998 = DIRECTION('',(0.,0.,1.));
#3999 = PCURVE('',#2228,#4000);
#4000 = DEFINITIONAL_REPRESENTATION('',(#4001),#4005);
#4001 = LINE('',#4002,#4003);
#4002 = CARTESIAN_POINT('',(1.570796326795,0.));
#4003 = VECTOR('',#4004,1.);
#4004 = DIRECTION('',(0.,1.));
#4005 = ( GEOMETRIC_REPRESENTATION_CONTEXT(2) 
PARAMETRIC_REPRESENTATION_CONTEXT() REPRESENTATION_CONTEXT('2D SPACE',''
  ) );
#4006 = PCURVE('',#2256,#4007);
#4007 = DEFINITIONAL_REPRESENTATION('',(#4008),#4012);
#4008 = LINE('',#4009,#4010);
#4009 = CARTESIAN_POINT('',(0.,42.));
#4010 = VECTOR('',#4011,1.);
#4011 = DIRECTION('',(1.,0.));
#4012 = ( GEOMETRIC_REPRESENTATION_CONTEXT(2) 
PARAMETRIC_REPRESENTATION_CONTEXT() REPRESENTATION_CONTEXT('2D SPACE',''
  ) );
#4013 = ORIENTED_EDGE('',*,*,#2211,.F.);
#4014 = ORIENTED_EDGE('',*,*,#3968,.F.);
#4015 = ADVANCED_FACE('',(#4016),#2171,.T.);
#4016 = FACE_BOUND('',#4017,.F.);
#4017 = EDGE_LOOP('',(#4018,#4019,#4040,#4041));
#4018 = ORIENTED_EDGE('',*,*,#2623,.T.);
#4019 = ORIENTED_EDGE('',*,*,#4020,.T.);
#4020 = EDGE_CURVE('',#2601,#2123,#4021,.T.);
#4021 = SURFACE_CURVE('',#4022,(#4026,#4033),.PCURVE_S1.);
#4022 = LINE('',#4023,#4024);
#4023 = CARTESIAN_POINT('',(-285.,336.,-16.));
#4024 = VECTOR('',#4025,1.);
#4025 = DIRECTION('',(0.,0.,1.));
#4026 = PCURVE('',#2171,#4027);
#4027 = DEFINITIONAL_REPRESENTATION('',(#4028),#4032);
#4028 = LINE('',#4029,#4030);
#4029 = CARTESIAN_POINT('',(-1.570796326795,0.));
#4030 = VECTOR('',#4031,1.);
#4031 = DIRECTION('',(-0.,1.));
#4032 = ( GEOMETRIC_REPRESENTATION_CONTEXT(2) 
PARAMETRIC_REPRESENTATION_CONTEXT() REPRESENTATION_CONTEXT('2D SPACE',''
  ) );
#4033 = PCURVE('',#2138,#4034);
#4034 = DEFINITIONAL_REPRESENTATION('',(#4035),#4039);
#4035 = LINE('',#4036,#4037);
#4036 = CARTESIAN_POINT('',(0.,42.));
#4037 = VECTOR('',#4038,1.);
#4038 = DIRECTION('',(1.,0.));
#4039 = ( GEOMETRIC_REPRESENTATION_CONTEXT(2) 
PARAMETRIC_REPRESENTATION_CONTEXT() REPRESENTATION_CONTEXT('2D SPACE',''
  ) );
#4040 = ORIENTED_EDGE('',*,*,#2150,.F.);
#4041 = ORIENTED_EDGE('',*,*,#3946,.F.);
#4042 = ADVANCED_FACE('',(#4043),#2256,.T.);
#4043 = FACE_BOUND('',#4044,.T.);
#4044 = EDGE_LOOP('',(#4045,#4046,#4067,#4068));
#4045 = ORIENTED_EDGE('',*,*,#2698,.F.);
#4046 = ORIENTED_EDGE('',*,*,#4047,.T.);
#4047 = EDGE_CURVE('',#2699,#2241,#4048,.T.);
#4048 = SURFACE_CURVE('',#4049,(#4053,#4060),.PCURVE_S1.);
#4049 = LINE('',#4050,#4051);
#4050 = CARTESIAN_POINT('',(-321.,384.,-16.));
#4051 = VECTOR('',#4052,1.);
#4052 = DIRECTION('',(0.,0.,1.));
#4053 = PCURVE('',#2256,#4054);
#4054 = DEFINITIONAL_REPRESENTATION('',(#4055),#4059);
#4055 = LINE('',#4056,#4057);
#4056 = CARTESIAN_POINT('',(0.,6.));
#4057 = VECTOR('',#4058,1.);
#4058 = DIRECTION('',(1.,0.));
#4059 = ( GEOMETRIC_REPRESENTATION_CONTEXT(2) 
PARAMETRIC_REPRESENTATION_CONTEXT() REPRESENTATION_CONTEXT('2D SPACE',''
  ) );
#4060 = PCURVE('',#2287,#4061);
#4061 = DEFINITIONAL_REPRESENTATION('',(#4062),#4066);
#4062 = LINE('',#4063,#4064);
#4063 = CARTESIAN_POINT('',(-1.570796326795,0.));
#4064 = VECTOR('',#4065,1.);
#4065 = DIRECTION('',(-0.,1.));
#4066 = ( GEOMETRIC_REPRESENTATION_CONTEXT(2) 
PARAMETRIC_REPRESENTATION_CONTEXT() REPRESENTATION_CONTEXT('2D SPACE',''
  ) );
#4067 = ORIENTED_EDGE('',*,*,#2240,.T.);
#4068 = ORIENTED_EDGE('',*,*,#3993,.F.);
#4069 = ADVANCED_FACE('',(#4070),#2138,.F.);
#4070 = FACE_BOUND('',#4071,.F.);
#4071 = EDGE_LOOP('',(#4072,#4073,#4094,#4095));
#4072 = ORIENTED_EDGE('',*,*,#2600,.F.);
#4073 = ORIENTED_EDGE('',*,*,#4074,.T.);
#4074 = EDGE_CURVE('',#2577,#2094,#4075,.T.);
#4075 = SURFACE_CURVE('',#4076,(#4080,#4087),.PCURVE_S1.);
#4076 = LINE('',#4077,#4078);
#4077 = CARTESIAN_POINT('',(-321.,336.,-16.));
#4078 = VECTOR('',#4079,1.);
#4079 = DIRECTION('',(0.,0.,1.));
#4080 = PCURVE('',#2138,#4081);
#4081 = DEFINITIONAL_REPRESENTATION('',(#4082),#4086);
#4082 = LINE('',#4083,#4084);
#4083 = CARTESIAN_POINT('',(0.,6.));
#4084 = VECTOR('',#4085,1.);
#4085 = DIRECTION('',(1.,0.));
#4086 = ( GEOMETRIC_REPRESENTATION_CONTEXT(2) 
PARAMETRIC_REPRESENTATION_CONTEXT() REPRESENTATION_CONTEXT('2D SPACE',''
  ) );
#4087 = PCURVE('',#2110,#4088);
#4088 = DEFINITIONAL_REPRESENTATION('',(#4089),#4093);
#4089 = LINE('',#4090,#4091);
#4090 = CARTESIAN_POINT('',(1.570796326795,0.));
#4091 = VECTOR('',#4092,1.);
#4092 = DIRECTION('',(0.,1.));
#4093 = ( GEOMETRIC_REPRESENTATION_CONTEXT(2) 
PARAMETRIC_REPRESENTATION_CONTEXT() REPRESENTATION_CONTEXT('2D SPACE',''
  ) );
#4094 = ORIENTED_EDGE('',*,*,#2122,.T.);
#4095 = ORIENTED_EDGE('',*,*,#4020,.F.);
#4096 = ADVANCED_FACE('',(#4097),#2287,.T.);
#4097 = FACE_BOUND('',#4098,.F.);
#4098 = EDGE_LOOP('',(#4099,#4100,#4101,#4102));
#4099 = ORIENTED_EDGE('',*,*,#2721,.T.);
#4100 = ORIENTED_EDGE('',*,*,#4047,.T.);
#4101 = ORIENTED_EDGE('',*,*,#2268,.F.);
#4102 = ORIENTED_EDGE('',*,*,#4103,.F.);
#4103 = EDGE_CURVE('',#2554,#2066,#4104,.T.);
#4104 = SURFACE_CURVE('',#4105,(#4109,#4116),.PCURVE_S1.);
#4105 = LINE('',#4106,#4107);
#4106 = CARTESIAN_POINT('',(-327.,378.,-16.));
#4107 = VECTOR('',#4108,1.);
#4108 = DIRECTION('',(0.,0.,1.));
#4109 = PCURVE('',#2287,#4110);
#4110 = DEFINITIONAL_REPRESENTATION('',(#4111),#4115);
#4111 = LINE('',#4112,#4113);
#4112 = CARTESIAN_POINT('',(-0.,0.));
#4113 = VECTOR('',#4114,1.);
#4114 = DIRECTION('',(-0.,1.));
#4115 = ( GEOMETRIC_REPRESENTATION_CONTEXT(2) 
PARAMETRIC_REPRESENTATION_CONTEXT() REPRESENTATION_CONTEXT('2D SPACE',''
  ) );
#4116 = PCURVE('',#2081,#4117);
#4117 = DEFINITIONAL_REPRESENTATION('',(#4118),#4122);
#4118 = LINE('',#4119,#4120);
#4119 = CARTESIAN_POINT('',(0.,-42.));
#4120 = VECTOR('',#4121,1.);
#4121 = DIRECTION('',(1.,0.));
#4122 = ( GEOMETRIC_REPRESENTATION_CONTEXT(2) 
PARAMETRIC_REPRESENTATION_CONTEXT() REPRESENTATION_CONTEXT('2D SPACE',''
  ) );
#4123 = ADVANCED_FACE('',(#4124),#2110,.T.);
#4124 = FACE_BOUND('',#4125,.T.);
#4125 = EDGE_LOOP('',(#4126,#4127,#4128,#4129));
#4126 = ORIENTED_EDGE('',*,*,#2576,.T.);
#4127 = ORIENTED_EDGE('',*,*,#4074,.T.);
#4128 = ORIENTED_EDGE('',*,*,#2093,.F.);
#4129 = ORIENTED_EDGE('',*,*,#4130,.F.);
#4130 = EDGE_CURVE('',#2552,#2064,#4131,.T.);
#4131 = SURFACE_CURVE('',#4132,(#4136,#4143),.PCURVE_S1.);
#4132 = LINE('',#4133,#4134);
#4133 = CARTESIAN_POINT('',(-327.,342.,-16.));
#4134 = VECTOR('',#4135,1.);
#4135 = DIRECTION('',(0.,0.,1.));
#4136 = PCURVE('',#2110,#4137);
#4137 = DEFINITIONAL_REPRESENTATION('',(#4138),#4142);
#4138 = LINE('',#4139,#4140);
#4139 = CARTESIAN_POINT('',(0.,0.));
#4140 = VECTOR('',#4141,1.);
#4141 = DIRECTION('',(0.,1.));
#4142 = ( GEOMETRIC_REPRESENTATION_CONTEXT(2) 
PARAMETRIC_REPRESENTATION_CONTEXT() REPRESENTATION_CONTEXT('2D SPACE',''
  ) );
#4143 = PCURVE('',#2081,#4144);
#4144 = DEFINITIONAL_REPRESENTATION('',(#4145),#4149);
#4145 = LINE('',#4146,#4147);
#4146 = CARTESIAN_POINT('',(0.,-6.));
#4147 = VECTOR('',#4148,1.);
#4148 = DIRECTION('',(1.,0.));
#4149 = ( GEOMETRIC_REPRESENTATION_CONTEXT(2) 
PARAMETRIC_REPRESENTATION_CONTEXT() REPRESENTATION_CONTEXT('2D SPACE',''
  ) );
#4150 = ADVANCED_FACE('',(#4151),#2081,.F.);
#4151 = FACE_BOUND('',#4152,.F.);
#4152 = EDGE_LOOP('',(#4153,#4154,#4155,#4156));
#4153 = ORIENTED_EDGE('',*,*,#2063,.F.);
#4154 = ORIENTED_EDGE('',*,*,#4130,.F.);
#4155 = ORIENTED_EDGE('',*,*,#2551,.T.);
#4156 = ORIENTED_EDGE('',*,*,#4103,.T.);
#4157 = ADVANCED_FACE('',(#4158),#1527,.T.);
#4158 = FACE_BOUND('',#4159,.T.);
#4159 = EDGE_LOOP('',(#4160,#4161));
#4160 = ORIENTED_EDGE('',*,*,#1512,.F.);
#4161 = ORIENTED_EDGE('',*,*,#4162,.T.);
#4162 = EDGE_CURVE('',#1448,#1513,#4163,.T.);
#4163 = SURFACE_CURVE('',#4164,(#4169,#4176),.PCURVE_S1.);
#4164 = CIRCLE('',#4165,5.5);
#4165 = AXIS2_PLACEMENT_3D('',#4166,#4167,#4168);
#4166 = CARTESIAN_POINT('',(-303.,360.,-18.));
#4167 = DIRECTION('',(0.,0.,1.));
#4168 = DIRECTION('',(1.,0.,0.));
#4169 = PCURVE('',#1527,#4170);
#4170 = DEFINITIONAL_REPRESENTATION('',(#4171),#4175);
#4171 = CIRCLE('',#4172,5.5);
#4172 = AXIS2_PLACEMENT_2D('',#4173,#4174);
#4173 = CARTESIAN_POINT('',(0.,5.684341886081E-14));
#4174 = DIRECTION('',(1.,0.));
#4175 = ( GEOMETRIC_REPRESENTATION_CONTEXT(2) 
PARAMETRIC_REPRESENTATION_CONTEXT() REPRESENTATION_CONTEXT('2D SPACE',''
  ) );
#4176 = PCURVE('',#1421,#4177);
#4177 = DEFINITIONAL_REPRESENTATION('',(#4178),#4182);
#4178 = LINE('',#4179,#4180);
#4179 = CARTESIAN_POINT('',(-0.,0.));
#4180 = VECTOR('',#4181,1.);
#4181 = DIRECTION('',(-1.,0.));
#4182 = ( GEOMETRIC_REPRESENTATION_CONTEXT(2) 
PARAMETRIC_REPRESENTATION_CONTEXT() REPRESENTATION_CONTEXT('2D SPACE',''
  ) );
#4183 = ADVANCED_FACE('',(#4184),#1421,.F.);
#4184 = FACE_BOUND('',#4185,.T.);
#4185 = EDGE_LOOP('',(#4186,#4187,#4208,#4209,#4231,#4232,#4233,#4234,
    #4235));
#4186 = ORIENTED_EDGE('',*,*,#2340,.F.);
#4187 = ORIENTED_EDGE('',*,*,#4188,.F.);
#4188 = EDGE_CURVE('',#1378,#2341,#4189,.T.);
#4189 = SEAM_CURVE('',#4190,(#4194,#4201),.PCURVE_S1.);
#4190 = LINE('',#4191,#4192);
#4191 = CARTESIAN_POINT('',(-297.5,360.,-18.));
#4192 = VECTOR('',#4193,1.);
#4193 = DIRECTION('',(0.,0.,1.));
#4194 = PCURVE('',#1421,#4195);
#4195 = DEFINITIONAL_REPRESENTATION('',(#4196),#4200);
#4196 = LINE('',#4197,#4198);
#4197 = CARTESIAN_POINT('',(-0.,0.));
#4198 = VECTOR('',#4199,1.);
#4199 = DIRECTION('',(-0.,-1.));
#4200 = ( GEOMETRIC_REPRESENTATION_CONTEXT(2) 
PARAMETRIC_REPRESENTATION_CONTEXT() REPRESENTATION_CONTEXT('2D SPACE',''
  ) );
#4201 = PCURVE('',#1421,#4202);
#4202 = DEFINITIONAL_REPRESENTATION('',(#4203),#4207);
#4203 = LINE('',#4204,#4205);
#4204 = CARTESIAN_POINT('',(-6.28318530718,0.));
#4205 = VECTOR('',#4206,1.);
#4206 = DIRECTION('',(-0.,-1.));
#4207 = ( GEOMETRIC_REPRESENTATION_CONTEXT(2) 
PARAMETRIC_REPRESENTATION_CONTEXT() REPRESENTATION_CONTEXT('2D SPACE',''
  ) );
#4208 = ORIENTED_EDGE('',*,*,#1377,.F.);
#4209 = ORIENTED_EDGE('',*,*,#4210,.F.);
#4210 = EDGE_CURVE('',#1352,#1350,#4211,.T.);
#4211 = SURFACE_CURVE('',#4212,(#4217,#4224),.PCURVE_S1.);
#4212 = CIRCLE('',#4213,5.5);
#4213 = AXIS2_PLACEMENT_3D('',#4214,#4215,#4216);
#4214 = CARTESIAN_POINT('',(-303.,360.,-18.));
#4215 = DIRECTION('',(0.,0.,1.));
#4216 = DIRECTION('',(1.,0.,0.));
#4217 = PCURVE('',#1421,#4218);
#4218 = DEFINITIONAL_REPRESENTATION('',(#4219),#4223);
#4219 = LINE('',#4220,#4221);
#4220 = CARTESIAN_POINT('',(-0.,0.));
#4221 = VECTOR('',#4222,1.);
#4222 = DIRECTION('',(-1.,0.));
#4223 = ( GEOMETRIC_REPRESENTATION_CONTEXT(2) 
PARAMETRIC_REPRESENTATION_CONTEXT() REPRESENTATION_CONTEXT('2D SPACE',''
  ) );
#4224 = PCURVE('',#1366,#4225);
#4225 = DEFINITIONAL_REPRESENTATION('',(#4226),#4230);
#4226 = CIRCLE('',#4227,5.5);
#4227 = AXIS2_PLACEMENT_2D('',#4228,#4229);
#4228 = CARTESIAN_POINT('',(0.,5.684341886081E-14));
#4229 = DIRECTION('',(1.,0.));
#4230 = ( GEOMETRIC_REPRESENTATION_CONTEXT(2) 
PARAMETRIC_REPRESENTATION_CONTEXT() REPRESENTATION_CONTEXT('2D SPACE',''
  ) );
#4231 = ORIENTED_EDGE('',*,*,#1538,.F.);
#4232 = ORIENTED_EDGE('',*,*,#4162,.F.);
#4233 = ORIENTED_EDGE('',*,*,#1447,.F.);
#4234 = ORIENTED_EDGE('',*,*,#4188,.T.);
#4235 = ORIENTED_EDGE('',*,*,#2370,.F.);
#4236 = ADVANCED_FACE('',(#4237),#1366,.T.);
#4237 = FACE_BOUND('',#4238,.T.);
#4238 = EDGE_LOOP('',(#4239,#4240));
#4239 = ORIENTED_EDGE('',*,*,#4210,.T.);
#4240 = ORIENTED_EDGE('',*,*,#1349,.T.);
#4241 = ADVANCED_FACE('',(#4242),#1246,.F.);
#4242 = FACE_BOUND('',#4243,.T.);
#4243 = EDGE_LOOP('',(#4244,#4245,#4266,#4267,#4268));
#4244 = ORIENTED_EDGE('',*,*,#2398,.F.);
#4245 = ORIENTED_EDGE('',*,*,#4246,.F.);
#4246 = EDGE_CURVE('',#1053,#2399,#4247,.T.);
#4247 = SEAM_CURVE('',#4248,(#4252,#4259),.PCURVE_S1.);
#4248 = LINE('',#4249,#4250);
#4249 = CARTESIAN_POINT('',(-288.8,360.,-24.));
#4250 = VECTOR('',#4251,1.);
#4251 = DIRECTION('',(0.,0.,1.));
#4252 = PCURVE('',#1246,#4253);
#4253 = DEFINITIONAL_REPRESENTATION('',(#4254),#4258);
#4254 = LINE('',#4255,#4256);
#4255 = CARTESIAN_POINT('',(-0.,0.));
#4256 = VECTOR('',#4257,1.);
#4257 = DIRECTION('',(-0.,-1.));
#4258 = ( GEOMETRIC_REPRESENTATION_CONTEXT(2) 
PARAMETRIC_REPRESENTATION_CONTEXT() REPRESENTATION_CONTEXT('2D SPACE',''
  ) );
#4259 = PCURVE('',#1246,#4260);
#4260 = DEFINITIONAL_REPRESENTATION('',(#4261),#4265);
#4261 = LINE('',#4262,#4263);
#4262 = CARTESIAN_POINT('',(-6.28318530718,0.));
#4263 = VECTOR('',#4264,1.);
#4264 = DIRECTION('',(-0.,-1.));
#4265 = ( GEOMETRIC_REPRESENTATION_CONTEXT(2) 
PARAMETRIC_REPRESENTATION_CONTEXT() REPRESENTATION_CONTEXT('2D SPACE',''
  ) );
#4266 = ORIENTED_EDGE('',*,*,#1052,.F.);
#4267 = ORIENTED_EDGE('',*,*,#4246,.T.);
#4268 = ORIENTED_EDGE('',*,*,#2428,.F.);
#4269 = ADVANCED_FACE('',(#4270,#4312,#4315),#1039,.F.);
#4270 = FACE_BOUND('',#4271,.F.);
#4271 = EDGE_LOOP('',(#4272,#4273,#4292,#4293));
#4272 = ORIENTED_EDGE('',*,*,#3872,.T.);
#4273 = ORIENTED_EDGE('',*,*,#4274,.T.);
#4274 = EDGE_CURVE('',#3850,#1003,#4275,.T.);
#4275 = SURFACE_CURVE('',#4276,(#4280,#4286),.PCURVE_S1.);
#4276 = LINE('',#4277,#4278);
#4277 = CARTESIAN_POINT('',(-321.,360.75,-37.5));
#4278 = VECTOR('',#4279,1.);
#4279 = DIRECTION('',(0.,0.,1.));
#4280 = PCURVE('',#1039,#4281);
#4281 = DEFINITIONAL_REPRESENTATION('',(#4282),#4285);
#4282 = B_SPLINE_CURVE_WITH_KNOTS('',1,(#4283,#4284),.UNSPECIFIED.,.F.,
  .F.,(2,2),(-8.5,12.5),.PIECEWISE_BEZIER_KNOTS.);
#4283 = CARTESIAN_POINT('',(4.,2.));
#4284 = CARTESIAN_POINT('',(25.,2.));
#4285 = ( GEOMETRIC_REPRESENTATION_CONTEXT(2) 
PARAMETRIC_REPRESENTATION_CONTEXT() REPRESENTATION_CONTEXT('2D SPACE',''
  ) );
#4286 = PCURVE('',#45,#4287);
#4287 = DEFINITIONAL_REPRESENTATION('',(#4288),#4291);
#4288 = B_SPLINE_CURVE_WITH_KNOTS('',1,(#4289,#4290),.UNSPECIFIED.,.F.,
  .F.,(2,2),(-8.5,12.5),.PIECEWISE_BEZIER_KNOTS.);
#4289 = CARTESIAN_POINT('',(-21.,-0.75));
#4290 = CARTESIAN_POINT('',(-3.552713678801E-15,-0.75));
#4291 = ( GEOMETRIC_REPRESENTATION_CONTEXT(2) 
PARAMETRIC_REPRESENTATION_CONTEXT() REPRESENTATION_CONTEXT('2D SPACE',''
  ) );
#4292 = ORIENTED_EDGE('',*,*,#1026,.F.);
#4293 = ORIENTED_EDGE('',*,*,#4294,.F.);
#4294 = EDGE_CURVE('',#3873,#974,#4295,.T.);
#4295 = SURFACE_CURVE('',#4296,(#4300,#4306),.PCURVE_S1.);
#4296 = LINE('',#4297,#4298);
#4297 = CARTESIAN_POINT('',(-285.,360.75,-37.5));
#4298 = VECTOR('',#4299,1.);
#4299 = DIRECTION('',(0.,0.,1.));
#4300 = PCURVE('',#1039,#4301);
#4301 = DEFINITIONAL_REPRESENTATION('',(#4302),#4305);
#4302 = B_SPLINE_CURVE_WITH_KNOTS('',1,(#4303,#4304),.UNSPECIFIED.,.F.,
  .F.,(2,2),(-8.5,12.5),.PIECEWISE_BEZIER_KNOTS.);
#4303 = CARTESIAN_POINT('',(4.,38.));
#4304 = CARTESIAN_POINT('',(25.,38.));
#4305 = ( GEOMETRIC_REPRESENTATION_CONTEXT(2) 
PARAMETRIC_REPRESENTATION_CONTEXT() REPRESENTATION_CONTEXT('2D SPACE',''
  ) );
#4306 = PCURVE('',#100,#4307);
#4307 = DEFINITIONAL_REPRESENTATION('',(#4308),#4311);
#4308 = B_SPLINE_CURVE_WITH_KNOTS('',1,(#4309,#4310),.UNSPECIFIED.,.F.,
  .F.,(2,2),(-8.5,12.5),.PIECEWISE_BEZIER_KNOTS.);
#4309 = CARTESIAN_POINT('',(-21.,-0.75));
#4310 = CARTESIAN_POINT('',(-3.552713678801E-15,-0.75));
#4311 = ( GEOMETRIC_REPRESENTATION_CONTEXT(2) 
PARAMETRIC_REPRESENTATION_CONTEXT() REPRESENTATION_CONTEXT('2D SPACE',''
  ) );
#4312 = FACE_BOUND('',#4313,.F.);
#4313 = EDGE_LOOP('',(#4314));
#4314 = ORIENTED_EDGE('',*,*,#3823,.F.);
#4315 = FACE_BOUND('',#4316,.F.);
#4316 = EDGE_LOOP('',(#4317));
#4317 = ORIENTED_EDGE('',*,*,#3773,.F.);
#4318 = ADVANCED_FACE('',(#4319),#751,.F.);
#4319 = FACE_BOUND('',#4320,.T.);
#4320 = EDGE_LOOP('',(#4321,#4322,#4343,#4344));
#4321 = ORIENTED_EDGE('',*,*,#943,.T.);
#4322 = ORIENTED_EDGE('',*,*,#4323,.T.);
#4323 = EDGE_CURVE('',#944,#735,#4324,.T.);
#4324 = SEAM_CURVE('',#4325,(#4329,#4336),.PCURVE_S1.);
#4325 = LINE('',#4326,#4327);
#4326 = CARTESIAN_POINT('',(-310.35,370.,-41.5));
#4327 = VECTOR('',#4328,1.);
#4328 = DIRECTION('',(0.,-1.,0.));
#4329 = PCURVE('',#751,#4330);
#4330 = DEFINITIONAL_REPRESENTATION('',(#4331),#4335);
#4331 = LINE('',#4332,#4333);
#4332 = CARTESIAN_POINT('',(-6.28318530718,0.));
#4333 = VECTOR('',#4334,1.);
#4334 = DIRECTION('',(-0.,-1.));
#4335 = ( GEOMETRIC_REPRESENTATION_CONTEXT(2) 
PARAMETRIC_REPRESENTATION_CONTEXT() REPRESENTATION_CONTEXT('2D SPACE',''
  ) );
#4336 = PCURVE('',#751,#4337);
#4337 = DEFINITIONAL_REPRESENTATION('',(#4338),#4342);
#4338 = LINE('',#4339,#4340);
#4339 = CARTESIAN_POINT('',(-0.,0.));
#4340 = VECTOR('',#4341,1.);
#4341 = DIRECTION('',(-0.,-1.));
#4342 = ( GEOMETRIC_REPRESENTATION_CONTEXT(2) 
PARAMETRIC_REPRESENTATION_CONTEXT() REPRESENTATION_CONTEXT('2D SPACE',''
  ) );
#4343 = ORIENTED_EDGE('',*,*,#734,.F.);
#4344 = ORIENTED_EDGE('',*,*,#4323,.F.);
#4345 = ADVANCED_FACE('',(#4346),#677,.F.);
#4346 = FACE_BOUND('',#4347,.F.);
#4347 = EDGE_LOOP('',(#4348,#4369,#4370,#4391));
#4348 = ORIENTED_EDGE('',*,*,#4349,.F.);
#4349 = EDGE_CURVE('',#660,#855,#4350,.T.);
#4350 = SURFACE_CURVE('',#4351,(#4355,#4362),.PCURVE_S1.);
#4351 = LINE('',#4352,#4353);
#4352 = CARTESIAN_POINT('',(-321.,354.,-46.));
#4353 = VECTOR('',#4354,1.);
#4354 = DIRECTION('',(0.,1.,0.));
#4355 = PCURVE('',#677,#4356);
#4356 = DEFINITIONAL_REPRESENTATION('',(#4357),#4361);
#4357 = LINE('',#4358,#4359);
#4358 = CARTESIAN_POINT('',(0.,0.));
#4359 = VECTOR('',#4360,1.);
#4360 = DIRECTION('',(0.,1.));
#4361 = ( GEOMETRIC_REPRESENTATION_CONTEXT(2) 
PARAMETRIC_REPRESENTATION_CONTEXT() REPRESENTATION_CONTEXT('2D SPACE',''
  ) );
#4362 = PCURVE('',#45,#4363);
#4363 = DEFINITIONAL_REPRESENTATION('',(#4364),#4368);
#4364 = LINE('',#4365,#4366);
#4365 = CARTESIAN_POINT('',(-21.,6.));
#4366 = VECTOR('',#4367,1.);
#4367 = DIRECTION('',(0.,-1.));
#4368 = ( GEOMETRIC_REPRESENTATION_CONTEXT(2) 
PARAMETRIC_REPRESENTATION_CONTEXT() REPRESENTATION_CONTEXT('2D SPACE',''
  ) );
#4369 = ORIENTED_EDGE('',*,*,#659,.T.);
#4370 = ORIENTED_EDGE('',*,*,#4371,.T.);
#4371 = EDGE_CURVE('',#662,#853,#4372,.T.);
#4372 = SURFACE_CURVE('',#4373,(#4377,#4384),.PCURVE_S1.);
#4373 = LINE('',#4374,#4375);
#4374 = CARTESIAN_POINT('',(-285.,354.,-46.));
#4375 = VECTOR('',#4376,1.);
#4376 = DIRECTION('',(0.,1.,0.));
#4377 = PCURVE('',#677,#4378);
#4378 = DEFINITIONAL_REPRESENTATION('',(#4379),#4383);
#4379 = LINE('',#4380,#4381);
#4380 = CARTESIAN_POINT('',(36.,0.));
#4381 = VECTOR('',#4382,1.);
#4382 = DIRECTION('',(0.,1.));
#4383 = ( GEOMETRIC_REPRESENTATION_CONTEXT(2) 
PARAMETRIC_REPRESENTATION_CONTEXT() REPRESENTATION_CONTEXT('2D SPACE',''
  ) );
#4384 = PCURVE('',#100,#4385);
#4385 = DEFINITIONAL_REPRESENTATION('',(#4386),#4390);
#4386 = LINE('',#4387,#4388);
#4387 = CARTESIAN_POINT('',(-21.,6.));
#4388 = VECTOR('',#4389,1.);
#4389 = DIRECTION('',(0.,-1.));
#4390 = ( GEOMETRIC_REPRESENTATION_CONTEXT(2) 
PARAMETRIC_REPRESENTATION_CONTEXT() REPRESENTATION_CONTEXT('2D SPACE',''
  ) );
#4391 = ORIENTED_EDGE('',*,*,#852,.T.);
#4392 = ADVANCED_FACE('',(#4393),#100,.T.);
#4393 = FACE_BOUND('',#4394,.T.);
#4394 = EDGE_LOOP('',(#4395,#4396,#4397,#4398,#4419,#4420,#4421,#4422,
    #4423,#4424,#4425,#4426,#4427,#4428));
#4395 = ORIENTED_EDGE('',*,*,#3006,.F.);
#4396 = ORIENTED_EDGE('',*,*,#2882,.T.);
#4397 = ORIENTED_EDGE('',*,*,#2809,.T.);
#4398 = ORIENTED_EDGE('',*,*,#4399,.F.);
#4399 = EDGE_CURVE('',#58,#2810,#4400,.T.);
#4400 = SURFACE_CURVE('',#4401,(#4405,#4412),.PCURVE_S1.);
#4401 = LINE('',#4402,#4403);
#4402 = CARTESIAN_POINT('',(-285.,350.,-25.));
#4403 = VECTOR('',#4404,1.);
#4404 = DIRECTION('',(0.,0.,1.));
#4405 = PCURVE('',#100,#4406);
#4406 = DEFINITIONAL_REPRESENTATION('',(#4407),#4411);
#4407 = LINE('',#4408,#4409);
#4408 = CARTESIAN_POINT('',(-3.552713678801E-15,10.));
#4409 = VECTOR('',#4410,1.);
#4410 = DIRECTION('',(1.,0.));
#4411 = ( GEOMETRIC_REPRESENTATION_CONTEXT(2) 
PARAMETRIC_REPRESENTATION_CONTEXT() REPRESENTATION_CONTEXT('2D SPACE',''
  ) );
#4412 = PCURVE('',#72,#4413);
#4413 = DEFINITIONAL_REPRESENTATION('',(#4414),#4418);
#4414 = LINE('',#4415,#4416);
#4415 = CARTESIAN_POINT('',(0.,36.));
#4416 = VECTOR('',#4417,1.);
#4417 = DIRECTION('',(1.,0.));
#4418 = ( GEOMETRIC_REPRESENTATION_CONTEXT(2) 
PARAMETRIC_REPRESENTATION_CONTEXT() REPRESENTATION_CONTEXT('2D SPACE',''
  ) );
#4419 = ORIENTED_EDGE('',*,*,#83,.F.);
#4420 = ORIENTED_EDGE('',*,*,#634,.F.);
#4421 = ORIENTED_EDGE('',*,*,#711,.F.);
#4422 = ORIENTED_EDGE('',*,*,#4371,.T.);
#4423 = ORIENTED_EDGE('',*,*,#922,.T.);
#4424 = ORIENTED_EDGE('',*,*,#973,.T.);
#4425 = ORIENTED_EDGE('',*,*,#4294,.F.);
#4426 = ORIENTED_EDGE('',*,*,#3893,.T.);
#4427 = ORIENTED_EDGE('',*,*,#3663,.T.);
#4428 = ORIENTED_EDGE('',*,*,#3559,.F.);
#4429 = ADVANCED_FACE('',(#4430),#72,.F.);
#4430 = FACE_BOUND('',#4431,.F.);
#4431 = EDGE_LOOP('',(#4432,#4433,#4434,#4455));
#4432 = ORIENTED_EDGE('',*,*,#4399,.F.);
#4433 = ORIENTED_EDGE('',*,*,#57,.T.);
#4434 = ORIENTED_EDGE('',*,*,#4435,.T.);
#4435 = EDGE_CURVE('',#22,#2833,#4436,.T.);
#4436 = SURFACE_CURVE('',#4437,(#4441,#4448),.PCURVE_S1.);
#4437 = LINE('',#4438,#4439);
#4438 = CARTESIAN_POINT('',(-321.,350.,-25.));
#4439 = VECTOR('',#4440,1.);
#4440 = DIRECTION('',(0.,0.,1.));
#4441 = PCURVE('',#72,#4442);
#4442 = DEFINITIONAL_REPRESENTATION('',(#4443),#4447);
#4443 = LINE('',#4444,#4445);
#4444 = CARTESIAN_POINT('',(0.,0.));
#4445 = VECTOR('',#4446,1.);
#4446 = DIRECTION('',(1.,0.));
#4447 = ( GEOMETRIC_REPRESENTATION_CONTEXT(2) 
PARAMETRIC_REPRESENTATION_CONTEXT() REPRESENTATION_CONTEXT('2D SPACE',''
  ) );
#4448 = PCURVE('',#45,#4449);
#4449 = DEFINITIONAL_REPRESENTATION('',(#4450),#4454);
#4450 = LINE('',#4451,#4452);
#4451 = CARTESIAN_POINT('',(-3.552713678801E-15,10.));
#4452 = VECTOR('',#4453,1.);
#4453 = DIRECTION('',(1.,0.));
#4454 = ( GEOMETRIC_REPRESENTATION_CONTEXT(2) 
PARAMETRIC_REPRESENTATION_CONTEXT() REPRESENTATION_CONTEXT('2D SPACE',''
  ) );
#4455 = ORIENTED_EDGE('',*,*,#2832,.T.);
#4456 = ADVANCED_FACE('',(#4457),#45,.F.);
#4457 = FACE_BOUND('',#4458,.F.);
#4458 = EDGE_LOOP('',(#4459,#4460,#4461,#4462,#4463,#4464,#4465,#4466,
    #4467,#4468,#4469,#4470,#4471,#4472));
#4459 = ORIENTED_EDGE('',*,*,#4435,.F.);
#4460 = ORIENTED_EDGE('',*,*,#21,.T.);
#4461 = ORIENTED_EDGE('',*,*,#583,.F.);
#4462 = ORIENTED_EDGE('',*,*,#689,.F.);
#4463 = ORIENTED_EDGE('',*,*,#4349,.T.);
#4464 = ORIENTED_EDGE('',*,*,#875,.T.);
#4465 = ORIENTED_EDGE('',*,*,#1002,.F.);
#4466 = ORIENTED_EDGE('',*,*,#4274,.F.);
#4467 = ORIENTED_EDGE('',*,*,#3849,.T.);
#4468 = ORIENTED_EDGE('',*,*,#3641,.T.);
#4469 = ORIENTED_EDGE('',*,*,#3535,.F.);
#4470 = ORIENTED_EDGE('',*,*,#2956,.T.);
#4471 = ORIENTED_EDGE('',*,*,#2931,.T.);
#4472 = ORIENTED_EDGE('',*,*,#2855,.F.);
#4473 = ( GEOMETRIC_REPRESENTATION_CONTEXT(3) 
GLOBAL_UNCERTAINTY_ASSIGNED_CONTEXT((#4477)) 
GLOBAL_UNIT_ASSIGNED_CONTEXT((#4474,#4475,#4476)) REPRESENTATION_CONTEXT
('Context #1','3D Context with UNIT and UNCERTAINTY') );
#4474 = ( LENGTH_UNIT() NAMED_UNIT(*) SI_UNIT(.MILLI.,.METRE.) );
#4475 = ( NAMED_UNIT(*) PLANE_ANGLE_UNIT() SI_UNIT($,.RADIAN.) );
#4476 = ( NAMED_UNIT(*) SI_UNIT($,.STERADIAN.) SOLID_ANGLE_UNIT() );
#4477 = UNCERTAINTY_MEASURE_WITH_UNIT(LENGTH_MEASURE(1.E-07),#4474,
  'distance_accuracy_value','confusion accuracy');
#4478 = PRODUCT_RELATED_PRODUCT_CATEGORY('part',$,(#7));
ENDSEC;
END-ISO-10303-21;
