ISO-10303-21;
HEADER;
FILE_DESCRIPTION(('Open CASCADE Model'),'2;1');
FILE_NAME('Open CASCADE Shape Model','2026-10-04T19:44:14',('Author'),(
    'Open CASCADE'),'Open CASCADE STEP processor 7.9','Open CASCADE 7.9'
  ,'Unknown');
FILE_SCHEMA(('AUTOMOTIVE_DESIGN { 1 0 10303 214 1 1 1 1 }'));
ENDSEC;
DATA;
#1 = APPLICATION_PROTOCOL_DEFINITION('international standard',
  'automotive_design',2000,#2);
#2 = APPLICATION_CONTEXT(
  'core data for automotive mechanical design processes');
#3 = SHAPE_DEFINITION_REPRESENTATION(#4,#10);
#4 = PRODUCT_DEFINITION_SHAPE('','',#5);
#5 = PRODUCT_DEFINITION('design','',#6,#9);
#6 = PRODUCT_DEFINITION_FORMATION('','',#7);
#7 = PRODUCT('Open CASCADE STEP translator 7.9 24',
  'Open CASCADE STEP translator 7.9 24','',(#8));
#8 = PRODUCT_CONTEXT('',#2,'mechanical');
#9 = PRODUCT_DEFINITION_CONTEXT('part definition',#2,'design');
#10 = ADVANCED_BREP_SHAPE_REPRESENTATION('',(#11,#15),#5613);
#11 = AXIS2_PLACEMENT_3D('',#12,#13,#14);
#12 = CARTESIAN_POINT('',(0.,0.,0.));
#13 = DIRECTION('',(0.,0.,1.));
#14 = DIRECTION('',(1.,0.,-0.));
#15 = MANIFOLD_SOLID_BREP('',#16);
#16 = CLOSED_SHELL('',(#17,#572,#1270,#1408,#3109,#4908,#4935,#4962,
    #4989,#5016,#5043,#5051,#5106,#5133,#5188,#5215,#5242,#5297,#5344,
    #5372,#5399,#5426,#5453,#5480,#5508,#5515,#5542,#5597,#5601,#5605,
    #5609));
#17 = ADVANCED_FACE('',(#18),#32,.F.);
#18 = FACE_BOUND('',#19,.F.);
#19 = EDGE_LOOP('',(#20,#55,#83,#376,#546));
#20 = ORIENTED_EDGE('',*,*,#21,.F.);
#21 = EDGE_CURVE('',#22,#24,#26,.T.);
#22 = VERTEX_POINT('',#23);
#23 = CARTESIAN_POINT('',(-170.,-35.,-96.));
#24 = VERTEX_POINT('',#25);
#25 = CARTESIAN_POINT('',(-110.,-35.,-96.));
#26 = SURFACE_CURVE('',#27,(#31,#43),.PCURVE_S1.);
#27 = LINE('',#28,#29);
#28 = CARTESIAN_POINT('',(-178.,-35.,-96.));
#29 = VECTOR('',#30,1.);
#30 = DIRECTION('',(1.,0.,0.));
#31 = PCURVE('',#32,#37);
#32 = PLANE('',#33);
#33 = AXIS2_PLACEMENT_3D('',#34,#35,#36);
#34 = CARTESIAN_POINT('',(-178.,-35.,-96.));
#35 = DIRECTION('',(0.,1.,0.));
#36 = DIRECTION('',(1.,0.,0.));
#37 = DEFINITIONAL_REPRESENTATION('',(#38),#42);
#38 = LINE('',#39,#40);
#39 = CARTESIAN_POINT('',(0.,0.));
#40 = VECTOR('',#41,1.);
#41 = DIRECTION('',(1.,0.));
#42 = ( GEOMETRIC_REPRESENTATION_CONTEXT(2) 
PARAMETRIC_REPRESENTATION_CONTEXT() REPRESENTATION_CONTEXT('2D SPACE',''
  ) );
#43 = PCURVE('',#44,#49);
#44 = PLANE('',#45);
#45 = AXIS2_PLACEMENT_3D('',#46,#47,#48);
#46 = CARTESIAN_POINT('',(-140.,0.,-96.));
#47 = DIRECTION('',(0.,0.,1.));
#48 = DIRECTION('',(1.,0.,-0.));
#49 = DEFINITIONAL_REPRESENTATION('',(#50),#54);
#50 = LINE('',#51,#52);
#51 = CARTESIAN_POINT('',(-38.,-35.));
#52 = VECTOR('',#53,1.);
#53 = DIRECTION('',(1.,0.));
#54 = ( GEOMETRIC_REPRESENTATION_CONTEXT(2) 
PARAMETRIC_REPRESENTATION_CONTEXT() REPRESENTATION_CONTEXT('2D SPACE',''
  ) );
#55 = ORIENTED_EDGE('',*,*,#56,.T.);
#56 = EDGE_CURVE('',#22,#57,#59,.T.);
#57 = VERTEX_POINT('',#58);
#58 = CARTESIAN_POINT('',(-170.,-35.,-80.03785824438));
#59 = SURFACE_CURVE('',#60,(#64,#71),.PCURVE_S1.);
#60 = LINE('',#61,#62);
#61 = CARTESIAN_POINT('',(-170.,-35.,-96.));
#62 = VECTOR('',#63,1.);
#63 = DIRECTION('',(0.,0.,1.));
#64 = PCURVE('',#32,#65);
#65 = DEFINITIONAL_REPRESENTATION('',(#66),#70);
#66 = LINE('',#67,#68);
#67 = CARTESIAN_POINT('',(8.,0.));
#68 = VECTOR('',#69,1.);
#69 = DIRECTION('',(0.,-1.));
#70 = ( GEOMETRIC_REPRESENTATION_CONTEXT(2) 
PARAMETRIC_REPRESENTATION_CONTEXT() REPRESENTATION_CONTEXT('2D SPACE',''
  ) );
#71 = PCURVE('',#72,#77);
#72 = CYLINDRICAL_SURFACE('',#73,8.);
#73 = AXIS2_PLACEMENT_3D('',#74,#75,#76);
#74 = CARTESIAN_POINT('',(-170.,-27.,-96.));
#75 = DIRECTION('',(0.,0.,1.));
#76 = DIRECTION('',(0.,-1.,0.));
#77 = DEFINITIONAL_REPRESENTATION('',(#78),#82);
#78 = LINE('',#79,#80);
#79 = CARTESIAN_POINT('',(-0.,0.));
#80 = VECTOR('',#81,1.);
#81 = DIRECTION('',(-0.,1.));
#82 = ( GEOMETRIC_REPRESENTATION_CONTEXT(2) 
PARAMETRIC_REPRESENTATION_CONTEXT() REPRESENTATION_CONTEXT('2D SPACE',''
  ) );
#83 = ORIENTED_EDGE('',*,*,#84,.T.);
#84 = EDGE_CURVE('',#57,#85,#87,.T.);
#85 = VERTEX_POINT('',#86);
#86 = CARTESIAN_POINT('',(-130.,-35.,-82.42086584317));
#87 = SURFACE_CURVE('',#88,(#97,#109),.PCURVE_S1.);
#88 = B_SPLINE_CURVE_WITH_KNOTS('',4,(#89,#90,#91,#92,#93,#94,#95,#96),
  .UNSPECIFIED.,.F.,.F.,(5,3,5),(0.,0.50060682496,1.),.UNSPECIFIED.);
#89 = CARTESIAN_POINT('',(-170.,-35.,-80.03785824438));
#90 = CARTESIAN_POINT('',(-164.9946541249,-35.,-80.33806684824));
#91 = CARTESIAN_POINT('',(-159.9890483507,-35.,-80.63759831185));
#92 = CARTESIAN_POINT('',(-154.9831977953,-35.,-80.9364683318));
#93 = CARTESIAN_POINT('',(-144.983169897,-35.,-81.5321889643));
#94 = CARTESIAN_POINT('',(-139.9889936845,-35.,-81.82904273414));
#95 = CARTESIAN_POINT('',(-134.9945999564,-35.,-82.12526460847));
#96 = CARTESIAN_POINT('',(-130.,-35.,-82.42086584317));
#97 = PCURVE('',#32,#98);
#98 = DEFINITIONAL_REPRESENTATION('',(#99),#108);
#99 = B_SPLINE_CURVE_WITH_KNOTS('',4,(#100,#101,#102,#103,#104,#105,#106
    ,#107),.UNSPECIFIED.,.F.,.F.,(5,3,5),(0.,0.50060682496,1.),
  .UNSPECIFIED.);
#100 = CARTESIAN_POINT('',(8.,-15.96214175562));
#101 = CARTESIAN_POINT('',(13.005345875018,-15.66193315175));
#102 = CARTESIAN_POINT('',(18.010951649235,-15.36240168814));
#103 = CARTESIAN_POINT('',(23.016802204682,-15.06353166819));
#104 = CARTESIAN_POINT('',(33.016830102944,-14.46781103569));
#105 = CARTESIAN_POINT('',(38.011006315406,-14.17095726585));
#106 = CARTESIAN_POINT('',(43.005400043534,-13.87473539152));
#107 = CARTESIAN_POINT('',(48.,-13.57913415682));
#108 = ( GEOMETRIC_REPRESENTATION_CONTEXT(2) 
PARAMETRIC_REPRESENTATION_CONTEXT() REPRESENTATION_CONTEXT('2D SPACE',''
  ) );
#109 = PCURVE('',#110,#365);
#110 = B_SPLINE_SURFACE_WITH_KNOTS('',3,1,(
    (#111,#112)
    ,(#113,#114)
    ,(#115,#116)
    ,(#117,#118)
    ,(#119,#120)
    ,(#121,#122)
    ,(#123,#124)
    ,(#125,#126)
    ,(#127,#128)
    ,(#129,#130)
    ,(#131,#132)
    ,(#133,#134)
    ,(#135,#136)
    ,(#137,#138)
    ,(#139,#140)
    ,(#141,#142)
    ,(#143,#144)
    ,(#145,#146)
    ,(#147,#148)
    ,(#149,#150)
    ,(#151,#152)
    ,(#153,#154)
    ,(#155,#156)
    ,(#157,#158)
    ,(#159,#160)
    ,(#161,#162)
    ,(#163,#164)
    ,(#165,#166)
    ,(#167,#168)
    ,(#169,#170)
    ,(#171,#172)
    ,(#173,#174)
    ,(#175,#176)
    ,(#177,#178)
    ,(#179,#180)
    ,(#181,#182)
    ,(#183,#184)
    ,(#185,#186)
    ,(#187,#188)
    ,(#189,#190)
    ,(#191,#192)
    ,(#193,#194)
    ,(#195,#196)
    ,(#197,#198)
    ,(#199,#200)
    ,(#201,#202)
    ,(#203,#204)
    ,(#205,#206)
    ,(#207,#208)
    ,(#209,#210)
    ,(#211,#212)
    ,(#213,#214)
    ,(#215,#216)
    ,(#217,#218)
    ,(#219,#220)
    ,(#221,#222)
    ,(#223,#224)
    ,(#225,#226)
    ,(#227,#228)
    ,(#229,#230)
    ,(#231,#232)
    ,(#233,#234)
    ,(#235,#236)
    ,(#237,#238)
    ,(#239,#240)
    ,(#241,#242)
    ,(#243,#244)
    ,(#245,#246)
    ,(#247,#248)
    ,(#249,#250)
    ,(#251,#252)
    ,(#253,#254)
    ,(#255,#256)
    ,(#257,#258)
    ,(#259,#260)
    ,(#261,#262)
    ,(#263,#264)
    ,(#265,#266)
    ,(#267,#268)
    ,(#269,#270)
    ,(#271,#272)
    ,(#273,#274)
    ,(#275,#276)
    ,(#277,#278)
    ,(#279,#280)
    ,(#281,#282)
    ,(#283,#284)
    ,(#285,#286)
    ,(#287,#288)
    ,(#289,#290)
    ,(#291,#292)
    ,(#293,#294)
    ,(#295,#296)
    ,(#297,#298)
    ,(#299,#300)
    ,(#301,#302)
    ,(#303,#304)
    ,(#305,#306)
    ,(#307,#308)
    ,(#309,#310)
    ,(#311,#312)
    ,(#313,#314)
    ,(#315,#316)
    ,(#317,#318)
    ,(#319,#320)
    ,(#321,#322)
    ,(#323,#324)
    ,(#325,#326)
    ,(#327,#328)
    ,(#329,#330)
    ,(#331,#332)
    ,(#333,#334)
    ,(#335,#336)
    ,(#337,#338)
    ,(#339,#340)
    ,(#341,#342)
    ,(#343,#344)
    ,(#345,#346)
    ,(#347,#348)
    ,(#349,#350)
    ,(#351,#352)
    ,(#353,#354)
    ,(#355,#356)
    ,(#357,#358)
    ,(#359,#360)
    ,(#361,#362)
    ,(#363,#364
    )),.UNSPECIFIED.,.T.,.F.,.F.,(1,1,2,1,1,1,1,1,1,1,1,1,1,1,1,1,1,1,1,
    1,1,1,1,1,1,1,1,1,1,1,1,1,1,1,1,1,1,1,1,1,1,1,1,1,1,1,1,1,1,1,1,1,1,
    1,1,1,1,1,1,1,1,1,1,1,1,1,1,1,1,1,1,1,1,1,1,1,1,1,1,1,1,1,1,1,1,1,1,
    1,1,1,1,1,1,1,1,1,1,1,1,1,1,1,1,1,1,1,1,1,1,1,1,1,1,1,1,1,1,1,1,1,1,
    1,1,1,1,1,2,1,1),(2,2),(-12.543819359,-12.34898614747,0.,
    12.348986147477,12.543819359003,19.559234930758,19.866587821058,
    25.553615661232,25.951281832135,30.856345402446,31.328168013365,
    35.700193279331,36.231167766714,40.228749367641,40.803452957058,
    44.551049156802,45.153123802104,48.762189452839,49.374383240351,
    52.952660452601,53.55722667795,57.213622913707,57.792889532723,
    61.641916695269,62.178799707703,66.34861666642,66.826833424625,
    71.478322265497,71.882030314271,77.261247239495,77.573559490177,
    84.207611480946,84.405665853083,96.099432924927,107.7931999985,
    107.99125437064,114.62530636141,114.93761861209,120.31683553732,
    120.72054358609,125.37203242696,125.85024918517,130.02006614388,
    130.55694915632,134.40597631886,134.98524293788,138.64163917364,
    139.24620539899,142.82448261124,143.43667639875,147.04574204948,
    147.64781669479,151.39541289453,151.97011648395,155.96769808487,
    156.49867257226,160.87069783822,161.34252044914,166.24758401945,
    166.64525019036,172.33227803053,172.63963092083,179.65504649258,
    179.84987970411,192.19886585015,204.54785199906,204.74268521059,
    211.75810078235,212.06545367265,217.75248151282,218.15014768372,
    223.05521125403,223.52703386495,227.89905913092,228.4300336183,
    232.42761521923,233.00231880864,236.74991500839,237.35198965369,
    240.96105530443,241.57324909194,245.15152630419,245.75609252954,
    249.41248876529,249.99175538431,253.84078254686,254.37766555929,
    258.54748251801,259.02569927621,263.67718811708,264.08089616586,
    269.46011309108,269.77242534176,276.40647733253,276.60453170467,
    288.29829877558,299.9920658501,300.19012022223,306.824172213,
    307.13648446368,312.51570138891,312.91940943768,317.57089827855,
    318.04911503676,322.21893199548,322.75581500791,326.60484217046,
    327.18410878947,330.84050502523,331.44507125058,335.02334846283,
    335.63554225034,339.24460790107,339.84668254638,343.59427874612,
    344.16898233554,348.16656393646,348.69753842385,353.06956368981,
    353.54138630073,358.44644987104,358.84411604195,364.53114388212,
    364.83849677242,371.85391234418,372.0487455557,384.39773170318,
    396.74671785066,396.94155106218),(0.,1.),.UNSPECIFIED.);
#111 = CARTESIAN_POINT('',(-190.,52.004648715279,-34.81475127793));
#112 = CARTESIAN_POINT('',(-130.,55.005133901551,-33.10398937018));
#113 = CARTESIAN_POINT('',(-190.,51.995351284721,-27.18524872206));
#114 = CARTESIAN_POINT('',(-130.,54.994866098449,-24.89601062982));
#115 = CARTESIAN_POINT('',(-190.,51.999564449214,-23.28599976568));
#116 = CARTESIAN_POINT('',(-130.,54.999342093567,-20.7030751568));
#117 = CARTESIAN_POINT('',(-190.,51.731484180241,-17.22608057349));
#118 = CARTESIAN_POINT('',(-130.,54.729106654334,-14.18419702356));
#119 = CARTESIAN_POINT('',(-190.,51.566788033144,-14.90151467799));
#120 = CARTESIAN_POINT('',(-130.,54.562977668726,-11.68307197177));
#121 = CARTESIAN_POINT('',(-190.,51.111253837447,-10.8950752065));
#122 = CARTESIAN_POINT('',(-130.,54.103260666024,-7.370609666506));
#123 = CARTESIAN_POINT('',(-190.,50.817618116752,-8.933774017943));
#124 = CARTESIAN_POINT('',(-130.,53.807018169289,-5.25833727403));
#125 = CARTESIAN_POINT('',(-190.,50.150894782951,-5.592584702251));
#126 = CARTESIAN_POINT('',(-130.,53.133917290579,-1.656202199379));
#127 = CARTESIAN_POINT('',(-190.,49.725144608581,-3.852017928062));
#128 = CARTESIAN_POINT('',(-130.,52.703929546033,0.222464186816));
#129 = CARTESIAN_POINT('',(-190.,48.84995165749,-0.958913016879));
#130 = CARTESIAN_POINT('',(-130.,51.818850355342,3.350531162004));
#131 = CARTESIAN_POINT('',(-190.,48.288573131549,0.612172568417));
#132 = CARTESIAN_POINT('',(-130.,51.250475793144,5.052527283013));
#133 = CARTESIAN_POINT('',(-190.,47.208517716072,3.151940017374));
#134 = CARTESIAN_POINT('',(-130.,50.154644779152,7.811144385519));
#135 = CARTESIAN_POINT('',(-190.,46.50881767192,4.573568619643));
#136 = CARTESIAN_POINT('',(-130.,49.443179915809,9.359723206417));
#137 = CARTESIAN_POINT('',(-190.,45.226081973778,6.812148528059));
#138 = CARTESIAN_POINT('',(-130.,48.134919748987,11.806866221135));
#139 = CARTESIAN_POINT('',(-190.,44.387301023079,8.090893503818));
#140 = CARTESIAN_POINT('',(-130.,47.276656373205,13.210058719815));
#141 = CARTESIAN_POINT('',(-190.,42.901243543937,10.061598391869));
#142 = CARTESIAN_POINT('',(-130.,45.750167049185,15.381953358015));
#143 = CARTESIAN_POINT('',(-190.,41.924843648748,11.197848539402));
#144 = CARTESIAN_POINT('',(-130.,44.743004851349,16.639815776055));
#145 = CARTESIAN_POINT('',(-190.,40.230317644647,12.923985566261));
#146 = CARTESIAN_POINT('',(-130.,42.987280491813,18.559826421351));
#147 = CARTESIAN_POINT('',(-190.,39.119472718856,13.916151379189));
#148 = CARTESIAN_POINT('',(-130.,41.830927895897,19.668638861191));
#149 = CARTESIAN_POINT('',(-190.,37.205000642033,15.414533988409));
#150 = CARTESIAN_POINT('',(-130.,39.82890317731,21.350989823067));
#151 = CARTESIAN_POINT('',(-190.,35.963006060845,16.261600201242));
#152 = CARTESIAN_POINT('',(-130.,38.524116009732,22.306266840211));
#153 = CARTESIAN_POINT('',(-190.,33.808599769687,17.543774974634));
#154 = CARTESIAN_POINT('',(-130.,36.25135890901,23.758009688163));
#155 = CARTESIAN_POINT('',(-190.,32.43618420277,18.246566762188));
#156 = CARTESIAN_POINT('',(-130.,34.797714415435,24.556680460235));
#157 = CARTESIAN_POINT('',(-190.,30.009837597797,19.319309877142));
#158 = CARTESIAN_POINT('',(-130.,32.219132830958,25.779362082349));
#159 = CARTESIAN_POINT('',(-190.,28.501162305781,19.880669742207));
#160 = CARTESIAN_POINT('',(-130.,30.610778287274,26.420926702036));
#161 = CARTESIAN_POINT('',(-190.,25.751000489774,20.746590955629));
#162 = CARTESIAN_POINT('',(-130.,27.671935292576,27.412338492065));
#163 = CARTESIAN_POINT('',(-190.,24.086803822669,21.170828522656));
#164 = CARTESIAN_POINT('',(-130.,25.889723614987,27.898916473865));
#165 = CARTESIAN_POINT('',(-190.,20.91977972246,21.829441952887));
#166 = CARTESIAN_POINT('',(-130.,22.493189206727,28.654895977569));
#167 = CARTESIAN_POINT('',(-190.,19.051293069827,22.121360126389));
#168 = CARTESIAN_POINT('',(-130.,20.486727362518,28.990301756739));
#169 = CARTESIAN_POINT('',(-190.,15.257057140312,22.571071290968));
#170 = CARTESIAN_POINT('',(-130.,16.409422232788,29.507026142034));
#171 = CARTESIAN_POINT('',(-190.,13.046975114435,22.734000595381));
#172 = CARTESIAN_POINT('',(-130.,14.032976609462,29.694321332832));
#173 = CARTESIAN_POINT('',(-190.,7.311605844042,23.000428167344));
#174 = CARTESIAN_POINT('',(-130.,7.864649239788,30.000479378057));
#175 = CARTESIAN_POINT('',(-190.,2.644833241305E-10,22.999578963644));
#176 = CARTESIAN_POINT('',(-130.,2.795067578815E-10,29.999528605828));
#177 = CARTESIAN_POINT('',(-190.,-7.311605843494,23.00042816734));
#178 = CARTESIAN_POINT('',(-130.,-7.864649239208,30.000479378056));
#179 = CARTESIAN_POINT('',(-190.,-13.04697511444,22.734000595397));
#180 = CARTESIAN_POINT('',(-130.,-14.03297660946,29.69432133285));
#181 = CARTESIAN_POINT('',(-190.,-15.25705714033,22.57107129102));
#182 = CARTESIAN_POINT('',(-130.,-16.4094222328,29.507026142087));
#183 = CARTESIAN_POINT('',(-190.,-19.05129306981,22.121360126352));
#184 = CARTESIAN_POINT('',(-130.,-20.4867273625,28.990301756689));
#185 = CARTESIAN_POINT('',(-190.,-20.9197797224,21.829441952742));
#186 = CARTESIAN_POINT('',(-130.,-22.49318920667,28.654895977421));
#187 = CARTESIAN_POINT('',(-190.,-24.0868038227,21.170828522754));
#188 = CARTESIAN_POINT('',(-130.,-25.88972361504,27.898916474025));
#189 = CARTESIAN_POINT('',(-190.,-25.75100048992,20.746590956073));
#190 = CARTESIAN_POINT('',(-130.,-27.67193529275,27.41233849252));
#191 = CARTESIAN_POINT('',(-190.,-28.50116230568,19.880669741927));
#192 = CARTESIAN_POINT('',(-130.,-30.61077828706,26.420926701493));
#193 = CARTESIAN_POINT('',(-190.,-30.00983759729,19.319309875709));
#194 = CARTESIAN_POINT('',(-130.,-32.21913283039,25.779362080875));
#195 = CARTESIAN_POINT('',(-190.,-32.43618420306,18.246566763036));
#196 = CARTESIAN_POINT('',(-130.,-34.79771441616,24.556680462149));
#197 = CARTESIAN_POINT('',(-190.,-33.80859977136,17.543774979443));
#198 = CARTESIAN_POINT('',(-130.,-36.2513589109,23.758009693127));
#199 = CARTESIAN_POINT('',(-190.,-35.9630060599,16.261600198539));
#200 = CARTESIAN_POINT('',(-130.,-38.52411600708,22.306266833291));
#201 = CARTESIAN_POINT('',(-190.,-37.20500063616,15.414533971636));
#202 = CARTESIAN_POINT('',(-130.,-39.82890317068,21.350989805721));
#203 = CARTESIAN_POINT('',(-190.,-39.11947272207,13.916151388393));
#204 = CARTESIAN_POINT('',(-130.,-41.83092790565,19.668638886721));
#205 = CARTESIAN_POINT('',(-190.,-40.23031766589,12.923985627028));
#206 = CARTESIAN_POINT('',(-130.,-42.98728051586,18.559826484311));
#207 = CARTESIAN_POINT('',(-190.,-41.92484363691,11.197848505561));
#208 = CARTESIAN_POINT('',(-130.,-44.74300481469,16.639815680085));
#209 = CARTESIAN_POINT('',(-190.,-42.90124346394,10.061598163118));
#210 = CARTESIAN_POINT('',(-130.,-45.75016695846,15.381953120526));
#211 = CARTESIAN_POINT('',(-190.,-44.38730107012,8.090893638349));
#212 = CARTESIAN_POINT('',(-130.,-47.27665651343,13.210059086906));
#213 = CARTESIAN_POINT('',(-190.,-45.22608228638,6.812149422036));
#214 = CARTESIAN_POINT('',(-130.,-48.13492010416,11.806867150952));
#215 = CARTESIAN_POINT('',(-190.,-46.50881747147,4.573568046422));
#216 = CARTESIAN_POINT('',(-130.,-49.44317937008,9.359721777786));
#217 = CARTESIAN_POINT('',(-190.,-47.20851644997,3.151936396658));
#218 = CARTESIAN_POINT('',(-130.,-50.1546433394,7.811140616453));
#219 = CARTESIAN_POINT('',(-190.,-48.28857403446,0.612175150545));
#220 = CARTESIAN_POINT('',(-130.,-51.25047795725,5.052532948358));
#221 = CARTESIAN_POINT('',(-190.,-48.8499569659,-0.958897836133));
#222 = CARTESIAN_POINT('',(-130.,-51.8188563864,3.350546950519));
#223 = CARTESIAN_POINT('',(-190.,-49.7251403547,-3.852030093086));
#224 = CARTESIAN_POINT('',(-130.,-52.70392075916,0.22244118397));
#225 = CARTESIAN_POINT('',(-190.,-50.15087168464,-5.592650757691));
#226 = CARTESIAN_POINT('',(-130.,-53.13389112982,-1.656270684767));
#227 = CARTESIAN_POINT('',(-190.,-50.81763908696,-8.933714048336));
#228 = CARTESIAN_POINT('',(-130.,-53.80705515608,-5.258240447505));
#229 = CARTESIAN_POINT('',(-190.,-51.11135945032,-10.89477317986));
#230 = CARTESIAN_POINT('',(-130.,-54.10337962627,-7.37029824439));
#231 = CARTESIAN_POINT('',(-190.,-51.56667665252,-14.90183319895));
#232 = CARTESIAN_POINT('',(-130.,-54.56281027215,-11.68351019374));
#233 = CARTESIAN_POINT('',(-190.,-51.73095326548,-17.22759885803));
#234 = CARTESIAN_POINT('',(-130.,-54.72851330534,-14.18575033232));
#235 = CARTESIAN_POINT('',(-190.,-52.00043401752,-23.28351301547));
#236 = CARTESIAN_POINT('',(-130.,-55.00044811132,-20.70017974882));
#237 = CARTESIAN_POINT('',(-190.,-51.9995727237,-30.99999999955));
#238 = CARTESIAN_POINT('',(-130.,-54.9995588488,-28.99999999951));
#239 = CARTESIAN_POINT('',(-190.,-52.00043401757,-38.71648698364));
#240 = CARTESIAN_POINT('',(-130.,-55.00044811137,-37.2998202502));
#241 = CARTESIAN_POINT('',(-190.,-51.73095326548,-44.77240114196));
#242 = CARTESIAN_POINT('',(-130.,-54.72851330534,-43.81424966767));
#243 = CARTESIAN_POINT('',(-190.,-51.56667665252,-47.09816680104));
#244 = CARTESIAN_POINT('',(-130.,-54.56281027215,-46.31648980625));
#245 = CARTESIAN_POINT('',(-190.,-51.11135945032,-51.10522682013));
#246 = CARTESIAN_POINT('',(-130.,-54.10337962627,-50.62970175561));
#247 = CARTESIAN_POINT('',(-190.,-50.81763908696,-53.06628595166));
#248 = CARTESIAN_POINT('',(-130.,-53.80705515608,-52.74175955249));
#249 = CARTESIAN_POINT('',(-190.,-50.15087168464,-56.4073492423));
#250 = CARTESIAN_POINT('',(-130.,-53.13389112982,-56.34372931523));
#251 = CARTESIAN_POINT('',(-190.,-49.7251403547,-58.14796990691));
#252 = CARTESIAN_POINT('',(-130.,-52.70392075916,-58.22244118397));
#253 = CARTESIAN_POINT('',(-190.,-48.8499569659,-61.04110216386));
#254 = CARTESIAN_POINT('',(-130.,-51.8188563864,-61.35054695051));
#255 = CARTESIAN_POINT('',(-190.,-48.28857403446,-62.61217515054));
#256 = CARTESIAN_POINT('',(-130.,-51.25047795725,-63.05253294835));
#257 = CARTESIAN_POINT('',(-190.,-47.20851644997,-65.15193639665));
#258 = CARTESIAN_POINT('',(-130.,-50.1546433394,-65.81114061645));
#259 = CARTESIAN_POINT('',(-190.,-46.50881747147,-66.57356804642));
#260 = CARTESIAN_POINT('',(-130.,-49.44317937008,-67.35972177778));
#261 = CARTESIAN_POINT('',(-190.,-45.22608228638,-68.81214942203));
#262 = CARTESIAN_POINT('',(-130.,-48.13492010416,-69.80686715095));
#263 = CARTESIAN_POINT('',(-190.,-44.38730107012,-70.09089363834));
#264 = CARTESIAN_POINT('',(-130.,-47.27665651343,-71.2100590869));
#265 = CARTESIAN_POINT('',(-190.,-42.90124346394,-72.06159816311));
#266 = CARTESIAN_POINT('',(-130.,-45.75016695846,-73.38195312052));
#267 = CARTESIAN_POINT('',(-190.,-41.92484363691,-73.19784850556));
#268 = CARTESIAN_POINT('',(-130.,-44.74300481469,-74.63981568008));
#269 = CARTESIAN_POINT('',(-190.,-40.23031766589,-74.92398562702));
#270 = CARTESIAN_POINT('',(-130.,-42.98728051586,-76.55982648431));
#271 = CARTESIAN_POINT('',(-190.,-39.11947272207,-75.91615138839));
#272 = CARTESIAN_POINT('',(-130.,-41.83092790565,-77.66863888672));
#273 = CARTESIAN_POINT('',(-190.,-37.20500063616,-77.41453397163));
#274 = CARTESIAN_POINT('',(-130.,-39.82890317068,-79.35098980572));
#275 = CARTESIAN_POINT('',(-190.,-35.9630060599,-78.26160019853));
#276 = CARTESIAN_POINT('',(-130.,-38.52411600708,-80.30626683329));
#277 = CARTESIAN_POINT('',(-190.,-33.80859977136,-79.54377497944));
#278 = CARTESIAN_POINT('',(-130.,-36.2513589109,-81.75800969312));
#279 = CARTESIAN_POINT('',(-190.,-32.43618420306,-80.24656676303));
#280 = CARTESIAN_POINT('',(-130.,-34.79771441616,-82.55668046214));
#281 = CARTESIAN_POINT('',(-190.,-30.00983759729,-81.3193098757));
#282 = CARTESIAN_POINT('',(-130.,-32.21913283039,-83.77936208087));
#283 = CARTESIAN_POINT('',(-190.,-28.50116230568,-81.88066974192));
#284 = CARTESIAN_POINT('',(-130.,-30.61077828706,-84.42092670149));
#285 = CARTESIAN_POINT('',(-190.,-25.75100048992,-82.74659095607));
#286 = CARTESIAN_POINT('',(-130.,-27.67193529275,-85.41233849252));
#287 = CARTESIAN_POINT('',(-190.,-24.0868038227,-83.17082852275));
#288 = CARTESIAN_POINT('',(-130.,-25.88972361504,-85.89891647402));
#289 = CARTESIAN_POINT('',(-190.,-20.9197797224,-83.82944195274));
#290 = CARTESIAN_POINT('',(-130.,-22.49318920667,-86.65489597742));
#291 = CARTESIAN_POINT('',(-190.,-19.05129306981,-84.12136012635));
#292 = CARTESIAN_POINT('',(-130.,-20.48672736249,-86.99030175668));
#293 = CARTESIAN_POINT('',(-190.,-15.25705714033,-84.57107129102));
#294 = CARTESIAN_POINT('',(-130.,-16.4094222328,-87.50702614208));
#295 = CARTESIAN_POINT('',(-190.,-13.04697511444,-84.73400059539));
#296 = CARTESIAN_POINT('',(-130.,-14.03297660946,-87.69432133285));
#297 = CARTESIAN_POINT('',(-190.,-7.311605844321,-85.00042816729));
#298 = CARTESIAN_POINT('',(-130.,-7.864649240083,-88.000479378));
#299 = CARTESIAN_POINT('',(-190.,-5.554689208598E-10,-84.99957896364));
#300 = CARTESIAN_POINT('',(-130.,-5.872821341796E-10,-87.99952860582));
#301 = CARTESIAN_POINT('',(-190.,7.311605843192,-85.00042816738));
#302 = CARTESIAN_POINT('',(-130.,7.864649238889,-88.0004793781));
#303 = CARTESIAN_POINT('',(-190.,13.046975114446,-84.73400059537));
#304 = CARTESIAN_POINT('',(-130.,14.032976609476,-87.69432133283));
#305 = CARTESIAN_POINT('',(-190.,15.257057140349,-84.57107129096));
#306 = CARTESIAN_POINT('',(-130.,16.409422232828,-87.50702614203));
#307 = CARTESIAN_POINT('',(-190.,19.051293069802,-84.12136012638));
#308 = CARTESIAN_POINT('',(-130.,20.48672736248,-86.99030175674));
#309 = CARTESIAN_POINT('',(-190.,20.919779722358,-83.82944195288));
#310 = CARTESIAN_POINT('',(-130.,22.493189206614,-86.65489597756));
#311 = CARTESIAN_POINT('',(-190.,24.086803822737,-83.17082852265));
#312 = CARTESIAN_POINT('',(-130.,25.889723615109,-85.89891647386));
#313 = CARTESIAN_POINT('',(-190.,25.751000490084,-82.74659095562));
#314 = CARTESIAN_POINT('',(-130.,27.671935292924,-85.41233849206));
#315 = CARTESIAN_POINT('',(-190.,28.501162305585,-81.8806697422));
#316 = CARTESIAN_POINT('',(-130.,30.610778286859,-84.42092670203));
#317 = CARTESIAN_POINT('',(-190.,30.009837596795,-81.31930987714));
#318 = CARTESIAN_POINT('',(-130.,32.219132829831,-83.77936208234));
#319 = CARTESIAN_POINT('',(-190.,32.436184203363,-80.24656676218));
#320 = CARTESIAN_POINT('',(-130.,34.797714416897,-82.55668046023));
#321 = CARTESIAN_POINT('',(-190.,33.808599773051,-79.54377497463));
#322 = CARTESIAN_POINT('',(-130.,36.251358912802,-81.75800968816));
#323 = CARTESIAN_POINT('',(-190.,35.963006058955,-78.26160020124));
#324 = CARTESIAN_POINT('',(-130.,38.524116004446,-80.30626684021));
#325 = CARTESIAN_POINT('',(-190.,37.205000630302,-77.4145339884));
#326 = CARTESIAN_POINT('',(-130.,39.828903164058,-79.35098982306));
#327 = CARTESIAN_POINT('',(-190.,39.119472725293,-75.91615137918));
#328 = CARTESIAN_POINT('',(-130.,41.830927915402,-77.66863886119));
#329 = CARTESIAN_POINT('',(-190.,40.230317687146,-74.92398556626));
#330 = CARTESIAN_POINT('',(-130.,42.987280539913,-76.55982642135));
#331 = CARTESIAN_POINT('',(-190.,41.92484362508,-73.1978485394));
#332 = CARTESIAN_POINT('',(-130.,44.74300477803,-74.63981577605));
#333 = CARTESIAN_POINT('',(-190.,42.901243383957,-72.06159839186));
#334 = CARTESIAN_POINT('',(-130.,45.750166867748,-73.38195335801));
#335 = CARTESIAN_POINT('',(-190.,44.387301117165,-70.09089350381));
#336 = CARTESIAN_POINT('',(-130.,47.276656653656,-71.21005871981));
#337 = CARTESIAN_POINT('',(-190.,45.226082598991,-68.81214852805));
#338 = CARTESIAN_POINT('',(-130.,48.13492045935,-69.80686622113));
#339 = CARTESIAN_POINT('',(-190.,46.508817271031,-66.57356861964));
#340 = CARTESIAN_POINT('',(-130.,49.443178824363,-67.35972320641));
#341 = CARTESIAN_POINT('',(-190.,47.208515183883,-65.15194001737));
#342 = CARTESIAN_POINT('',(-130.,50.154641899658,-65.81114438551));
#343 = CARTESIAN_POINT('',(-190.,48.28857493739,-62.61217256841));
#344 = CARTESIAN_POINT('',(-130.,51.250480121358,-63.05252728301));
#345 = CARTESIAN_POINT('',(-190.,48.849962274316,-61.04108698312));
#346 = CARTESIAN_POINT('',(-130.,51.818862417464,-61.350531162));
#347 = CARTESIAN_POINT('',(-190.,49.725136100833,-58.14798207193));
#348 = CARTESIAN_POINT('',(-130.,52.703911972301,-58.22246418681));
#349 = CARTESIAN_POINT('',(-190.,50.15084858633,-56.40741529774));
#350 = CARTESIAN_POINT('',(-130.,53.133864969062,-56.34379780062));
#351 = CARTESIAN_POINT('',(-190.,50.817660057177,-53.06622598205));
#352 = CARTESIAN_POINT('',(-130.,53.807092142889,-52.74166272597));
#353 = CARTESIAN_POINT('',(-190.,51.111465063205,-51.10492479349));
#354 = CARTESIAN_POINT('',(-130.,54.103498586523,-50.62939033349));
#355 = CARTESIAN_POINT('',(-190.,51.566565271899,-47.098485322));
#356 = CARTESIAN_POINT('',(-130.,54.562642875575,-46.31692802822));
#357 = CARTESIAN_POINT('',(-190.,51.730422350721,-44.7739194265));
#358 = CARTESIAN_POINT('',(-130.,54.727919956349,-43.81580297643));
#359 = CARTESIAN_POINT('',(-190.,52.001303585885,-38.71400023431));
#360 = CARTESIAN_POINT('',(-130.,55.001554129136,-37.29692484319));
#361 = CARTESIAN_POINT('',(-190.,52.004648715279,-34.81475127793));
#362 = CARTESIAN_POINT('',(-130.,55.005133901551,-33.10398937018));
#363 = CARTESIAN_POINT('',(-190.,51.995351284721,-27.18524872206));
#364 = CARTESIAN_POINT('',(-130.,54.994866098449,-24.89601062982));
#365 = DEFINITIONAL_REPRESENTATION('',(#366),#375);
#366 = B_SPLINE_CURVE_WITH_KNOTS('',4,(#367,#368,#369,#370,#371,#372,
    #373,#374),.UNSPECIFIED.,.F.,.F.,(5,3,5),(0.,0.50060682496,1.),
  .UNSPECIFIED.);
#367 = CARTESIAN_POINT('',(250.61097806371,0.333333333333));
#368 = CARTESIAN_POINT('',(250.85942586758,0.416755764584));
#369 = CARTESIAN_POINT('',(251.10345423679,0.500182527487));
#370 = CARTESIAN_POINT('',(251.34322833817,0.583613370078));
#371 = CARTESIAN_POINT('',(251.81400140366,0.750280501716));
#372 = CARTESIAN_POINT('',(252.04502019615,0.833516771923));
#373 = CARTESIAN_POINT('',(252.27210794798,0.916756667392));
#374 = CARTESIAN_POINT('',(252.49540329069,1.));
#375 = ( GEOMETRIC_REPRESENTATION_CONTEXT(2) 
PARAMETRIC_REPRESENTATION_CONTEXT() REPRESENTATION_CONTEXT('2D SPACE',''
  ) );
#376 = ORIENTED_EDGE('',*,*,#377,.T.);
#377 = EDGE_CURVE('',#85,#378,#380,.T.);
#378 = VERTEX_POINT('',#379);
#379 = CARTESIAN_POINT('',(-110.,-35.,-82.42086584317));
#380 = SURFACE_CURVE('',#381,(#389,#400),.PCURVE_S1.);
#381 = B_SPLINE_CURVE_WITH_KNOTS('',3,(#382,#383,#384,#385,#386,#387,
    #388),.UNSPECIFIED.,.F.,.F.,(4,1,1,1,4),(0.,0.2485,0.51475,0.76325,
    1.),.UNSPECIFIED.);
#382 = CARTESIAN_POINT('',(-130.,-35.,-82.42086584317));
#383 = CARTESIAN_POINT('',(-128.3433333333,-35.,-82.42086584317));
#384 = CARTESIAN_POINT('',(-124.9116666666,-35.,-82.42086584317));
#385 = CARTESIAN_POINT('',(-119.8233333333,-35.,-82.42086584317));
#386 = CARTESIAN_POINT('',(-114.8133333333,-35.,-82.42086584317));
#387 = CARTESIAN_POINT('',(-111.5783333333,-35.,-82.42086584317));
#388 = CARTESIAN_POINT('',(-110.,-35.,-82.42086584317));
#389 = PCURVE('',#32,#390);
#390 = DEFINITIONAL_REPRESENTATION('',(#391),#399);
#391 = B_SPLINE_CURVE_WITH_KNOTS('',3,(#392,#393,#394,#395,#396,#397,
    #398),.UNSPECIFIED.,.F.,.F.,(4,1,1,1,4),(0.,0.2485,0.51475,0.76325,
    1.),.UNSPECIFIED.);
#392 = CARTESIAN_POINT('',(48.,-13.57913415682));
#393 = CARTESIAN_POINT('',(49.656666666667,-13.57913415682));
#394 = CARTESIAN_POINT('',(53.088333333333,-13.57913415682));
#395 = CARTESIAN_POINT('',(58.176666666667,-13.57913415682));
#396 = CARTESIAN_POINT('',(63.186666666667,-13.57913415682));
#397 = CARTESIAN_POINT('',(66.421666666667,-13.57913415682));
#398 = CARTESIAN_POINT('',(68.,-13.57913415682));
#399 = ( GEOMETRIC_REPRESENTATION_CONTEXT(2) 
PARAMETRIC_REPRESENTATION_CONTEXT() REPRESENTATION_CONTEXT('2D SPACE',''
  ) );
#400 = PCURVE('',#401,#536);
#401 = B_SPLINE_SURFACE_WITH_KNOTS('',3,1,(
    (#402,#403)
    ,(#404,#405)
    ,(#406,#407)
    ,(#408,#409)
    ,(#410,#411)
    ,(#412,#413)
    ,(#414,#415)
    ,(#416,#417)
    ,(#418,#419)
    ,(#420,#421)
    ,(#422,#423)
    ,(#424,#425)
    ,(#426,#427)
    ,(#428,#429)
    ,(#430,#431)
    ,(#432,#433)
    ,(#434,#435)
    ,(#436,#437)
    ,(#438,#439)
    ,(#440,#441)
    ,(#442,#443)
    ,(#444,#445)
    ,(#446,#447)
    ,(#448,#449)
    ,(#450,#451)
    ,(#452,#453)
    ,(#454,#455)
    ,(#456,#457)
    ,(#458,#459)
    ,(#460,#461)
    ,(#462,#463)
    ,(#464,#465)
    ,(#466,#467)
    ,(#468,#469)
    ,(#470,#471)
    ,(#472,#473)
    ,(#474,#475)
    ,(#476,#477)
    ,(#478,#479)
    ,(#480,#481)
    ,(#482,#483)
    ,(#484,#485)
    ,(#486,#487)
    ,(#488,#489)
    ,(#490,#491)
    ,(#492,#493)
    ,(#494,#495)
    ,(#496,#497)
    ,(#498,#499)
    ,(#500,#501)
    ,(#502,#503)
    ,(#504,#505)
    ,(#506,#507)
    ,(#508,#509)
    ,(#510,#511)
    ,(#512,#513)
    ,(#514,#515)
    ,(#516,#517)
    ,(#518,#519)
    ,(#520,#521)
    ,(#522,#523)
    ,(#524,#525)
    ,(#526,#527)
    ,(#528,#529)
    ,(#530,#531)
    ,(#532,#533)
    ,(#534,#535
    )),.UNSPECIFIED.,.T.,.F.,.F.,(1,1,2,1,1,1,1,1,1,1,1,1,1,1,1,1,1,1,1,
    1,1,1,1,1,1,1,1,1,1,1,1,1,1,1,1,1,1,1,1,1,1,1,1,1,1,1,1,1,1,1,1,1,1,
    1,1,1,1,1,1,1,1,1,1,1,1,1,2,1,1),(2,2),(-19.86658782105,
    -12.543819359,0.,12.543819359003,19.866587821058,25.951281832135,
    31.328168013365,36.231167766714,40.803452957058,45.153123802104,
    49.374383240351,53.55722667795,57.792889532723,62.178799707703,
    66.826833424625,71.882030314271,77.573559490177,84.405665853083,
    96.099432924941,107.7931999985,114.62530636141,120.31683553732,
    125.37203242696,130.02006614388,134.40597631886,138.64163917364,
    142.82448261124,147.04574204948,151.39541289453,155.96769808487,
    160.87069783822,166.24758401945,172.33227803053,179.65504649258,
    192.19886585013,204.74268521059,212.06545367265,218.15014768372,
    223.52703386495,228.4300336183,233.00231880864,237.35198965369,
    241.57324909194,245.75609252954,249.99175538431,254.37766555929,
    259.02569927621,264.08089616586,269.77242534176,276.60453170467,
    288.29829877561,299.9920658501,306.824172213,312.51570138891,
    317.57089827855,322.21893199548,326.60484217046,330.84050502523,
    335.02334846283,339.24460790107,343.59427874612,348.16656393646,
    353.06956368981,358.44644987104,364.53114388212,371.85391234418,
    384.39773170318,396.94155106218,404.26431952424),(0.,1.),
  .UNSPECIFIED.);
#402 = CARTESIAN_POINT('',(-130.,55.00521490047,-33.16873909291));
#403 = CARTESIAN_POINT('',(225.,55.00521490047,-33.16873909291));
#404 = CARTESIAN_POINT('',(-130.,54.99478509953,-24.83126090708));
#405 = CARTESIAN_POINT('',(225.,54.99478509953,-24.83126090708));
#406 = CARTESIAN_POINT('',(-130.,55.002116221386,-18.18998981242));
#407 = CARTESIAN_POINT('',(225.,55.002116221386,-18.18998981242));
#408 = CARTESIAN_POINT('',(-130.,54.419465193175,-9.556581637765));
#409 = CARTESIAN_POINT('',(225.,54.419465193175,-9.556581637765));
#410 = CARTESIAN_POINT('',(-130.,53.535176295659,-3.350510546843));
#411 = CARTESIAN_POINT('',(225.,53.535176295659,-3.350510546843));
#412 = CARTESIAN_POINT('',(-130.,52.297387037062,1.969918974896));
#413 = CARTESIAN_POINT('',(225.,52.297387037062,1.969918974896));
#414 = CARTESIAN_POINT('',(-130.,50.702449486188,6.666179306242));
#415 = CARTESIAN_POINT('',(225.,50.702449486188,6.666179306242));
#416 = CARTESIAN_POINT('',(-130.,48.746470944603,10.849965044806));
#417 = CARTESIAN_POINT('',(225.,48.746470944603,10.849965044806));
#418 = CARTESIAN_POINT('',(-130.,46.424552071915,14.578289795393));
#419 = CARTESIAN_POINT('',(225.,46.424552071915,14.578289795393));
#420 = CARTESIAN_POINT('',(-130.,43.729894099075,17.881858884662));
#421 = CARTESIAN_POINT('',(225.,43.729894099075,17.881858884662));
#422 = CARTESIAN_POINT('',(-130.,40.652469244997,20.777477089628));
#423 = CARTESIAN_POINT('',(225.,40.652469244997,20.777477089628));
#424 = CARTESIAN_POINT('',(-130.,37.176070723009,23.274563729804));
#425 = CARTESIAN_POINT('',(225.,37.176070723009,23.274563729804));
#426 = CARTESIAN_POINT('',(-130.,33.272414202181,25.378934432911));
#427 = CARTESIAN_POINT('',(225.,33.272414202181,25.378934432911));
#428 = CARTESIAN_POINT('',(-130.,28.889366153973,27.094834851844));
#429 = CARTESIAN_POINT('',(225.,28.889366153973,27.094834851844));
#430 = CARTESIAN_POINT('',(-130.,23.923651405286,28.425940114462));
#431 = CARTESIAN_POINT('',(225.,23.923651405286,28.425940114462));
#432 = CARTESIAN_POINT('',(-130.,18.133473548716,29.376718846708));
#433 = CARTESIAN_POINT('',(225.,18.133473548716,29.376718846708));
#434 = CARTESIAN_POINT('',(-130.,10.076783649969,30.000746807143));
#435 = CARTESIAN_POINT('',(225.,10.076783649969,30.000746807143));
#436 = CARTESIAN_POINT('',(-130.,2.795067578815E-10,29.999528605828));
#437 = CARTESIAN_POINT('',(225.,2.795067578815E-10,29.999528605828));
#438 = CARTESIAN_POINT('',(-130.,-10.07678364938,30.000746807142));
#439 = CARTESIAN_POINT('',(225.,-10.07678364938,30.000746807142));
#440 = CARTESIAN_POINT('',(-130.,-18.13347354874,29.376718846791));
#441 = CARTESIAN_POINT('',(225.,-18.13347354874,29.376718846791));
#442 = CARTESIAN_POINT('',(-130.,-23.92365140519,28.425940114219));
#443 = CARTESIAN_POINT('',(225.,-23.92365140519,28.425940114219));
#444 = CARTESIAN_POINT('',(-130.,-28.88936615426,27.094834852618));
#445 = CARTESIAN_POINT('',(225.,-28.88936615426,27.094834852618));
#446 = CARTESIAN_POINT('',(-130.,-33.27241420119,25.378934430331));
#447 = CARTESIAN_POINT('',(225.,-33.27241420119,25.378934430331));
#448 = CARTESIAN_POINT('',(-130.,-37.17607072641,23.274563738727));
#449 = CARTESIAN_POINT('',(225.,-37.17607072641,23.274563738727));
#450 = CARTESIAN_POINT('',(-130.,-40.6524692328,20.777477057697));
#451 = CARTESIAN_POINT('',(225.,-40.6524692328,20.777477057697));
#452 = CARTESIAN_POINT('',(-130.,-43.72989414419,17.881859002787));
#453 = CARTESIAN_POINT('',(225.,-43.72989414419,17.881859002787));
#454 = CARTESIAN_POINT('',(-130.,-46.42455189951,14.578289344073));
#455 = CARTESIAN_POINT('',(225.,-46.42455189951,14.578289344073));
#456 = CARTESIAN_POINT('',(-130.,-48.74647162408,10.849966823594));
#457 = CARTESIAN_POINT('',(225.,-48.74647162408,10.849966823594));
#458 = CARTESIAN_POINT('',(-130.,-50.70244672596,6.666172080348));
#459 = CARTESIAN_POINT('',(225.,-50.70244672596,6.666172080348));
#460 = CARTESIAN_POINT('',(-130.,-52.29739860826,1.969949266762));
#461 = CARTESIAN_POINT('',(225.,-52.29739860826,1.969949266762));
#462 = CARTESIAN_POINT('',(-130.,-53.53512588319,-3.35064251998));
#463 = CARTESIAN_POINT('',(225.,-53.53512588319,-3.35064251998));
#464 = CARTESIAN_POINT('',(-130.,-54.41969908643,-9.555969336304));
#465 = CARTESIAN_POINT('',(225.,-54.41969908643,-9.555969336304));
#466 = CARTESIAN_POINT('',(-130.,-55.00072090478,-18.19364256519));
#467 = CARTESIAN_POINT('',(225.,-55.00072090478,-18.19364256519));
#468 = CARTESIAN_POINT('',(-130.,-54.99954481867,-28.99999999951));
#469 = CARTESIAN_POINT('',(225.,-54.99954481867,-28.99999999951));
#470 = CARTESIAN_POINT('',(-130.,-55.00072090484,-39.80635743383));
#471 = CARTESIAN_POINT('',(225.,-55.00072090484,-39.80635743383));
#472 = CARTESIAN_POINT('',(-130.,-54.41969908643,-48.44403066369));
#473 = CARTESIAN_POINT('',(225.,-54.41969908643,-48.44403066369));
#474 = CARTESIAN_POINT('',(-130.,-53.53512588319,-54.64935748002));
#475 = CARTESIAN_POINT('',(225.,-53.53512588319,-54.64935748002));
#476 = CARTESIAN_POINT('',(-130.,-52.29739860826,-59.96994926676));
#477 = CARTESIAN_POINT('',(225.,-52.29739860826,-59.96994926676));
#478 = CARTESIAN_POINT('',(-130.,-50.70244672596,-64.66617208034));
#479 = CARTESIAN_POINT('',(225.,-50.70244672596,-64.66617208034));
#480 = CARTESIAN_POINT('',(-130.,-48.74647162408,-68.84996682359));
#481 = CARTESIAN_POINT('',(225.,-48.74647162408,-68.84996682359));
#482 = CARTESIAN_POINT('',(-130.,-46.42455189951,-72.57828934407));
#483 = CARTESIAN_POINT('',(225.,-46.42455189951,-72.57828934407));
#484 = CARTESIAN_POINT('',(-130.,-43.72989414419,-75.88185900278));
#485 = CARTESIAN_POINT('',(225.,-43.72989414419,-75.88185900278));
#486 = CARTESIAN_POINT('',(-130.,-40.6524692328,-78.77747705769));
#487 = CARTESIAN_POINT('',(225.,-40.6524692328,-78.77747705769));
#488 = CARTESIAN_POINT('',(-130.,-37.17607072641,-81.27456373872));
#489 = CARTESIAN_POINT('',(225.,-37.17607072641,-81.27456373872));
#490 = CARTESIAN_POINT('',(-130.,-33.27241420119,-83.37893443033));
#491 = CARTESIAN_POINT('',(225.,-33.27241420119,-83.37893443033));
#492 = CARTESIAN_POINT('',(-130.,-28.88936615426,-85.09483485261));
#493 = CARTESIAN_POINT('',(225.,-28.88936615426,-85.09483485261));
#494 = CARTESIAN_POINT('',(-130.,-23.92365140519,-86.42594011421));
#495 = CARTESIAN_POINT('',(225.,-23.92365140519,-86.42594011421));
#496 = CARTESIAN_POINT('',(-130.,-18.13347354874,-87.37671884679));
#497 = CARTESIAN_POINT('',(225.,-18.13347354874,-87.37671884679));
#498 = CARTESIAN_POINT('',(-130.,-10.07678365026,-88.00074680708));
#499 = CARTESIAN_POINT('',(225.,-10.07678365026,-88.00074680708));
#500 = CARTESIAN_POINT('',(-130.,-5.872821341796E-10,-87.99952860582));
#501 = CARTESIAN_POINT('',(225.,-5.872821341796E-10,-87.99952860582));
#502 = CARTESIAN_POINT('',(-130.,10.07678364906,-88.0007468072));
#503 = CARTESIAN_POINT('',(225.,10.07678364906,-88.0007468072));
#504 = CARTESIAN_POINT('',(-130.,18.133473548779,-87.3767188467));
#505 = CARTESIAN_POINT('',(225.,18.133473548779,-87.3767188467));
#506 = CARTESIAN_POINT('',(-130.,23.9236514051,-86.42594011446));
#507 = CARTESIAN_POINT('',(225.,23.9236514051,-86.42594011446));
#508 = CARTESIAN_POINT('',(-130.,28.889366154564,-85.09483485184));
#509 = CARTESIAN_POINT('',(225.,28.889366154564,-85.09483485184));
#510 = CARTESIAN_POINT('',(-130.,33.27241420021,-83.37893443291));
#511 = CARTESIAN_POINT('',(225.,33.27241420021,-83.37893443291));
#512 = CARTESIAN_POINT('',(-130.,37.176070729825,-81.2745637298));
#513 = CARTESIAN_POINT('',(225.,37.176070729825,-81.2745637298));
#514 = CARTESIAN_POINT('',(-130.,40.652469220602,-78.77747708962));
#515 = CARTESIAN_POINT('',(225.,40.652469220602,-78.77747708962));
#516 = CARTESIAN_POINT('',(-130.,43.72989418932,-75.88185888466));
#517 = CARTESIAN_POINT('',(225.,43.72989418932,-75.88185888466));
#518 = CARTESIAN_POINT('',(-130.,46.424551727115,-72.57828979539));
#519 = CARTESIAN_POINT('',(225.,46.424551727115,-72.57828979539));
#520 = CARTESIAN_POINT('',(-130.,48.746472303563,-68.8499650448));
#521 = CARTESIAN_POINT('',(225.,48.746472303563,-68.8499650448));
#522 = CARTESIAN_POINT('',(-130.,50.702443965744,-64.66617930624));
#523 = CARTESIAN_POINT('',(225.,50.702443965744,-64.66617930624));
#524 = CARTESIAN_POINT('',(-130.,52.297410179464,-59.96991897489));
#525 = CARTESIAN_POINT('',(225.,52.297410179464,-59.96991897489));
#526 = CARTESIAN_POINT('',(-130.,53.535075470723,-54.64948945315));
#527 = CARTESIAN_POINT('',(225.,53.535075470723,-54.64948945315));
#528 = CARTESIAN_POINT('',(-130.,54.4199329797,-48.44341836223));
#529 = CARTESIAN_POINT('',(225.,54.4199329797,-48.44341836223));
#530 = CARTESIAN_POINT('',(-130.,54.999325588236,-39.81001018757));
#531 = CARTESIAN_POINT('',(225.,54.999325588236,-39.81001018757));
#532 = CARTESIAN_POINT('',(-130.,55.00521490047,-33.16873909291));
#533 = CARTESIAN_POINT('',(225.,55.00521490047,-33.16873909291));
#534 = CARTESIAN_POINT('',(-130.,54.99478509953,-24.83126090708));
#535 = CARTESIAN_POINT('',(225.,54.99478509953,-24.83126090708));
#536 = DEFINITIONAL_REPRESENTATION('',(#537),#545);
#537 = B_SPLINE_CURVE_WITH_KNOTS('',3,(#538,#539,#540,#541,#542,#543,
    #544),.UNSPECIFIED.,.F.,.F.,(4,1,1,1,4),(0.,0.2485,0.51475,0.76325,
    1.),.UNSPECIFIED.);
#538 = CARTESIAN_POINT('',(252.49540329069,0.));
#539 = CARTESIAN_POINT('',(252.49540329069,4.666666666667E-03));
#540 = CARTESIAN_POINT('',(252.49540329069,1.433333333333E-02));
#541 = CARTESIAN_POINT('',(252.49540329069,2.866666666667E-02));
#542 = CARTESIAN_POINT('',(252.49540329069,4.2779342723E-02));
#543 = CARTESIAN_POINT('',(252.49540329069,5.189201877934E-02));
#544 = CARTESIAN_POINT('',(252.49540329069,5.633802816901E-02));
#545 = ( GEOMETRIC_REPRESENTATION_CONTEXT(2) 
PARAMETRIC_REPRESENTATION_CONTEXT() REPRESENTATION_CONTEXT('2D SPACE',''
  ) );
#546 = ORIENTED_EDGE('',*,*,#547,.F.);
#547 = EDGE_CURVE('',#24,#378,#548,.T.);
#548 = SURFACE_CURVE('',#549,(#553,#560),.PCURVE_S1.);
#549 = LINE('',#550,#551);
#550 = CARTESIAN_POINT('',(-110.,-35.,-96.));
#551 = VECTOR('',#552,1.);
#552 = DIRECTION('',(0.,0.,1.));
#553 = PCURVE('',#32,#554);
#554 = DEFINITIONAL_REPRESENTATION('',(#555),#559);
#555 = LINE('',#556,#557);
#556 = CARTESIAN_POINT('',(68.,0.));
#557 = VECTOR('',#558,1.);
#558 = DIRECTION('',(0.,-1.));
#559 = ( GEOMETRIC_REPRESENTATION_CONTEXT(2) 
PARAMETRIC_REPRESENTATION_CONTEXT() REPRESENTATION_CONTEXT('2D SPACE',''
  ) );
#560 = PCURVE('',#561,#566);
#561 = CYLINDRICAL_SURFACE('',#562,8.);
#562 = AXIS2_PLACEMENT_3D('',#563,#564,#565);
#563 = CARTESIAN_POINT('',(-110.,-27.,-96.));
#564 = DIRECTION('',(0.,0.,1.));
#565 = DIRECTION('',(0.,-1.,0.));
#566 = DEFINITIONAL_REPRESENTATION('',(#567),#571);
#567 = LINE('',#568,#569);
#568 = CARTESIAN_POINT('',(0.,0.));
#569 = VECTOR('',#570,1.);
#570 = DIRECTION('',(0.,1.));
#571 = ( GEOMETRIC_REPRESENTATION_CONTEXT(2) 
PARAMETRIC_REPRESENTATION_CONTEXT() REPRESENTATION_CONTEXT('2D SPACE',''
  ) );
#572 = ADVANCED_FACE('',(#573,#768,#803,#838,#873,#908,#943,#978,#1200,
    #1235),#44,.F.);
#573 = FACE_BOUND('',#574,.F.);
#574 = EDGE_LOOP('',(#575,#576,#600,#628,#657,#685,#714,#742));
#575 = ORIENTED_EDGE('',*,*,#21,.T.);
#576 = ORIENTED_EDGE('',*,*,#577,.T.);
#577 = EDGE_CURVE('',#24,#578,#580,.T.);
#578 = VERTEX_POINT('',#579);
#579 = CARTESIAN_POINT('',(-102.,-27.,-96.));
#580 = SURFACE_CURVE('',#581,(#586,#593),.PCURVE_S1.);
#581 = CIRCLE('',#582,8.);
#582 = AXIS2_PLACEMENT_3D('',#583,#584,#585);
#583 = CARTESIAN_POINT('',(-110.,-27.,-96.));
#584 = DIRECTION('',(0.,0.,1.));
#585 = DIRECTION('',(0.,-1.,0.));
#586 = PCURVE('',#44,#587);
#587 = DEFINITIONAL_REPRESENTATION('',(#588),#592);
#588 = CIRCLE('',#589,8.);
#589 = AXIS2_PLACEMENT_2D('',#590,#591);
#590 = CARTESIAN_POINT('',(30.,-27.));
#591 = DIRECTION('',(0.,-1.));
#592 = ( GEOMETRIC_REPRESENTATION_CONTEXT(2) 
PARAMETRIC_REPRESENTATION_CONTEXT() REPRESENTATION_CONTEXT('2D SPACE',''
  ) );
#593 = PCURVE('',#561,#594);
#594 = DEFINITIONAL_REPRESENTATION('',(#595),#599);
#595 = LINE('',#596,#597);
#596 = CARTESIAN_POINT('',(0.,0.));
#597 = VECTOR('',#598,1.);
#598 = DIRECTION('',(1.,0.));
#599 = ( GEOMETRIC_REPRESENTATION_CONTEXT(2) 
PARAMETRIC_REPRESENTATION_CONTEXT() REPRESENTATION_CONTEXT('2D SPACE',''
  ) );
#600 = ORIENTED_EDGE('',*,*,#601,.T.);
#601 = EDGE_CURVE('',#578,#602,#604,.T.);
#602 = VERTEX_POINT('',#603);
#603 = CARTESIAN_POINT('',(-102.,27.,-96.));
#604 = SURFACE_CURVE('',#605,(#609,#616),.PCURVE_S1.);
#605 = LINE('',#606,#607);
#606 = CARTESIAN_POINT('',(-102.,-35.,-96.));
#607 = VECTOR('',#608,1.);
#608 = DIRECTION('',(0.,1.,0.));
#609 = PCURVE('',#44,#610);
#610 = DEFINITIONAL_REPRESENTATION('',(#611),#615);
#611 = LINE('',#612,#613);
#612 = CARTESIAN_POINT('',(38.,-35.));
#613 = VECTOR('',#614,1.);
#614 = DIRECTION('',(0.,1.));
#615 = ( GEOMETRIC_REPRESENTATION_CONTEXT(2) 
PARAMETRIC_REPRESENTATION_CONTEXT() REPRESENTATION_CONTEXT('2D SPACE',''
  ) );
#616 = PCURVE('',#617,#622);
#617 = PLANE('',#618);
#618 = AXIS2_PLACEMENT_3D('',#619,#620,#621);
#619 = CARTESIAN_POINT('',(-102.,-35.,-96.));
#620 = DIRECTION('',(-1.,0.,0.));
#621 = DIRECTION('',(0.,1.,0.));
#622 = DEFINITIONAL_REPRESENTATION('',(#623),#627);
#623 = LINE('',#624,#625);
#624 = CARTESIAN_POINT('',(0.,0.));
#625 = VECTOR('',#626,1.);
#626 = DIRECTION('',(1.,0.));
#627 = ( GEOMETRIC_REPRESENTATION_CONTEXT(2) 
PARAMETRIC_REPRESENTATION_CONTEXT() REPRESENTATION_CONTEXT('2D SPACE',''
  ) );
#628 = ORIENTED_EDGE('',*,*,#629,.T.);
#629 = EDGE_CURVE('',#602,#630,#632,.T.);
#630 = VERTEX_POINT('',#631);
#631 = CARTESIAN_POINT('',(-110.,35.,-96.));
#632 = SURFACE_CURVE('',#633,(#638,#645),.PCURVE_S1.);
#633 = CIRCLE('',#634,8.);
#634 = AXIS2_PLACEMENT_3D('',#635,#636,#637);
#635 = CARTESIAN_POINT('',(-110.,27.,-96.));
#636 = DIRECTION('',(0.,0.,1.));
#637 = DIRECTION('',(0.,-1.,0.));
#638 = PCURVE('',#44,#639);
#639 = DEFINITIONAL_REPRESENTATION('',(#640),#644);
#640 = CIRCLE('',#641,8.);
#641 = AXIS2_PLACEMENT_2D('',#642,#643);
#642 = CARTESIAN_POINT('',(30.,27.));
#643 = DIRECTION('',(0.,-1.));
#644 = ( GEOMETRIC_REPRESENTATION_CONTEXT(2) 
PARAMETRIC_REPRESENTATION_CONTEXT() REPRESENTATION_CONTEXT('2D SPACE',''
  ) );
#645 = PCURVE('',#646,#651);
#646 = CYLINDRICAL_SURFACE('',#647,8.);
#647 = AXIS2_PLACEMENT_3D('',#648,#649,#650);
#648 = CARTESIAN_POINT('',(-110.,27.,-96.));
#649 = DIRECTION('',(0.,0.,1.));
#650 = DIRECTION('',(1.,0.,-0.));
#651 = DEFINITIONAL_REPRESENTATION('',(#652),#656);
#652 = LINE('',#653,#654);
#653 = CARTESIAN_POINT('',(-1.570796326795,0.));
#654 = VECTOR('',#655,1.);
#655 = DIRECTION('',(1.,0.));
#656 = ( GEOMETRIC_REPRESENTATION_CONTEXT(2) 
PARAMETRIC_REPRESENTATION_CONTEXT() REPRESENTATION_CONTEXT('2D SPACE',''
  ) );
#657 = ORIENTED_EDGE('',*,*,#658,.T.);
#658 = EDGE_CURVE('',#630,#659,#661,.T.);
#659 = VERTEX_POINT('',#660);
#660 = CARTESIAN_POINT('',(-170.,35.,-96.));
#661 = SURFACE_CURVE('',#662,(#666,#673),.PCURVE_S1.);
#662 = LINE('',#663,#664);
#663 = CARTESIAN_POINT('',(-102.,35.,-96.));
#664 = VECTOR('',#665,1.);
#665 = DIRECTION('',(-1.,0.,0.));
#666 = PCURVE('',#44,#667);
#667 = DEFINITIONAL_REPRESENTATION('',(#668),#672);
#668 = LINE('',#669,#670);
#669 = CARTESIAN_POINT('',(38.,35.));
#670 = VECTOR('',#671,1.);
#671 = DIRECTION('',(-1.,0.));
#672 = ( GEOMETRIC_REPRESENTATION_CONTEXT(2) 
PARAMETRIC_REPRESENTATION_CONTEXT() REPRESENTATION_CONTEXT('2D SPACE',''
  ) );
#673 = PCURVE('',#674,#679);
#674 = PLANE('',#675);
#675 = AXIS2_PLACEMENT_3D('',#676,#677,#678);
#676 = CARTESIAN_POINT('',(-102.,35.,-96.));
#677 = DIRECTION('',(0.,-1.,0.));
#678 = DIRECTION('',(-1.,0.,0.));
#679 = DEFINITIONAL_REPRESENTATION('',(#680),#684);
#680 = LINE('',#681,#682);
#681 = CARTESIAN_POINT('',(0.,-0.));
#682 = VECTOR('',#683,1.);
#683 = DIRECTION('',(1.,0.));
#684 = ( GEOMETRIC_REPRESENTATION_CONTEXT(2) 
PARAMETRIC_REPRESENTATION_CONTEXT() REPRESENTATION_CONTEXT('2D SPACE',''
  ) );
#685 = ORIENTED_EDGE('',*,*,#686,.T.);
#686 = EDGE_CURVE('',#659,#687,#689,.T.);
#687 = VERTEX_POINT('',#688);
#688 = CARTESIAN_POINT('',(-178.,27.,-96.));
#689 = SURFACE_CURVE('',#690,(#695,#702),.PCURVE_S1.);
#690 = CIRCLE('',#691,8.);
#691 = AXIS2_PLACEMENT_3D('',#692,#693,#694);
#692 = CARTESIAN_POINT('',(-170.,27.,-96.));
#693 = DIRECTION('',(0.,0.,1.));
#694 = DIRECTION('',(0.,-1.,0.));
#695 = PCURVE('',#44,#696);
#696 = DEFINITIONAL_REPRESENTATION('',(#697),#701);
#697 = CIRCLE('',#698,8.);
#698 = AXIS2_PLACEMENT_2D('',#699,#700);
#699 = CARTESIAN_POINT('',(-30.,27.));
#700 = DIRECTION('',(0.,-1.));
#701 = ( GEOMETRIC_REPRESENTATION_CONTEXT(2) 
PARAMETRIC_REPRESENTATION_CONTEXT() REPRESENTATION_CONTEXT('2D SPACE',''
  ) );
#702 = PCURVE('',#703,#708);
#703 = CYLINDRICAL_SURFACE('',#704,8.);
#704 = AXIS2_PLACEMENT_3D('',#705,#706,#707);
#705 = CARTESIAN_POINT('',(-170.,27.,-96.));
#706 = DIRECTION('',(0.,0.,1.));
#707 = DIRECTION('',(-0.,1.,0.));
#708 = DEFINITIONAL_REPRESENTATION('',(#709),#713);
#709 = LINE('',#710,#711);
#710 = CARTESIAN_POINT('',(-3.14159265359,0.));
#711 = VECTOR('',#712,1.);
#712 = DIRECTION('',(1.,0.));
#713 = ( GEOMETRIC_REPRESENTATION_CONTEXT(2) 
PARAMETRIC_REPRESENTATION_CONTEXT() REPRESENTATION_CONTEXT('2D SPACE',''
  ) );
#714 = ORIENTED_EDGE('',*,*,#715,.T.);
#715 = EDGE_CURVE('',#687,#716,#718,.T.);
#716 = VERTEX_POINT('',#717);
#717 = CARTESIAN_POINT('',(-178.,-27.,-96.));
#718 = SURFACE_CURVE('',#719,(#723,#730),.PCURVE_S1.);
#719 = LINE('',#720,#721);
#720 = CARTESIAN_POINT('',(-178.,35.,-96.));
#721 = VECTOR('',#722,1.);
#722 = DIRECTION('',(0.,-1.,0.));
#723 = PCURVE('',#44,#724);
#724 = DEFINITIONAL_REPRESENTATION('',(#725),#729);
#725 = LINE('',#726,#727);
#726 = CARTESIAN_POINT('',(-38.,35.));
#727 = VECTOR('',#728,1.);
#728 = DIRECTION('',(0.,-1.));
#729 = ( GEOMETRIC_REPRESENTATION_CONTEXT(2) 
PARAMETRIC_REPRESENTATION_CONTEXT() REPRESENTATION_CONTEXT('2D SPACE',''
  ) );
#730 = PCURVE('',#731,#736);
#731 = PLANE('',#732);
#732 = AXIS2_PLACEMENT_3D('',#733,#734,#735);
#733 = CARTESIAN_POINT('',(-178.,35.,-96.));
#734 = DIRECTION('',(1.,0.,-0.));
#735 = DIRECTION('',(0.,-1.,0.));
#736 = DEFINITIONAL_REPRESENTATION('',(#737),#741);
#737 = LINE('',#738,#739);
#738 = CARTESIAN_POINT('',(0.,0.));
#739 = VECTOR('',#740,1.);
#740 = DIRECTION('',(1.,0.));
#741 = ( GEOMETRIC_REPRESENTATION_CONTEXT(2) 
PARAMETRIC_REPRESENTATION_CONTEXT() REPRESENTATION_CONTEXT('2D SPACE',''
  ) );
#742 = ORIENTED_EDGE('',*,*,#743,.F.);
#743 = EDGE_CURVE('',#22,#716,#744,.T.);
#744 = SURFACE_CURVE('',#745,(#750,#761),.PCURVE_S1.);
#745 = CIRCLE('',#746,8.);
#746 = AXIS2_PLACEMENT_3D('',#747,#748,#749);
#747 = CARTESIAN_POINT('',(-170.,-27.,-96.));
#748 = DIRECTION('',(-0.,-0.,-1.));
#749 = DIRECTION('',(0.,-1.,0.));
#750 = PCURVE('',#44,#751);
#751 = DEFINITIONAL_REPRESENTATION('',(#752),#760);
#752 = ( BOUNDED_CURVE() B_SPLINE_CURVE(2,(#753,#754,#755,#756,#757,#758
,#759),.UNSPECIFIED.,.T.,.F.) B_SPLINE_CURVE_WITH_KNOTS((1,2,2,2,2,1),(
    -2.094395102393,0.,2.094395102393,4.188790204786,6.28318530718,
8.377580409573),.UNSPECIFIED.) CURVE() GEOMETRIC_REPRESENTATION_ITEM() 
RATIONAL_B_SPLINE_CURVE((1.,0.5,1.,0.5,1.,0.5,1.)) REPRESENTATION_ITEM(
  '') );
#753 = CARTESIAN_POINT('',(-30.,-35.));
#754 = CARTESIAN_POINT('',(-43.85640646055,-35.));
#755 = CARTESIAN_POINT('',(-36.92820323027,-23.));
#756 = CARTESIAN_POINT('',(-30.,-11.));
#757 = CARTESIAN_POINT('',(-23.07179676972,-23.));
#758 = CARTESIAN_POINT('',(-16.14359353944,-35.));
#759 = CARTESIAN_POINT('',(-30.,-35.));
#760 = ( GEOMETRIC_REPRESENTATION_CONTEXT(2) 
PARAMETRIC_REPRESENTATION_CONTEXT() REPRESENTATION_CONTEXT('2D SPACE',''
  ) );
#761 = PCURVE('',#72,#762);
#762 = DEFINITIONAL_REPRESENTATION('',(#763),#767);
#763 = LINE('',#764,#765);
#764 = CARTESIAN_POINT('',(-0.,0.));
#765 = VECTOR('',#766,1.);
#766 = DIRECTION('',(-1.,0.));
#767 = ( GEOMETRIC_REPRESENTATION_CONTEXT(2) 
PARAMETRIC_REPRESENTATION_CONTEXT() REPRESENTATION_CONTEXT('2D SPACE',''
  ) );
#768 = FACE_BOUND('',#769,.F.);
#769 = EDGE_LOOP('',(#770));
#770 = ORIENTED_EDGE('',*,*,#771,.T.);
#771 = EDGE_CURVE('',#772,#772,#774,.T.);
#772 = VERTEX_POINT('',#773);
#773 = CARTESIAN_POINT('',(-166.75,-25.,-96.));
#774 = SURFACE_CURVE('',#775,(#780,#791),.PCURVE_S1.);
#775 = CIRCLE('',#776,3.25);
#776 = AXIS2_PLACEMENT_3D('',#777,#778,#779);
#777 = CARTESIAN_POINT('',(-170.,-25.,-96.));
#778 = DIRECTION('',(0.,0.,-1.));
#779 = DIRECTION('',(1.,0.,0.));
#780 = PCURVE('',#44,#781);
#781 = DEFINITIONAL_REPRESENTATION('',(#782),#790);
#782 = ( BOUNDED_CURVE() B_SPLINE_CURVE(2,(#783,#784,#785,#786,#787,#788
,#789),.UNSPECIFIED.,.T.,.F.) B_SPLINE_CURVE_WITH_KNOTS((1,2,2,2,2,1),(
    -2.094395102393,0.,2.094395102393,4.188790204786,6.28318530718,
8.377580409573),.UNSPECIFIED.) CURVE() GEOMETRIC_REPRESENTATION_ITEM() 
RATIONAL_B_SPLINE_CURVE((1.,0.5,1.,0.5,1.,0.5,1.)) REPRESENTATION_ITEM(
  '') );
#783 = CARTESIAN_POINT('',(-26.75,-25.));
#784 = CARTESIAN_POINT('',(-26.75,-30.62916512459));
#785 = CARTESIAN_POINT('',(-31.625,-27.81458256229));
#786 = CARTESIAN_POINT('',(-36.5,-25.));
#787 = CARTESIAN_POINT('',(-31.625,-22.1854174377));
#788 = CARTESIAN_POINT('',(-26.75,-19.3708348754));
#789 = CARTESIAN_POINT('',(-26.75,-25.));
#790 = ( GEOMETRIC_REPRESENTATION_CONTEXT(2) 
PARAMETRIC_REPRESENTATION_CONTEXT() REPRESENTATION_CONTEXT('2D SPACE',''
  ) );
#791 = PCURVE('',#792,#797);
#792 = CYLINDRICAL_SURFACE('',#793,3.25);
#793 = AXIS2_PLACEMENT_3D('',#794,#795,#796);
#794 = CARTESIAN_POINT('',(-170.,-25.,-97.));
#795 = DIRECTION('',(-0.,-0.,-1.));
#796 = DIRECTION('',(1.,0.,0.));
#797 = DEFINITIONAL_REPRESENTATION('',(#798),#802);
#798 = LINE('',#799,#800);
#799 = CARTESIAN_POINT('',(-6.28318530718,-1.));
#800 = VECTOR('',#801,1.);
#801 = DIRECTION('',(1.,-0.));
#802 = ( GEOMETRIC_REPRESENTATION_CONTEXT(2) 
PARAMETRIC_REPRESENTATION_CONTEXT() REPRESENTATION_CONTEXT('2D SPACE',''
  ) );
#803 = FACE_BOUND('',#804,.F.);
#804 = EDGE_LOOP('',(#805));
#805 = ORIENTED_EDGE('',*,*,#806,.T.);
#806 = EDGE_CURVE('',#807,#807,#809,.T.);
#807 = VERTEX_POINT('',#808);
#808 = CARTESIAN_POINT('',(-166.3,-18.,-96.));
#809 = SURFACE_CURVE('',#810,(#815,#826),.PCURVE_S1.);
#810 = CIRCLE('',#811,1.7);
#811 = AXIS2_PLACEMENT_3D('',#812,#813,#814);
#812 = CARTESIAN_POINT('',(-168.,-18.,-96.));
#813 = DIRECTION('',(0.,0.,-1.));
#814 = DIRECTION('',(1.,0.,0.));
#815 = PCURVE('',#44,#816);
#816 = DEFINITIONAL_REPRESENTATION('',(#817),#825);
#817 = ( BOUNDED_CURVE() B_SPLINE_CURVE(2,(#818,#819,#820,#821,#822,#823
,#824),.UNSPECIFIED.,.T.,.F.) B_SPLINE_CURVE_WITH_KNOTS((1,2,2,2,2,1),(
    -2.094395102393,0.,2.094395102393,4.188790204786,6.28318530718,
8.377580409573),.UNSPECIFIED.) CURVE() GEOMETRIC_REPRESENTATION_ITEM() 
RATIONAL_B_SPLINE_CURVE((1.,0.5,1.,0.5,1.,0.5,1.)) REPRESENTATION_ITEM(
  '') );
#818 = CARTESIAN_POINT('',(-26.3,-18.));
#819 = CARTESIAN_POINT('',(-26.3,-20.94448637286));
#820 = CARTESIAN_POINT('',(-28.85,-19.47224318643));
#821 = CARTESIAN_POINT('',(-31.4,-18.));
#822 = CARTESIAN_POINT('',(-28.85,-16.52775681356));
#823 = CARTESIAN_POINT('',(-26.3,-15.05551362713));
#824 = CARTESIAN_POINT('',(-26.3,-18.));
#825 = ( GEOMETRIC_REPRESENTATION_CONTEXT(2) 
PARAMETRIC_REPRESENTATION_CONTEXT() REPRESENTATION_CONTEXT('2D SPACE',''
  ) );
#826 = PCURVE('',#827,#832);
#827 = CYLINDRICAL_SURFACE('',#828,1.7);
#828 = AXIS2_PLACEMENT_3D('',#829,#830,#831);
#829 = CARTESIAN_POINT('',(-168.,-18.,-97.));
#830 = DIRECTION('',(-0.,-0.,-1.));
#831 = DIRECTION('',(1.,0.,0.));
#832 = DEFINITIONAL_REPRESENTATION('',(#833),#837);
#833 = LINE('',#834,#835);
#834 = CARTESIAN_POINT('',(-6.28318530718,-1.));
#835 = VECTOR('',#836,1.);
#836 = DIRECTION('',(1.,-0.));
#837 = ( GEOMETRIC_REPRESENTATION_CONTEXT(2) 
PARAMETRIC_REPRESENTATION_CONTEXT() REPRESENTATION_CONTEXT('2D SPACE',''
  ) );
#838 = FACE_BOUND('',#839,.F.);
#839 = EDGE_LOOP('',(#840));
#840 = ORIENTED_EDGE('',*,*,#841,.T.);
#841 = EDGE_CURVE('',#842,#842,#844,.T.);
#842 = VERTEX_POINT('',#843);
#843 = CARTESIAN_POINT('',(-106.75,-25.,-96.));
#844 = SURFACE_CURVE('',#845,(#850,#861),.PCURVE_S1.);
#845 = CIRCLE('',#846,3.25);
#846 = AXIS2_PLACEMENT_3D('',#847,#848,#849);
#847 = CARTESIAN_POINT('',(-110.,-25.,-96.));
#848 = DIRECTION('',(0.,0.,-1.));
#849 = DIRECTION('',(1.,0.,0.));
#850 = PCURVE('',#44,#851);
#851 = DEFINITIONAL_REPRESENTATION('',(#852),#860);
#852 = ( BOUNDED_CURVE() B_SPLINE_CURVE(2,(#853,#854,#855,#856,#857,#858
,#859),.UNSPECIFIED.,.T.,.F.) B_SPLINE_CURVE_WITH_KNOTS((1,2,2,2,2,1),(
    -2.094395102393,0.,2.094395102393,4.188790204786,6.28318530718,
8.377580409573),.UNSPECIFIED.) CURVE() GEOMETRIC_REPRESENTATION_ITEM() 
RATIONAL_B_SPLINE_CURVE((1.,0.5,1.,0.5,1.,0.5,1.)) REPRESENTATION_ITEM(
  '') );
#853 = CARTESIAN_POINT('',(33.25,-25.));
#854 = CARTESIAN_POINT('',(33.25,-30.62916512459));
#855 = CARTESIAN_POINT('',(28.375,-27.81458256229));
#856 = CARTESIAN_POINT('',(23.5,-25.));
#857 = CARTESIAN_POINT('',(28.375,-22.1854174377));
#858 = CARTESIAN_POINT('',(33.25,-19.3708348754));
#859 = CARTESIAN_POINT('',(33.25,-25.));
#860 = ( GEOMETRIC_REPRESENTATION_CONTEXT(2) 
PARAMETRIC_REPRESENTATION_CONTEXT() REPRESENTATION_CONTEXT('2D SPACE',''
  ) );
#861 = PCURVE('',#862,#867);
#862 = CYLINDRICAL_SURFACE('',#863,3.25);
#863 = AXIS2_PLACEMENT_3D('',#864,#865,#866);
#864 = CARTESIAN_POINT('',(-110.,-25.,-97.));
#865 = DIRECTION('',(-0.,-0.,-1.));
#866 = DIRECTION('',(1.,0.,0.));
#867 = DEFINITIONAL_REPRESENTATION('',(#868),#872);
#868 = LINE('',#869,#870);
#869 = CARTESIAN_POINT('',(-6.28318530718,-1.));
#870 = VECTOR('',#871,1.);
#871 = DIRECTION('',(1.,-0.));
#872 = ( GEOMETRIC_REPRESENTATION_CONTEXT(2) 
PARAMETRIC_REPRESENTATION_CONTEXT() REPRESENTATION_CONTEXT('2D SPACE',''
  ) );
#873 = FACE_BOUND('',#874,.F.);
#874 = EDGE_LOOP('',(#875));
#875 = ORIENTED_EDGE('',*,*,#876,.T.);
#876 = EDGE_CURVE('',#877,#877,#879,.T.);
#877 = VERTEX_POINT('',#878);
#878 = CARTESIAN_POINT('',(-110.3,-18.,-96.));
#879 = SURFACE_CURVE('',#880,(#885,#896),.PCURVE_S1.);
#880 = CIRCLE('',#881,1.7);
#881 = AXIS2_PLACEMENT_3D('',#882,#883,#884);
#882 = CARTESIAN_POINT('',(-112.,-18.,-96.));
#883 = DIRECTION('',(0.,0.,-1.));
#884 = DIRECTION('',(1.,0.,0.));
#885 = PCURVE('',#44,#886);
#886 = DEFINITIONAL_REPRESENTATION('',(#887),#895);
#887 = ( BOUNDED_CURVE() B_SPLINE_CURVE(2,(#888,#889,#890,#891,#892,#893
,#894),.UNSPECIFIED.,.T.,.F.) B_SPLINE_CURVE_WITH_KNOTS((1,2,2,2,2,1),(
    -2.094395102393,0.,2.094395102393,4.188790204786,6.28318530718,
8.377580409573),.UNSPECIFIED.) CURVE() GEOMETRIC_REPRESENTATION_ITEM() 
RATIONAL_B_SPLINE_CURVE((1.,0.5,1.,0.5,1.,0.5,1.)) REPRESENTATION_ITEM(
  '') );
#888 = CARTESIAN_POINT('',(29.7,-18.));
#889 = CARTESIAN_POINT('',(29.7,-20.94448637286));
#890 = CARTESIAN_POINT('',(27.15,-19.47224318643));
#891 = CARTESIAN_POINT('',(24.6,-18.));
#892 = CARTESIAN_POINT('',(27.15,-16.52775681356));
#893 = CARTESIAN_POINT('',(29.7,-15.05551362713));
#894 = CARTESIAN_POINT('',(29.7,-18.));
#895 = ( GEOMETRIC_REPRESENTATION_CONTEXT(2) 
PARAMETRIC_REPRESENTATION_CONTEXT() REPRESENTATION_CONTEXT('2D SPACE',''
  ) );
#896 = PCURVE('',#897,#902);
#897 = CYLINDRICAL_SURFACE('',#898,1.7);
#898 = AXIS2_PLACEMENT_3D('',#899,#900,#901);
#899 = CARTESIAN_POINT('',(-112.,-18.,-97.));
#900 = DIRECTION('',(-0.,-0.,-1.));
#901 = DIRECTION('',(1.,0.,0.));
#902 = DEFINITIONAL_REPRESENTATION('',(#903),#907);
#903 = LINE('',#904,#905);
#904 = CARTESIAN_POINT('',(-6.28318530718,-1.));
#905 = VECTOR('',#906,1.);
#906 = DIRECTION('',(1.,-0.));
#907 = ( GEOMETRIC_REPRESENTATION_CONTEXT(2) 
PARAMETRIC_REPRESENTATION_CONTEXT() REPRESENTATION_CONTEXT('2D SPACE',''
  ) );
#908 = FACE_BOUND('',#909,.F.);
#909 = EDGE_LOOP('',(#910));
#910 = ORIENTED_EDGE('',*,*,#911,.T.);
#911 = EDGE_CURVE('',#912,#912,#914,.T.);
#912 = VERTEX_POINT('',#913);
#913 = CARTESIAN_POINT('',(-166.3,18.,-96.));
#914 = SURFACE_CURVE('',#915,(#920,#931),.PCURVE_S1.);
#915 = CIRCLE('',#916,1.7);
#916 = AXIS2_PLACEMENT_3D('',#917,#918,#919);
#917 = CARTESIAN_POINT('',(-168.,18.,-96.));
#918 = DIRECTION('',(0.,0.,-1.));
#919 = DIRECTION('',(1.,0.,0.));
#920 = PCURVE('',#44,#921);
#921 = DEFINITIONAL_REPRESENTATION('',(#922),#930);
#922 = ( BOUNDED_CURVE() B_SPLINE_CURVE(2,(#923,#924,#925,#926,#927,#928
,#929),.UNSPECIFIED.,.T.,.F.) B_SPLINE_CURVE_WITH_KNOTS((1,2,2,2,2,1),(
    -2.094395102393,0.,2.094395102393,4.188790204786,6.28318530718,
8.377580409573),.UNSPECIFIED.) CURVE() GEOMETRIC_REPRESENTATION_ITEM() 
RATIONAL_B_SPLINE_CURVE((1.,0.5,1.,0.5,1.,0.5,1.)) REPRESENTATION_ITEM(
  '') );
#923 = CARTESIAN_POINT('',(-26.3,18.));
#924 = CARTESIAN_POINT('',(-26.3,15.055513627133));
#925 = CARTESIAN_POINT('',(-28.85,16.527756813566));
#926 = CARTESIAN_POINT('',(-31.4,18.));
#927 = CARTESIAN_POINT('',(-28.85,19.472243186434));
#928 = CARTESIAN_POINT('',(-26.3,20.944486372867));
#929 = CARTESIAN_POINT('',(-26.3,18.));
#930 = ( GEOMETRIC_REPRESENTATION_CONTEXT(2) 
PARAMETRIC_REPRESENTATION_CONTEXT() REPRESENTATION_CONTEXT('2D SPACE',''
  ) );
#931 = PCURVE('',#932,#937);
#932 = CYLINDRICAL_SURFACE('',#933,1.7);
#933 = AXIS2_PLACEMENT_3D('',#934,#935,#936);
#934 = CARTESIAN_POINT('',(-168.,18.,-97.));
#935 = DIRECTION('',(-0.,-0.,-1.));
#936 = DIRECTION('',(1.,0.,0.));
#937 = DEFINITIONAL_REPRESENTATION('',(#938),#942);
#938 = LINE('',#939,#940);
#939 = CARTESIAN_POINT('',(-6.28318530718,-1.));
#940 = VECTOR('',#941,1.);
#941 = DIRECTION('',(1.,-0.));
#942 = ( GEOMETRIC_REPRESENTATION_CONTEXT(2) 
PARAMETRIC_REPRESENTATION_CONTEXT() REPRESENTATION_CONTEXT('2D SPACE',''
  ) );
#943 = FACE_BOUND('',#944,.F.);
#944 = EDGE_LOOP('',(#945));
#945 = ORIENTED_EDGE('',*,*,#946,.T.);
#946 = EDGE_CURVE('',#947,#947,#949,.T.);
#947 = VERTEX_POINT('',#948);
#948 = CARTESIAN_POINT('',(-166.75,25.,-96.));
#949 = SURFACE_CURVE('',#950,(#955,#966),.PCURVE_S1.);
#950 = CIRCLE('',#951,3.25);
#951 = AXIS2_PLACEMENT_3D('',#952,#953,#954);
#952 = CARTESIAN_POINT('',(-170.,25.,-96.));
#953 = DIRECTION('',(0.,0.,-1.));
#954 = DIRECTION('',(1.,0.,0.));
#955 = PCURVE('',#44,#956);
#956 = DEFINITIONAL_REPRESENTATION('',(#957),#965);
#957 = ( BOUNDED_CURVE() B_SPLINE_CURVE(2,(#958,#959,#960,#961,#962,#963
,#964),.UNSPECIFIED.,.T.,.F.) B_SPLINE_CURVE_WITH_KNOTS((1,2,2,2,2,1),(
    -2.094395102393,0.,2.094395102393,4.188790204786,6.28318530718,
8.377580409573),.UNSPECIFIED.) CURVE() GEOMETRIC_REPRESENTATION_ITEM() 
RATIONAL_B_SPLINE_CURVE((1.,0.5,1.,0.5,1.,0.5,1.)) REPRESENTATION_ITEM(
  '') );
#958 = CARTESIAN_POINT('',(-26.75,25.));
#959 = CARTESIAN_POINT('',(-26.75,19.370834875401));
#960 = CARTESIAN_POINT('',(-31.625,22.185417437701));
#961 = CARTESIAN_POINT('',(-36.5,25.));
#962 = CARTESIAN_POINT('',(-31.625,27.814582562299));
#963 = CARTESIAN_POINT('',(-26.75,30.629165124599));
#964 = CARTESIAN_POINT('',(-26.75,25.));
#965 = ( GEOMETRIC_REPRESENTATION_CONTEXT(2) 
PARAMETRIC_REPRESENTATION_CONTEXT() REPRESENTATION_CONTEXT('2D SPACE',''
  ) );
#966 = PCURVE('',#967,#972);
#967 = CYLINDRICAL_SURFACE('',#968,3.25);
#968 = AXIS2_PLACEMENT_3D('',#969,#970,#971);
#969 = CARTESIAN_POINT('',(-170.,25.,-97.));
#970 = DIRECTION('',(-0.,-0.,-1.));
#971 = DIRECTION('',(1.,0.,0.));
#972 = DEFINITIONAL_REPRESENTATION('',(#973),#977);
#973 = LINE('',#974,#975);
#974 = CARTESIAN_POINT('',(-6.28318530718,-1.));
#975 = VECTOR('',#976,1.);
#976 = DIRECTION('',(1.,-0.));
#977 = ( GEOMETRIC_REPRESENTATION_CONTEXT(2) 
PARAMETRIC_REPRESENTATION_CONTEXT() REPRESENTATION_CONTEXT('2D SPACE',''
  ) );
#978 = FACE_BOUND('',#979,.F.);
#979 = EDGE_LOOP('',(#980,#1011,#1037,#1066,#1092,#1121,#1147,#1176));
#980 = ORIENTED_EDGE('',*,*,#981,.F.);
#981 = EDGE_CURVE('',#982,#984,#986,.T.);
#982 = VERTEX_POINT('',#983);
#983 = CARTESIAN_POINT('',(-123.,-16.,-96.));
#984 = VERTEX_POINT('',#985);
#985 = CARTESIAN_POINT('',(-117.,-10.,-96.));
#986 = SURFACE_CURVE('',#987,(#992,#999),.PCURVE_S1.);
#987 = CIRCLE('',#988,6.);
#988 = AXIS2_PLACEMENT_3D('',#989,#990,#991);
#989 = CARTESIAN_POINT('',(-123.,-10.,-96.));
#990 = DIRECTION('',(0.,0.,1.));
#991 = DIRECTION('',(0.,-1.,0.));
#992 = PCURVE('',#44,#993);
#993 = DEFINITIONAL_REPRESENTATION('',(#994),#998);
#994 = CIRCLE('',#995,6.);
#995 = AXIS2_PLACEMENT_2D('',#996,#997);
#996 = CARTESIAN_POINT('',(17.,-10.));
#997 = DIRECTION('',(0.,-1.));
#998 = ( GEOMETRIC_REPRESENTATION_CONTEXT(2) 
PARAMETRIC_REPRESENTATION_CONTEXT() REPRESENTATION_CONTEXT('2D SPACE',''
  ) );
#999 = PCURVE('',#1000,#1005);
#1000 = CYLINDRICAL_SURFACE('',#1001,6.);
#1001 = AXIS2_PLACEMENT_3D('',#1002,#1003,#1004);
#1002 = CARTESIAN_POINT('',(-123.,-10.,-97.));
#1003 = DIRECTION('',(0.,0.,1.));
#1004 = DIRECTION('',(0.,-1.,0.));
#1005 = DEFINITIONAL_REPRESENTATION('',(#1006),#1010);
#1006 = LINE('',#1007,#1008);
#1007 = CARTESIAN_POINT('',(0.,1.));
#1008 = VECTOR('',#1009,1.);
#1009 = DIRECTION('',(1.,0.));
#1010 = ( GEOMETRIC_REPRESENTATION_CONTEXT(2) 
PARAMETRIC_REPRESENTATION_CONTEXT() REPRESENTATION_CONTEXT('2D SPACE',''
  ) );
#1011 = ORIENTED_EDGE('',*,*,#1012,.T.);
#1012 = EDGE_CURVE('',#982,#1013,#1015,.T.);
#1013 = VERTEX_POINT('',#1014);
#1014 = CARTESIAN_POINT('',(-157.,-16.,-96.));
#1015 = SURFACE_CURVE('',#1016,(#1020,#1026),.PCURVE_S1.);
#1016 = LINE('',#1017,#1018);
#1017 = CARTESIAN_POINT('',(-151.5,-16.,-96.));
#1018 = VECTOR('',#1019,1.);
#1019 = DIRECTION('',(-1.,0.,0.));
#1020 = PCURVE('',#44,#1021);
#1021 = DEFINITIONAL_REPRESENTATION('',(#1022),#1025);
#1022 = B_SPLINE_CURVE_WITH_KNOTS('',1,(#1023,#1024),.UNSPECIFIED.,.F.,
  .F.,(2,2),(-28.5,5.5),.PIECEWISE_BEZIER_KNOTS.);
#1023 = CARTESIAN_POINT('',(17.,-16.));
#1024 = CARTESIAN_POINT('',(-17.,-16.));
#1025 = ( GEOMETRIC_REPRESENTATION_CONTEXT(2) 
PARAMETRIC_REPRESENTATION_CONTEXT() REPRESENTATION_CONTEXT('2D SPACE',''
  ) );
#1026 = PCURVE('',#1027,#1032);
#1027 = PLANE('',#1028);
#1028 = AXIS2_PLACEMENT_3D('',#1029,#1030,#1031);
#1029 = CARTESIAN_POINT('',(-163.,-16.,-97.));
#1030 = DIRECTION('',(0.,1.,0.));
#1031 = DIRECTION('',(1.,0.,0.));
#1032 = DEFINITIONAL_REPRESENTATION('',(#1033),#1036);
#1033 = B_SPLINE_CURVE_WITH_KNOTS('',1,(#1034,#1035),.UNSPECIFIED.,.F.,
  .F.,(2,2),(-28.5,5.5),.PIECEWISE_BEZIER_KNOTS.);
#1034 = CARTESIAN_POINT('',(40.,-1.));
#1035 = CARTESIAN_POINT('',(6.,-1.));
#1036 = ( GEOMETRIC_REPRESENTATION_CONTEXT(2) 
PARAMETRIC_REPRESENTATION_CONTEXT() REPRESENTATION_CONTEXT('2D SPACE',''
  ) );
#1037 = ORIENTED_EDGE('',*,*,#1038,.F.);
#1038 = EDGE_CURVE('',#1039,#1013,#1041,.T.);
#1039 = VERTEX_POINT('',#1040);
#1040 = CARTESIAN_POINT('',(-163.,-10.,-96.));
#1041 = SURFACE_CURVE('',#1042,(#1047,#1054),.PCURVE_S1.);
#1042 = CIRCLE('',#1043,6.);
#1043 = AXIS2_PLACEMENT_3D('',#1044,#1045,#1046);
#1044 = CARTESIAN_POINT('',(-157.,-10.,-96.));
#1045 = DIRECTION('',(0.,0.,1.));
#1046 = DIRECTION('',(0.,-1.,0.));
#1047 = PCURVE('',#44,#1048);
#1048 = DEFINITIONAL_REPRESENTATION('',(#1049),#1053);
#1049 = CIRCLE('',#1050,6.);
#1050 = AXIS2_PLACEMENT_2D('',#1051,#1052);
#1051 = CARTESIAN_POINT('',(-17.,-10.));
#1052 = DIRECTION('',(0.,-1.));
#1053 = ( GEOMETRIC_REPRESENTATION_CONTEXT(2) 
PARAMETRIC_REPRESENTATION_CONTEXT() REPRESENTATION_CONTEXT('2D SPACE',''
  ) );
#1054 = PCURVE('',#1055,#1060);
#1055 = CYLINDRICAL_SURFACE('',#1056,6.);
#1056 = AXIS2_PLACEMENT_3D('',#1057,#1058,#1059);
#1057 = CARTESIAN_POINT('',(-157.,-10.,-97.));
#1058 = DIRECTION('',(0.,0.,1.));
#1059 = DIRECTION('',(0.,-1.,0.));
#1060 = DEFINITIONAL_REPRESENTATION('',(#1061),#1065);
#1061 = LINE('',#1062,#1063);
#1062 = CARTESIAN_POINT('',(-6.28318530718,1.));
#1063 = VECTOR('',#1064,1.);
#1064 = DIRECTION('',(1.,-0.));
#1065 = ( GEOMETRIC_REPRESENTATION_CONTEXT(2) 
PARAMETRIC_REPRESENTATION_CONTEXT() REPRESENTATION_CONTEXT('2D SPACE',''
  ) );
#1066 = ORIENTED_EDGE('',*,*,#1067,.T.);
#1067 = EDGE_CURVE('',#1039,#1068,#1070,.T.);
#1068 = VERTEX_POINT('',#1069);
#1069 = CARTESIAN_POINT('',(-163.,10.,-96.));
#1070 = SURFACE_CURVE('',#1071,(#1075,#1081),.PCURVE_S1.);
#1071 = LINE('',#1072,#1073);
#1072 = CARTESIAN_POINT('',(-163.,8.,-96.));
#1073 = VECTOR('',#1074,1.);
#1074 = DIRECTION('',(-0.,1.,0.));
#1075 = PCURVE('',#44,#1076);
#1076 = DEFINITIONAL_REPRESENTATION('',(#1077),#1080);
#1077 = B_SPLINE_CURVE_WITH_KNOTS('',1,(#1078,#1079),.UNSPECIFIED.,.F.,
  .F.,(2,2),(-18.,2.),.PIECEWISE_BEZIER_KNOTS.);
#1078 = CARTESIAN_POINT('',(-23.,-10.));
#1079 = CARTESIAN_POINT('',(-23.,10.));
#1080 = ( GEOMETRIC_REPRESENTATION_CONTEXT(2) 
PARAMETRIC_REPRESENTATION_CONTEXT() REPRESENTATION_CONTEXT('2D SPACE',''
  ) );
#1081 = PCURVE('',#1082,#1087);
#1082 = PLANE('',#1083);
#1083 = AXIS2_PLACEMENT_3D('',#1084,#1085,#1086);
#1084 = CARTESIAN_POINT('',(-163.,16.,-97.));
#1085 = DIRECTION('',(1.,0.,-0.));
#1086 = DIRECTION('',(0.,-1.,0.));
#1087 = DEFINITIONAL_REPRESENTATION('',(#1088),#1091);
#1088 = B_SPLINE_CURVE_WITH_KNOTS('',1,(#1089,#1090),.UNSPECIFIED.,.F.,
  .F.,(2,2),(-18.,2.),.PIECEWISE_BEZIER_KNOTS.);
#1089 = CARTESIAN_POINT('',(26.,-1.));
#1090 = CARTESIAN_POINT('',(6.,-1.));
#1091 = ( GEOMETRIC_REPRESENTATION_CONTEXT(2) 
PARAMETRIC_REPRESENTATION_CONTEXT() REPRESENTATION_CONTEXT('2D SPACE',''
  ) );
#1092 = ORIENTED_EDGE('',*,*,#1093,.F.);
#1093 = EDGE_CURVE('',#1094,#1068,#1096,.T.);
#1094 = VERTEX_POINT('',#1095);
#1095 = CARTESIAN_POINT('',(-157.,16.,-96.));
#1096 = SURFACE_CURVE('',#1097,(#1102,#1109),.PCURVE_S1.);
#1097 = CIRCLE('',#1098,6.);
#1098 = AXIS2_PLACEMENT_3D('',#1099,#1100,#1101);
#1099 = CARTESIAN_POINT('',(-157.,10.,-96.));
#1100 = DIRECTION('',(0.,0.,1.));
#1101 = DIRECTION('',(-0.,1.,0.));
#1102 = PCURVE('',#44,#1103);
#1103 = DEFINITIONAL_REPRESENTATION('',(#1104),#1108);
#1104 = CIRCLE('',#1105,6.);
#1105 = AXIS2_PLACEMENT_2D('',#1106,#1107);
#1106 = CARTESIAN_POINT('',(-17.,10.));
#1107 = DIRECTION('',(0.,1.));
#1108 = ( GEOMETRIC_REPRESENTATION_CONTEXT(2) 
PARAMETRIC_REPRESENTATION_CONTEXT() REPRESENTATION_CONTEXT('2D SPACE',''
  ) );
#1109 = PCURVE('',#1110,#1115);
#1110 = CYLINDRICAL_SURFACE('',#1111,6.);
#1111 = AXIS2_PLACEMENT_3D('',#1112,#1113,#1114);
#1112 = CARTESIAN_POINT('',(-157.,10.,-97.));
#1113 = DIRECTION('',(0.,0.,1.));
#1114 = DIRECTION('',(-0.,1.,0.));
#1115 = DEFINITIONAL_REPRESENTATION('',(#1116),#1120);
#1116 = LINE('',#1117,#1118);
#1117 = CARTESIAN_POINT('',(0.,1.));
#1118 = VECTOR('',#1119,1.);
#1119 = DIRECTION('',(1.,0.));
#1120 = ( GEOMETRIC_REPRESENTATION_CONTEXT(2) 
PARAMETRIC_REPRESENTATION_CONTEXT() REPRESENTATION_CONTEXT('2D SPACE',''
  ) );
#1121 = ORIENTED_EDGE('',*,*,#1122,.T.);
#1122 = EDGE_CURVE('',#1094,#1123,#1125,.T.);
#1123 = VERTEX_POINT('',#1124);
#1124 = CARTESIAN_POINT('',(-123.,16.,-96.));
#1125 = SURFACE_CURVE('',#1126,(#1130,#1136),.PCURVE_S1.);
#1126 = LINE('',#1127,#1128);
#1127 = CARTESIAN_POINT('',(-128.5,16.,-96.));
#1128 = VECTOR('',#1129,1.);
#1129 = DIRECTION('',(1.,0.,-0.));
#1130 = PCURVE('',#44,#1131);
#1131 = DEFINITIONAL_REPRESENTATION('',(#1132),#1135);
#1132 = B_SPLINE_CURVE_WITH_KNOTS('',1,(#1133,#1134),.UNSPECIFIED.,.F.,
  .F.,(2,2),(-28.5,5.5),.PIECEWISE_BEZIER_KNOTS.);
#1133 = CARTESIAN_POINT('',(-17.,16.));
#1134 = CARTESIAN_POINT('',(17.,16.));
#1135 = ( GEOMETRIC_REPRESENTATION_CONTEXT(2) 
PARAMETRIC_REPRESENTATION_CONTEXT() REPRESENTATION_CONTEXT('2D SPACE',''
  ) );
#1136 = PCURVE('',#1137,#1142);
#1137 = PLANE('',#1138);
#1138 = AXIS2_PLACEMENT_3D('',#1139,#1140,#1141);
#1139 = CARTESIAN_POINT('',(-117.,16.,-97.));
#1140 = DIRECTION('',(0.,-1.,0.));
#1141 = DIRECTION('',(-1.,0.,0.));
#1142 = DEFINITIONAL_REPRESENTATION('',(#1143),#1146);
#1143 = B_SPLINE_CURVE_WITH_KNOTS('',1,(#1144,#1145),.UNSPECIFIED.,.F.,
  .F.,(2,2),(-28.5,5.5),.PIECEWISE_BEZIER_KNOTS.);
#1144 = CARTESIAN_POINT('',(40.,-1.));
#1145 = CARTESIAN_POINT('',(6.,-1.));
#1146 = ( GEOMETRIC_REPRESENTATION_CONTEXT(2) 
PARAMETRIC_REPRESENTATION_CONTEXT() REPRESENTATION_CONTEXT('2D SPACE',''
  ) );
#1147 = ORIENTED_EDGE('',*,*,#1148,.F.);
#1148 = EDGE_CURVE('',#1149,#1123,#1151,.T.);
#1149 = VERTEX_POINT('',#1150);
#1150 = CARTESIAN_POINT('',(-117.,10.,-96.));
#1151 = SURFACE_CURVE('',#1152,(#1157,#1164),.PCURVE_S1.);
#1152 = CIRCLE('',#1153,6.);
#1153 = AXIS2_PLACEMENT_3D('',#1154,#1155,#1156);
#1154 = CARTESIAN_POINT('',(-123.,10.,-96.));
#1155 = DIRECTION('',(0.,0.,1.));
#1156 = DIRECTION('',(1.,0.,-0.));
#1157 = PCURVE('',#44,#1158);
#1158 = DEFINITIONAL_REPRESENTATION('',(#1159),#1163);
#1159 = CIRCLE('',#1160,6.);
#1160 = AXIS2_PLACEMENT_2D('',#1161,#1162);
#1161 = CARTESIAN_POINT('',(17.,10.));
#1162 = DIRECTION('',(1.,0.));
#1163 = ( GEOMETRIC_REPRESENTATION_CONTEXT(2) 
PARAMETRIC_REPRESENTATION_CONTEXT() REPRESENTATION_CONTEXT('2D SPACE',''
  ) );
#1164 = PCURVE('',#1165,#1170);
#1165 = CYLINDRICAL_SURFACE('',#1166,6.);
#1166 = AXIS2_PLACEMENT_3D('',#1167,#1168,#1169);
#1167 = CARTESIAN_POINT('',(-123.,10.,-97.));
#1168 = DIRECTION('',(0.,0.,1.));
#1169 = DIRECTION('',(1.,0.,-0.));
#1170 = DEFINITIONAL_REPRESENTATION('',(#1171),#1175);
#1171 = LINE('',#1172,#1173);
#1172 = CARTESIAN_POINT('',(0.,1.));
#1173 = VECTOR('',#1174,1.);
#1174 = DIRECTION('',(1.,0.));
#1175 = ( GEOMETRIC_REPRESENTATION_CONTEXT(2) 
PARAMETRIC_REPRESENTATION_CONTEXT() REPRESENTATION_CONTEXT('2D SPACE',''
  ) );
#1176 = ORIENTED_EDGE('',*,*,#1177,.T.);
#1177 = EDGE_CURVE('',#1149,#984,#1178,.T.);
#1178 = SURFACE_CURVE('',#1179,(#1183,#1189),.PCURVE_S1.);
#1179 = LINE('',#1180,#1181);
#1180 = CARTESIAN_POINT('',(-117.,-8.,-96.));
#1181 = VECTOR('',#1182,1.);
#1182 = DIRECTION('',(0.,-1.,0.));
#1183 = PCURVE('',#44,#1184);
#1184 = DEFINITIONAL_REPRESENTATION('',(#1185),#1188);
#1185 = B_SPLINE_CURVE_WITH_KNOTS('',1,(#1186,#1187),.UNSPECIFIED.,.F.,
  .F.,(2,2),(-18.,2.),.PIECEWISE_BEZIER_KNOTS.);
#1186 = CARTESIAN_POINT('',(23.,10.));
#1187 = CARTESIAN_POINT('',(23.,-10.));
#1188 = ( GEOMETRIC_REPRESENTATION_CONTEXT(2) 
PARAMETRIC_REPRESENTATION_CONTEXT() REPRESENTATION_CONTEXT('2D SPACE',''
  ) );
#1189 = PCURVE('',#1190,#1195);
#1190 = PLANE('',#1191);
#1191 = AXIS2_PLACEMENT_3D('',#1192,#1193,#1194);
#1192 = CARTESIAN_POINT('',(-117.,-16.,-97.));
#1193 = DIRECTION('',(-1.,0.,0.));
#1194 = DIRECTION('',(0.,1.,0.));
#1195 = DEFINITIONAL_REPRESENTATION('',(#1196),#1199);
#1196 = B_SPLINE_CURVE_WITH_KNOTS('',1,(#1197,#1198),.UNSPECIFIED.,.F.,
  .F.,(2,2),(-18.,2.),.PIECEWISE_BEZIER_KNOTS.);
#1197 = CARTESIAN_POINT('',(26.,-1.));
#1198 = CARTESIAN_POINT('',(6.,-1.));
#1199 = ( GEOMETRIC_REPRESENTATION_CONTEXT(2) 
PARAMETRIC_REPRESENTATION_CONTEXT() REPRESENTATION_CONTEXT('2D SPACE',''
  ) );
#1200 = FACE_BOUND('',#1201,.F.);
#1201 = EDGE_LOOP('',(#1202));
#1202 = ORIENTED_EDGE('',*,*,#1203,.T.);
#1203 = EDGE_CURVE('',#1204,#1204,#1206,.T.);
#1204 = VERTEX_POINT('',#1205);
#1205 = CARTESIAN_POINT('',(-110.3,18.,-96.));
#1206 = SURFACE_CURVE('',#1207,(#1212,#1223),.PCURVE_S1.);
#1207 = CIRCLE('',#1208,1.7);
#1208 = AXIS2_PLACEMENT_3D('',#1209,#1210,#1211);
#1209 = CARTESIAN_POINT('',(-112.,18.,-96.));
#1210 = DIRECTION('',(0.,0.,-1.));
#1211 = DIRECTION('',(1.,0.,0.));
#1212 = PCURVE('',#44,#1213);
#1213 = DEFINITIONAL_REPRESENTATION('',(#1214),#1222);
#1214 = ( BOUNDED_CURVE() B_SPLINE_CURVE(2,(#1215,#1216,#1217,#1218,
#1219,#1220,#1221),.UNSPECIFIED.,.T.,.F.) B_SPLINE_CURVE_WITH_KNOTS((1,2
    ,2,2,2,1),(-2.094395102393,0.,2.094395102393,4.188790204786,
6.28318530718,8.377580409573),.UNSPECIFIED.) CURVE() 
GEOMETRIC_REPRESENTATION_ITEM() RATIONAL_B_SPLINE_CURVE((1.,0.5,1.,0.5,
1.,0.5,1.)) REPRESENTATION_ITEM('') );
#1215 = CARTESIAN_POINT('',(29.7,18.));
#1216 = CARTESIAN_POINT('',(29.7,15.055513627133));
#1217 = CARTESIAN_POINT('',(27.15,16.527756813566));
#1218 = CARTESIAN_POINT('',(24.6,18.));
#1219 = CARTESIAN_POINT('',(27.15,19.472243186434));
#1220 = CARTESIAN_POINT('',(29.7,20.944486372867));
#1221 = CARTESIAN_POINT('',(29.7,18.));
#1222 = ( GEOMETRIC_REPRESENTATION_CONTEXT(2) 
PARAMETRIC_REPRESENTATION_CONTEXT() REPRESENTATION_CONTEXT('2D SPACE',''
  ) );
#1223 = PCURVE('',#1224,#1229);
#1224 = CYLINDRICAL_SURFACE('',#1225,1.7);
#1225 = AXIS2_PLACEMENT_3D('',#1226,#1227,#1228);
#1226 = CARTESIAN_POINT('',(-112.,18.,-97.));
#1227 = DIRECTION('',(-0.,-0.,-1.));
#1228 = DIRECTION('',(1.,0.,0.));
#1229 = DEFINITIONAL_REPRESENTATION('',(#1230),#1234);
#1230 = LINE('',#1231,#1232);
#1231 = CARTESIAN_POINT('',(-6.28318530718,-1.));
#1232 = VECTOR('',#1233,1.);
#1233 = DIRECTION('',(1.,-0.));
#1234 = ( GEOMETRIC_REPRESENTATION_CONTEXT(2) 
PARAMETRIC_REPRESENTATION_CONTEXT() REPRESENTATION_CONTEXT('2D SPACE',''
  ) );
#1235 = FACE_BOUND('',#1236,.F.);
#1236 = EDGE_LOOP('',(#1237));
#1237 = ORIENTED_EDGE('',*,*,#1238,.T.);
#1238 = EDGE_CURVE('',#1239,#1239,#1241,.T.);
#1239 = VERTEX_POINT('',#1240);
#1240 = CARTESIAN_POINT('',(-106.75,25.,-96.));
#1241 = SURFACE_CURVE('',#1242,(#1247,#1258),.PCURVE_S1.);
#1242 = CIRCLE('',#1243,3.25);
#1243 = AXIS2_PLACEMENT_3D('',#1244,#1245,#1246);
#1244 = CARTESIAN_POINT('',(-110.,25.,-96.));
#1245 = DIRECTION('',(0.,0.,-1.));
#1246 = DIRECTION('',(1.,0.,0.));
#1247 = PCURVE('',#44,#1248);
#1248 = DEFINITIONAL_REPRESENTATION('',(#1249),#1257);
#1249 = ( BOUNDED_CURVE() B_SPLINE_CURVE(2,(#1250,#1251,#1252,#1253,
#1254,#1255,#1256),.UNSPECIFIED.,.T.,.F.) B_SPLINE_CURVE_WITH_KNOTS((1,2
    ,2,2,2,1),(-2.094395102393,0.,2.094395102393,4.188790204786,
6.28318530718,8.377580409573),.UNSPECIFIED.) CURVE() 
GEOMETRIC_REPRESENTATION_ITEM() RATIONAL_B_SPLINE_CURVE((1.,0.5,1.,0.5,
1.,0.5,1.)) REPRESENTATION_ITEM('') );
#1250 = CARTESIAN_POINT('',(33.25,25.));
#1251 = CARTESIAN_POINT('',(33.25,19.370834875401));
#1252 = CARTESIAN_POINT('',(28.375,22.185417437701));
#1253 = CARTESIAN_POINT('',(23.5,25.));
#1254 = CARTESIAN_POINT('',(28.375,27.814582562299));
#1255 = CARTESIAN_POINT('',(33.25,30.629165124599));
#1256 = CARTESIAN_POINT('',(33.25,25.));
#1257 = ( GEOMETRIC_REPRESENTATION_CONTEXT(2) 
PARAMETRIC_REPRESENTATION_CONTEXT() REPRESENTATION_CONTEXT('2D SPACE',''
  ) );
#1258 = PCURVE('',#1259,#1264);
#1259 = CYLINDRICAL_SURFACE('',#1260,3.25);
#1260 = AXIS2_PLACEMENT_3D('',#1261,#1262,#1263);
#1261 = CARTESIAN_POINT('',(-110.,25.,-97.));
#1262 = DIRECTION('',(-0.,-0.,-1.));
#1263 = DIRECTION('',(1.,0.,0.));
#1264 = DEFINITIONAL_REPRESENTATION('',(#1265),#1269);
#1265 = LINE('',#1266,#1267);
#1266 = CARTESIAN_POINT('',(-6.28318530718,-1.));
#1267 = VECTOR('',#1268,1.);
#1268 = DIRECTION('',(1.,-0.));
#1269 = ( GEOMETRIC_REPRESENTATION_CONTEXT(2) 
PARAMETRIC_REPRESENTATION_CONTEXT() REPRESENTATION_CONTEXT('2D SPACE',''
  ) );
#1270 = ADVANCED_FACE('',(#1271),#561,.T.);
#1271 = FACE_BOUND('',#1272,.T.);
#1272 = EDGE_LOOP('',(#1273,#1274,#1275,#1298,#1330));
#1273 = ORIENTED_EDGE('',*,*,#547,.F.);
#1274 = ORIENTED_EDGE('',*,*,#577,.T.);
#1275 = ORIENTED_EDGE('',*,*,#1276,.T.);
#1276 = EDGE_CURVE('',#578,#1277,#1279,.T.);
#1277 = VERTEX_POINT('',#1278);
#1278 = CARTESIAN_POINT('',(-102.,-27.,-85.57502345811));
#1279 = SURFACE_CURVE('',#1280,(#1284,#1291),.PCURVE_S1.);
#1280 = LINE('',#1281,#1282);
#1281 = CARTESIAN_POINT('',(-102.,-27.,-96.));
#1282 = VECTOR('',#1283,1.);
#1283 = DIRECTION('',(0.,0.,1.));
#1284 = PCURVE('',#561,#1285);
#1285 = DEFINITIONAL_REPRESENTATION('',(#1286),#1290);
#1286 = LINE('',#1287,#1288);
#1287 = CARTESIAN_POINT('',(1.570796326795,0.));
#1288 = VECTOR('',#1289,1.);
#1289 = DIRECTION('',(0.,1.));
#1290 = ( GEOMETRIC_REPRESENTATION_CONTEXT(2) 
PARAMETRIC_REPRESENTATION_CONTEXT() REPRESENTATION_CONTEXT('2D SPACE',''
  ) );
#1291 = PCURVE('',#617,#1292);
#1292 = DEFINITIONAL_REPRESENTATION('',(#1293),#1297);
#1293 = LINE('',#1294,#1295);
#1294 = CARTESIAN_POINT('',(8.,0.));
#1295 = VECTOR('',#1296,1.);
#1296 = DIRECTION('',(0.,-1.));
#1297 = ( GEOMETRIC_REPRESENTATION_CONTEXT(2) 
PARAMETRIC_REPRESENTATION_CONTEXT() REPRESENTATION_CONTEXT('2D SPACE',''
  ) );
#1298 = ORIENTED_EDGE('',*,*,#1299,.T.);
#1299 = EDGE_CURVE('',#1277,#1300,#1302,.T.);
#1300 = VERTEX_POINT('',#1301);
#1301 = CARTESIAN_POINT('',(-102.0340765335,-27.73760648546,
    -85.361126498));
#1302 = SURFACE_CURVE('',#1303,(#1310,#1320),.PCURVE_S1.);
#1303 = B_SPLINE_CURVE_WITH_KNOTS('',3,(#1304,#1305,#1306,#1307,#1308,
    #1309),.UNSPECIFIED.,.F.,.F.,(4,1,1,4),(0.,7.45842944813E-02,
    0.574933493346,1.),.UNSPECIFIED.);
#1304 = CARTESIAN_POINT('',(-102.,-27.,-85.57502345811));
#1305 = CARTESIAN_POINT('',(-102.,-27.01840968305,-85.56984772417));
#1306 = CARTESIAN_POINT('',(-102.0004900122,-27.16030239234,
    -85.52986317274));
#1307 = CARTESIAN_POINT('',(-102.0078990469,-27.40659225535,
    -85.45921616666));
#1308 = CARTESIAN_POINT('',(-102.0244484546,-27.63362619055,
    -85.39221368507));
#1309 = CARTESIAN_POINT('',(-102.0340765335,-27.73760648546,
    -85.361126498));
#1310 = PCURVE('',#561,#1311);
#1311 = DEFINITIONAL_REPRESENTATION('',(#1312),#1319);
#1312 = B_SPLINE_CURVE_WITH_KNOTS('',3,(#1313,#1314,#1315,#1316,#1317,
    #1318),.UNSPECIFIED.,.F.,.F.,(4,1,1,4),(0.,7.45842944813E-02,
    0.574933493346,1.),.UNSPECIFIED.);
#1313 = CARTESIAN_POINT('',(1.570796326795,10.424976541886));
#1314 = CARTESIAN_POINT('',(1.568495116413,10.43015227583));
#1315 = CARTESIAN_POINT('',(1.550758528957,10.470136827255));
#1316 = CARTESIAN_POINT('',(1.519966601069,10.540783833335));
#1317 = CARTESIAN_POINT('',(1.491517518393,10.607786314928));
#1318 = CARTESIAN_POINT('',(1.478464380819,10.638873501992));
#1319 = ( GEOMETRIC_REPRESENTATION_CONTEXT(2) 
PARAMETRIC_REPRESENTATION_CONTEXT() REPRESENTATION_CONTEXT('2D SPACE',''
  ) );
#1320 = PCURVE('',#401,#1321);
#1321 = DEFINITIONAL_REPRESENTATION('',(#1322),#1329);
#1322 = B_SPLINE_CURVE_WITH_KNOTS('',3,(#1323,#1324,#1325,#1326,#1327,
    #1328),.UNSPECIFIED.,.F.,.F.,(4,1,1,4),(0.,7.45842944813E-02,
    0.574933493346,1.),.UNSPECIFIED.);
#1323 = CARTESIAN_POINT('',(261.10637170986,7.887323943662E-02));
#1324 = CARTESIAN_POINT('',(261.08725676087,7.887323943662E-02));
#1325 = CARTESIAN_POINT('',(260.939903031,7.887185912045E-02));
#1326 = CARTESIAN_POINT('',(260.68379443809,7.885098860019E-02));
#1327 = CARTESIAN_POINT('',(260.44718262572,7.880437055024E-02));
#1328 = CARTESIAN_POINT('',(260.33870107051,7.877724920114E-02));
#1329 = ( GEOMETRIC_REPRESENTATION_CONTEXT(2) 
PARAMETRIC_REPRESENTATION_CONTEXT() REPRESENTATION_CONTEXT('2D SPACE',''
  ) );
#1330 = ORIENTED_EDGE('',*,*,#1331,.T.);
#1331 = EDGE_CURVE('',#1300,#378,#1332,.T.);
#1332 = SURFACE_CURVE('',#1333,(#1356,#1382),.PCURVE_S1.);
#1333 = B_SPLINE_CURVE_WITH_KNOTS('',6,(#1334,#1335,#1336,#1337,#1338,
    #1339,#1340,#1341,#1342,#1343,#1344,#1345,#1346,#1347,#1348,#1349,
    #1350,#1351,#1352,#1353,#1354,#1355),.UNSPECIFIED.,.F.,.F.,(7,5,5,5,
    7),(0.,0.171953021514,0.537171280867,0.867244827211,1.),
  .UNSPECIFIED.);
#1334 = CARTESIAN_POINT('',(-102.,-27.,-85.57502345811));
#1335 = CARTESIAN_POINT('',(-102.,-27.31298544462,-85.48703012414));
#1336 = CARTESIAN_POINT('',(-102.0146951632,-27.62492495735,
    -85.39655492986));
#1337 = CARTESIAN_POINT('',(-102.0438986985,-27.93538641244,
    -85.30367172809));
#1338 = CARTESIAN_POINT('',(-102.0874933788,-28.24394828653,
    -85.2084769439));
#1339 = CARTESIAN_POINT('',(-102.1454315403,-28.55019965862,
    -85.11108957459));
#1340 = CARTESIAN_POINT('',(-102.3713036211,-29.49844276225,
    -84.800449819));
#1341 = CARTESIAN_POINT('',(-102.5895540532,-30.13029138913,
    -84.58019714427));
#1342 = CARTESIAN_POINT('',(-102.8726640687,-30.74648599153,
    -84.35201586339));
#1343 = CARTESIAN_POINT('',(-103.2231702424,-31.34241161951,
    -84.11805692202));
#1344 = CARTESIAN_POINT('',(-103.6435755114,-31.91243957992,
    -83.88164335905));
#1345 = CARTESIAN_POINT('',(-104.5930237871,-32.93317562391,
    -83.43743705767));
#1346 = CARTESIAN_POINT('',(-105.1054714792,-33.38766988183,
    -83.23013085284));
#1347 = CARTESIAN_POINT('',(-105.6881317342,-33.81009297309,
    -83.02898368166));
#1348 = CARTESIAN_POINT('',(-106.3485086829,-34.18753378595,
    -82.841492977));
#1349 = CARTESIAN_POINT('',(-107.0898515708,-34.49973668522,
    -82.6818974056));
#1350 = CARTESIAN_POINT('',(-108.2341903495,-34.81009473246,
    -82.52092449604));
#1351 = CARTESIAN_POINT('',(-108.5736690548,-34.88418925903,
    -82.4821154233));
#1352 = CARTESIAN_POINT('',(-108.9228427813,-34.94155930667,
    -82.45183471602));
#1353 = CARTESIAN_POINT('',(-109.2793437973,-34.9805444095,
    -82.43117508599));
#1354 = CARTESIAN_POINT('',(-109.6398572121,-35.,-82.42086584317));
#1355 = CARTESIAN_POINT('',(-110.,-35.,-82.42086584317));
#1356 = PCURVE('',#561,#1357);
#1357 = DEFINITIONAL_REPRESENTATION('',(#1358),#1381);
#1358 = B_SPLINE_CURVE_WITH_KNOTS('',6,(#1359,#1360,#1361,#1362,#1363,
    #1364,#1365,#1366,#1367,#1368,#1369,#1370,#1371,#1372,#1373,#1374,
    #1375,#1376,#1377,#1378,#1379,#1380),.UNSPECIFIED.,.F.,.F.,(7,5,5,5,
    7),(0.,0.171953021514,0.537171280867,0.867244827211,1.),
  .UNSPECIFIED.);
#1359 = CARTESIAN_POINT('',(1.570796326795,10.424976541886));
#1360 = CARTESIAN_POINT('',(1.531673146216,10.512969875854));
#1361 = CARTESIAN_POINT('',(1.492679906921,10.603445070136));
#1362 = CARTESIAN_POINT('',(1.453765223046,10.696328271905));
#1363 = CARTESIAN_POINT('',(1.414876027992,10.791523056095));
#1364 = CARTESIAN_POINT('',(1.375957574429,10.888910425402));
#1365 = CARTESIAN_POINT('',(1.254110899484,11.199550180992));
#1366 = CARTESIAN_POINT('',(1.170955319267,11.419802855729));
#1367 = CARTESIAN_POINT('',(1.086815629442,11.647984136603));
#1368 = CARTESIAN_POINT('',(1.001063137523,11.881943077971));
#1369 = CARTESIAN_POINT('',(0.913097347327,12.118356640945));
#1370 = CARTESIAN_POINT('',(0.738842052398,12.562562942328));
#1371 = CARTESIAN_POINT('',(0.653616496075,12.769869147159));
#1372 = CARTESIAN_POINT('',(0.56433199016,12.971016318339));
#1373 = CARTESIAN_POINT('',(0.470191949913,13.158507022993));
#1374 = CARTESIAN_POINT('',(0.370538986196,13.318102594399));
#1375 = CARTESIAN_POINT('',(0.222329181475,13.479075503955));
#1376 = CARTESIAN_POINT('',(0.178949581235,13.517884576694));
#1377 = CARTESIAN_POINT('',(0.134809017802,13.548165283976));
#1378 = CARTESIAN_POINT('',(9.008199086173E-02,13.568824914008));
#1379 = CARTESIAN_POINT('',(4.501784848384E-02,13.579134156828));
#1380 = CARTESIAN_POINT('',(0.,13.579134156828));
#1381 = ( GEOMETRIC_REPRESENTATION_CONTEXT(2) 
PARAMETRIC_REPRESENTATION_CONTEXT() REPRESENTATION_CONTEXT('2D SPACE',''
  ) );
#1382 = PCURVE('',#401,#1383);
#1383 = DEFINITIONAL_REPRESENTATION('',(#1384),#1407);
#1384 = B_SPLINE_CURVE_WITH_KNOTS('',6,(#1385,#1386,#1387,#1388,#1389,
    #1390,#1391,#1392,#1393,#1394,#1395,#1396,#1397,#1398,#1399,#1400,
    #1401,#1402,#1403,#1404,#1405,#1406),.UNSPECIFIED.,.F.,.F.,(7,5,5,5,
    7),(0.,0.171953021514,0.537171280867,0.867244827211,1.),
  .UNSPECIFIED.);
#1385 = CARTESIAN_POINT('',(261.10637170986,7.887323943662E-02));
#1386 = CARTESIAN_POINT('',(260.78139594622,7.887323943662E-02));
#1387 = CARTESIAN_POINT('',(260.45675121799,7.88318446107E-02));
#1388 = CARTESIAN_POINT('',(260.13284659627,7.874958113076E-02));
#1389 = CARTESIAN_POINT('',(259.81008842029,7.862677921456E-02));
#1390 = CARTESIAN_POINT('',(259.48888029745,7.846357312573E-02));
#1391 = CARTESIAN_POINT('',(258.49153931221,7.782731374318E-02));
#1392 = CARTESIAN_POINT('',(257.8229287825,7.72125237936E-02));
#1393 = CARTESIAN_POINT('',(257.16643916541,7.641503079228E-02));
#1394 = CARTESIAN_POINT('',(256.52676464933,7.542768945779E-02));
#1395 = CARTESIAN_POINT('',(255.91007133051,7.424344926361E-02));
#1396 = CARTESIAN_POINT('',(254.79746015176,7.156894707831E-02));
#1397 = CARTESIAN_POINT('',(254.29825491937,7.012543245292E-02));
#1398 = CARTESIAN_POINT('',(253.83080029935,6.848413595988E-02));
#1399 = CARTESIAN_POINT('',(253.40969365885,6.662391920298E-02));
#1400 = CARTESIAN_POINT('',(253.05930088015,6.453562937784E-02));
#1401 = CARTESIAN_POINT('',(252.70991338498,6.131213986055E-02));
#1402 = CARTESIAN_POINT('',(252.62632667817,6.035586181743E-02));
#1403 = CARTESIAN_POINT('',(252.56149881513,5.93722738554E-02));
#1404 = CARTESIAN_POINT('',(252.51740693523,5.836804564124E-02));
#1405 = CARTESIAN_POINT('',(252.49540329069,5.735251489541E-02));
#1406 = CARTESIAN_POINT('',(252.49540329069,5.633802816901E-02));
#1407 = ( GEOMETRIC_REPRESENTATION_CONTEXT(2) 
PARAMETRIC_REPRESENTATION_CONTEXT() REPRESENTATION_CONTEXT('2D SPACE',''
  ) );
#1408 = ADVANCED_FACE('',(#1409,#2409,#2781),#401,.F.);
#1409 = FACE_BOUND('',#1410,.F.);
#1410 = EDGE_LOOP('',(#1411,#1412,#1499,#1528,#1638,#1742,#1852,#1881,
    #1968,#2003,#2095,#2407,#2408));
#1411 = ORIENTED_EDGE('',*,*,#377,.F.);
#1412 = ORIENTED_EDGE('',*,*,#1413,.T.);
#1413 = EDGE_CURVE('',#85,#1414,#1416,.T.);
#1414 = VERTEX_POINT('',#1415);
#1415 = CARTESIAN_POINT('',(-130.,-16.,-87.51183969393));
#1416 = SURFACE_CURVE('',#1417,(#1485,#1492),.PCURVE_S1.);
#1417 = B_SPLINE_CURVE_WITH_KNOTS('',3,(#1418,#1419,#1420,#1421,#1422,
    #1423,#1424,#1425,#1426,#1427,#1428,#1429,#1430,#1431,#1432,#1433,
    #1434,#1435,#1436,#1437,#1438,#1439,#1440,#1441,#1442,#1443,#1444,
    #1445,#1446,#1447,#1448,#1449,#1450,#1451,#1452,#1453,#1454,#1455,
    #1456,#1457,#1458,#1459,#1460,#1461,#1462,#1463,#1464,#1465,#1466,
    #1467,#1468,#1469,#1470,#1471,#1472,#1473,#1474,#1475,#1476,#1477,
    #1478,#1479,#1480,#1481,#1482,#1483,#1484),.UNSPECIFIED.,.T.,.F.,(1,
    1,2,1,1,1,1,1,1,1,1,1,1,1,1,1,1,1,1,1,1,1,1,1,1,1,1,1,1,1,1,1,1,1,1,
    1,1,1,1,1,1,1,1,1,1,1,1,1,1,1,1,1,1,1,1,1,1,1,1,1,1,1,1,1,1,1,2,1,1)
  ,(-19.86658782105,-12.543819359,0.,12.543819359003,19.866587821058,
    25.951281832135,31.328168013365,36.231167766714,40.803452957058,
    45.153123802104,49.374383240351,53.55722667795,57.792889532723,
    62.178799707703,66.826833424625,71.882030314271,77.573559490177,
    84.405665853083,96.099432924941,107.7931999985,114.62530636141,
    120.31683553732,125.37203242696,130.02006614388,134.40597631886,
    138.64163917364,142.82448261124,147.04574204948,151.39541289453,
    155.96769808487,160.87069783822,166.24758401945,172.33227803053,
    179.65504649258,192.19886585013,204.74268521059,212.06545367265,
    218.15014768372,223.52703386495,228.4300336183,233.00231880864,
    237.35198965369,241.57324909194,245.75609252954,249.99175538431,
    254.37766555929,259.02569927621,264.08089616586,269.77242534176,
    276.60453170467,288.29829877561,299.9920658501,306.824172213,
    312.51570138891,317.57089827855,322.21893199548,326.60484217046,
    330.84050502523,335.02334846283,339.24460790107,343.59427874612,
    348.16656393646,353.06956368981,358.44644987104,364.53114388212,
    371.85391234418,384.39773170318,396.94155106218,404.26431952424),
  .UNSPECIFIED.);
#1418 = CARTESIAN_POINT('',(-130.,55.00521490047,-33.16873909291));
#1419 = CARTESIAN_POINT('',(-130.,54.99478509953,-24.83126090708));
#1420 = CARTESIAN_POINT('',(-130.,55.002116221386,-18.18998981242));
#1421 = CARTESIAN_POINT('',(-130.,54.419465193175,-9.556581637765));
#1422 = CARTESIAN_POINT('',(-130.,53.535176295659,-3.350510546843));
#1423 = CARTESIAN_POINT('',(-130.,52.297387037062,1.969918974896));
#1424 = CARTESIAN_POINT('',(-130.,50.702449486188,6.666179306242));
#1425 = CARTESIAN_POINT('',(-130.,48.746470944603,10.849965044806));
#1426 = CARTESIAN_POINT('',(-130.,46.424552071915,14.578289795393));
#1427 = CARTESIAN_POINT('',(-130.,43.729894099075,17.881858884662));
#1428 = CARTESIAN_POINT('',(-130.,40.652469244997,20.777477089628));
#1429 = CARTESIAN_POINT('',(-130.,37.176070723009,23.274563729804));
#1430 = CARTESIAN_POINT('',(-130.,33.272414202181,25.378934432911));
#1431 = CARTESIAN_POINT('',(-130.,28.889366153973,27.094834851844));
#1432 = CARTESIAN_POINT('',(-130.,23.923651405286,28.425940114462));
#1433 = CARTESIAN_POINT('',(-130.,18.133473548716,29.376718846708));
#1434 = CARTESIAN_POINT('',(-130.,10.076783649969,30.000746807143));
#1435 = CARTESIAN_POINT('',(-130.,2.795067578815E-10,29.999528605828));
#1436 = CARTESIAN_POINT('',(-130.,-10.07678364938,30.000746807142));
#1437 = CARTESIAN_POINT('',(-130.,-18.13347354874,29.376718846791));
#1438 = CARTESIAN_POINT('',(-130.,-23.92365140519,28.425940114219));
#1439 = CARTESIAN_POINT('',(-130.,-28.88936615426,27.094834852618));
#1440 = CARTESIAN_POINT('',(-130.,-33.27241420119,25.378934430331));
#1441 = CARTESIAN_POINT('',(-130.,-37.17607072641,23.274563738727));
#1442 = CARTESIAN_POINT('',(-130.,-40.6524692328,20.777477057697));
#1443 = CARTESIAN_POINT('',(-130.,-43.72989414419,17.881859002787));
#1444 = CARTESIAN_POINT('',(-130.,-46.42455189951,14.578289344073));
#1445 = CARTESIAN_POINT('',(-130.,-48.74647162408,10.849966823594));
#1446 = CARTESIAN_POINT('',(-130.,-50.70244672596,6.666172080348));
#1447 = CARTESIAN_POINT('',(-130.,-52.29739860826,1.969949266762));
#1448 = CARTESIAN_POINT('',(-130.,-53.53512588319,-3.35064251998));
#1449 = CARTESIAN_POINT('',(-130.,-54.41969908643,-9.555969336304));
#1450 = CARTESIAN_POINT('',(-130.,-55.00072090478,-18.19364256519));
#1451 = CARTESIAN_POINT('',(-130.,-54.99954481867,-28.99999999951));
#1452 = CARTESIAN_POINT('',(-130.,-55.00072090484,-39.80635743383));
#1453 = CARTESIAN_POINT('',(-130.,-54.41969908643,-48.44403066369));
#1454 = CARTESIAN_POINT('',(-130.,-53.53512588319,-54.64935748002));
#1455 = CARTESIAN_POINT('',(-130.,-52.29739860826,-59.96994926676));
#1456 = CARTESIAN_POINT('',(-130.,-50.70244672596,-64.66617208034));
#1457 = CARTESIAN_POINT('',(-130.,-48.74647162408,-68.84996682359));
#1458 = CARTESIAN_POINT('',(-130.,-46.42455189951,-72.57828934407));
#1459 = CARTESIAN_POINT('',(-130.,-43.72989414419,-75.88185900278));
#1460 = CARTESIAN_POINT('',(-130.,-40.6524692328,-78.77747705769));
#1461 = CARTESIAN_POINT('',(-130.,-37.17607072641,-81.27456373872));
#1462 = CARTESIAN_POINT('',(-130.,-33.27241420119,-83.37893443033));
#1463 = CARTESIAN_POINT('',(-130.,-28.88936615426,-85.09483485261));
#1464 = CARTESIAN_POINT('',(-130.,-23.92365140519,-86.42594011421));
#1465 = CARTESIAN_POINT('',(-130.,-18.13347354874,-87.37671884679));
#1466 = CARTESIAN_POINT('',(-130.,-10.07678365026,-88.00074680708));
#1467 = CARTESIAN_POINT('',(-130.,-5.872821341796E-10,-87.99952860582));
#1468 = CARTESIAN_POINT('',(-130.,10.07678364906,-88.0007468072));
#1469 = CARTESIAN_POINT('',(-130.,18.133473548779,-87.3767188467));
#1470 = CARTESIAN_POINT('',(-130.,23.9236514051,-86.42594011446));
#1471 = CARTESIAN_POINT('',(-130.,28.889366154564,-85.09483485184));
#1472 = CARTESIAN_POINT('',(-130.,33.27241420021,-83.37893443291));
#1473 = CARTESIAN_POINT('',(-130.,37.176070729825,-81.2745637298));
#1474 = CARTESIAN_POINT('',(-130.,40.652469220602,-78.77747708962));
#1475 = CARTESIAN_POINT('',(-130.,43.72989418932,-75.88185888466));
#1476 = CARTESIAN_POINT('',(-130.,46.424551727115,-72.57828979539));
#1477 = CARTESIAN_POINT('',(-130.,48.746472303563,-68.8499650448));
#1478 = CARTESIAN_POINT('',(-130.,50.702443965744,-64.66617930624));
#1479 = CARTESIAN_POINT('',(-130.,52.297410179464,-59.96991897489));
#1480 = CARTESIAN_POINT('',(-130.,53.535075470723,-54.64948945315));
#1481 = CARTESIAN_POINT('',(-130.,54.4199329797,-48.44341836223));
#1482 = CARTESIAN_POINT('',(-130.,54.999325588236,-39.81001018757));
#1483 = CARTESIAN_POINT('',(-130.,55.00521490047,-33.16873909291));
#1484 = CARTESIAN_POINT('',(-130.,54.99478509953,-24.83126090708));
#1485 = PCURVE('',#401,#1486);
#1486 = DEFINITIONAL_REPRESENTATION('',(#1487),#1491);
#1487 = LINE('',#1488,#1489);
#1488 = CARTESIAN_POINT('',(0.,0.));
#1489 = VECTOR('',#1490,1.);
#1490 = DIRECTION('',(1.,0.));
#1491 = ( GEOMETRIC_REPRESENTATION_CONTEXT(2) 
PARAMETRIC_REPRESENTATION_CONTEXT() REPRESENTATION_CONTEXT('2D SPACE',''
  ) );
#1492 = PCURVE('',#110,#1493);
#1493 = DEFINITIONAL_REPRESENTATION('',(#1494),#1498);
#1494 = LINE('',#1495,#1496);
#1495 = CARTESIAN_POINT('',(0.,1.));
#1496 = VECTOR('',#1497,1.);
#1497 = DIRECTION('',(1.,0.));
#1498 = ( GEOMETRIC_REPRESENTATION_CONTEXT(2) 
PARAMETRIC_REPRESENTATION_CONTEXT() REPRESENTATION_CONTEXT('2D SPACE',''
  ) );
#1499 = ORIENTED_EDGE('',*,*,#1500,.T.);
#1500 = EDGE_CURVE('',#1414,#1501,#1503,.T.);
#1501 = VERTEX_POINT('',#1502);
#1502 = CARTESIAN_POINT('',(-123.,-16.,-87.51183969393));
#1503 = SURFACE_CURVE('',#1504,(#1510,#1519),.PCURVE_S1.);
#1504 = B_SPLINE_CURVE_WITH_KNOTS('',4,(#1505,#1506,#1507,#1508,#1509),
  .UNSPECIFIED.,.F.,.F.,(5,5),(0.,1.),.PIECEWISE_BEZIER_KNOTS.);
#1505 = CARTESIAN_POINT('',(-130.,-16.,-87.51183969393));
#1506 = CARTESIAN_POINT('',(-128.25,-16.,-87.51183969393));
#1507 = CARTESIAN_POINT('',(-126.5,-16.,-87.51183969393));
#1508 = CARTESIAN_POINT('',(-124.75,-16.,-87.51183969393));
#1509 = CARTESIAN_POINT('',(-123.,-16.,-87.51183969393));
#1510 = PCURVE('',#401,#1511);
#1511 = DEFINITIONAL_REPRESENTATION('',(#1512),#1518);
#1512 = B_SPLINE_CURVE_WITH_KNOTS('',4,(#1513,#1514,#1515,#1516,#1517),
  .UNSPECIFIED.,.F.,.F.,(5,5),(0.,1.),.PIECEWISE_BEZIER_KNOTS.);
#1513 = CARTESIAN_POINT('',(272.28706400576,0.));
#1514 = CARTESIAN_POINT('',(272.28706400576,4.929577464789E-03));
#1515 = CARTESIAN_POINT('',(272.28706400576,9.859154929577E-03));
#1516 = CARTESIAN_POINT('',(272.28706400576,1.478873239437E-02));
#1517 = CARTESIAN_POINT('',(272.28706400576,1.971830985915E-02));
#1518 = ( GEOMETRIC_REPRESENTATION_CONTEXT(2) 
PARAMETRIC_REPRESENTATION_CONTEXT() REPRESENTATION_CONTEXT('2D SPACE',''
  ) );
#1519 = PCURVE('',#1027,#1520);
#1520 = DEFINITIONAL_REPRESENTATION('',(#1521),#1527);
#1521 = B_SPLINE_CURVE_WITH_KNOTS('',4,(#1522,#1523,#1524,#1525,#1526),
  .UNSPECIFIED.,.F.,.F.,(5,5),(0.,1.),.PIECEWISE_BEZIER_KNOTS.);
#1522 = CARTESIAN_POINT('',(33.,-9.488160306066));
#1523 = CARTESIAN_POINT('',(34.75,-9.488160306066));
#1524 = CARTESIAN_POINT('',(36.5,-9.488160306066));
#1525 = CARTESIAN_POINT('',(38.25,-9.488160306066));
#1526 = CARTESIAN_POINT('',(40.,-9.488160306066));
#1527 = ( GEOMETRIC_REPRESENTATION_CONTEXT(2) 
PARAMETRIC_REPRESENTATION_CONTEXT() REPRESENTATION_CONTEXT('2D SPACE',''
  ) );
#1528 = ORIENTED_EDGE('',*,*,#1529,.T.);
#1529 = EDGE_CURVE('',#1501,#1530,#1532,.T.);
#1530 = VERTEX_POINT('',#1531);
#1531 = CARTESIAN_POINT('',(-117.,-10.,-87.88160878143));
#1532 = SURFACE_CURVE('',#1533,(#1566,#1602),.PCURVE_S1.);
#1533 = B_SPLINE_CURVE_WITH_KNOTS('',7,(#1534,#1535,#1536,#1537,#1538,
    #1539,#1540,#1541,#1542,#1543,#1544,#1545,#1546,#1547,#1548,#1549,
    #1550,#1551,#1552,#1553,#1554,#1555,#1556,#1557,#1558,#1559,#1560,
    #1561,#1562,#1563,#1564,#1565),.UNSPECIFIED.,.F.,.F.,(8,6,6,6,6,8),(
    0.,0.191540608598,0.314051639401,0.477390025897,0.682376402323,1.),
  .UNSPECIFIED.);
#1534 = CARTESIAN_POINT('',(-123.,-16.,-87.51183969393));
#1535 = CARTESIAN_POINT('',(-122.6871466997,-16.,-87.51183969393));
#1536 = CARTESIAN_POINT('',(-122.3741601644,-15.98096757208,
    -87.51359651679));
#1537 = CARTESIAN_POINT('',(-122.0641548155,-15.94287776596,
    -87.5171130633));
#1538 = CARTESIAN_POINT('',(-121.759711045,-15.88644753053,
    -87.52229464449));
#1539 = CARTESIAN_POINT('',(-121.4629540971,-15.81284897465,
    -87.52898090095));
#1540 = CARTESIAN_POINT('',(-121.1756082937,-15.72352887198,
    -87.53697340196));
#1541 = CARTESIAN_POINT('',(-120.7221225604,-15.55400241728,
    -87.55187010351));
#1542 = CARTESIAN_POINT('',(-120.5495389491,-15.48208082377,
    -87.55813122896));
#1543 = CARTESIAN_POINT('',(-120.3815522052,-15.40475958091,
    -87.56478973565));
#1544 = CARTESIAN_POINT('',(-120.2183595684,-15.32242991044,
    -87.5717932151));
#1545 = CARTESIAN_POINT('',(-120.060090516,-15.23547246133,
    -87.57909098489));
#1546 = CARTESIAN_POINT('',(-119.9068181968,-15.14424546669,
    -87.58663565775));
#1547 = CARTESIAN_POINT('',(-119.5609194369,-14.92218364656,
    -87.60471617074));
#1548 = CARTESIAN_POINT('',(-119.3722227373,-14.7882959978,
    -87.61540971839));
#1549 = CARTESIAN_POINT('',(-119.1925184193,-14.64816779838,
    -87.62636474564));
#1550 = CARTESIAN_POINT('',(-119.0217687557,-14.50249064872,
    -87.6374922444));
#1551 = CARTESIAN_POINT('',(-118.8598757828,-14.35188114989,
    -87.64871507617));
#1552 = CARTESIAN_POINT('',(-118.7066964457,-14.19687214777,
    -87.65996824161));
#1553 = CARTESIAN_POINT('',(-118.380539093,-13.83840213311,
    -87.68529371342));
#1554 = CARTESIAN_POINT('',(-118.2125092601,-13.63270606856,
    -87.69935016423));
#1555 = CARTESIAN_POINT('',(-118.0576194121,-13.42169270841,
    -87.71326377048));
#1556 = CARTESIAN_POINT('',(-117.9155520451,-13.20612709128,
    -87.72695070805));
#1557 = CARTESIAN_POINT('',(-117.7860020977,-12.98667006215,
    -87.7403458661));
#1558 = CARTESIAN_POINT('',(-117.6686770196,-12.76387893181,
    -87.75340043653));
#1559 = CARTESIAN_POINT('',(-117.4000600086,-12.18851638086,
    -87.78572499418));
#1560 = CARTESIAN_POINT('',(-117.2655938727,-11.83204292603,
    -87.80446087687));
#1561 = CARTESIAN_POINT('',(-117.1588977191,-11.47043839365,
    -87.82215626323));
#1562 = CARTESIAN_POINT('',(-117.0793400492,-11.10519580966,
    -87.83874556669));
#1563 = CARTESIAN_POINT('',(-117.0264578391,-10.73761443376,
    -87.8541781913));
#1564 = CARTESIAN_POINT('',(-117.,-10.36887830212,-87.86845970428));
#1565 = CARTESIAN_POINT('',(-117.,-10.,-87.88160878143));
#1566 = PCURVE('',#401,#1567);
#1567 = DEFINITIONAL_REPRESENTATION('',(#1568),#1601);
#1568 = B_SPLINE_CURVE_WITH_KNOTS('',7,(#1569,#1570,#1571,#1572,#1573,
    #1574,#1575,#1576,#1577,#1578,#1579,#1580,#1581,#1582,#1583,#1584,
    #1585,#1586,#1587,#1588,#1589,#1590,#1591,#1592,#1593,#1594,#1595,
    #1596,#1597,#1598,#1599,#1600),.UNSPECIFIED.,.F.,.F.,(8,6,6,6,6,8),(
    0.,0.191540608598,0.314051639401,0.477390025897,0.682376402323,1.),
  .UNSPECIFIED.);
#1569 = CARTESIAN_POINT('',(272.28706400576,1.971830985915E-02));
#1570 = CARTESIAN_POINT('',(272.28706400576,2.059958676133E-02));
#1571 = CARTESIAN_POINT('',(272.30617275813,2.148123897349E-02));
#1572 = CARTESIAN_POINT('',(272.34441537977,2.235449347721E-02));
#1573 = CARTESIAN_POINT('',(272.40106936574,2.321208156315E-02));
#1574 = CARTESIAN_POINT('',(272.47495307445,2.40480166278E-02));
#1575 = CARTESIAN_POINT('',(272.56460808184,2.485744142606E-02));
#1576 = CARTESIAN_POINT('',(272.73474588217,2.613486602688E-02));
#1577 = CARTESIAN_POINT('',(272.80692160248,2.662101704455E-02));
#1578 = CARTESIAN_POINT('',(272.88450963577,2.709421914018E-02));
#1579 = CARTESIAN_POINT('',(272.96711585407,2.755391670873E-02));
#1580 = CARTESIAN_POINT('',(273.05435686733,2.799974502516E-02));
#1581 = CARTESIAN_POINT('',(273.14587195956,2.8431498037E-02));
#1582 = CARTESIAN_POINT('',(273.3686115893,2.940586074096E-02));
#1583 = CARTESIAN_POINT('',(273.50289077269,2.993740073996E-02));
#1584 = CARTESIAN_POINT('',(273.6434096467,3.044361008624E-02));
#1585 = CARTESIAN_POINT('',(273.7894724694,3.092459505409E-02));
#1586 = CARTESIAN_POINT('',(273.94045940397,3.138063159751E-02));
#1587 = CARTESIAN_POINT('',(274.09583523724,3.181212268798E-02));
#1588 = CARTESIAN_POINT('',(274.45510507121,3.273087579418E-02));
#1589 = CARTESIAN_POINT('',(274.66122703972,3.320419926721E-02));
#1590 = CARTESIAN_POINT('',(274.87264399292,3.364050869813E-02));
#1591 = CARTESIAN_POINT('',(275.08858948174,3.404069846448E-02));
#1592 = CARTESIAN_POINT('',(275.30840264458,3.440562789373E-02));
#1593 = CARTESIAN_POINT('',(275.53152726602,3.473612107142E-02));
#1594 = CARTESIAN_POINT('',(276.10768722819,3.5492788708E-02));
#1595 = CARTESIAN_POINT('',(276.46459608167,3.587156655553E-02));
#1596 = CARTESIAN_POINT('',(276.82658658019,3.617211910111E-02));
#1597 = CARTESIAN_POINT('',(277.19220958794,3.639622521351E-02));
#1598 = CARTESIAN_POINT('',(277.56011543675,3.654518918544E-02));
#1599 = CARTESIAN_POINT('',(277.9291494008,3.661971830986E-02));
#1600 = CARTESIAN_POINT('',(278.29829030311,3.661971830986E-02));
#1601 = ( GEOMETRIC_REPRESENTATION_CONTEXT(2) 
PARAMETRIC_REPRESENTATION_CONTEXT() REPRESENTATION_CONTEXT('2D SPACE',''
  ) );
#1602 = PCURVE('',#1000,#1603);
#1603 = DEFINITIONAL_REPRESENTATION('',(#1604),#1637);
#1604 = B_SPLINE_CURVE_WITH_KNOTS('',7,(#1605,#1606,#1607,#1608,#1609,
    #1610,#1611,#1612,#1613,#1614,#1615,#1616,#1617,#1618,#1619,#1620,
    #1621,#1622,#1623,#1624,#1625,#1626,#1627,#1628,#1629,#1630,#1631,
    #1632,#1633,#1634,#1635,#1636),.UNSPECIFIED.,.F.,.F.,(8,6,6,6,6,8),(
    0.,0.191540608598,0.314051639401,0.477390025897,0.682376402323,1.),
  .UNSPECIFIED.);
#1605 = CARTESIAN_POINT('',(0.,9.488160306066));
#1606 = CARTESIAN_POINT('',(5.214221671223E-02,9.488160306066));
#1607 = CARTESIAN_POINT('',(0.104306531076,9.486403483207));
#1608 = CARTESIAN_POINT('',(0.156206039876,9.482886936699));
#1609 = CARTESIAN_POINT('',(0.207641552042,9.477705355505));
#1610 = CARTESIAN_POINT('',(0.25846008618,9.471019099047));
#1611 = CARTESIAN_POINT('',(0.308531649222,9.463026598031));
#1612 = CARTESIAN_POINT('',(0.38922113104,9.448129896485));
#1613 = CARTESIAN_POINT('',(0.420361312961,9.441868771032));
#1614 = CARTESIAN_POINT('',(0.451150076328,9.43521026435));
#1615 = CARTESIAN_POINT('',(0.481579554141,9.428206784896));
#1616 = CARTESIAN_POINT('',(0.511647970834,9.420909015107));
#1617 = CARTESIAN_POINT('',(0.54135883512,9.413364342248));
#1618 = CARTESIAN_POINT('',(0.609866215921,9.395283829259));
#1619 = CARTESIAN_POINT('',(0.648386479271,9.384590281605));
#1620 = CARTESIAN_POINT('',(0.686305517655,9.373635254359));
#1621 = CARTESIAN_POINT('',(0.723650078994,9.362507755596));
#1622 = CARTESIAN_POINT('',(0.760450203952,9.351284923821));
#1623 = CARTESIAN_POINT('',(0.796740365533,9.340031758385));
#1624 = CARTESIAN_POINT('',(0.87751429046,9.314706286575));
#1625 = CARTESIAN_POINT('',(0.921718633229,9.300649835762));
#1626 = CARTESIAN_POINT('',(0.965252917232,9.286736229512));
#1627 = CARTESIAN_POINT('',(1.008184872096,9.273049291947));
#1628 = CARTESIAN_POINT('',(1.050577790765,9.259654133896));
#1629 = CARTESIAN_POINT('',(1.092495584823,9.246599563463));
#1630 = CARTESIAN_POINT('',(1.198325265027,9.214275005812));
#1631 = CARTESIAN_POINT('',(1.261640154556,9.195539123125));
#1632 = CARTESIAN_POINT('',(1.324206535938,9.17784373677));
#1633 = CARTESIAN_POINT('',(1.386217378611,9.161254433301));
#1634 = CARTESIAN_POINT('',(1.447860613199,9.145821808696));
#1635 = CARTESIAN_POINT('',(1.509316609774,9.131540295718));
#1636 = CARTESIAN_POINT('',(1.570796326795,9.11839121857));
#1637 = ( GEOMETRIC_REPRESENTATION_CONTEXT(2) 
PARAMETRIC_REPRESENTATION_CONTEXT() REPRESENTATION_CONTEXT('2D SPACE',''
  ) );
#1638 = ORIENTED_EDGE('',*,*,#1639,.F.);
#1639 = EDGE_CURVE('',#1640,#1530,#1642,.T.);
#1640 = VERTEX_POINT('',#1641);
#1641 = CARTESIAN_POINT('',(-117.,10.,-87.88160878144));
#1642 = SURFACE_CURVE('',#1643,(#1674,#1708),.PCURVE_S1.);
#1643 = B_SPLINE_CURVE_WITH_KNOTS('',5,(#1644,#1645,#1646,#1647,#1648,
    #1649,#1650,#1651,#1652,#1653,#1654,#1655,#1656,#1657,#1658,#1659,
    #1660,#1661,#1662,#1663,#1664,#1665,#1666,#1667,#1668,#1669,#1670,
    #1671,#1672,#1673),.UNSPECIFIED.,.F.,.F.,(6,4,4,4,4,4,4,6),(0.,
    0.335292119573,0.446290987001,0.474936440808,0.528646710706,
    0.58593726521,0.757799641087,1.),.UNSPECIFIED.);
#1644 = CARTESIAN_POINT('',(-117.,10.,-87.88160878144));
#1645 = CARTESIAN_POINT('',(-117.,8.659651656137,-87.92938698937));
#1646 = CARTESIAN_POINT('',(-117.,7.318784089348,-87.96109869968));
#1647 = CARTESIAN_POINT('',(-117.,5.97762380722,-87.98034109836));
#1648 = CARTESIAN_POINT('',(-117.,4.636313106455,-87.99072270507));
#1649 = CARTESIAN_POINT('',(-117.,2.850832642625,-87.99753982479));
#1650 = CARTESIAN_POINT('',(-117.,2.406748728777,-87.99865888442));
#1651 = CARTESIAN_POINT('',(-117.,1.962657709554,-87.99933216539));
#1652 = CARTESIAN_POINT('',(-117.,1.518561865238,-87.99969031399));
#1653 = CARTESIAN_POINT('',(-117.,0.959854677121,-87.99990875679));
#1654 = CARTESIAN_POINT('',(-117.,0.845245838999,-87.99994127772));
#1655 = CARTESIAN_POINT('',(-117.,0.730636692004,-87.99996375505));
#1656 = CARTESIAN_POINT('',(-117.,0.616027302918,-87.99997843375));
#1657 = CARTESIAN_POINT('',(-117.,0.286524629205,-88.0000046682));
#1658 = CARTESIAN_POINT('',(-117.,7.163121202841E-02,-87.99999854099));
#1659 = CARTESIAN_POINT('',(-117.,-0.143262294296,-88.00000191983));
#1660 = CARTESIAN_POINT('',(-117.,-0.358155667363,-88.00000365465));
#1661 = CARTESIAN_POINT('',(-117.,-0.802266310523,-87.9999567195));
#1662 = CARTESIAN_POINT('',(-117.,-1.03148352965,-87.99990691306));
#1663 = CARTESIAN_POINT('',(-117.,-1.260700078781,-87.99981356527));
#1664 = CARTESIAN_POINT('',(-117.,-1.489915678403,-87.99965871555));
#1665 = CARTESIAN_POINT('',(-117.,-2.406735952317,-87.99872149969));
#1666 = CARTESIAN_POINT('',(-117.,-3.094330456577,-87.99730349693));
#1667 = CARTESIAN_POINT('',(-117.,-3.78190626417,-87.99468551642));
#1668 = CARTESIAN_POINT('',(-117.,-4.469453030606,-87.9903824739));
#1669 = CARTESIAN_POINT('',(-117.,-6.125836041133,-87.9747863208));
#1670 = CARTESIAN_POINT('',(-117.,-7.094628750399,-87.96135341041));
#1671 = CARTESIAN_POINT('',(-117.,-8.063299652583,-87.94225119632));
#1672 = CARTESIAN_POINT('',(-117.,-9.031786375073,-87.91612183327));
#1673 = CARTESIAN_POINT('',(-117.,-10.,-87.88160878143));
#1674 = PCURVE('',#401,#1675);
#1675 = DEFINITIONAL_REPRESENTATION('',(#1676),#1707);
#1676 = B_SPLINE_CURVE_WITH_KNOTS('',5,(#1677,#1678,#1679,#1680,#1681,
    #1682,#1683,#1684,#1685,#1686,#1687,#1688,#1689,#1690,#1691,#1692,
    #1693,#1694,#1695,#1696,#1697,#1698,#1699,#1700,#1701,#1702,#1703,
    #1704,#1705,#1706),.UNSPECIFIED.,.F.,.F.,(6,4,4,4,4,4,4,6),(0.,
    0.335292119573,0.446290987001,0.474936440808,0.528646710706,
    0.58593726521,0.757799641087,1.),.UNSPECIFIED.);
#1677 = CARTESIAN_POINT('',(298.29830737538,3.661971830986E-02));
#1678 = CARTESIAN_POINT('',(296.95700485302,3.661971830986E-02));
#1679 = CARTESIAN_POINT('',(295.61566201352,3.661971830986E-02));
#1680 = CARTESIAN_POINT('',(294.27439968697,3.661971830986E-02));
#1681 = CARTESIAN_POINT('',(292.93325120218,3.661971830986E-02));
#1682 = CARTESIAN_POINT('',(291.14819698303,3.661971830986E-02));
#1683 = CARTESIAN_POINT('',(290.70423637959,3.661971830986E-02));
#1684 = CARTESIAN_POINT('',(290.2602820812,3.661971830986E-02));
#1685 = CARTESIAN_POINT('',(289.81633248222,3.661971830986E-02));
#1686 = CARTESIAN_POINT('',(289.25781637593,3.661971830986E-02));
#1687 = CARTESIAN_POINT('',(289.14324711037,3.661971830986E-02));
#1688 = CARTESIAN_POINT('',(289.02867784482,3.661971830986E-02));
#1689 = CARTESIAN_POINT('',(288.91410857926,3.661971830986E-02));
#1690 = CARTESIAN_POINT('',(288.58472176477,3.661971830986E-02));
#1691 = CARTESIAN_POINT('',(288.36990452417,3.661971830986E-02));
#1692 = CARTESIAN_POINT('',(288.15508737049,3.661971830986E-02));
#1693 = CARTESIAN_POINT('',(287.94027008598,3.661971830986E-02));
#1694 = CARTESIAN_POINT('',(287.49631523652,3.661971830986E-02));
#1695 = CARTESIAN_POINT('',(287.26717762552,3.661971830986E-02));
#1696 = CARTESIAN_POINT('',(287.0380393491,3.661971830986E-02));
#1697 = CARTESIAN_POINT('',(286.80890015256,3.661971830986E-02));
#1698 = CARTESIAN_POINT('',(285.89237586354,3.661971830986E-02));
#1699 = CARTESIAN_POINT('',(285.2049817123,3.661971830986E-02));
#1700 = CARTESIAN_POINT('',(284.5175702034,3.661971830986E-02));
#1701 = CARTESIAN_POINT('',(283.8301372524,3.661971830986E-02));
#1702 = CARTESIAN_POINT('',(282.17387204554,3.661971830986E-02));
#1703 = CARTESIAN_POINT('',(281.20501941117,3.661971830986E-02));
#1704 = CARTESIAN_POINT('',(280.23611908536,3.661971830986E-02));
#1705 = CARTESIAN_POINT('',(279.26719306441,3.661971830986E-02));
#1706 = CARTESIAN_POINT('',(278.29829017939,3.661971830986E-02));
#1707 = ( GEOMETRIC_REPRESENTATION_CONTEXT(2) 
PARAMETRIC_REPRESENTATION_CONTEXT() REPRESENTATION_CONTEXT('2D SPACE',''
  ) );
#1708 = PCURVE('',#1190,#1709);
#1709 = DEFINITIONAL_REPRESENTATION('',(#1710),#1741);
#1710 = B_SPLINE_CURVE_WITH_KNOTS('',5,(#1711,#1712,#1713,#1714,#1715,
    #1716,#1717,#1718,#1719,#1720,#1721,#1722,#1723,#1724,#1725,#1726,
    #1727,#1728,#1729,#1730,#1731,#1732,#1733,#1734,#1735,#1736,#1737,
    #1738,#1739,#1740),.UNSPECIFIED.,.F.,.F.,(6,4,4,4,4,4,4,6),(0.,
    0.335292119573,0.446290987001,0.474936440808,0.528646710706,
    0.58593726521,0.757799641087,1.),.UNSPECIFIED.);
#1711 = CARTESIAN_POINT('',(26.,-9.118391218556));
#1712 = CARTESIAN_POINT('',(24.659651656137,-9.070613010625));
#1713 = CARTESIAN_POINT('',(23.318784089348,-9.038901300318));
#1714 = CARTESIAN_POINT('',(21.97762380722,-9.019658901633));
#1715 = CARTESIAN_POINT('',(20.636313106455,-9.009277294923));
#1716 = CARTESIAN_POINT('',(18.850832642625,-9.00246017521));
#1717 = CARTESIAN_POINT('',(18.406748728777,-9.001341115574));
#1718 = CARTESIAN_POINT('',(17.962657709554,-9.000667834609));
#1719 = CARTESIAN_POINT('',(17.518561865238,-9.000309686002));
#1720 = CARTESIAN_POINT('',(16.959854677121,-9.000091243208));
#1721 = CARTESIAN_POINT('',(16.845245838999,-9.000058722274));
#1722 = CARTESIAN_POINT('',(16.730636692004,-9.000036244943));
#1723 = CARTESIAN_POINT('',(16.616027302918,-9.00002156625));
#1724 = CARTESIAN_POINT('',(16.286524629205,-8.999995331791));
#1725 = CARTESIAN_POINT('',(16.071631212028,-9.000001459002));
#1726 = CARTESIAN_POINT('',(15.856737705704,-8.999998080168));
#1727 = CARTESIAN_POINT('',(15.641844332637,-8.999996345341));
#1728 = CARTESIAN_POINT('',(15.197733689477,-9.000043280493));
#1729 = CARTESIAN_POINT('',(14.96851647035,-9.000093086939));
#1730 = CARTESIAN_POINT('',(14.739299921219,-9.000186434721));
#1731 = CARTESIAN_POINT('',(14.510084321597,-9.000341284441));
#1732 = CARTESIAN_POINT('',(13.593264047683,-9.001278500304));
#1733 = CARTESIAN_POINT('',(12.905669543423,-9.002696503064));
#1734 = CARTESIAN_POINT('',(12.21809373583,-9.005314483571));
#1735 = CARTESIAN_POINT('',(11.530546969394,-9.009617526097));
#1736 = CARTESIAN_POINT('',(9.874163958867,-9.025213679199));
#1737 = CARTESIAN_POINT('',(8.905371249601,-9.038646589589));
#1738 = CARTESIAN_POINT('',(7.936700347417,-9.057748803674));
#1739 = CARTESIAN_POINT('',(6.968213624927,-9.083878166724));
#1740 = CARTESIAN_POINT('',(6.,-9.11839121857));
#1741 = ( GEOMETRIC_REPRESENTATION_CONTEXT(2) 
PARAMETRIC_REPRESENTATION_CONTEXT() REPRESENTATION_CONTEXT('2D SPACE',''
  ) );
#1742 = ORIENTED_EDGE('',*,*,#1743,.T.);
#1743 = EDGE_CURVE('',#1640,#1744,#1746,.T.);
#1744 = VERTEX_POINT('',#1745);
#1745 = CARTESIAN_POINT('',(-123.,16.,-87.5118396939));
#1746 = SURFACE_CURVE('',#1747,(#1780,#1816),.PCURVE_S1.);
#1747 = B_SPLINE_CURVE_WITH_KNOTS('',7,(#1748,#1749,#1750,#1751,#1752,
    #1753,#1754,#1755,#1756,#1757,#1758,#1759,#1760,#1761,#1762,#1763,
    #1764,#1765,#1766,#1767,#1768,#1769,#1770,#1771,#1772,#1773,#1774,
    #1775,#1776,#1777,#1778,#1779),.UNSPECIFIED.,.F.,.F.,(8,6,6,6,6,8),(
    0.,0.302320629048,0.517022767969,0.683670089448,0.808059047114,1.),
  .UNSPECIFIED.);
#1748 = CARTESIAN_POINT('',(-117.,10.,-87.88160878144));
#1749 = CARTESIAN_POINT('',(-117.,10.351103542846,-87.86909330534));
#1750 = CARTESIAN_POINT('',(-117.0239695759,10.702090704885,
    -87.85555147915));
#1751 = CARTESIAN_POINT('',(-117.0718823275,11.052074356502,
    -87.84096743852));
#1752 = CARTESIAN_POINT('',(-117.1439418564,11.400035112596,
    -87.8253364363));
#1753 = CARTESIAN_POINT('',(-117.2405249033,11.744863372261,
    -87.80869723549));
#1754 = CARTESIAN_POINT('',(-117.3621575084,12.085304267523,
    -87.79110417564));
#1755 = CARTESIAN_POINT('',(-117.6144283458,12.657645865448,
    -87.75955875518));
#1756 = CARTESIAN_POINT('',(-117.7322129158,12.89234609121,
    -87.74603244928));
#1757 = CARTESIAN_POINT('',(-117.8633087592,13.123582341189,
    -87.73211596211));
#1758 = CARTESIAN_POINT('',(-118.0080434343,13.350737943527,
    -87.7178612456));
#1759 = CARTESIAN_POINT('',(-118.166761852,13.573077371661,
    -87.70333903882));
#1760 = CARTESIAN_POINT('',(-118.3398270277,13.789745119879,
    -87.68864186775));
#1761 = CARTESIAN_POINT('',(-118.6734262921,14.162761448484,
    -87.66243428712));
#1762 = CARTESIAN_POINT('',(-118.8280689356,14.321727079288,
    -87.6509490461));
#1763 = CARTESIAN_POINT('',(-118.9917592067,14.476194831805,
    -87.63948548615));
#1764 = CARTESIAN_POINT('',(-119.1646525637,14.62560797521,
    -87.62811122954));
#1765 = CARTESIAN_POINT('',(-119.3468581243,14.769319875865,
    -87.61690692871));
#1766 = CARTESIAN_POINT('',(-119.5384226353,14.906603111417,
    -87.60596604801));
#1767 = CARTESIAN_POINT('',(-119.8892641838,15.133734641328,
    -87.58750393509));
#1768 = CARTESIAN_POINT('',(-120.0443968225,15.226774930409,
    -87.57981974175));
#1769 = CARTESIAN_POINT('',(-120.20468678,15.315441283038,
    -87.57238652433));
#1770 = CARTESIAN_POINT('',(-120.3700594686,15.399361541178,
    -87.56525335555));
#1771 = CARTESIAN_POINT('',(-120.5403824884,15.478138068985,
    -87.55847316664));
#1772 = CARTESIAN_POINT('',(-120.7154531751,15.551360246428,
    -87.55210109045));
#1773 = CARTESIAN_POINT('',(-121.1720089382,15.722408957489,
    -87.5370736096));
#1774 = CARTESIAN_POINT('',(-121.4598567115,15.8120799676,
    -87.52905075711));
#1775 = CARTESIAN_POINT('',(-121.7571678392,15.88597540765,
    -87.52233799662));
#1776 = CARTESIAN_POINT('',(-122.0622109997,15.942638561334,
    -87.51713514961));
#1777 = CARTESIAN_POINT('',(-122.372851283,15.980887997214,
    -87.51360385969));
#1778 = CARTESIAN_POINT('',(-122.6864936356,16.,-87.5118396939));
#1779 = CARTESIAN_POINT('',(-123.,16.,-87.5118396939));
#1780 = PCURVE('',#401,#1781);
#1781 = DEFINITIONAL_REPRESENTATION('',(#1782),#1815);
#1782 = B_SPLINE_CURVE_WITH_KNOTS('',7,(#1783,#1784,#1785,#1786,#1787,
    #1788,#1789,#1790,#1791,#1792,#1793,#1794,#1795,#1796,#1797,#1798,
    #1799,#1800,#1801,#1802,#1803,#1804,#1805,#1806,#1807,#1808,#1809,
    #1810,#1811,#1812,#1813,#1814),.UNSPECIFIED.,.F.,.F.,(8,6,6,6,6,8),(
    0.,0.302320629048,0.517022767969,0.683670089448,0.808059047114,1.),
  .UNSPECIFIED.);
#1783 = CARTESIAN_POINT('',(298.29830725166,3.661971830986E-02));
#1784 = CARTESIAN_POINT('',(298.64966074105,3.661971830986E-02));
#1785 = CARTESIAN_POINT('',(299.00092971072,3.655219837748E-02));
#1786 = CARTESIAN_POINT('',(299.35121998608,3.641723288015E-02));
#1787 = CARTESIAN_POINT('',(299.69953500418,3.62142482916E-02));
#1788 = CARTESIAN_POINT('',(300.04472917083,3.594218337082E-02));
#1789 = CARTESIAN_POINT('',(300.38557402244,3.559955631425E-02));
#1790 = CARTESIAN_POINT('',(300.95868148107,3.488893423707E-02));
#1791 = CARTESIAN_POINT('',(301.19372164997,3.455714671578E-02));
#1792 = CARTESIAN_POINT('',(301.42532222805,3.418786264994E-02));
#1793 = CARTESIAN_POINT('',(301.65286809299,3.378015933991E-02));
#1794 = CARTESIAN_POINT('',(301.87562399716,3.333306520555E-02));
#1795 = CARTESIAN_POINT('',(302.09273309405,3.284555766839E-02));
#1796 = CARTESIAN_POINT('',(302.46657162435,3.190584143063E-02));
#1797 = CARTESIAN_POINT('',(302.62590946603,3.147022835031E-02));
#1798 = CARTESIAN_POINT('',(302.78076081755,3.100912899511E-02));
#1799 = CARTESIAN_POINT('',(302.9305665375,3.052210545412E-02));
#1800 = CARTESIAN_POINT('',(303.07467665051,3.000885035401E-02));
#1801 = CARTESIAN_POINT('',(303.21235941506,2.946923201322E-02));
#1802 = CARTESIAN_POINT('',(303.44018165893,2.848094596097E-02));
#1803 = CARTESIAN_POINT('',(303.53351489424,2.804395261245E-02));
#1804 = CARTESIAN_POINT('',(303.62246969982,2.759243160542E-02));
#1805 = CARTESIAN_POINT('',(303.70667136055,2.7126593046E-02));
#1806 = CARTESIAN_POINT('',(303.7857193814,2.664680989175E-02));
#1807 = CARTESIAN_POINT('',(303.85920007925,2.615365302762E-02));
#1808 = CARTESIAN_POINT('',(304.03086535965,2.486758045561E-02));
#1809 = CARTESIAN_POINT('',(304.12087249442,2.405674165767E-02));
#1810 = CARTESIAN_POINT('',(304.19505419404,2.321924552325E-02));
#1811 = CARTESIAN_POINT('',(304.25194201041,2.235996901468E-02));
#1812 = CARTESIAN_POINT('',(304.2903449029,2.148492596335E-02));
#1813 = CARTESIAN_POINT('',(304.309533549,2.060142637854E-02));
#1814 = CARTESIAN_POINT('',(304.309533549,1.971830985915E-02));
#1815 = ( GEOMETRIC_REPRESENTATION_CONTEXT(2) 
PARAMETRIC_REPRESENTATION_CONTEXT() REPRESENTATION_CONTEXT('2D SPACE',''
  ) );
#1816 = PCURVE('',#1165,#1817);
#1817 = DEFINITIONAL_REPRESENTATION('',(#1818),#1851);
#1818 = B_SPLINE_CURVE_WITH_KNOTS('',7,(#1819,#1820,#1821,#1822,#1823,
    #1824,#1825,#1826,#1827,#1828,#1829,#1830,#1831,#1832,#1833,#1834,
    #1835,#1836,#1837,#1838,#1839,#1840,#1841,#1842,#1843,#1844,#1845,
    #1846,#1847,#1848,#1849,#1850),.UNSPECIFIED.,.F.,.F.,(8,6,6,6,6,8),(
    0.,0.302320629048,0.517022767969,0.683670089448,0.808059047114,1.),
  .UNSPECIFIED.);
#1819 = CARTESIAN_POINT('',(0.,9.118391218556));
#1820 = CARTESIAN_POINT('',(5.851725714096E-02,9.130906694652));
#1821 = CARTESIAN_POINT('',(0.11701510188,9.144448520845));
#1822 = CARTESIAN_POINT('',(0.175673069158,9.159032561473));
#1823 = CARTESIAN_POINT('',(0.234647255562,9.174663563694));
#1824 = CARTESIAN_POINT('',(0.294099080894,9.191302764507));
#1825 = CARTESIAN_POINT('',(0.354195773752,9.208895824359));
#1826 = CARTESIAN_POINT('',(0.458441141371,9.240441244815));
#1827 = CARTESIAN_POINT('',(0.502152768117,9.253967550717));
#1828 = CARTESIAN_POINT('',(0.54636326274,9.267884037884));
#1829 = CARTESIAN_POINT('',(0.591145130476,9.282138754395));
#1830 = CARTESIAN_POINT('',(0.636570131705,9.296660961177));
#1831 = CARTESIAN_POINT('',(0.682715531762,9.311358132248));
#1832 = CARTESIAN_POINT('',(0.766120442791,9.33756571288));
#1833 = CARTESIAN_POINT('',(0.803050576627,9.349050953897));
#1834 = CARTESIAN_POINT('',(0.840506131953,9.360514513841));
#1835 = CARTESIAN_POINT('',(0.878523913131,9.371888770454));
#1836 = CARTESIAN_POINT('',(0.917136132111,9.383093071289));
#1837 = CARTESIAN_POINT('',(0.956371722131,9.394033951983));
#1838 = CARTESIAN_POINT('',(1.026029322033,9.412496064904));
#1839 = CARTESIAN_POINT('',(1.056160575191,9.420180258243));
#1840 = CARTESIAN_POINT('',(1.086660325475,9.427613475665));
#1841 = CARTESIAN_POINT('',(1.117532166406,9.434746644441));
#1842 = CARTESIAN_POINT('',(1.148774530671,9.441526833358));
#1843 = CARTESIAN_POINT('',(1.180379799299,9.447898909549));
#1844 = CARTESIAN_POINT('',(1.261637418829,9.462926390398));
#1845 = CARTESIAN_POINT('',(1.311805795363,9.470949242887));
#1846 = CARTESIAN_POINT('',(1.362725082396,9.477662003379));
#1847 = CARTESIAN_POINT('',(1.414264855327,9.482864850387));
#1848 = CARTESIAN_POINT('',(1.466271653277,9.48639614031));
#1849 = CARTESIAN_POINT('',(1.518545266065,9.488160306095));
#1850 = CARTESIAN_POINT('',(1.570796326795,9.488160306095));
#1851 = ( GEOMETRIC_REPRESENTATION_CONTEXT(2) 
PARAMETRIC_REPRESENTATION_CONTEXT() REPRESENTATION_CONTEXT('2D SPACE',''
  ) );
#1852 = ORIENTED_EDGE('',*,*,#1853,.F.);
#1853 = EDGE_CURVE('',#1854,#1744,#1856,.T.);
#1854 = VERTEX_POINT('',#1855);
#1855 = CARTESIAN_POINT('',(-130.,16.,-87.5118396939));
#1856 = SURFACE_CURVE('',#1857,(#1863,#1872),.PCURVE_S1.);
#1857 = B_SPLINE_CURVE_WITH_KNOTS('',4,(#1858,#1859,#1860,#1861,#1862),
  .UNSPECIFIED.,.F.,.F.,(5,5),(0.,1.),.PIECEWISE_BEZIER_KNOTS.);
#1858 = CARTESIAN_POINT('',(-130.,16.,-87.5118396939));
#1859 = CARTESIAN_POINT('',(-128.25,16.,-87.5118396939));
#1860 = CARTESIAN_POINT('',(-126.5,16.,-87.5118396939));
#1861 = CARTESIAN_POINT('',(-124.75,16.,-87.5118396939));
#1862 = CARTESIAN_POINT('',(-123.,16.,-87.5118396939));
#1863 = PCURVE('',#401,#1864);
#1864 = DEFINITIONAL_REPRESENTATION('',(#1865),#1871);
#1865 = B_SPLINE_CURVE_WITH_KNOTS('',4,(#1866,#1867,#1868,#1869,#1870),
  .UNSPECIFIED.,.F.,.F.,(5,5),(0.,1.),.PIECEWISE_BEZIER_KNOTS.);
#1866 = CARTESIAN_POINT('',(304.309533549,0.));
#1867 = CARTESIAN_POINT('',(304.309533549,4.929577464789E-03));
#1868 = CARTESIAN_POINT('',(304.309533549,9.859154929578E-03));
#1869 = CARTESIAN_POINT('',(304.309533549,1.478873239437E-02));
#1870 = CARTESIAN_POINT('',(304.309533549,1.971830985915E-02));
#1871 = ( GEOMETRIC_REPRESENTATION_CONTEXT(2) 
PARAMETRIC_REPRESENTATION_CONTEXT() REPRESENTATION_CONTEXT('2D SPACE',''
  ) );
#1872 = PCURVE('',#1137,#1873);
#1873 = DEFINITIONAL_REPRESENTATION('',(#1874),#1880);
#1874 = B_SPLINE_CURVE_WITH_KNOTS('',4,(#1875,#1876,#1877,#1878,#1879),
  .UNSPECIFIED.,.F.,.F.,(5,5),(0.,1.),.PIECEWISE_BEZIER_KNOTS.);
#1875 = CARTESIAN_POINT('',(13.,-9.488160306095));
#1876 = CARTESIAN_POINT('',(11.25,-9.488160306095));
#1877 = CARTESIAN_POINT('',(9.5,-9.488160306095));
#1878 = CARTESIAN_POINT('',(7.75,-9.488160306095));
#1879 = CARTESIAN_POINT('',(6.,-9.488160306095));
#1880 = ( GEOMETRIC_REPRESENTATION_CONTEXT(2) 
PARAMETRIC_REPRESENTATION_CONTEXT() REPRESENTATION_CONTEXT('2D SPACE',''
  ) );
#1881 = ORIENTED_EDGE('',*,*,#1882,.T.);
#1882 = EDGE_CURVE('',#1854,#1883,#1885,.T.);
#1883 = VERTEX_POINT('',#1884);
#1884 = CARTESIAN_POINT('',(-130.,35.,-82.42086584136));
#1885 = SURFACE_CURVE('',#1886,(#1954,#1961),.PCURVE_S1.);
#1886 = B_SPLINE_CURVE_WITH_KNOTS('',3,(#1887,#1888,#1889,#1890,#1891,
    #1892,#1893,#1894,#1895,#1896,#1897,#1898,#1899,#1900,#1901,#1902,
    #1903,#1904,#1905,#1906,#1907,#1908,#1909,#1910,#1911,#1912,#1913,
    #1914,#1915,#1916,#1917,#1918,#1919,#1920,#1921,#1922,#1923,#1924,
    #1925,#1926,#1927,#1928,#1929,#1930,#1931,#1932,#1933,#1934,#1935,
    #1936,#1937,#1938,#1939,#1940,#1941,#1942,#1943,#1944,#1945,#1946,
    #1947,#1948,#1949,#1950,#1951,#1952,#1953),.UNSPECIFIED.,.T.,.F.,(1,
    1,2,1,1,1,1,1,1,1,1,1,1,1,1,1,1,1,1,1,1,1,1,1,1,1,1,1,1,1,1,1,1,1,1,
    1,1,1,1,1,1,1,1,1,1,1,1,1,1,1,1,1,1,1,1,1,1,1,1,1,1,1,1,1,1,1,2,1,1)
  ,(-19.86658782105,-12.543819359,0.,12.543819359003,19.866587821058,
    25.951281832135,31.328168013365,36.231167766714,40.803452957058,
    45.153123802104,49.374383240351,53.55722667795,57.792889532723,
    62.178799707703,66.826833424625,71.882030314271,77.573559490177,
    84.405665853083,96.099432924941,107.7931999985,114.62530636141,
    120.31683553732,125.37203242696,130.02006614388,134.40597631886,
    138.64163917364,142.82448261124,147.04574204948,151.39541289453,
    155.96769808487,160.87069783822,166.24758401945,172.33227803053,
    179.65504649258,192.19886585013,204.74268521059,212.06545367265,
    218.15014768372,223.52703386495,228.4300336183,233.00231880864,
    237.35198965369,241.57324909194,245.75609252954,249.99175538431,
    254.37766555929,259.02569927621,264.08089616586,269.77242534176,
    276.60453170467,288.29829877561,299.9920658501,306.824172213,
    312.51570138891,317.57089827855,322.21893199548,326.60484217046,
    330.84050502523,335.02334846283,339.24460790107,343.59427874612,
    348.16656393646,353.06956368981,358.44644987104,364.53114388212,
    371.85391234418,384.39773170318,396.94155106218,404.26431952424),
  .UNSPECIFIED.);
#1887 = CARTESIAN_POINT('',(-130.,55.00521490047,-33.16873909291));
#1888 = CARTESIAN_POINT('',(-130.,54.99478509953,-24.83126090708));
#1889 = CARTESIAN_POINT('',(-130.,55.002116221386,-18.18998981242));
#1890 = CARTESIAN_POINT('',(-130.,54.419465193175,-9.556581637765));
#1891 = CARTESIAN_POINT('',(-130.,53.535176295659,-3.350510546843));
#1892 = CARTESIAN_POINT('',(-130.,52.297387037062,1.969918974896));
#1893 = CARTESIAN_POINT('',(-130.,50.702449486188,6.666179306242));
#1894 = CARTESIAN_POINT('',(-130.,48.746470944603,10.849965044806));
#1895 = CARTESIAN_POINT('',(-130.,46.424552071915,14.578289795393));
#1896 = CARTESIAN_POINT('',(-130.,43.729894099075,17.881858884662));
#1897 = CARTESIAN_POINT('',(-130.,40.652469244997,20.777477089628));
#1898 = CARTESIAN_POINT('',(-130.,37.176070723009,23.274563729804));
#1899 = CARTESIAN_POINT('',(-130.,33.272414202181,25.378934432911));
#1900 = CARTESIAN_POINT('',(-130.,28.889366153973,27.094834851844));
#1901 = CARTESIAN_POINT('',(-130.,23.923651405286,28.425940114462));
#1902 = CARTESIAN_POINT('',(-130.,18.133473548716,29.376718846708));
#1903 = CARTESIAN_POINT('',(-130.,10.076783649969,30.000746807143));
#1904 = CARTESIAN_POINT('',(-130.,2.795067578815E-10,29.999528605828));
#1905 = CARTESIAN_POINT('',(-130.,-10.07678364938,30.000746807142));
#1906 = CARTESIAN_POINT('',(-130.,-18.13347354874,29.376718846791));
#1907 = CARTESIAN_POINT('',(-130.,-23.92365140519,28.425940114219));
#1908 = CARTESIAN_POINT('',(-130.,-28.88936615426,27.094834852618));
#1909 = CARTESIAN_POINT('',(-130.,-33.27241420119,25.378934430331));
#1910 = CARTESIAN_POINT('',(-130.,-37.17607072641,23.274563738727));
#1911 = CARTESIAN_POINT('',(-130.,-40.6524692328,20.777477057697));
#1912 = CARTESIAN_POINT('',(-130.,-43.72989414419,17.881859002787));
#1913 = CARTESIAN_POINT('',(-130.,-46.42455189951,14.578289344073));
#1914 = CARTESIAN_POINT('',(-130.,-48.74647162408,10.849966823594));
#1915 = CARTESIAN_POINT('',(-130.,-50.70244672596,6.666172080348));
#1916 = CARTESIAN_POINT('',(-130.,-52.29739860826,1.969949266762));
#1917 = CARTESIAN_POINT('',(-130.,-53.53512588319,-3.35064251998));
#1918 = CARTESIAN_POINT('',(-130.,-54.41969908643,-9.555969336304));
#1919 = CARTESIAN_POINT('',(-130.,-55.00072090478,-18.19364256519));
#1920 = CARTESIAN_POINT('',(-130.,-54.99954481867,-28.99999999951));
#1921 = CARTESIAN_POINT('',(-130.,-55.00072090484,-39.80635743383));
#1922 = CARTESIAN_POINT('',(-130.,-54.41969908643,-48.44403066369));
#1923 = CARTESIAN_POINT('',(-130.,-53.53512588319,-54.64935748002));
#1924 = CARTESIAN_POINT('',(-130.,-52.29739860826,-59.96994926676));
#1925 = CARTESIAN_POINT('',(-130.,-50.70244672596,-64.66617208034));
#1926 = CARTESIAN_POINT('',(-130.,-48.74647162408,-68.84996682359));
#1927 = CARTESIAN_POINT('',(-130.,-46.42455189951,-72.57828934407));
#1928 = CARTESIAN_POINT('',(-130.,-43.72989414419,-75.88185900278));
#1929 = CARTESIAN_POINT('',(-130.,-40.6524692328,-78.77747705769));
#1930 = CARTESIAN_POINT('',(-130.,-37.17607072641,-81.27456373872));
#1931 = CARTESIAN_POINT('',(-130.,-33.27241420119,-83.37893443033));
#1932 = CARTESIAN_POINT('',(-130.,-28.88936615426,-85.09483485261));
#1933 = CARTESIAN_POINT('',(-130.,-23.92365140519,-86.42594011421));
#1934 = CARTESIAN_POINT('',(-130.,-18.13347354874,-87.37671884679));
#1935 = CARTESIAN_POINT('',(-130.,-10.07678365026,-88.00074680708));
#1936 = CARTESIAN_POINT('',(-130.,-5.872821341796E-10,-87.99952860582));
#1937 = CARTESIAN_POINT('',(-130.,10.07678364906,-88.0007468072));
#1938 = CARTESIAN_POINT('',(-130.,18.133473548779,-87.3767188467));
#1939 = CARTESIAN_POINT('',(-130.,23.9236514051,-86.42594011446));
#1940 = CARTESIAN_POINT('',(-130.,28.889366154564,-85.09483485184));
#1941 = CARTESIAN_POINT('',(-130.,33.27241420021,-83.37893443291));
#1942 = CARTESIAN_POINT('',(-130.,37.176070729825,-81.2745637298));
#1943 = CARTESIAN_POINT('',(-130.,40.652469220602,-78.77747708962));
#1944 = CARTESIAN_POINT('',(-130.,43.72989418932,-75.88185888466));
#1945 = CARTESIAN_POINT('',(-130.,46.424551727115,-72.57828979539));
#1946 = CARTESIAN_POINT('',(-130.,48.746472303563,-68.8499650448));
#1947 = CARTESIAN_POINT('',(-130.,50.702443965744,-64.66617930624));
#1948 = CARTESIAN_POINT('',(-130.,52.297410179464,-59.96991897489));
#1949 = CARTESIAN_POINT('',(-130.,53.535075470723,-54.64948945315));
#1950 = CARTESIAN_POINT('',(-130.,54.4199329797,-48.44341836223));
#1951 = CARTESIAN_POINT('',(-130.,54.999325588236,-39.81001018757));
#1952 = CARTESIAN_POINT('',(-130.,55.00521490047,-33.16873909291));
#1953 = CARTESIAN_POINT('',(-130.,54.99478509953,-24.83126090708));
#1954 = PCURVE('',#401,#1955);
#1955 = DEFINITIONAL_REPRESENTATION('',(#1956),#1960);
#1956 = LINE('',#1957,#1958);
#1957 = CARTESIAN_POINT('',(0.,0.));
#1958 = VECTOR('',#1959,1.);
#1959 = DIRECTION('',(1.,0.));
#1960 = ( GEOMETRIC_REPRESENTATION_CONTEXT(2) 
PARAMETRIC_REPRESENTATION_CONTEXT() REPRESENTATION_CONTEXT('2D SPACE',''
  ) );
#1961 = PCURVE('',#110,#1962);
#1962 = DEFINITIONAL_REPRESENTATION('',(#1963),#1967);
#1963 = LINE('',#1964,#1965);
#1964 = CARTESIAN_POINT('',(0.,1.));
#1965 = VECTOR('',#1966,1.);
#1966 = DIRECTION('',(1.,0.));
#1967 = ( GEOMETRIC_REPRESENTATION_CONTEXT(2) 
PARAMETRIC_REPRESENTATION_CONTEXT() REPRESENTATION_CONTEXT('2D SPACE',''
  ) );
#1968 = ORIENTED_EDGE('',*,*,#1969,.T.);
#1969 = EDGE_CURVE('',#1883,#1970,#1972,.T.);
#1970 = VERTEX_POINT('',#1971);
#1971 = CARTESIAN_POINT('',(-110.,35.,-82.42086584136));
#1972 = SURFACE_CURVE('',#1973,(#1981,#1992),.PCURVE_S1.);
#1973 = B_SPLINE_CURVE_WITH_KNOTS('',3,(#1974,#1975,#1976,#1977,#1978,
    #1979,#1980),.UNSPECIFIED.,.F.,.F.,(4,1,1,1,4),(0.,0.2485,0.51475,
    0.76325,1.),.UNSPECIFIED.);
#1974 = CARTESIAN_POINT('',(-130.,35.,-82.42086584136));
#1975 = CARTESIAN_POINT('',(-128.3433333333,35.,-82.42086584136));
#1976 = CARTESIAN_POINT('',(-124.9116666666,35.,-82.42086584136));
#1977 = CARTESIAN_POINT('',(-119.8233333333,35.,-82.42086584136));
#1978 = CARTESIAN_POINT('',(-114.8133333333,35.,-82.42086584136));
#1979 = CARTESIAN_POINT('',(-111.5783333333,35.,-82.42086584136));
#1980 = CARTESIAN_POINT('',(-110.,35.,-82.42086584136));
#1981 = PCURVE('',#401,#1982);
#1982 = DEFINITIONAL_REPRESENTATION('',(#1983),#1991);
#1983 = B_SPLINE_CURVE_WITH_KNOTS('',3,(#1984,#1985,#1986,#1987,#1988,
    #1989,#1990),.UNSPECIFIED.,.F.,.F.,(4,1,1,1,4),(0.,0.2485,0.51475,
    0.76325,1.),.UNSPECIFIED.);
#1984 = CARTESIAN_POINT('',(324.1011942631,0.));
#1985 = CARTESIAN_POINT('',(324.1011942631,4.666666666667E-03));
#1986 = CARTESIAN_POINT('',(324.1011942631,1.433333333333E-02));
#1987 = CARTESIAN_POINT('',(324.1011942631,2.866666666667E-02));
#1988 = CARTESIAN_POINT('',(324.1011942631,4.2779342723E-02));
#1989 = CARTESIAN_POINT('',(324.1011942631,5.189201877934E-02));
#1990 = CARTESIAN_POINT('',(324.1011942631,5.633802816901E-02));
#1991 = ( GEOMETRIC_REPRESENTATION_CONTEXT(2) 
PARAMETRIC_REPRESENTATION_CONTEXT() REPRESENTATION_CONTEXT('2D SPACE',''
  ) );
#1992 = PCURVE('',#674,#1993);
#1993 = DEFINITIONAL_REPRESENTATION('',(#1994),#2002);
#1994 = B_SPLINE_CURVE_WITH_KNOTS('',3,(#1995,#1996,#1997,#1998,#1999,
    #2000,#2001),.UNSPECIFIED.,.F.,.F.,(4,1,1,1,4),(0.,0.2485,0.51475,
    0.76325,1.),.UNSPECIFIED.);
#1995 = CARTESIAN_POINT('',(28.,-13.57913415863));
#1996 = CARTESIAN_POINT('',(26.343333333333,-13.57913415863));
#1997 = CARTESIAN_POINT('',(22.911666666667,-13.57913415863));
#1998 = CARTESIAN_POINT('',(17.823333333333,-13.57913415863));
#1999 = CARTESIAN_POINT('',(12.813333333333,-13.57913415863));
#2000 = CARTESIAN_POINT('',(9.578333333333,-13.57913415863));
#2001 = CARTESIAN_POINT('',(8.,-13.57913415863));
#2002 = ( GEOMETRIC_REPRESENTATION_CONTEXT(2) 
PARAMETRIC_REPRESENTATION_CONTEXT() REPRESENTATION_CONTEXT('2D SPACE',''
  ) );
#2003 = ORIENTED_EDGE('',*,*,#2004,.F.);
#2004 = EDGE_CURVE('',#2005,#1970,#2007,.T.);
#2005 = VERTEX_POINT('',#2006);
#2006 = CARTESIAN_POINT('',(-102.,27.,-85.5750234579));
#2007 = SURFACE_CURVE('',#2008,(#2035,#2065),.PCURVE_S1.);
#2008 = B_SPLINE_CURVE_WITH_KNOTS('',7,(#2009,#2010,#2011,#2012,#2013,
    #2014,#2015,#2016,#2017,#2018,#2019,#2020,#2021,#2022,#2023,#2024,
    #2025,#2026,#2027,#2028,#2029,#2030,#2031,#2032,#2033,#2034),
  .UNSPECIFIED.,.F.,.F.,(8,6,6,6,8),(0.,0.210474485231,0.463377674529,
    0.843667041986,1.),.UNSPECIFIED.);
#2009 = CARTESIAN_POINT('',(-102.,27.,-85.5750234579));
#2010 = CARTESIAN_POINT('',(-102.,27.328435664787,-85.48268641911));
#2011 = CARTESIAN_POINT('',(-102.0157300327,27.655740278618,
    -85.38769485598));
#2012 = CARTESIAN_POINT('',(-102.0469991633,27.981476259817,
    -85.29012433897));
#2013 = CARTESIAN_POINT('',(-102.0936772006,28.305208004629,
    -85.19007022515));
#2014 = CARTESIAN_POINT('',(-102.1556993311,28.62650100634,
    -85.08765156656));
#2015 = CARTESIAN_POINT('',(-102.2330707543,28.944920974396,
    -84.98301501857));
#2016 = CARTESIAN_POINT('',(-102.4373791706,29.638667087839,
    -84.74815803799));
#2017 = CARTESIAN_POINT('',(-102.5711760824,30.012457282596,
    -84.617066879));
#2018 = CARTESIAN_POINT('',(-102.7273576044,30.380730704829,
    -84.48333054394));
#2019 = CARTESIAN_POINT('',(-102.9062387115,30.74268404316,
    -84.34733855889));
#2020 = CARTESIAN_POINT('',(-103.1083538012,31.097383507811,
    -84.20960470328));
#2021 = CARTESIAN_POINT('',(-103.3344566933,31.4437648306,
    -84.07076700994));
#2022 = CARTESIAN_POINT('',(-103.963044322,32.287180786808,
    -83.72230457188));
#2023 = CARTESIAN_POINT('',(-104.3950760561,32.769480766116,
    -83.5133945253));
#2024 = CARTESIAN_POINT('',(-104.8872240379,33.227660136603,
    -83.30603077525));
#2025 = CARTESIAN_POINT('',(-105.4457960668,33.655383214604,
    -83.10390704197));
#2026 = CARTESIAN_POINT('',(-106.0761259673,34.041027243783,
    -82.91439383031));
#2027 = CARTESIAN_POINT('',(-106.7807274374,34.369407200809,
    -82.74827971698));
#2028 = CARTESIAN_POINT('',(-107.8823252444,34.721981443348,
    -82.56683514952));
#2029 = CARTESIAN_POINT('',(-108.2152530541,34.811152179464,
    -82.52045930918));
#2030 = CARTESIAN_POINT('',(-108.5591517096,34.885088860205,
    -82.48166010735));
#2031 = CARTESIAN_POINT('',(-108.9123672406,34.94210721727,
    -82.45154483746));
#2032 = CARTESIAN_POINT('',(-109.2725322071,34.980725474099,
    -82.43107881094));
#2033 = CARTESIAN_POINT('',(-109.6364565815,35.,-82.42086584136));
#2034 = CARTESIAN_POINT('',(-110.,35.,-82.42086584136));
#2035 = PCURVE('',#401,#2036);
#2036 = DEFINITIONAL_REPRESENTATION('',(#2037),#2064);
#2037 = B_SPLINE_CURVE_WITH_KNOTS('',7,(#2038,#2039,#2040,#2041,#2042,
    #2043,#2044,#2045,#2046,#2047,#2048,#2049,#2050,#2051,#2052,#2053,
    #2054,#2055,#2056,#2057,#2058,#2059,#2060,#2061,#2062,#2063),
  .UNSPECIFIED.,.F.,.F.,(8,6,6,6,8),(0.,0.210474485231,0.463377674529,
    0.843667041986,1.),.UNSPECIFIED.);
#2038 = CARTESIAN_POINT('',(315.49022584481,7.887323943662E-02));
#2039 = CARTESIAN_POINT('',(315.83124371897,7.887323943662E-02));
#2040 = CARTESIAN_POINT('',(316.17189491232,7.882892948533E-02));
#2041 = CARTESIAN_POINT('',(316.51176840571,7.874084742717E-02));
#2042 = CARTESIAN_POINT('',(316.8504442819,7.860935999828E-02));
#2043 = CARTESIAN_POINT('',(317.18749536496,7.843464977135E-02));
#2044 = CARTESIAN_POINT('',(317.52248885952,7.821670210045E-02));
#2045 = CARTESIAN_POINT('',(318.25451428173,7.764118543483E-02));
#2046 = CARTESIAN_POINT('',(318.65036719631,7.72642927256E-02));
#2047 = CARTESIAN_POINT('',(319.04189890558,7.682434477629E-02));
#2048 = CARTESIAN_POINT('',(319.42828771471,7.63204543336E-02));
#2049 = CARTESIAN_POINT('',(319.80853806236,7.575111605277E-02));
#2050 = CARTESIAN_POINT('',(320.18148052066,7.511420649759E-02));
#2051 = CARTESIAN_POINT('',(321.09355491624,7.334353712097E-02));
#2052 = CARTESIAN_POINT('',(321.61879930277,7.212654632076E-02));
#2053 = CARTESIAN_POINT('',(322.12138903386,7.074021397762E-02));
#2054 = CARTESIAN_POINT('',(322.59402296025,6.916677164272E-02));
#2055 = CARTESIAN_POINT('',(323.02338482767,6.739119445804E-02));
#2056 = CARTESIAN_POINT('',(323.39113547785,6.540640158465E-02));
#2057 = CARTESIAN_POINT('',(323.78739422045,6.230330917047E-02));
#2058 = CARTESIAN_POINT('',(323.88783571405,6.136548435464E-02));
#2059 = CARTESIAN_POINT('',(323.97127824515,6.039675574748E-02));
#2060 = CARTESIAN_POINT('',(324.03571817995,5.940178242065E-02));
#2061 = CARTESIAN_POINT('',(324.07939556255,5.838723321933E-02));
#2062 = CARTESIAN_POINT('',(324.1011942631,5.736209413638E-02));
#2063 = CARTESIAN_POINT('',(324.1011942631,5.633802816901E-02));
#2064 = ( GEOMETRIC_REPRESENTATION_CONTEXT(2) 
PARAMETRIC_REPRESENTATION_CONTEXT() REPRESENTATION_CONTEXT('2D SPACE',''
  ) );
#2065 = PCURVE('',#646,#2066);
#2066 = DEFINITIONAL_REPRESENTATION('',(#2067),#2094);
#2067 = B_SPLINE_CURVE_WITH_KNOTS('',7,(#2068,#2069,#2070,#2071,#2072,
    #2073,#2074,#2075,#2076,#2077,#2078,#2079,#2080,#2081,#2082,#2083,
    #2084,#2085,#2086,#2087,#2088,#2089,#2090,#2091,#2092,#2093),
  .UNSPECIFIED.,.F.,.F.,(8,6,6,6,8),(0.,0.210474485231,0.463377674529,
    0.843667041986,1.),.UNSPECIFIED.);
#2068 = CARTESIAN_POINT('',(0.,10.4249765421));
#2069 = CARTESIAN_POINT('',(4.105445809843E-02,10.517313580884));
#2070 = CARTESIAN_POINT('',(8.196751074658E-02,10.612305144015));
#2071 = CARTESIAN_POINT('',(0.12279755974,10.709875661028));
#2072 = CARTESIAN_POINT('',(0.163599641888,10.809929774848));
#2073 = CARTESIAN_POINT('',(0.20442855197,10.912348433435));
#2074 = CARTESIAN_POINT('',(0.2453419657,11.016984981429));
#2075 = CARTESIAN_POINT('',(0.335742601663,11.251841962004));
#2076 = CARTESIAN_POINT('',(0.385294710215,11.382933120995));
#2077 = CARTESIAN_POINT('',(0.435163110344,11.516669456056));
#2078 = CARTESIAN_POINT('',(0.485468578665,11.65266144111));
#2079 = CARTESIAN_POINT('',(0.536349446393,11.790395296714));
#2080 = CARTESIAN_POINT('',(0.587961599348,11.92923299006));
#2081 = CARTESIAN_POINT('',(0.719447867769,12.277695428113));
#2082 = CARTESIAN_POINT('',(0.800057663312,12.486605474693));
#2083 = CARTESIAN_POINT('',(0.883550478592,12.69396922475));
#2084 = CARTESIAN_POINT('',(0.970696217408,12.896092958021));
#2085 = CARTESIAN_POINT('',(1.062184868922,13.085606169682));
#2086 = CARTESIAN_POINT('',(1.158581321235,13.251720283019));
#2087 = CARTESIAN_POINT('',(1.30316187431,13.433164850477));
#2088 = CARTESIAN_POINT('',(1.346194844634,13.479540690813));
#2089 = CARTESIAN_POINT('',(1.390076013039,13.51833989265));
#2090 = CARTESIAN_POINT('',(1.434688705776,13.548455162539));
#2091 = CARTESIAN_POINT('',(1.479862946864,13.568921189057));
#2092 = CARTESIAN_POINT('',(1.525353399493,13.579134158634));
#2093 = CARTESIAN_POINT('',(1.570796326795,13.579134158634));
#2094 = ( GEOMETRIC_REPRESENTATION_CONTEXT(2) 
PARAMETRIC_REPRESENTATION_CONTEXT() REPRESENTATION_CONTEXT('2D SPACE',''
  ) );
#2095 = ORIENTED_EDGE('',*,*,#2096,.T.);
#2096 = EDGE_CURVE('',#2005,#1277,#2097,.T.);
#2097 = SURFACE_CURVE('',#2098,(#2199,#2303),.PCURVE_S1.);
#2098 = B_SPLINE_CURVE_WITH_KNOTS('',8,(#2099,#2100,#2101,#2102,#2103,
    #2104,#2105,#2106,#2107,#2108,#2109,#2110,#2111,#2112,#2113,#2114,
    #2115,#2116,#2117,#2118,#2119,#2120,#2121,#2122,#2123,#2124,#2125,
    #2126,#2127,#2128,#2129,#2130,#2131,#2132,#2133,#2134,#2135,#2136,
    #2137,#2138,#2139,#2140,#2141,#2142,#2143,#2144,#2145,#2146,#2147,
    #2148,#2149,#2150,#2151,#2152,#2153,#2154,#2155,#2156,#2157,#2158,
    #2159,#2160,#2161,#2162,#2163,#2164,#2165,#2166,#2167,#2168,#2169,
    #2170,#2171,#2172,#2173,#2174,#2175,#2176,#2177,#2178,#2179,#2180,
    #2181,#2182,#2183,#2184,#2185,#2186,#2187,#2188,#2189,#2190,#2191,
    #2192,#2193,#2194,#2195,#2196,#2197,#2198),.UNSPECIFIED.,.F.,.F.,(9,
    7,7,7,7,7,7,7,7,7,7,7,7,7,9),(0.,7.592265549111E-02,0.132477517636,
    0.174892621958,0.245581622103,0.323332927326,0.422285230979,
    0.471765714385,0.521246649,0.690874342621,0.768613700439,
    0.825151846088,0.909962822152,0.952368312551,1.),.UNSPECIFIED.);
#2099 = CARTESIAN_POINT('',(-102.,27.,-85.5750234579));
#2100 = CARTESIAN_POINT('',(-102.,26.503033665645,-85.71474153547));
#2101 = CARTESIAN_POINT('',(-102.,26.004322900141,-85.84828356608));
#2102 = CARTESIAN_POINT('',(-102.,25.504020776453,-85.97580293438));
#2103 = CARTESIAN_POINT('',(-102.,25.002230271928,-86.09746100804));
#2104 = CARTESIAN_POINT('',(-102.,24.499099835233,-86.21341309528));
#2105 = CARTESIAN_POINT('',(-102.,23.994775812049,-86.32381390253));
#2106 = CARTESIAN_POINT('',(-102.,23.489342483555,-86.42882620258));
#2107 = CARTESIAN_POINT('',(-102.,22.605616411743,-86.60295025901));
#2108 = CARTESIAN_POINT('',(-102.,22.227785228404,-86.67438575808));
#2109 = CARTESIAN_POINT('',(-102.,21.849420835398,-86.74299149999));
#2110 = CARTESIAN_POINT('',(-102.,21.470557146376,-86.80883606403));
#2111 = CARTESIAN_POINT('',(-102.,21.091228074986,-86.87198802951));
#2112 = CARTESIAN_POINT('',(-102.,20.711467534878,-86.9325159757));
#2113 = CARTESIAN_POINT('',(-102.,20.331309439701,-86.99048848192));
#2114 = CARTESIAN_POINT('',(-102.,19.665403413547,-87.08758733901));
#2115 = CARTESIAN_POINT('',(-102.,19.379813786469,-87.1278012617));
#2116 = CARTESIAN_POINT('',(-102.,19.094034036937,-87.16664573406));
#2117 = CARTESIAN_POINT('',(-102.,18.808077886422,-87.20415011526));
#2118 = CARTESIAN_POINT('',(-102.,18.521957562803,-87.24034328515));
#2119 = CARTESIAN_POINT('',(-102.,18.235683800365,-87.27525364419));
#2120 = CARTESIAN_POINT('',(-102.,17.949265839799,-87.30890911352));
#2121 = CARTESIAN_POINT('',(-102.,17.185139931753,-87.39538166565));
#2122 = CARTESIAN_POINT('',(-102.,16.707194845268,-87.44601601004));
#2123 = CARTESIAN_POINT('',(-102.,16.228909099758,-87.49336905046));
#2124 = CARTESIAN_POINT('',(-102.,15.750315626233,-87.5375696693));
#2125 = CARTESIAN_POINT('',(-102.,15.271447355705,-87.57874674893));
#2126 = CARTESIAN_POINT('',(-102.,14.792337219182,-87.61702917172));
#2127 = CARTESIAN_POINT('',(-102.,14.313018147677,-87.65254582006));
#2128 = CARTESIAN_POINT('',(-102.,13.306123223707,-87.72159024069));
#2129 = CARTESIAN_POINT('',(-102.,12.77851036369,-87.75456640386));
#2130 = CARTESIAN_POINT('',(-102.,12.250712123013,-87.78451934655));
#2131 = CARTESIAN_POINT('',(-102.,11.722779809518,-87.81162973139));
#2132 = CARTESIAN_POINT('',(-102.,11.194755651226,-87.83607266721));
#2133 = CARTESIAN_POINT('',(-102.,10.666651445431,-87.85800712008));
#2134 = CARTESIAN_POINT('',(-102.,10.138456943126,-87.87758218586));
#2135 = CARTESIAN_POINT('',(-102.,8.937891086261,-87.91709166143));
#2136 = CARTESIAN_POINT('',(-102.,8.265475272558,-87.93566573589));
#2137 = CARTESIAN_POINT('',(-102.,7.59296908651,-87.95102126785));
#2138 = CARTESIAN_POINT('',(-102.,6.920390107333,-87.96349063289));
#2139 = CARTESIAN_POINT('',(-102.,6.247753264081,-87.9734062768));
#2140 = CARTESIAN_POINT('',(-102.,5.575070835646,-87.98110071553));
#2141 = CARTESIAN_POINT('',(-102.,4.902352450762,-87.98690653525));
#2142 = CARTESIAN_POINT('',(-102.,3.893201957491,-87.99328150687));
#2143 = CARTESIAN_POINT('',(-102.,3.556787173684,-87.99501756275));
#2144 = CARTESIAN_POINT('',(-102.,3.220361972534,-87.99640610738));
#2145 = CARTESIAN_POINT('',(-102.,2.883927589996,-87.99748868819));
#2146 = CARTESIAN_POINT('',(-102.,2.547485262026,-87.9983068526));
#2147 = CARTESIAN_POINT('',(-102.,2.211036224581,-87.99890214804));
#2148 = CARTESIAN_POINT('',(-102.,1.874581713616,-87.99931612194));
#2149 = CARTESIAN_POINT('',(-102.,1.201661148416,-87.99986452403));
#2150 = CARTESIAN_POINT('',(-102.,0.865197203725,-87.99997531088));
#2151 = CARTESIAN_POINT('',(-102.,0.528731747255,-88.00000749304));
#2152 = CARTESIAN_POINT('',(-102.,0.192265397844,-88.00001549405));
#2153 = CARTESIAN_POINT('',(-102.,-0.144201223066,-88.00002335025));
#2154 = CARTESIAN_POINT('',(-102.,-0.480667491434,-88.00002471076));
#2155 = CARTESIAN_POINT('',(-102.,-0.81713278062,-87.99998283752));
#2156 = CARTESIAN_POINT('',(-102.,-2.307041896457,-87.99930873131));
#2157 = CARTESIAN_POINT('',(-102.,-3.4604568977,-87.99756271651));
#2158 = CARTESIAN_POINT('',(-102.,-4.613832062961,-87.99291863198));
#2159 = CARTESIAN_POINT('',(-102.,-5.767138907933,-87.98370223419));
#2160 = CARTESIAN_POINT('',(-102.,-6.920329848736,-87.96823790927));
#2161 = CARTESIAN_POINT('',(-102.,-8.073338214193,-87.94484907127));
#2162 = CARTESIAN_POINT('',(-102.,-9.226078287789,-87.91186001461));
#2163 = CARTESIAN_POINT('',(-102.,-10.90656832762,-87.84731476347));
#2164 = CARTESIAN_POINT('',(-102.,-11.43462789485,-87.82466207345));
#2165 = CARTESIAN_POINT('',(-102.,-11.96261395703,-87.79947821696));
#2166 = CARTESIAN_POINT('',(-102.,-12.49053564708,-87.7716154742));
#2167 = CARTESIAN_POINT('',(-102.,-13.01833691634,-87.74089180493));
#2168 = CARTESIAN_POINT('',(-102.,-13.54595300985,-87.70712306506));
#2169 = CARTESIAN_POINT('',(-102.,-14.07336422406,-87.67015423341));
#2170 = CARTESIAN_POINT('',(-102.,-14.9838801217,-87.60046317481));
#2171 = CARTESIAN_POINT('',(-102.,-15.36711899444,-87.56933284912));
#2172 = CARTESIAN_POINT('',(-102.,-15.75020307294,-87.53634994305));
#2173 = CARTESIAN_POINT('',(-102.,-16.13311549652,-87.50144846884));
#2174 = CARTESIAN_POINT('',(-102.,-16.51583940452,-87.4645624387));
#2175 = CARTESIAN_POINT('',(-102.,-16.89835793625,-87.42562586485));
#2176 = CARTESIAN_POINT('',(-102.,-17.28065423103,-87.38457275952));
#2177 = CARTESIAN_POINT('',(-102.,-18.23582261591,-87.27648082456));
#2178 = CARTESIAN_POINT('',(-102.,-18.80838218043,-87.2067127089));
#2179 = CARTESIAN_POINT('',(-102.,-19.38035196339,-87.13182156928));
#2180 = CARTESIAN_POINT('',(-102.,-19.95161799448,-87.05157098787));
#2181 = CARTESIAN_POINT('',(-102.,-20.52205232709,-86.96571630144));
#2182 = CARTESIAN_POINT('',(-102.,-21.09157919017,-86.87404033138));
#2183 = CARTESIAN_POINT('',(-102.,-21.66006224281,-86.77630135277));
#2184 = CARTESIAN_POINT('',(-102.,-22.51105323501,-86.62025733953));
#2185 = CARTESIAN_POINT('',(-102.,-22.79442683911,-86.56667009882));
#2186 = CARTESIAN_POINT('',(-102.,-23.07749630832,-86.51148128755));
#2187 = CARTESIAN_POINT('',(-102.,-23.36024668755,-86.45466211065));
#2188 = CARTESIAN_POINT('',(-102.,-23.64266213103,-86.39618398088));
#2189 = CARTESIAN_POINT('',(-102.,-23.9247259023,-86.33601851883));
#2190 = CARTESIAN_POINT('',(-102.,-24.20642037418,-86.27413755288));
#2191 = CARTESIAN_POINT('',(-102.,-24.80370287355,-86.13904739378));
#2192 = CARTESIAN_POINT('',(-102.,-25.11918679399,-86.06538240968));
#2193 = CARTESIAN_POINT('',(-102.,-25.43414829348,-85.98947898679));
#2194 = CARTESIAN_POINT('',(-102.,-25.74855613117,-85.91129808023));
#2195 = CARTESIAN_POINT('',(-102.,-26.062378322,-85.83080078055));
#2196 = CARTESIAN_POINT('',(-102.,-26.37558213675,-85.74794831358));
#2197 = CARTESIAN_POINT('',(-102.,-26.68813410196,-85.66270204058));
#2198 = CARTESIAN_POINT('',(-102.,-27.,-85.57502345811));
#2199 = PCURVE('',#401,#2200);
#2200 = DEFINITIONAL_REPRESENTATION('',(#2201),#2302);
#2201 = B_SPLINE_CURVE_WITH_KNOTS('',8,(#2202,#2203,#2204,#2205,#2206,
    #2207,#2208,#2209,#2210,#2211,#2212,#2213,#2214,#2215,#2216,#2217,
    #2218,#2219,#2220,#2221,#2222,#2223,#2224,#2225,#2226,#2227,#2228,
    #2229,#2230,#2231,#2232,#2233,#2234,#2235,#2236,#2237,#2238,#2239,
    #2240,#2241,#2242,#2243,#2244,#2245,#2246,#2247,#2248,#2249,#2250,
    #2251,#2252,#2253,#2254,#2255,#2256,#2257,#2258,#2259,#2260,#2261,
    #2262,#2263,#2264,#2265,#2266,#2267,#2268,#2269,#2270,#2271,#2272,
    #2273,#2274,#2275,#2276,#2277,#2278,#2279,#2280,#2281,#2282,#2283,
    #2284,#2285,#2286,#2287,#2288,#2289,#2290,#2291,#2292,#2293,#2294,
    #2295,#2296,#2297,#2298,#2299,#2300,#2301),.UNSPECIFIED.,.F.,.F.,(9,
    7,7,7,7,7,7,7,7,7,7,7,7,7,9),(0.,7.592265549111E-02,0.132477517636,
    0.174892621958,0.245581622103,0.323332927326,0.422285230979,
    0.471765714385,0.521246649,0.690874342621,0.768613700439,
    0.825151846088,0.909962822152,0.952368312551,1.),.UNSPECIFIED.);
#2202 = CARTESIAN_POINT('',(315.49022584481,7.887323943662E-02));
#2203 = CARTESIAN_POINT('',(314.97422097371,7.887323943662E-02));
#2204 = CARTESIAN_POINT('',(314.45822442765,7.887323943662E-02));
#2205 = CARTESIAN_POINT('',(313.94222233665,7.887323943662E-02));
#2206 = CARTESIAN_POINT('',(313.42624286152,7.887323943662E-02));
#2207 = CARTESIAN_POINT('',(312.91025947893,7.887323943662E-02));
#2208 = CARTESIAN_POINT('',(312.39423884126,7.887323943662E-02));
#2209 = CARTESIAN_POINT('',(311.87820136217,7.887323943662E-02));
#2210 = CARTESIAN_POINT('',(310.97776494787,7.887323943662E-02));
#2211 = CARTESIAN_POINT('',(310.59336721617,7.887323943662E-02));
#2212 = CARTESIAN_POINT('',(310.20896948446,7.887323943662E-02));
#2213 = CARTESIAN_POINT('',(309.82457175276,7.887323943662E-02));
#2214 = CARTESIAN_POINT('',(309.44017402106,7.887323943662E-02));
#2215 = CARTESIAN_POINT('',(309.05577628935,7.887323943662E-02));
#2216 = CARTESIAN_POINT('',(308.67137855765,7.887323943662E-02));
#2217 = CARTESIAN_POINT('',(307.99868961149,7.887323943662E-02));
#2218 = CARTESIAN_POINT('',(307.71039980286,7.887323943662E-02));
#2219 = CARTESIAN_POINT('',(307.42210861299,7.887323943662E-02));
#2220 = CARTESIAN_POINT('',(307.13381411249,7.887323943662E-02));
#2221 = CARTESIAN_POINT('',(306.84551522968,7.887323943662E-02));
#2222 = CARTESIAN_POINT('',(306.55721175054,7.887323943662E-02));
#2223 = CARTESIAN_POINT('',(306.26890431877,7.887323943662E-02));
#2224 = CARTESIAN_POINT('',(305.5000972711,7.887323943662E-02));
#2225 = CARTESIAN_POINT('',(305.01960010647,7.887323943662E-02));
#2226 = CARTESIAN_POINT('',(304.53910294184,7.887323943662E-02));
#2227 = CARTESIAN_POINT('',(304.05860577721,7.887323943662E-02));
#2228 = CARTESIAN_POINT('',(303.57810861258,7.887323943662E-02));
#2229 = CARTESIAN_POINT('',(303.09761144795,7.887323943662E-02));
#2230 = CARTESIAN_POINT('',(302.61711428333,7.887323943662E-02));
#2231 = CARTESIAN_POINT('',(301.60811506563,7.887323943662E-02));
#2232 = CARTESIAN_POINT('',(301.07960807381,7.887323943662E-02));
#2233 = CARTESIAN_POINT('',(300.55110197416,7.887323943662E-02));
#2234 = CARTESIAN_POINT('',(300.02257493112,7.887323943662E-02));
#2235 = CARTESIAN_POINT('',(299.49401159383,7.887323943662E-02));
#2236 = CARTESIAN_POINT('',(298.96542268306,7.887323943662E-02));
#2237 = CARTESIAN_POINT('',(298.43683565334,7.887323943662E-02));
#2238 = CARTESIAN_POINT('',(297.23551313478,7.887323943662E-02));
#2239 = CARTESIAN_POINT('',(296.56277954865,7.887323943662E-02));
#2240 = CARTESIAN_POINT('',(295.89005165187,7.887323943662E-02));
#2241 = CARTESIAN_POINT('',(295.21733713343,7.887323943662E-02));
#2242 = CARTESIAN_POINT('',(294.54464103098,7.887323943662E-02));
#2243 = CARTESIAN_POINT('',(293.87196573084,7.887323943662E-02));
#2244 = CARTESIAN_POINT('',(293.199310968,7.887323943662E-02));
#2245 = CARTESIAN_POINT('',(292.19032581088,7.887323943662E-02));
#2246 = CARTESIAN_POINT('',(291.85397779564,7.887323943662E-02));
#2247 = CARTESIAN_POINT('',(291.5176297804,7.887323943662E-02));
#2248 = CARTESIAN_POINT('',(291.18128176516,7.887323943662E-02));
#2249 = CARTESIAN_POINT('',(290.84493374991,7.887323943662E-02));
#2250 = CARTESIAN_POINT('',(290.50858573467,7.887323943662E-02));
#2251 = CARTESIAN_POINT('',(290.17223771943,7.887323943662E-02));
#2252 = CARTESIAN_POINT('',(289.49953862182,7.887323943662E-02));
#2253 = CARTESIAN_POINT('',(289.16318964833,7.887323943662E-02));
#2254 = CARTESIAN_POINT('',(288.82684216417,7.887323943662E-02));
#2255 = CARTESIAN_POINT('',(288.49049555241,7.887323943662E-02));
#2256 = CARTESIAN_POINT('',(288.15414919875,7.887323943662E-02));
#2257 = CARTESIAN_POINT('',(287.81780249146,7.887323943662E-02));
#2258 = CARTESIAN_POINT('',(287.48145482146,7.887323943662E-02));
#2259 = CARTESIAN_POINT('',(285.99205246921,7.887323943662E-02));
#2260 = CARTESIAN_POINT('',(284.83899244167,7.887323943662E-02));
#2261 = CARTESIAN_POINT('',(283.68588511991,7.887323943662E-02));
#2262 = CARTESIAN_POINT('',(282.53270919003,7.887323943662E-02));
#2263 = CARTESIAN_POINT('',(281.37946239018,7.887323943662E-02));
#2264 = CARTESIAN_POINT('',(280.22616151024,7.887323943662E-02));
#2265 = CARTESIAN_POINT('',(279.07284240507,7.887323943662E-02));
#2266 = CARTESIAN_POINT('',(277.39101760019,7.887323943662E-02));
#2267 = CARTESIAN_POINT('',(276.86246707366,7.887323943662E-02));
#2268 = CARTESIAN_POINT('',(276.33390872108,7.887323943662E-02));
#2269 = CARTESIAN_POINT('',(275.80537292319,7.887323943662E-02));
#2270 = CARTESIAN_POINT('',(275.27683628871,7.887323943662E-02));
#2271 = CARTESIAN_POINT('',(274.74827700983,7.887323943662E-02));
#2272 = CARTESIAN_POINT('',(274.21972782575,7.887323943662E-02));
#2273 = CARTESIAN_POINT('',(273.30678724096,7.887323943662E-02));
#2274 = CARTESIAN_POINT('',(272.92238950925,7.887323943662E-02));
#2275 = CARTESIAN_POINT('',(272.53799177755,7.887323943662E-02));
#2276 = CARTESIAN_POINT('',(272.15359404585,7.887323943662E-02));
#2277 = CARTESIAN_POINT('',(271.76919631414,7.887323943662E-02));
#2278 = CARTESIAN_POINT('',(271.38479858244,7.887323943662E-02));
#2279 = CARTESIAN_POINT('',(271.00040085074,7.887323943662E-02));
#2280 = CARTESIAN_POINT('',(270.03938097396,7.887323943662E-02));
#2281 = CARTESIAN_POINT('',(269.46276402153,7.887323943662E-02));
#2282 = CARTESIAN_POINT('',(268.88618467309,7.887323943662E-02));
#2283 = CARTESIAN_POINT('',(268.30961649675,7.887323943662E-02));
#2284 = CARTESIAN_POINT('',(267.7330248139,7.887323943662E-02));
#2285 = CARTESIAN_POINT('',(267.15643880717,7.887323943662E-02));
#2286 = CARTESIAN_POINT('',(266.57983638453,7.887323943662E-02));
#2287 = CARTESIAN_POINT('',(265.71492729954,7.887323943662E-02));
#2288 = CARTESIAN_POINT('',(265.42662259591,7.887323943662E-02));
#2289 = CARTESIAN_POINT('',(265.13831791857,7.887323943662E-02));
#2290 = CARTESIAN_POINT('',(264.85001481326,7.887323943662E-02));
#2291 = CARTESIAN_POINT('',(264.5617146806,7.887323943662E-02));
#2292 = CARTESIAN_POINT('',(264.27341877614,7.887323943662E-02));
#2293 = CARTESIAN_POINT('',(263.98512821029,7.887323943662E-02));
#2294 = CARTESIAN_POINT('',(263.37303055227,7.887323943662E-02));
#2295 = CARTESIAN_POINT('',(263.04922276494,7.887323943662E-02));
#2296 = CARTESIAN_POINT('',(262.72541746288,7.887323943662E-02));
#2297 = CARTESIAN_POINT('',(262.40161227687,7.887323943662E-02));
#2298 = CARTESIAN_POINT('',(262.077805592,7.887323943662E-02));
#2299 = CARTESIAN_POINT('',(261.75399654768,7.887323943662E-02));
#2300 = CARTESIAN_POINT('',(261.43018503763,7.887323943662E-02));
#2301 = CARTESIAN_POINT('',(261.10637170986,7.887323943662E-02));
#2302 = ( GEOMETRIC_REPRESENTATION_CONTEXT(2) 
PARAMETRIC_REPRESENTATION_CONTEXT() REPRESENTATION_CONTEXT('2D SPACE',''
  ) );
#2303 = PCURVE('',#617,#2304);
#2304 = DEFINITIONAL_REPRESENTATION('',(#2305),#2406);
#2305 = B_SPLINE_CURVE_WITH_KNOTS('',8,(#2306,#2307,#2308,#2309,#2310,
    #2311,#2312,#2313,#2314,#2315,#2316,#2317,#2318,#2319,#2320,#2321,
    #2322,#2323,#2324,#2325,#2326,#2327,#2328,#2329,#2330,#2331,#2332,
    #2333,#2334,#2335,#2336,#2337,#2338,#2339,#2340,#2341,#2342,#2343,
    #2344,#2345,#2346,#2347,#2348,#2349,#2350,#2351,#2352,#2353,#2354,
    #2355,#2356,#2357,#2358,#2359,#2360,#2361,#2362,#2363,#2364,#2365,
    #2366,#2367,#2368,#2369,#2370,#2371,#2372,#2373,#2374,#2375,#2376,
    #2377,#2378,#2379,#2380,#2381,#2382,#2383,#2384,#2385,#2386,#2387,
    #2388,#2389,#2390,#2391,#2392,#2393,#2394,#2395,#2396,#2397,#2398,
    #2399,#2400,#2401,#2402,#2403,#2404,#2405),.UNSPECIFIED.,.F.,.F.,(9,
    7,7,7,7,7,7,7,7,7,7,7,7,7,9),(0.,7.592265549111E-02,0.132477517636,
    0.174892621958,0.245581622103,0.323332927326,0.422285230979,
    0.471765714385,0.521246649,0.690874342621,0.768613700439,
    0.825151846088,0.909962822152,0.952368312551,1.),.UNSPECIFIED.);
#2306 = CARTESIAN_POINT('',(62.,-10.4249765421));
#2307 = CARTESIAN_POINT('',(61.503033665645,-10.28525846452));
#2308 = CARTESIAN_POINT('',(61.004322900141,-10.15171643391));
#2309 = CARTESIAN_POINT('',(60.504020776453,-10.02419706561));
#2310 = CARTESIAN_POINT('',(60.002230271928,-9.90253899196));
#2311 = CARTESIAN_POINT('',(59.499099835233,-9.786586904719));
#2312 = CARTESIAN_POINT('',(58.994775812049,-9.676186097461));
#2313 = CARTESIAN_POINT('',(58.489342483555,-9.571173797419));
#2314 = CARTESIAN_POINT('',(57.605616411743,-9.39704974099));
#2315 = CARTESIAN_POINT('',(57.227785228404,-9.325614241917));
#2316 = CARTESIAN_POINT('',(56.849420835398,-9.257008500005));
#2317 = CARTESIAN_POINT('',(56.470557146376,-9.191163935961));
#2318 = CARTESIAN_POINT('',(56.091228074986,-9.128011970488));
#2319 = CARTESIAN_POINT('',(55.711467534878,-9.067484024291));
#2320 = CARTESIAN_POINT('',(55.331309439701,-9.009511518076));
#2321 = CARTESIAN_POINT('',(54.665403413547,-8.912412660982));
#2322 = CARTESIAN_POINT('',(54.379813786469,-8.872198738292));
#2323 = CARTESIAN_POINT('',(54.094034036937,-8.833354265938));
#2324 = CARTESIAN_POINT('',(53.808077886422,-8.795849884735));
#2325 = CARTESIAN_POINT('',(53.521957562803,-8.75965671485));
#2326 = CARTESIAN_POINT('',(53.235683800365,-8.724746355804));
#2327 = CARTESIAN_POINT('',(52.949265839799,-8.691090886472));
#2328 = CARTESIAN_POINT('',(52.185139931753,-8.604618334349));
#2329 = CARTESIAN_POINT('',(51.707194845268,-8.55398398996));
#2330 = CARTESIAN_POINT('',(51.228909099758,-8.506630949535));
#2331 = CARTESIAN_POINT('',(50.750315626233,-8.462430330697));
#2332 = CARTESIAN_POINT('',(50.271447355705,-8.421253251069));
#2333 = CARTESIAN_POINT('',(49.792337219182,-8.382970828275));
#2334 = CARTESIAN_POINT('',(49.313018147677,-8.347454179936));
#2335 = CARTESIAN_POINT('',(48.306123223707,-8.27840975931));
#2336 = CARTESIAN_POINT('',(47.77851036369,-8.245433596134));
#2337 = CARTESIAN_POINT('',(47.250712123013,-8.215480653448));
#2338 = CARTESIAN_POINT('',(46.722779809518,-8.18837026861));
#2339 = CARTESIAN_POINT('',(46.194755651226,-8.163927332786));
#2340 = CARTESIAN_POINT('',(45.666651445431,-8.141992879915));
#2341 = CARTESIAN_POINT('',(45.138456943126,-8.12241781414));
#2342 = CARTESIAN_POINT('',(43.937891086261,-8.082908338568));
#2343 = CARTESIAN_POINT('',(43.265475272558,-8.06433426411));
#2344 = CARTESIAN_POINT('',(42.59296908651,-8.048978732148));
#2345 = CARTESIAN_POINT('',(41.920390107333,-8.036509367102));
#2346 = CARTESIAN_POINT('',(41.247753264081,-8.026593723198));
#2347 = CARTESIAN_POINT('',(40.575070835646,-8.018899284468));
#2348 = CARTESIAN_POINT('',(39.902352450762,-8.01309346475));
#2349 = CARTESIAN_POINT('',(38.893201957491,-8.006718493126));
#2350 = CARTESIAN_POINT('',(38.556787173684,-8.004982437242));
#2351 = CARTESIAN_POINT('',(38.220361972534,-8.003593892612));
#2352 = CARTESIAN_POINT('',(37.883927589996,-8.002511311806));
#2353 = CARTESIAN_POINT('',(37.547485262026,-8.001693147396));
#2354 = CARTESIAN_POINT('',(37.211036224581,-8.001097851954));
#2355 = CARTESIAN_POINT('',(36.874581713616,-8.000683878051));
#2356 = CARTESIAN_POINT('',(36.201661148416,-8.000135475968));
#2357 = CARTESIAN_POINT('',(35.865197203725,-8.000024689118));
#2358 = CARTESIAN_POINT('',(35.528731747255,-7.999992506958));
#2359 = CARTESIAN_POINT('',(35.192265397844,-7.999984505948));
#2360 = CARTESIAN_POINT('',(34.855798776934,-7.99997664975));
#2361 = CARTESIAN_POINT('',(34.519332508566,-7.999975289232));
#2362 = CARTESIAN_POINT('',(34.18286721938,-8.000017162472));
#2363 = CARTESIAN_POINT('',(32.692958103543,-8.000691268688));
#2364 = CARTESIAN_POINT('',(31.5395431023,-8.002437283482));
#2365 = CARTESIAN_POINT('',(30.386167937039,-8.00708136802));
#2366 = CARTESIAN_POINT('',(29.232861092067,-8.016297765803));
#2367 = CARTESIAN_POINT('',(28.079670151264,-8.031762090724));
#2368 = CARTESIAN_POINT('',(26.926661785807,-8.05515092873));
#2369 = CARTESIAN_POINT('',(25.773921712211,-8.088139985381));
#2370 = CARTESIAN_POINT('',(24.093431672375,-8.152685236525));
#2371 = CARTESIAN_POINT('',(23.565372105148,-8.175337926543));
#2372 = CARTESIAN_POINT('',(23.037386042961,-8.200521783035));
#2373 = CARTESIAN_POINT('',(22.509464352911,-8.228384525794));
#2374 = CARTESIAN_POINT('',(21.981663083659,-8.259108195061));
#2375 = CARTESIAN_POINT('',(21.454046990143,-8.292876934932));
#2376 = CARTESIAN_POINT('',(20.926635775933,-8.329845766584));
#2377 = CARTESIAN_POINT('',(20.016119878291,-8.39953682519));
#2378 = CARTESIAN_POINT('',(19.632881005556,-8.430667150879));
#2379 = CARTESIAN_POINT('',(19.249796927057,-8.463650056941));
#2380 = CARTESIAN_POINT('',(18.866884503471,-8.498551531154));
#2381 = CARTESIAN_POINT('',(18.484160595475,-8.535437561296));
#2382 = CARTESIAN_POINT('',(18.101642063746,-8.574374135143));
#2383 = CARTESIAN_POINT('',(17.719345768962,-8.615427240473));
#2384 = CARTESIAN_POINT('',(16.764177384088,-8.723519175438));
#2385 = CARTESIAN_POINT('',(16.191617819569,-8.793287291094));
#2386 = CARTESIAN_POINT('',(15.619648036604,-8.868178430712));
#2387 = CARTESIAN_POINT('',(15.048382005516,-8.948429012121));
#2388 = CARTESIAN_POINT('',(14.477947672902,-9.034283698558));
#2389 = CARTESIAN_POINT('',(13.908420809824,-9.125959668612));
#2390 = CARTESIAN_POINT('',(13.339937757187,-9.223698647229));
#2391 = CARTESIAN_POINT('',(12.488946764986,-9.379742660469));
#2392 = CARTESIAN_POINT('',(12.205573160884,-9.433329901174));
#2393 = CARTESIAN_POINT('',(11.922503691679,-9.488518712446));
#2394 = CARTESIAN_POINT('',(11.639753312448,-9.545337889347));
#2395 = CARTESIAN_POINT('',(11.357337868964,-9.603816019115));
#2396 = CARTESIAN_POINT('',(11.075274097697,-9.66398148117));
#2397 = CARTESIAN_POINT('',(10.793579625817,-9.725862447115));
#2398 = CARTESIAN_POINT('',(10.196297126445,-9.860952606218));
#2399 = CARTESIAN_POINT('',(9.880813206005,-9.934617590311));
#2400 = CARTESIAN_POINT('',(9.565851706517,-10.01052101321));
#2401 = CARTESIAN_POINT('',(9.25144386883,-10.08870191976));
#2402 = CARTESIAN_POINT('',(8.937621677991,-10.16919921945));
#2403 = CARTESIAN_POINT('',(8.624417863243,-10.25205168641));
#2404 = CARTESIAN_POINT('',(8.311865898032,-10.33729795941));
#2405 = CARTESIAN_POINT('',(8.,-10.42497654188));
#2406 = ( GEOMETRIC_REPRESENTATION_CONTEXT(2) 
PARAMETRIC_REPRESENTATION_CONTEXT() REPRESENTATION_CONTEXT('2D SPACE',''
  ) );
#2407 = ORIENTED_EDGE('',*,*,#1299,.T.);
#2408 = ORIENTED_EDGE('',*,*,#1331,.T.);
#2409 = FACE_BOUND('',#2410,.F.);
#2410 = EDGE_LOOP('',(#2411));
#2411 = ORIENTED_EDGE('',*,*,#2412,.F.);
#2412 = EDGE_CURVE('',#2413,#2413,#2415,.T.);
#2413 = VERTEX_POINT('',#2414);
#2414 = CARTESIAN_POINT('',(-110.3,18.,-87.30240886876));
#2415 = SURFACE_CURVE('',#2416,(#2503,#2642),.PCURVE_S1.);
#2416 = B_SPLINE_CURVE_WITH_KNOTS('',7,(#2417,#2418,#2419,#2420,#2421,
    #2422,#2423,#2424,#2425,#2426,#2427,#2428,#2429,#2430,#2431,#2432,
    #2433,#2434,#2435,#2436,#2437,#2438,#2439,#2440,#2441,#2442,#2443,
    #2444,#2445,#2446,#2447,#2448,#2449,#2450,#2451,#2452,#2453,#2454,
    #2455,#2456,#2457,#2458,#2459,#2460,#2461,#2462,#2463,#2464,#2465,
    #2466,#2467,#2468,#2469,#2470,#2471,#2472,#2473,#2474,#2475,#2476,
    #2477,#2478,#2479,#2480,#2481,#2482,#2483,#2484,#2485,#2486,#2487,
    #2488,#2489,#2490,#2491,#2492,#2493,#2494,#2495,#2496,#2497,#2498,
    #2499,#2500,#2501,#2502),.UNSPECIFIED.,.T.,.F.,(8,6,6,6,6,6,6,6,6,6,
    6,6,6,6,8),(0.,0.133925771764,0.210212872509,0.276621578941,
    0.321529359228,0.391073321072,0.525659483631,0.636523143235,
    0.759133151948,0.855216674279,0.918642161986,1.,1.082804253603,
    1.161305856193,1.288456211036),.UNSPECIFIED.);
#2417 = CARTESIAN_POINT('',(-110.3,18.,-87.30240886876));
#2418 = CARTESIAN_POINT('',(-110.3,17.860324113322,-87.3188461497));
#2419 = CARTESIAN_POINT('',(-110.3133884588,17.720694577927,
    -87.3349699053));
#2420 = CARTESIAN_POINT('',(-110.3401516278,17.581829013448,
    -87.35069990709));
#2421 = CARTESIAN_POINT('',(-110.3805172837,17.444612675028,
    -87.36594558137));
#2422 = CARTESIAN_POINT('',(-110.4348270985,17.310122757343,
    -87.38060666614));
#2423 = CARTESIAN_POINT('',(-110.5034751545,17.179618807945,
    -87.39457660689));
#2424 = CARTESIAN_POINT('',(-110.6347288575,16.98345114031,
    -87.41522695237));
#2425 = CARTESIAN_POINT('',(-110.6871921788,16.914095532313,
    -87.42245272518));
#2426 = CARTESIAN_POINT('',(-110.7445875986,16.846865280365,
    -87.4293868652));
#2427 = CARTESIAN_POINT('',(-110.8070024465,16.782131451907,
    -87.43599943997));
#2428 = CARTESIAN_POINT('',(-110.8744904823,16.720337326422,
    -87.44225477796));
#2429 = CARTESIAN_POINT('',(-110.947052273,16.661990464923,
    -87.44811235022));
#2430 = CARTESIAN_POINT('',(-111.0921352178,16.560355005965,
    -87.45824172789));
#2431 = CARTESIAN_POINT('',(-111.1634377635,16.516099602382,
    -87.46262015179));
#2432 = CARTESIAN_POINT('',(-111.2384502849,16.475276796029,
    -87.46663183974));
#2433 = CARTESIAN_POINT('',(-111.3170191253,16.438317684399,
    -87.47024223617));
#2434 = CARTESIAN_POINT('',(-111.3988899734,16.405678119957,
    -87.47341486807));
#2435 = CARTESIAN_POINT('',(-111.4836804133,16.377801220834,
    -87.47611428215));
#2436 = CARTESIAN_POINT('',(-111.6297884971,16.339682479209,
    -87.47979542927));
#2437 = CARTESIAN_POINT('',(-111.6898219173,16.326652134878,
    -87.481050421));
#2438 = CARTESIAN_POINT('',(-111.750763441,16.316088252005,
    -87.48206573727));
#2439 = CARTESIAN_POINT('',(-111.8124121433,16.308087893112,
    -87.48283355477));
#2440 = CARTESIAN_POINT('',(-111.8745485046,16.302721037934,
    -87.48334824497));
#2441 = CARTESIAN_POINT('',(-111.9369349809,16.300025215696,
    -87.4836067893));
#2442 = CARTESIAN_POINT('',(-112.0959203964,16.299961301209,
    -87.48361291891));
#2443 = CARTESIAN_POINT('',(-112.1925665872,16.306327143308,
    -87.48300240336));
#2444 = CARTESIAN_POINT('',(-112.2882637022,16.319106576313,
    -87.48177686211));
#2445 = CARTESIAN_POINT('',(-112.3821632172,16.33806948989,
    -87.47995511165));
#2446 = CARTESIAN_POINT('',(-112.4735547331,16.362832721289,
    -87.47756783474));
#2447 = CARTESIAN_POINT('',(-112.5618595392,16.392917571145,
    -87.47465318923));
#2448 = CARTESIAN_POINT('',(-112.8106615938,16.49524478919,
    -87.46468083111));
#2449 = CARTESIAN_POINT('',(-112.9611714477,16.580492348575,
    -87.4563081877));
#2450 = CARTESIAN_POINT('',(-113.0962064649,16.679991885602,
    -87.4464199377));
#2451 = CARTESIAN_POINT('',(-113.2152004104,16.790329078011,
    -87.43528186655));
#2452 = CARTESIAN_POINT('',(-113.3182945562,16.908727542536,
    -87.42311815876));
#2453 = CARTESIAN_POINT('',(-113.406116801,17.033105663091,
    -87.41010363375));
#2454 = CARTESIAN_POINT('',(-113.5395577069,17.268752197377,
    -87.38497328565));
#2455 = CARTESIAN_POINT('',(-113.5898113385,17.378332616704,
    -87.3731177377));
#2456 = CARTESIAN_POINT('',(-113.630366697,17.490277876163,
    -87.36082087643));
#2457 = CARTESIAN_POINT('',(-113.6614456201,17.603915217522,
    -87.34814096324));
#2458 = CARTESIAN_POINT('',(-113.6832209598,17.718657055857,
    -87.3351329849));
#2459 = CARTESIAN_POINT('',(-113.6958152866,17.833990163096,
    -87.32184906722));
#2460 = CARTESIAN_POINT('',(-113.7030466214,18.077197767696,
    -87.2933940568));
#2461 = CARTESIAN_POINT('',(-113.6956368774,18.205015886521,
    -87.27818274371));
#2462 = CARTESIAN_POINT('',(-113.6770784028,18.332354828015,
    -87.26276701459));
#2463 = CARTESIAN_POINT('',(-113.6472621444,18.45855137159,
    -87.24722791247));
#2464 = CARTESIAN_POINT('',(-113.6060023994,18.582854942485,
    -87.23166554802));
#2465 = CARTESIAN_POINT('',(-113.5530369922,18.704409842369,
    -87.2162030906));
#2466 = CARTESIAN_POINT('',(-113.4369206352,18.914540863532,
    -87.18907383442));
#2467 = CARTESIAN_POINT('',(-113.378490589,19.004492680743,
    -87.17731858515));
#2468 = CARTESIAN_POINT('',(-113.312446535,19.091621125447,
    -87.16579791677));
#2469 = CARTESIAN_POINT('',(-113.2385852232,19.175287602866,
    -87.15461000847));
#2470 = CARTESIAN_POINT('',(-113.1567567591,19.25468604614,
    -87.14388130026));
#2471 = CARTESIAN_POINT('',(-113.0669117575,19.328857177667,
    -87.13376532576));
#2472 = CARTESIAN_POINT('',(-112.90459844,19.441482808802,
    -87.11828389628));
#2473 = CARTESIAN_POINT('',(-112.836623886,19.48349432875,
    -87.11247436843));
#2474 = CARTESIAN_POINT('',(-112.7652739919,19.522399402791,
    -87.10706476967));
#2475 = CARTESIAN_POINT('',(-112.6906750671,19.557825170597,
    -87.10211485731));
#2476 = CARTESIAN_POINT('',(-112.6130376803,19.589375591441,
    -87.09768830531));
#2477 = CARTESIAN_POINT('',(-112.5326795518,19.616661339186,
    -87.09384781969));
#2478 = CARTESIAN_POINT('',(-112.3440693271,19.668441132653,
    -87.08654263882));
#2479 = CARTESIAN_POINT('',(-112.2341884499,19.690010563571,
    -87.08348473854));
#2480 = CARTESIAN_POINT('',(-112.1216492627,19.70321634722,
    -87.08160567934));
#2481 = CARTESIAN_POINT('',(-112.0077905089,19.707582543182,
    -87.08098385912));
#2482 = CARTESIAN_POINT('',(-111.8940243868,19.702970703753,
    -87.08164169393));
#2483 = CARTESIAN_POINT('',(-111.7818042093,19.68960892107,
    -87.08354068894));
#2484 = CARTESIAN_POINT('',(-111.5614298031,19.646356059721,
    -87.08966165413));
#2485 = CARTESIAN_POINT('',(-111.4532488608,19.616148206847,
    -87.09392815634));
#2486 = CARTESIAN_POINT('',(-111.3492868139,19.578170292735,
    -87.09927438645));
#2487 = CARTESIAN_POINT('',(-111.2503663545,19.533280582046,
    -87.1055618271));
#2488 = CARTESIAN_POINT('',(-111.1569954357,19.482384989345,
    -87.11264459947));
#2489 = CARTESIAN_POINT('',(-111.0694464986,19.426322103261,
    -87.12038846115));
#2490 = CARTESIAN_POINT('',(-110.910416594,19.308467605766,
    -87.13653479759));
#2491 = CARTESIAN_POINT('',(-110.83833007,19.247119203981,
    -87.14488298578));
#2492 = CARTESIAN_POINT('',(-110.7715838298,19.182360499081,
    -87.15362757273));
#2493 = CARTESIAN_POINT('',(-110.7101474522,19.114709119327,
    -87.1626861548));
#2494 = CARTESIAN_POINT('',(-110.6539455969,19.044611759384,
    -87.1719884189));
#2495 = CARTESIAN_POINT('',(-110.6028763348,18.972438286015,
    -87.18147667271));
#2496 = CARTESIAN_POINT('',(-110.4822466137,18.778677642622,
    -87.2067037645));
#2497 = CARTESIAN_POINT('',(-110.4209057065,18.65429120343,
    -87.22265845249));
#2498 = CARTESIAN_POINT('',(-110.3722889637,18.526528458008,
    -87.23878199585));
#2499 = CARTESIAN_POINT('',(-110.3360840987,18.396402412663,
    -87.25492607206));
#2500 = CARTESIAN_POINT('',(-110.3120390902,18.264793881029,
    -87.27097049252));
#2501 = CARTESIAN_POINT('',(-110.3,18.132449832723,-87.28682196138));
#2502 = CARTESIAN_POINT('',(-110.3,18.,-87.30240886876));
#2503 = PCURVE('',#401,#2504);
#2504 = DEFINITIONAL_REPRESENTATION('',(#2505),#2641);
#2505 = B_SPLINE_CURVE_WITH_KNOTS('',3,(#2506,#2507,#2508,#2509,#2510,
    #2511,#2512,#2513,#2514,#2515,#2516,#2517,#2518,#2519,#2520,#2521,
    #2522,#2523,#2524,#2525,#2526,#2527,#2528,#2529,#2530,#2531,#2532,
    #2533,#2534,#2535,#2536,#2537,#2538,#2539,#2540,#2541,#2542,#2543,
    #2544,#2545,#2546,#2547,#2548,#2549,#2550,#2551,#2552,#2553,#2554,
    #2555,#2556,#2557,#2558,#2559,#2560,#2561,#2562,#2563,#2564,#2565,
    #2566,#2567,#2568,#2569,#2570,#2571,#2572,#2573,#2574,#2575,#2576,
    #2577,#2578,#2579,#2580,#2581,#2582,#2583,#2584,#2585,#2586,#2587,
    #2588,#2589,#2590,#2591,#2592,#2593,#2594,#2595,#2596,#2597,#2598,
    #2599,#2600,#2601,#2602,#2603,#2604,#2605,#2606,#2607,#2608,#2609,
    #2610,#2611,#2612,#2613,#2614,#2615,#2616,#2617,#2618,#2619,#2620,
    #2621,#2622,#2623,#2624,#2625,#2626,#2627,#2628,#2629,#2630,#2631,
    #2632,#2633,#2634,#2635,#2636,#2637,#2638,#2639,#2640),
  .UNSPECIFIED.,.T.,.F.,(4,1,1,1,1,1,1,1,1,1,1,1,1,1,1,1,1,1,1,1,1,1,1,1
    ,1,1,1,1,1,1,1,1,1,1,1,1,1,1,1,1,1,1,1,1,1,1,1,1,1,1,1,1,1,1,1,1,1,1
    ,1,1,1,1,1,1,1,1,1,1,1,1,1,1,1,1,1,1,1,1,1,1,1,1,1,1,1,1,1,1,1,1,1,1
    ,1,1,1,1,1,1,1,1,1,1,1,1,1,1,1,1,1,1,1,1,1,1,1,1,1,1,1,1,1,1,1,1,1,1
    ,1,1,1,1,1,1,4),(0.,9.761031901788E-03,1.952206380358E-02,
    2.928309570537E-02,3.904412760715E-02,4.880515950894E-02,
    5.856619141073E-02,6.832722331252E-02,7.808825521431E-02,
    8.78492871161E-02,9.761031901788E-02,0.10737135092,0.117132382821,
    0.126893414723,0.136654446625,0.146415478527,0.156176510429,
    0.16593754233,0.175698574232,0.185459606134,0.195220638036,
    0.204981669938,0.214742701839,0.224503733741,0.234264765643,
    0.244025797545,0.253786829447,0.263547861348,0.27330889325,
    0.283069925152,0.292830957054,0.302591988955,0.312353020857,
    0.322114052759,0.331875084661,0.341636116563,0.351397148464,
    0.361158180366,0.370919212268,0.38068024417,0.390441276072,
    0.400202307973,0.409963339875,0.419724371777,0.429485403679,
    0.43924643558,0.449007467482,0.458768499384,0.468529531286,
    0.478290563188,0.488051595089,0.497812626991,0.507573658893,
    0.517334690795,0.527095722697,0.536856754598,0.5466177865,
    0.556378818402,0.566139850304,0.575900882206,0.585661914107,
    0.595422946009,0.605183977911,0.614945009813,0.624706041714,
    0.634467073616,0.644228105518,0.65398913742,0.663750169322,
    0.673511201223,0.683272233125,0.693033265027,0.702794296929,
    0.712555328831,0.722316360732,0.732077392634,0.741838424536,
    0.751599456438,0.76136048834,0.771121520241,0.780882552143,
    0.790643584045,0.800404615947,0.810165647848,0.81992667975,
    0.829687711652,0.839448743554,0.849209775456,0.858970807357,
    0.868731839259,0.878492871161,0.888253903063,0.898014934965,
    0.907775966866,0.917536998768,0.92729803067,0.937059062572,
    0.946820094473,0.956581126375,0.966342158277,0.976103190179,
    0.985864222081,0.995625253982,1.005386285884,1.015147317786,
    1.024908349688,1.03466938159,1.044430413491,1.054191445393,
    1.063952477295,1.073713509197,1.083474541099,1.093235573,
    1.102996604902,1.112757636804,1.122518668706,1.132279700607,
    1.142040732509,1.151801764411,1.161562796313,1.171323828215,
    1.181084860116,1.190845892018,1.20060692392,1.210367955822,
    1.220128987724,1.229890019625,1.239651051527,1.249412083429,
    1.259173115331,1.268934147233,1.278695179134,1.288456211036),
  .QUASI_UNIFORM_KNOTS.);
#2506 = CARTESIAN_POINT('',(306.32003262736,5.549295774648E-02));
#2507 = CARTESIAN_POINT('',(306.29612200017,5.549295657814E-02));
#2508 = CARTESIAN_POINT('',(306.24830547762,5.549015397932E-02));
#2509 = CARTESIAN_POINT('',(306.17666005397,5.547752918602E-02));
#2510 = CARTESIAN_POINT('',(306.10515752155,5.545646851316E-02));
#2511 = CARTESIAN_POINT('',(306.03386712908,5.542693904184E-02));
#2512 = CARTESIAN_POINT('',(305.96286198482,5.538889795232E-02));
#2513 = CARTESIAN_POINT('',(305.89221966101,5.534229194662E-02));
#2514 = CARTESIAN_POINT('',(305.82202214501,5.528705866543E-02));
#2515 = CARTESIAN_POINT('',(305.75235597606,5.522312720996E-02));
#2516 = CARTESIAN_POINT('',(305.68331237466,5.515041855004E-02));
#2517 = CARTESIAN_POINT('',(305.61498734513,5.506884541189E-02));
#2518 = CARTESIAN_POINT('',(305.54748206883,5.497831231925E-02));
#2519 = CARTESIAN_POINT('',(305.4809023853,5.487871332872E-02));
#2520 = CARTESIAN_POINT('',(305.41536190114,5.476993645134E-02));
#2521 = CARTESIAN_POINT('',(305.35097181816,5.465184108029E-02));
#2522 = CARTESIAN_POINT('',(305.28788739217,5.452434694706E-02));
#2523 = CARTESIAN_POINT('',(305.2262543978,5.438734470204E-02));
#2524 = CARTESIAN_POINT('',(305.16623132389,5.424072981983E-02));
#2525 = CARTESIAN_POINT('',(305.10799438554,5.408442017927E-02));
#2526 = CARTESIAN_POINT('',(305.0517353569,5.391835762555E-02));
#2527 = CARTESIAN_POINT('',(304.99766109433,5.374251280435E-02));
#2528 = CARTESIAN_POINT('',(304.94599347659,5.355689292578E-02));
#2529 = CARTESIAN_POINT('',(304.89696598634,5.336153453697E-02));
#2530 = CARTESIAN_POINT('',(304.85083724123,5.31565704416E-02));
#2531 = CARTESIAN_POINT('',(304.80788236456,5.294223048535E-02));
#2532 = CARTESIAN_POINT('',(304.76838678042,5.271884560263E-02));
#2533 = CARTESIAN_POINT('',(304.7326422877,5.248686415475E-02));
#2534 = CARTESIAN_POINT('',(304.70094063516,5.224686283498E-02));
#2535 = CARTESIAN_POINT('',(304.67356674565,5.199956409017E-02));
#2536 = CARTESIAN_POINT('',(304.65078992194,5.174583937963E-02));
#2537 = CARTESIAN_POINT('',(304.63285623841,5.148675721832E-02));
#2538 = CARTESIAN_POINT('',(304.61997192821,5.122355019651E-02));
#2539 = CARTESIAN_POINT('',(304.61229033262,5.095752802177E-02));
#2540 = CARTESIAN_POINT('',(304.6099066847,5.069012709531E-02));
#2541 = CARTESIAN_POINT('',(304.61285150142,5.042277453306E-02));
#2542 = CARTESIAN_POINT('',(304.62108823404,5.015696897345E-02));
#2543 = CARTESIAN_POINT('',(304.63451329222,4.989414287717E-02));
#2544 = CARTESIAN_POINT('',(304.65296712151,4.963558532968E-02));
#2545 = CARTESIAN_POINT('',(304.67624338163,4.938246297472E-02));
#2546 = CARTESIAN_POINT('',(304.70409528528,4.913582734039E-02));
#2547 = CARTESIAN_POINT('',(304.7362485733,4.889657953349E-02));
#2548 = CARTESIAN_POINT('',(304.77238416285,4.866562013781E-02));
#2549 = CARTESIAN_POINT('',(304.81219871793,4.844348832606E-02));
#2550 = CARTESIAN_POINT('',(304.85542060603,4.823046598878E-02));
#2551 = CARTESIAN_POINT('',(304.9017783554,4.802680807544E-02));
#2552 = CARTESIAN_POINT('',(304.95101152597,4.78326913172E-02));
#2553 = CARTESIAN_POINT('',(305.00286998561,4.764823702609E-02));
#2554 = CARTESIAN_POINT('',(305.05711602172,4.747351338061E-02));
#2555 = CARTESIAN_POINT('',(305.11352547485,4.730854266706E-02));
#2556 = CARTESIAN_POINT('',(305.17188892575,4.715330684235E-02));
#2557 = CARTESIAN_POINT('',(305.23201283133,4.700775313817E-02));
#2558 = CARTESIAN_POINT('',(305.29372020361,4.687180011502E-02));
#2559 = CARTESIAN_POINT('',(305.35685276813,4.674534146414E-02));
#2560 = CARTESIAN_POINT('',(305.42126746938,4.662825861024E-02));
#2561 = CARTESIAN_POINT('',(305.48685412466,4.652040125769E-02));
#2562 = CARTESIAN_POINT('',(305.55347143513,4.642169343807E-02));
#2563 = CARTESIAN_POINT('',(305.6209951295,4.633203831152E-02));
#2564 = CARTESIAN_POINT('',(305.68932588749,4.62513211117E-02));
#2565 = CARTESIAN_POINT('',(305.7583639003,4.617944587658E-02));
#2566 = CARTESIAN_POINT('',(305.82801539697,4.611632429321E-02));
#2567 = CARTESIAN_POINT('',(305.89819063493,4.606187779835E-02));
#2568 = CARTESIAN_POINT('',(305.96880422533,4.601603654781E-02));
#2569 = CARTESIAN_POINT('',(306.03977481223,4.597873966086E-02));
#2570 = CARTESIAN_POINT('',(306.11102515952,4.594993550146E-02));
#2571 = CARTESIAN_POINT('',(306.18248141007,4.592958254319E-02));
#2572 = CARTESIAN_POINT('',(306.25407540616,4.591764986825E-02));
#2573 = CARTESIAN_POINT('',(306.32573574972,4.59141205524E-02));
#2574 = CARTESIAN_POINT('',(306.39737597899,4.591898524395E-02));
#2575 = CARTESIAN_POINT('',(306.46893656363,4.593224461982E-02));
#2576 = CARTESIAN_POINT('',(306.54034777686,4.595391319633E-02));
#2577 = CARTESIAN_POINT('',(306.61153871405,4.59840166508E-02));
#2578 = CARTESIAN_POINT('',(306.68243478528,4.602259119973E-02));
#2579 = CARTESIAN_POINT('',(306.75295827102,4.60696828496E-02));
#2580 = CARTESIAN_POINT('',(306.82302801014,4.61253470698E-02));
#2581 = CARTESIAN_POINT('',(306.89255935454,4.618964887409E-02));
#2582 = CARTESIAN_POINT('',(306.96146384465,4.626266281509E-02));
#2583 = CARTESIAN_POINT('',(307.02964972211,4.634447488756E-02));
#2584 = CARTESIAN_POINT('',(307.09701883829,4.643517885289E-02));
#2585 = CARTESIAN_POINT('',(307.16347713097,4.653489493946E-02));
#2586 = CARTESIAN_POINT('',(307.2288896692,4.664369925339E-02));
#2587 = CARTESIAN_POINT('',(307.29313823841,4.676170609977E-02));
#2588 = CARTESIAN_POINT('',(307.35609509021,4.688903722987E-02));
#2589 = CARTESIAN_POINT('',(307.41761497811,4.702580273001E-02));
#2590 = CARTESIAN_POINT('',(307.47753782667,4.717210106367E-02));
#2591 = CARTESIAN_POINT('',(307.53568856786,4.732801433346E-02));
#2592 = CARTESIAN_POINT('',(307.59187757554,4.749360439965E-02));
#2593 = CARTESIAN_POINT('',(307.64590144152,4.766891124117E-02));
#2594 = CARTESIAN_POINT('',(307.69754168886,4.785394237924E-02));
#2595 = CARTESIAN_POINT('',(307.74657129662,4.804869669696E-02));
#2596 = CARTESIAN_POINT('',(307.79272487779,4.825303068538E-02));
#2597 = CARTESIAN_POINT('',(307.83572698535,4.846672854992E-02));
#2598 = CARTESIAN_POINT('',(307.87529121861,4.868947797293E-02));
#2599 = CARTESIAN_POINT('',(307.91112296173,4.8920844114E-02));
#2600 = CARTESIAN_POINT('',(307.94292755522,4.916027293011E-02));
#2601 = CARTESIAN_POINT('',(307.97041217547,4.940702231627E-02));
#2602 = CARTESIAN_POINT('',(307.99331352717,4.966034552388E-02));
#2603 = CARTESIAN_POINT('',(308.01137477444,4.991921917318E-02));
#2604 = CARTESIAN_POINT('',(308.02436933732,5.018224840146E-02));
#2605 = CARTESIAN_POINT('',(308.03214110094,5.044808267352E-02));
#2606 = CARTESIAN_POINT('',(308.03459435448,5.071531379561E-02));
#2607 = CARTESIAN_POINT('',(308.03169769803,5.098251166824E-02));
#2608 = CARTESIAN_POINT('',(308.02348588847,5.124821666732E-02));
#2609 = CARTESIAN_POINT('',(308.0100606438,5.151096884243E-02));
#2610 = CARTESIAN_POINT('',(307.99160235661,5.176923428769E-02));
#2611 = CARTESIAN_POINT('',(307.96832297479,5.202196152338E-02));
#2612 = CARTESIAN_POINT('',(307.94047405487,5.226813168256E-02));
#2613 = CARTESIAN_POINT('',(307.90833043881,5.250690316735E-02));
#2614 = CARTESIAN_POINT('',(307.87218112453,5.273758303669E-02));
#2615 = CARTESIAN_POINT('',(307.83232138778,5.295961685264E-02));
#2616 = CARTESIAN_POINT('',(307.78904601384,5.317257426472E-02));
#2617 = CARTESIAN_POINT('',(307.74264299563,5.337613892638E-02));
#2618 = CARTESIAN_POINT('',(307.69339041345,5.357009108808E-02));
#2619 = CARTESIAN_POINT('',(307.64154621977,5.375432109257E-02));
#2620 = CARTESIAN_POINT('',(307.5873381641,5.392882220312E-02));
#2621 = CARTESIAN_POINT('',(307.53098372023,5.409360572763E-02));
#2622 = CARTESIAN_POINT('',(307.47268523429,5.424871444029E-02));
#2623 = CARTESIAN_POINT('',(307.41263079883,5.439421384877E-02));
#2624 = CARTESIAN_POINT('',(307.35099295746,5.453019049988E-02));
#2625 = CARTESIAN_POINT('',(307.28793036118,5.465674428556E-02));
#2626 = CARTESIAN_POINT('',(307.22357978774,5.477399770939E-02));
#2627 = CARTESIAN_POINT('',(307.15808381195,5.48820432155E-02));
#2628 = CARTESIAN_POINT('',(307.09157028005,5.498098570561E-02));
#2629 = CARTESIAN_POINT('',(307.02414309994,5.507094749905E-02));
#2630 = CARTESIAN_POINT('',(306.95590600231,5.515203003573E-02));
#2631 = CARTESIAN_POINT('',(306.88695656764,5.522432616613E-02));
#2632 = CARTESIAN_POINT('',(306.81738815258,5.528791831796E-02));
#2633 = CARTESIAN_POINT('',(306.7472896507,5.534287991208E-02));
#2634 = CARTESIAN_POINT('',(306.67674584316,5.538927542329E-02));
#2635 = CARTESIAN_POINT('',(306.6058374286,5.542716030796E-02));
#2636 = CARTESIAN_POINT('',(306.53464118486,5.545658069113E-02));
#2637 = CARTESIAN_POINT('',(306.46322994265,5.547757219729E-02));
#2638 = CARTESIAN_POINT('',(306.39167313332,5.549016067182E-02));
#2639 = CARTESIAN_POINT('',(306.34391449553,5.54929566222E-02));
#2640 = CARTESIAN_POINT('',(306.32003262736,5.549295774648E-02));
#2641 = ( GEOMETRIC_REPRESENTATION_CONTEXT(2) 
PARAMETRIC_REPRESENTATION_CONTEXT() REPRESENTATION_CONTEXT('2D SPACE',''
  ) );
#2642 = PCURVE('',#1224,#2643);
#2643 = DEFINITIONAL_REPRESENTATION('',(#2644),#2780);
#2644 = B_SPLINE_CURVE_WITH_KNOTS('',3,(#2645,#2646,#2647,#2648,#2649,
    #2650,#2651,#2652,#2653,#2654,#2655,#2656,#2657,#2658,#2659,#2660,
    #2661,#2662,#2663,#2664,#2665,#2666,#2667,#2668,#2669,#2670,#2671,
    #2672,#2673,#2674,#2675,#2676,#2677,#2678,#2679,#2680,#2681,#2682,
    #2683,#2684,#2685,#2686,#2687,#2688,#2689,#2690,#2691,#2692,#2693,
    #2694,#2695,#2696,#2697,#2698,#2699,#2700,#2701,#2702,#2703,#2704,
    #2705,#2706,#2707,#2708,#2709,#2710,#2711,#2712,#2713,#2714,#2715,
    #2716,#2717,#2718,#2719,#2720,#2721,#2722,#2723,#2724,#2725,#2726,
    #2727,#2728,#2729,#2730,#2731,#2732,#2733,#2734,#2735,#2736,#2737,
    #2738,#2739,#2740,#2741,#2742,#2743,#2744,#2745,#2746,#2747,#2748,
    #2749,#2750,#2751,#2752,#2753,#2754,#2755,#2756,#2757,#2758,#2759,
    #2760,#2761,#2762,#2763,#2764,#2765,#2766,#2767,#2768,#2769,#2770,
    #2771,#2772,#2773,#2774,#2775,#2776,#2777,#2778,#2779),
  .UNSPECIFIED.,.F.,.F.,(4,1,1,1,1,1,1,1,1,1,1,1,1,1,1,1,1,1,1,1,1,1,1,1
    ,1,1,1,1,1,1,1,1,1,1,1,1,1,1,1,1,1,1,1,1,1,1,1,1,1,1,1,1,1,1,1,1,1,1
    ,1,1,1,1,1,1,1,1,1,1,1,1,1,1,1,1,1,1,1,1,1,1,1,1,1,1,1,1,1,1,1,1,1,1
    ,1,1,1,1,1,1,1,1,1,1,1,1,1,1,1,1,1,1,1,1,1,1,1,1,1,1,1,1,1,1,1,1,1,1
    ,1,1,1,1,1,1,4),(0.,9.761031901788E-03,1.952206380358E-02,
    2.928309570537E-02,3.904412760715E-02,4.880515950894E-02,
    5.856619141073E-02,6.832722331252E-02,7.808825521431E-02,
    8.78492871161E-02,9.761031901788E-02,0.10737135092,0.117132382821,
    0.126893414723,0.136654446625,0.146415478527,0.156176510429,
    0.16593754233,0.175698574232,0.185459606134,0.195220638036,
    0.204981669938,0.214742701839,0.224503733741,0.234264765643,
    0.244025797545,0.253786829447,0.263547861348,0.27330889325,
    0.283069925152,0.292830957054,0.302591988955,0.312353020857,
    0.322114052759,0.331875084661,0.341636116563,0.351397148464,
    0.361158180366,0.370919212268,0.38068024417,0.390441276072,
    0.400202307973,0.409963339875,0.419724371777,0.429485403679,
    0.43924643558,0.449007467482,0.458768499384,0.468529531286,
    0.478290563188,0.488051595089,0.497812626991,0.507573658893,
    0.517334690795,0.527095722697,0.536856754598,0.5466177865,
    0.556378818402,0.566139850304,0.575900882206,0.585661914107,
    0.595422946009,0.605183977911,0.614945009813,0.624706041714,
    0.634467073616,0.644228105518,0.65398913742,0.663750169322,
    0.673511201223,0.683272233125,0.693033265027,0.702794296929,
    0.712555328831,0.722316360732,0.732077392634,0.741838424536,
    0.751599456438,0.76136048834,0.771121520241,0.780882552143,
    0.790643584045,0.800404615947,0.810165647848,0.81992667975,
    0.829687711652,0.839448743554,0.849209775456,0.858970807357,
    0.868731839259,0.878492871161,0.888253903063,0.898014934965,
    0.907775966866,0.917536998768,0.92729803067,0.937059062572,
    0.946820094473,0.956581126375,0.966342158277,0.976103190179,
    0.985864222081,0.995625253982,1.005386285884,1.015147317786,
    1.024908349688,1.03466938159,1.044430413491,1.054191445393,
    1.063952477295,1.073713509197,1.083474541099,1.093235573,
    1.102996604902,1.112757636804,1.122518668706,1.132279700607,
    1.142040732509,1.151801764411,1.161562796313,1.171323828215,
    1.181084860116,1.190845892018,1.20060692392,1.210367955822,
    1.220128987724,1.229890019625,1.239651051527,1.249412083429,
    1.259173115331,1.268934147233,1.278695179134,1.288456211036),
  .QUASI_UNIFORM_KNOTS.);
#2645 = CARTESIAN_POINT('',(-6.28318530718,-9.697591131231));
#2646 = CARTESIAN_POINT('',(-6.269212744045,-9.694795787407));
#2647 = CARTESIAN_POINT('',(-6.241269047854,-9.689228340276));
#2648 = CARTESIAN_POINT('',(-6.199321639256,-9.680953799584));
#2649 = CARTESIAN_POINT('',(-6.15730558436,-9.67276270454));
#2650 = CARTESIAN_POINT('',(-6.115186297242,-9.664662195637));
#2651 = CARTESIAN_POINT('',(-6.072930110717,-9.656659619027));
#2652 = CARTESIAN_POINT('',(-6.030504118775,-9.648762551599));
#2653 = CARTESIAN_POINT('',(-5.987875733455,-9.640978789097));
#2654 = CARTESIAN_POINT('',(-5.945012317776,-9.633316346331));
#2655 = CARTESIAN_POINT('',(-5.901880799589,-9.625783459704));
#2656 = CARTESIAN_POINT('',(-5.858447217116,-9.618388587368));
#2657 = CARTESIAN_POINT('',(-5.814676406607,-9.611140440724));
#2658 = CARTESIAN_POINT('',(-5.770530945766,-9.604047922355));
#2659 = CARTESIAN_POINT('',(-5.725972583685,-9.597120441561));
#2660 = CARTESIAN_POINT('',(-5.680954008337,-9.590366852936));
#2661 = CARTESIAN_POINT('',(-5.635450998591,-9.583800272095));
#2662 = CARTESIAN_POINT('',(-5.589425329907,-9.577432467486));
#2663 = CARTESIAN_POINT('',(-5.54283878779,-9.571276129732));
#2664 = CARTESIAN_POINT('',(-5.495656923566,-9.565345391458));
#2665 = CARTESIAN_POINT('',(-5.447847553411,-9.559655596598));
#2666 = CARTESIAN_POINT('',(-5.399380502667,-9.554223246192));
#2667 = CARTESIAN_POINT('',(-5.350228040376,-9.549065988739));
#2668 = CARTESIAN_POINT('',(-5.300361681831,-9.544202255832));
#2669 = CARTESIAN_POINT('',(-5.249767391203,-9.539652688198));
#2670 = CARTESIAN_POINT('',(-5.198442346994,-9.535439279521));
#2671 = CARTESIAN_POINT('',(-5.1463935871,-9.531584821446));
#2672 = CARTESIAN_POINT('',(-5.093639998431,-9.528112617476));
#2673 = CARTESIAN_POINT('',(-5.040213161244,-9.52504596941));
#2674 = CARTESIAN_POINT('',(-4.986160066468,-9.522407655554));
#2675 = CARTESIAN_POINT('',(-4.931543377604,-9.520219247561));
#2676 = CARTESIAN_POINT('',(-4.876451750407,-9.518500531647));
#2677 = CARTESIAN_POINT('',(-4.82099368486,-9.517268104447));
#2678 = CARTESIAN_POINT('',(-4.76528173789,-9.516534281118));
#2679 = CARTESIAN_POINT('',(-4.709446460259,-9.516306710589));
#2680 = CARTESIAN_POINT('',(-4.653612091028,-9.51658786575));
#2681 = CARTESIAN_POINT('',(-4.597918004665,-9.517374805213));
#2682 = CARTESIAN_POINT('',(-4.542494676916,-9.518659177345));
#2683 = CARTESIAN_POINT('',(-4.487451561365,-9.520428165219));
#2684 = CARTESIAN_POINT('',(-4.432884485627,-9.52266523609));
#2685 = CARTESIAN_POINT('',(-4.378879733167,-9.525350590408));
#2686 = CARTESIAN_POINT('',(-4.325507685497,-9.528462234827));
#2687 = CARTESIAN_POINT('',(-4.272858282475,-9.531974086364));
#2688 = CARTESIAN_POINT('',(-4.22096012095,-9.535861672063));
#2689 = CARTESIAN_POINT('',(-4.16979754303,-9.540103596768));
#2690 = CARTESIAN_POINT('',(-4.119361639591,-9.544678386728));
#2691 = CARTESIAN_POINT('',(-4.069637388776,-9.549565461863));
#2692 = CARTESIAN_POINT('',(-4.020607512498,-9.554745002614));
#2693 = CARTESIAN_POINT('',(-3.972251634856,-9.560198108911));
#2694 = CARTESIAN_POINT('',(-3.924546515092,-9.565906881104));
#2695 = CARTESIAN_POINT('',(-3.877465864423,-9.571854521732));
#2696 = CARTESIAN_POINT('',(-3.830980085135,-9.578025448576));
#2697 = CARTESIAN_POINT('',(-3.785056173775,-9.584405374113));
#2698 = CARTESIAN_POINT('',(-3.739656538875,-9.590981556254));
#2699 = CARTESIAN_POINT('',(-3.694741495555,-9.597742461484));
#2700 = CARTESIAN_POINT('',(-3.650257593254,-9.604679686832));
#2701 = CARTESIAN_POINT('',(-3.606180253143,-9.611781219088));
#2702 = CARTESIAN_POINT('',(-3.562478802667,-9.619036460312));
#2703 = CARTESIAN_POINT('',(-3.519112159596,-9.626437161121));
#2704 = CARTESIAN_POINT('',(-3.476044915827,-9.633974721874));
#2705 = CARTESIAN_POINT('',(-3.433242304853,-9.641640894212));
#2706 = CARTESIAN_POINT('',(-3.39067091728,-9.649427575557));
#2707 = CARTESIAN_POINT('',(-3.348297936904,-9.657326852865));
#2708 = CARTESIAN_POINT('',(-3.306090853835,-9.665330977886));
#2709 = CARTESIAN_POINT('',(-3.264016960069,-9.673432388592));
#2710 = CARTESIAN_POINT('',(-3.222043349407,-9.681623635872));
#2711 = CARTESIAN_POINT('',(-3.180135127625,-9.689897664478));
#2712 = CARTESIAN_POINT('',(-3.138260187692,-9.698246793148));
#2713 = CARTESIAN_POINT('',(-3.096395637291,-9.706661291944));
#2714 = CARTESIAN_POINT('',(-3.054502896055,-9.715134307626));
#2715 = CARTESIAN_POINT('',(-3.012548917618,-9.723657539456));
#2716 = CARTESIAN_POINT('',(-2.970500460342,-9.732222272168));
#2717 = CARTESIAN_POINT('',(-2.928325118642,-9.74081907067));
#2718 = CARTESIAN_POINT('',(-2.885990567332,-9.749437830061));
#2719 = CARTESIAN_POINT('',(-2.843464303939,-9.758067724336));
#2720 = CARTESIAN_POINT('',(-2.800713200392,-9.766697186736));
#2721 = CARTESIAN_POINT('',(-2.757703235335,-9.775313846501));
#2722 = CARTESIAN_POINT('',(-2.714398513052,-9.783904590065));
#2723 = CARTESIAN_POINT('',(-2.670762679442,-9.792455149785));
#2724 = CARTESIAN_POINT('',(-2.626751098973,-9.800951439767));
#2725 = CARTESIAN_POINT('',(-2.582340284768,-9.809373755468));
#2726 = CARTESIAN_POINT('',(-2.537489560392,-9.817704083451));
#2727 = CARTESIAN_POINT('',(-2.492156867187,-9.825922786199));
#2728 = CARTESIAN_POINT('',(-2.446304022768,-9.834007508686));
#2729 = CARTESIAN_POINT('',(-2.399894684388,-9.841933480635));
#2730 = CARTESIAN_POINT('',(-2.352894274461,-9.849673462388));
#2731 = CARTESIAN_POINT('',(-2.305269566271,-9.857197779651));
#2732 = CARTESIAN_POINT('',(-2.256987814768,-9.864474418177));
#2733 = CARTESIAN_POINT('',(-2.20801812055,-9.871468848813));
#2734 = CARTESIAN_POINT('',(-2.158324308257,-9.878144930221));
#2735 = CARTESIAN_POINT('',(-2.107896884883,-9.8844608674));
#2736 = CARTESIAN_POINT('',(-2.056731094946,-9.890373076411));
#2737 = CARTESIAN_POINT('',(-2.004831342493,-9.895836149807));
#2738 = CARTESIAN_POINT('',(-1.952215219987,-9.900803340576));
#2739 = CARTESIAN_POINT('',(-1.898911146343,-9.905227832099));
#2740 = CARTESIAN_POINT('',(-1.844972118125,-9.909063165585));
#2741 = CARTESIAN_POINT('',(-1.790435472395,-9.912267307355));
#2742 = CARTESIAN_POINT('',(-1.735382673432,-9.914799653085));
#2743 = CARTESIAN_POINT('',(-1.679957941413,-9.916624546089));
#2744 = CARTESIAN_POINT('',(-1.624282711433,-9.917717149561));
#2745 = CARTESIAN_POINT('',(-1.568482000331,-9.918062225361));
#2746 = CARTESIAN_POINT('',(-1.512681011462,-9.917654788621));
#2747 = CARTESIAN_POINT('',(-1.457011254024,-9.916500401042));
#2748 = CARTESIAN_POINT('',(-1.401608932913,-9.914615241316));
#2749 = CARTESIAN_POINT('',(-1.346635940668,-9.912027636134));
#2750 = CARTESIAN_POINT('',(-1.292165444035,-9.908771245071));
#2751 = CARTESIAN_POINT('',(-1.238278308848,-9.904885991078));
#2752 = CARTESIAN_POINT('',(-1.185033672556,-9.900415558373));
#2753 = CARTESIAN_POINT('',(-1.132475069764,-9.895405887132));
#2754 = CARTESIAN_POINT('',(-1.080632113225,-9.889903882568));
#2755 = CARTESIAN_POINT('',(-1.029522541006,-9.88395630674));
#2756 = CARTESIAN_POINT('',(-0.979152867691,-9.877608766275));
#2757 = CARTESIAN_POINT('',(-0.929520756143,-9.870905174877));
#2758 = CARTESIAN_POINT('',(-0.880609334869,-9.863886253565));
#2759 = CARTESIAN_POINT('',(-0.832384466305,-9.856588234483));
#2760 = CARTESIAN_POINT('',(-0.784815044372,-9.849045465364));
#2761 = CARTESIAN_POINT('',(-0.737868213691,-9.841289758464));
#2762 = CARTESIAN_POINT('',(-0.691510265621,-9.833350532105));
#2763 = CARTESIAN_POINT('',(-0.645705539904,-9.82525465726));
#2764 = CARTESIAN_POINT('',(-0.600417444273,-9.817026691341));
#2765 = CARTESIAN_POINT('',(-0.555602787136,-9.80868785815));
#2766 = CARTESIAN_POINT('',(-0.511230552568,-9.800259663068));
#2767 = CARTESIAN_POINT('',(-0.467266349515,-9.791761293592));
#2768 = CARTESIAN_POINT('',(-0.423666609148,-9.783208444276));
#2769 = CARTESIAN_POINT('',(-0.380393874084,-9.774616424202));
#2770 = CARTESIAN_POINT('',(-0.337411875456,-9.765999398051));
#2771 = CARTESIAN_POINT('',(-0.294686138931,-9.757370653308));
#2772 = CARTESIAN_POINT('',(-0.252183197654,-9.748742583966));
#2773 = CARTESIAN_POINT('',(-0.209870245299,-9.740126743759));
#2774 = CARTESIAN_POINT('',(-0.167714710711,-9.731533873375));
#2775 = CARTESIAN_POINT('',(-0.125683896033,-9.722973937853));
#2776 = CARTESIAN_POINT('',(-8.374454131218E-02,-9.714456131862));
#2777 = CARTESIAN_POINT('',(-4.186264637199E-02,-9.70598899287));
#2778 = CARTESIAN_POINT('',(-1.395575022816E-02,-9.700383071923));
#2779 = CARTESIAN_POINT('',(-4.440892098501E-15,-9.697591131231));
#2780 = ( GEOMETRIC_REPRESENTATION_CONTEXT(2) 
PARAMETRIC_REPRESENTATION_CONTEXT() REPRESENTATION_CONTEXT('2D SPACE',''
  ) );
#2781 = FACE_BOUND('',#2782,.F.);
#2782 = EDGE_LOOP('',(#2783));
#2783 = ORIENTED_EDGE('',*,*,#2784,.F.);
#2784 = EDGE_CURVE('',#2785,#2785,#2787,.T.);
#2785 = VERTEX_POINT('',#2786);
#2786 = CARTESIAN_POINT('',(-110.3,-18.,-87.30240886877));
#2787 = SURFACE_CURVE('',#2788,(#2875,#2992),.PCURVE_S1.);
#2788 = B_SPLINE_CURVE_WITH_KNOTS('',8,(#2789,#2790,#2791,#2792,#2793,
    #2794,#2795,#2796,#2797,#2798,#2799,#2800,#2801,#2802,#2803,#2804,
    #2805,#2806,#2807,#2808,#2809,#2810,#2811,#2812,#2813,#2814,#2815,
    #2816,#2817,#2818,#2819,#2820,#2821,#2822,#2823,#2824,#2825,#2826,
    #2827,#2828,#2829,#2830,#2831,#2832,#2833,#2834,#2835,#2836,#2837,
    #2838,#2839,#2840,#2841,#2842,#2843,#2844,#2845,#2846,#2847,#2848,
    #2849,#2850,#2851,#2852,#2853,#2854,#2855,#2856,#2857,#2858,#2859,
    #2860,#2861,#2862,#2863,#2864,#2865,#2866,#2867,#2868,#2869,#2870,
    #2871,#2872,#2873,#2874),.UNSPECIFIED.,.T.,.F.,(9,7,7,7,7,7,7,7,7,7,
    7,7,9),(0.,0.686815488078,1.,1.353397605016,1.682968175703,
    2.110393229759,2.521026345022,2.968851165706,3.188128488074,
    3.35134533815,3.583281769987,3.928727807556,4.467803032814),
  .UNSPECIFIED.);
#2789 = CARTESIAN_POINT('',(-110.3,-18.,-87.30240886877));
#2790 = CARTESIAN_POINT('',(-110.3,-18.18073481448,-87.28113970778));
#2791 = CARTESIAN_POINT('',(-110.3219605186,-18.36075439467,
    -87.25944954626));
#2792 = CARTESIAN_POINT('',(-110.3655720705,-18.5391894509,
    -87.23743913899));
#2793 = CARTESIAN_POINT('',(-110.4315433546,-18.71441315972,
    -87.21531540648));
#2794 = CARTESIAN_POINT('',(-110.5206545488,-18.88416476794,
    -87.1933862099));
#2795 = CARTESIAN_POINT('',(-110.6339438199,-19.04535041182,
    -87.17211348469));
#2796 = CARTESIAN_POINT('',(-110.7720164716,-19.1943151382,
    -87.15208493565));
#2797 = CARTESIAN_POINT('',(-111.0111471155,-19.38614141955,
    -87.1259168982));
#2798 = CARTESIAN_POINT('',(-111.0913536966,-19.44253704767,
    -87.11816284742));
#2799 = CARTESIAN_POINT('',(-111.1768458558,-19.4946953538,
    -87.11093875364));
#2800 = CARTESIAN_POINT('',(-111.267483013,-19.54196332351,
    -87.10434857986));
#2801 = CARTESIAN_POINT('',(-111.3629752147,-19.58363456763,
    -87.09850588586));
#2802 = CARTESIAN_POINT('',(-111.4628497057,-19.61898492099,
    -87.09352762046));
#2803 = CARTESIAN_POINT('',(-111.5664054811,-19.64733604686,
    -87.08952297357));
#2804 = CARTESIAN_POINT('',(-111.7925139252,-19.69170706474,
    -87.08324376474));
#2805 = CARTESIAN_POINT('',(-111.9160249557,-19.70572079244,
    -87.08125106572));
#2806 = CARTESIAN_POINT('',(-112.0412474648,-19.7093377638,
    -87.08073360622));
#2807 = CARTESIAN_POINT('',(-112.166344636,-19.70230603656,
    -87.08173497287));
#2808 = CARTESIAN_POINT('',(-112.2896053507,-19.68483809239,
    -87.08422148208));
#2809 = CARTESIAN_POINT('',(-112.4094663903,-19.65752772792,
    -87.08809501786));
#2810 = CARTESIAN_POINT('',(-112.5245328434,-19.62132124288,
    -87.09320234571));
#2811 = CARTESIAN_POINT('',(-112.7353331902,-19.53665285263,
    -87.10506888965));
#2812 = CARTESIAN_POINT('',(-112.8321369672,-19.48906545784,
    -87.11170982253));
#2813 = CARTESIAN_POINT('',(-112.9234883291,-19.43553430273,
    -87.11913882399));
#2814 = CARTESIAN_POINT('',(-113.0090839409,-19.37685463086,
    -87.12722745099));
#2815 = CARTESIAN_POINT('',(-113.0887825733,-19.31376712593,
    -87.13585673247));
#2816 = CARTESIAN_POINT('',(-113.1625638462,-19.24692645379,
    -87.14492255213));
#2817 = CARTESIAN_POINT('',(-113.2304962189,-19.17688232685,
    -87.15433809108));
#2818 = CARTESIAN_POINT('',(-113.3733661561,-19.00960101549,
    -87.17661413099));
#2819 = CARTESIAN_POINT('',(-113.4443229453,-18.91054942272,
    -87.18965615339));
#2820 = CARTESIAN_POINT('',(-113.5058618347,-18.80781720407,
    -87.20301612343));
#2821 = CARTESIAN_POINT('',(-113.5582142955,-18.7021826479,
    -87.21657309769));
#2822 = CARTESIAN_POINT('',(-113.6015941184,-18.59431515155,
    -87.23022728069));
#2823 = CARTESIAN_POINT('',(-113.6361981373,-18.48478203721,
    -87.24389793039));
#2824 = CARTESIAN_POINT('',(-113.6621801747,-18.37404612029,
    -87.25752201355));
#2825 = CARTESIAN_POINT('',(-113.6963668649,-18.15527558366,
    -87.28405097201));
#2826 = CARTESIAN_POINT('',(-113.70521694,-18.04738729696,
    -87.29695320187));
#2827 = CARTESIAN_POINT('',(-113.7062487297,-17.9391573859,
    -87.30971366384));
#2828 = CARTESIAN_POINT('',(-113.699473136,-17.83095060686,
    -87.3222890379));
#2829 = CARTESIAN_POINT('',(-113.6848545609,-17.72314633182,
    -87.33463775709));
#2830 = CARTESIAN_POINT('',(-113.6623192795,-17.61614296405,
    -87.34671960591));
#2831 = CARTESIAN_POINT('',(-113.6317470984,-17.51036379401,
    -87.35849513914));
#2832 = CARTESIAN_POINT('',(-113.5506312495,-17.29273633719,
    -87.38238991701));
#2833 = CARTESIAN_POINT('',(-113.4985833372,-17.18135066743,
    -87.39442782123));
#2834 = CARTESIAN_POINT('',(-113.4365574008,-17.07258864891,
    -87.40600035091));
#2835 = CARTESIAN_POINT('',(-113.3642367178,-16.96718848187,
    -87.4170449423));
#2836 = CARTESIAN_POINT('',(-113.2813208502,-16.86613107922,
    -87.42747956842));
#2837 = CARTESIAN_POINT('',(-113.1875928442,-16.77062183231,
    -87.43720684552));
#2838 = CARTESIAN_POINT('',(-113.0829642947,-16.68208186823,
    -87.44611519881));
#2839 = CARTESIAN_POINT('',(-112.9109581552,-16.56302984957,
    -87.45797230223));
#2840 = CARTESIAN_POINT('',(-112.8518551681,-16.52598785037,
    -87.46163992845));
#2841 = CARTESIAN_POINT('',(-112.7902294206,-16.4912464377,
    -87.46506093118));
#2842 = CARTESIAN_POINT('',(-112.7261561027,-16.45903316843,
    -87.46821707999));
#2843 = CARTESIAN_POINT('',(-112.6597499842,-16.42958755267,
    -87.47108919772));
#2844 = CARTESIAN_POINT('',(-112.5911728357,-16.40315189438,
    -87.47365789378));
#2845 = CARTESIAN_POINT('',(-112.520642291,-16.3799585406,
    -87.47590455198));
#2846 = CARTESIAN_POINT('',(-112.3947007088,-16.3455165475,
    -87.47923278863));
#2847 = CARTESIAN_POINT('',(-112.3400293706,-16.33272883231,
    -87.48046550152));
#2848 = CARTESIAN_POINT('',(-112.2845551837,-16.32193819279,
    -87.48150361128));
#2849 = CARTESIAN_POINT('',(-112.228417024,-16.31322002903,
    -87.48234103639));
#2850 = CARTESIAN_POINT('',(-112.1717653663,-16.30663473272,
    -87.48297291556));
#2851 = CARTESIAN_POINT('',(-112.1147620545,-16.30222507804,
    -87.48339580941));
#2852 = CARTESIAN_POINT('',(-112.0575800714,-16.3000136125,
    -87.48360790211));
#2853 = CARTESIAN_POINT('',(-111.9191532783,-16.29998077201,
    -87.48361105163));
#2854 = CARTESIAN_POINT('',(-111.8378761284,-16.30439961735,
    -87.48318726394));
#2855 = CARTESIAN_POINT('',(-111.7571202251,-16.31326123521,
    -87.48233742468));
#2856 = CARTESIAN_POINT('',(-111.6773742696,-16.32646868842,
    -87.48106945337));
#2857 = CARTESIAN_POINT('',(-111.5990685596,-16.34384949256,
    -87.47939725082));
#2858 = CARTESIAN_POINT('',(-111.5225765657,-16.36517602781,
    -87.47733901709));
#2859 = CARTESIAN_POINT('',(-111.4482168234,-16.39018032138,
    -87.47491624107));
#2860 = CARTESIAN_POINT('',(-111.2690754374,-16.4608366502,
    -87.46803833001));
#2861 = CARTESIAN_POINT('',(-111.1672228564,-16.51060223393,
    -87.46316908616));
#2862 = CARTESIAN_POINT('',(-111.0713396385,-16.56696272257,
    -87.45761743131));
#2863 = CARTESIAN_POINT('',(-110.9817895981,-16.62900132304,
    -87.45145602867));
#2864 = CARTESIAN_POINT('',(-110.8987421252,-16.69586272651,
    -87.44475293547));
#2865 = CARTESIAN_POINT('',(-110.8222224676,-16.76679203982,
    -87.43756889381));
#2866 = CARTESIAN_POINT('',(-110.7521505772,-16.84115738255,
    -87.42995502317));
#2867 = CARTESIAN_POINT('',(-110.5888924587,-17.03914838695,
    -87.40945431268));
#2868 = CARTESIAN_POINT('',(-110.5049272366,-17.16682323048,
    -87.39602450337));
#2869 = CARTESIAN_POINT('',(-110.4358214913,-17.29974455267,
    -87.38179666169));
#2870 = CARTESIAN_POINT('',(-110.3811336189,-17.43647286894,
    -87.36688744399));
#2871 = CARTESIAN_POINT('',(-110.3404755187,-17.57578569414,
    -87.3514035776));
#2872 = CARTESIAN_POINT('',(-110.3135023382,-17.71665894121,
    -87.33544219041));
#2873 = CARTESIAN_POINT('',(-110.3,-17.85827533103,-87.31908725367));
#2874 = CARTESIAN_POINT('',(-110.3,-18.,-87.30240886877));
#2875 = PCURVE('',#401,#2876);
#2876 = DEFINITIONAL_REPRESENTATION('',(#2877),#2991);
#2877 = B_SPLINE_CURVE_WITH_KNOTS('',3,(#2878,#2879,#2880,#2881,#2882,
    #2883,#2884,#2885,#2886,#2887,#2888,#2889,#2890,#2891,#2892,#2893,
    #2894,#2895,#2896,#2897,#2898,#2899,#2900,#2901,#2902,#2903,#2904,
    #2905,#2906,#2907,#2908,#2909,#2910,#2911,#2912,#2913,#2914,#2915,
    #2916,#2917,#2918,#2919,#2920,#2921,#2922,#2923,#2924,#2925,#2926,
    #2927,#2928,#2929,#2930,#2931,#2932,#2933,#2934,#2935,#2936,#2937,
    #2938,#2939,#2940,#2941,#2942,#2943,#2944,#2945,#2946,#2947,#2948,
    #2949,#2950,#2951,#2952,#2953,#2954,#2955,#2956,#2957,#2958,#2959,
    #2960,#2961,#2962,#2963,#2964,#2965,#2966,#2967,#2968,#2969,#2970,
    #2971,#2972,#2973,#2974,#2975,#2976,#2977,#2978,#2979,#2980,#2981,
    #2982,#2983,#2984,#2985,#2986,#2987,#2988,#2989,#2990),
  .UNSPECIFIED.,.F.,.F.,(4,1,1,1,1,1,1,1,1,1,1,1,1,1,1,1,1,1,1,1,1,1,1,1
    ,1,1,1,1,1,1,1,1,1,1,1,1,1,1,1,1,1,1,1,1,1,1,1,1,1,1,1,1,1,1,1,1,1,1
    ,1,1,1,1,1,1,1,1,1,1,1,1,1,1,1,1,1,1,1,1,1,1,1,1,1,1,1,1,1,1,1,1,1,1
    ,1,1,1,1,1,1,1,1,1,1,1,1,1,1,1,1,1,1,4),(0.,4.06163912074E-02,
    8.12327824148E-02,0.121849173622,0.16246556483,0.203081956037,
    0.243698347244,0.284314738452,0.324931129659,0.365547520867,
    0.406163912074,0.446780303281,0.487396694489,0.528013085696,
    0.568629476904,0.609245868111,0.649862259318,0.690478650526,
    0.731095041733,0.771711432941,0.812327824148,0.852944215355,
    0.893560606563,0.93417699777,0.974793388978,1.015409780185,
    1.056026171392,1.0966425626,1.137258953807,1.177875345015,
    1.218491736222,1.259108127429,1.299724518637,1.340340909844,
    1.380957301052,1.421573692259,1.462190083466,1.502806474674,
    1.543422865881,1.584039257089,1.624655648296,1.665272039503,
    1.705888430711,1.746504821918,1.787121213126,1.827737604333,
    1.86835399554,1.908970386748,1.949586777955,1.990203169163,
    2.03081956037,2.071435951577,2.112052342785,2.152668733992,
    2.1932851252,2.233901516407,2.274517907614,2.315134298822,
    2.355750690029,2.396367081237,2.436983472444,2.477599863651,
    2.518216254859,2.558832646066,2.599449037274,2.640065428481,
    2.680681819688,2.721298210896,2.761914602103,2.802530993311,
    2.843147384518,2.883763775725,2.924380166933,2.96499655814,
    3.005612949348,3.046229340555,3.086845731762,3.12746212297,
    3.168078514177,3.208694905385,3.249311296592,3.289927687799,
    3.330544079007,3.371160470214,3.411776861422,3.452393252629,
    3.493009643836,3.533626035044,3.574242426251,3.614858817459,
    3.655475208666,3.696091599873,3.736707991081,3.777324382288,
    3.817940773496,3.858557164703,3.89917355591,3.939789947118,
    3.980406338325,4.021022729533,4.06163912074,4.102255511947,
    4.142871903155,4.183488294362,4.22410468557,4.264721076777,
    4.305337467984,4.345953859192,4.386570250399,4.427186641607,
    4.467803032814),.QUASI_UNIFORM_KNOTS.);
#2878 = CARTESIAN_POINT('',(270.27656492741,5.549295774648E-02));
#2879 = CARTESIAN_POINT('',(270.24787562243,5.54929539599E-02));
#2880 = CARTESIAN_POINT('',(270.19053551237,5.548892270965E-02));
#2881 = CARTESIAN_POINT('',(270.10472604459,5.547078741544E-02));
#2882 = CARTESIAN_POINT('',(270.01919657534,5.54405619271E-02));
#2883 = CARTESIAN_POINT('',(269.93404704307,5.539818982648E-02));
#2884 = CARTESIAN_POINT('',(269.84939072751,5.534358910011E-02));
#2885 = CARTESIAN_POINT('',(269.76535616235,5.527665271257E-02));
#2886 = CARTESIAN_POINT('',(269.68208666227,5.519725533628E-02));
#2887 = CARTESIAN_POINT('',(269.59974046689,5.510525724972E-02));
#2888 = CARTESIAN_POINT('',(269.51849097368,5.500050799443E-02));
#2889 = CARTESIAN_POINT('',(269.43852694833,5.488284919796E-02));
#2890 = CARTESIAN_POINT('',(269.36005279598,5.475211663648E-02));
#2891 = CARTESIAN_POINT('',(269.28328900941,5.460814163921E-02));
#2892 = CARTESIAN_POINT('',(269.20847256133,5.445075066894E-02));
#2893 = CARTESIAN_POINT('',(269.13585836756,5.427976646722E-02));
#2894 = CARTESIAN_POINT('',(269.06571794239,5.409499671554E-02));
#2895 = CARTESIAN_POINT('',(268.99835011539,5.389626087051E-02));
#2896 = CARTESIAN_POINT('',(268.93404877605,5.368326395316E-02));
#2897 = CARTESIAN_POINT('',(268.87323596651,5.3456036803E-02));
#2898 = CARTESIAN_POINT('',(268.81639519418,5.321488718015E-02));
#2899 = CARTESIAN_POINT('',(268.76398784661,5.296010218267E-02));
#2900 = CARTESIAN_POINT('',(268.71651494003,5.269222563243E-02));
#2901 = CARTESIAN_POINT('',(268.67448570876,5.241201678296E-02));
#2902 = CARTESIAN_POINT('',(268.63840883869,5.212050177829E-02));
#2903 = CARTESIAN_POINT('',(268.60877408262,5.181898700231E-02));
#2904 = CARTESIAN_POINT('',(268.58603207208,5.150915321547E-02));
#2905 = CARTESIAN_POINT('',(268.57055753696,5.119272435156E-02));
#2906 = CARTESIAN_POINT('',(268.56266160018,5.087248416174E-02));
#2907 = CARTESIAN_POINT('',(268.56248109871,5.055101601205E-02));
#2908 = CARTESIAN_POINT('',(268.57001287455,5.023083063081E-02));
#2909 = CARTESIAN_POINT('',(268.58512166716,4.991431898157E-02));
#2910 = CARTESIAN_POINT('',(268.60755184971,4.96037516414E-02));
#2911 = CARTESIAN_POINT('',(268.63693304364,4.930127079786E-02));
#2912 = CARTESIAN_POINT('',(268.67279132506,4.900886660457E-02));
#2913 = CARTESIAN_POINT('',(268.71453122649,4.87284223958E-02));
#2914 = CARTESIAN_POINT('',(268.76171317196,4.846029323244E-02));
#2915 = CARTESIAN_POINT('',(268.81383026931,4.820524554139E-02));
#2916 = CARTESIAN_POINT('',(268.87040212436,4.796372895062E-02));
#2917 = CARTESIAN_POINT('',(268.93096738725,4.773605583908E-02));
#2918 = CARTESIAN_POINT('',(268.99509458344,4.752238459555E-02));
#2919 = CARTESIAN_POINT('',(269.06238708022,4.732275192843E-02));
#2920 = CARTESIAN_POINT('',(269.1324870183,4.713709230474E-02));
#2921 = CARTESIAN_POINT('',(269.20508509615,4.696525193032E-02));
#2922 = CARTESIAN_POINT('',(269.2798635938,4.680712871828E-02));
#2923 = CARTESIAN_POINT('',(269.35658175965,4.666248647355E-02));
#2924 = CARTESIAN_POINT('',(269.435007176,4.6531130107E-02));
#2925 = CARTESIAN_POINT('',(269.51492619548,4.641287082364E-02));
#2926 = CARTESIAN_POINT('',(269.59614013164,4.630753302318E-02));
#2927 = CARTESIAN_POINT('',(269.67846562815,4.621495174976E-02));
#2928 = CARTESIAN_POINT('',(269.76173381986,4.613497439175E-02));
#2929 = CARTESIAN_POINT('',(269.84579115274,4.606746214198E-02));
#2930 = CARTESIAN_POINT('',(269.93049544897,4.601229462735E-02));
#2931 = CARTESIAN_POINT('',(270.01572952306,4.596936771252E-02));
#2932 = CARTESIAN_POINT('',(270.10135000663,4.593862029975E-02));
#2933 = CARTESIAN_POINT('',(270.18721622964,4.592000422112E-02));
#2934 = CARTESIAN_POINT('',(270.27321594032,4.591348645901E-02));
#2935 = CARTESIAN_POINT('',(270.35922646376,4.591906260655E-02));
#2936 = CARTESIAN_POINT('',(270.44512476889,4.593675016701E-02));
#2937 = CARTESIAN_POINT('',(270.53078448077,4.59665884698E-02));
#2938 = CARTESIAN_POINT('',(270.61607603855,4.600863761463E-02));
#2939 = CARTESIAN_POINT('',(270.70086716126,4.606298001956E-02));
#2940 = CARTESIAN_POINT('',(270.78501877177,4.612971785879E-02));
#2941 = CARTESIAN_POINT('',(270.86839861602,4.620898967096E-02));
#2942 = CARTESIAN_POINT('',(270.95082847868,4.630091972888E-02));
#2943 = CARTESIAN_POINT('',(271.03212281344,4.640563672462E-02));
#2944 = CARTESIAN_POINT('',(271.1121330421,4.652335096468E-02));
#2945 = CARTESIAN_POINT('',(271.19066512201,4.665425926211E-02));
#2946 = CARTESIAN_POINT('',(271.26750217046,4.67985590863E-02));
#2947 = CARTESIAN_POINT('',(271.34239914715,4.695643451805E-02));
#2948 = CARTESIAN_POINT('',(271.41508499541,4.712805079387E-02));
#2949 = CARTESIAN_POINT('',(271.48526249952,4.731354680452E-02));
#2950 = CARTESIAN_POINT('',(271.5526092609,4.751303135581E-02));
#2951 = CARTESIAN_POINT('',(271.61677575691,4.772657064497E-02));
#2952 = CARTESIAN_POINT('',(271.67739305719,4.795421138282E-02));
#2953 = CARTESIAN_POINT('',(271.73404376675,4.819587443862E-02));
#2954 = CARTESIAN_POINT('',(271.78622971755,4.845110077569E-02));
#2955 = CARTESIAN_POINT('',(271.83347024038,4.87193865104E-02));
#2956 = CARTESIAN_POINT('',(271.87525949598,4.899994503254E-02));
#2957 = CARTESIAN_POINT('',(271.91109587453,4.929172586277E-02));
#2958 = CARTESIAN_POINT('',(271.94049725681,4.959337646152E-02));
#2959 = CARTESIAN_POINT('',(271.96302145255,4.990318076328E-02));
#2960 = CARTESIAN_POINT('',(271.97829871133,5.021904795602E-02));
#2961 = CARTESIAN_POINT('',(271.98606739749,5.053871319863E-02));
#2962 = CARTESIAN_POINT('',(271.98618793287,5.085967749081E-02));
#2963 = CARTESIAN_POINT('',(271.97865658488,5.117945137751E-02));
#2964 = CARTESIAN_POINT('',(271.96361052375,5.149547163172E-02));
#2965 = CARTESIAN_POINT('',(271.94130955646,5.180548104239E-02));
#2966 = CARTESIAN_POINT('',(271.91211299098,5.210746082427E-02));
#2967 = CARTESIAN_POINT('',(271.8764580324,5.23996569077E-02));
#2968 = CARTESIAN_POINT('',(271.83485480801,5.268050951972E-02));
#2969 = CARTESIAN_POINT('',(271.78780930782,5.294901479939E-02));
#2970 = CARTESIAN_POINT('',(271.7358088367,5.320450142323E-02));
#2971 = CARTESIAN_POINT('',(271.67933253436,5.344646661802E-02));
#2972 = CARTESIAN_POINT('',(271.61883808687,5.367458430043E-02));
#2973 = CARTESIAN_POINT('',(271.55475688732,5.388867162495E-02));
#2974 = CARTESIAN_POINT('',(271.48748645849,5.408867343807E-02));
#2975 = CARTESIAN_POINT('',(271.41739151115,5.427462923375E-02));
#2976 = CARTESIAN_POINT('',(271.34477738437,5.444670001464E-02));
#2977 = CARTESIAN_POINT('',(271.2699815363,5.460494507938E-02));
#2978 = CARTESIAN_POINT('',(271.1932515867,5.47496012034E-02));
#2979 = CARTESIAN_POINT('',(271.11481087798,5.488089231632E-02));
#2980 = CARTESIAN_POINT('',(271.0348707755,5.499901769687E-02));
#2981 = CARTESIAN_POINT('',(270.95362866254,5.510416033995E-02));
#2982 = CARTESIAN_POINT('',(270.87126948989,5.519648813193E-02));
#2983 = CARTESIAN_POINT('',(270.7879661341,5.527615529804E-02));
#2984 = CARTESIAN_POINT('',(270.70387988864,5.534330229238E-02));
#2985 = CARTESIAN_POINT('',(270.6191607379,5.539805464697E-02));
#2986 = CARTESIAN_POINT('',(270.5339476901,5.54405212061E-02));
#2987 = CARTESIAN_POINT('',(270.44836861578,5.54707901864E-02));
#2988 = CARTESIAN_POINT('',(270.36254172927,5.548892953768E-02));
#2989 = CARTESIAN_POINT('',(270.30522785512,5.549295512954E-02));
#2990 = CARTESIAN_POINT('',(270.27656492741,5.549295774648E-02));
#2991 = ( GEOMETRIC_REPRESENTATION_CONTEXT(2) 
PARAMETRIC_REPRESENTATION_CONTEXT() REPRESENTATION_CONTEXT('2D SPACE',''
  ) );
#2992 = PCURVE('',#897,#2993);
#2993 = DEFINITIONAL_REPRESENTATION('',(#2994),#3108);
#2994 = B_SPLINE_CURVE_WITH_KNOTS('',3,(#2995,#2996,#2997,#2998,#2999,
    #3000,#3001,#3002,#3003,#3004,#3005,#3006,#3007,#3008,#3009,#3010,
    #3011,#3012,#3013,#3014,#3015,#3016,#3017,#3018,#3019,#3020,#3021,
    #3022,#3023,#3024,#3025,#3026,#3027,#3028,#3029,#3030,#3031,#3032,
    #3033,#3034,#3035,#3036,#3037,#3038,#3039,#3040,#3041,#3042,#3043,
    #3044,#3045,#3046,#3047,#3048,#3049,#3050,#3051,#3052,#3053,#3054,
    #3055,#3056,#3057,#3058,#3059,#3060,#3061,#3062,#3063,#3064,#3065,
    #3066,#3067,#3068,#3069,#3070,#3071,#3072,#3073,#3074,#3075,#3076,
    #3077,#3078,#3079,#3080,#3081,#3082,#3083,#3084,#3085,#3086,#3087,
    #3088,#3089,#3090,#3091,#3092,#3093,#3094,#3095,#3096,#3097,#3098,
    #3099,#3100,#3101,#3102,#3103,#3104,#3105,#3106,#3107),
  .UNSPECIFIED.,.F.,.F.,(4,1,1,1,1,1,1,1,1,1,1,1,1,1,1,1,1,1,1,1,1,1,1,1
    ,1,1,1,1,1,1,1,1,1,1,1,1,1,1,1,1,1,1,1,1,1,1,1,1,1,1,1,1,1,1,1,1,1,1
    ,1,1,1,1,1,1,1,1,1,1,1,1,1,1,1,1,1,1,1,1,1,1,1,1,1,1,1,1,1,1,1,1,1,1
    ,1,1,1,1,1,1,1,1,1,1,1,1,1,1,1,1,1,1,4),(0.,4.06163912074E-02,
    8.12327824148E-02,0.121849173622,0.16246556483,0.203081956037,
    0.243698347244,0.284314738452,0.324931129659,0.365547520867,
    0.406163912074,0.446780303281,0.487396694489,0.528013085696,
    0.568629476904,0.609245868111,0.649862259318,0.690478650526,
    0.731095041733,0.771711432941,0.812327824148,0.852944215355,
    0.893560606563,0.93417699777,0.974793388978,1.015409780185,
    1.056026171392,1.0966425626,1.137258953807,1.177875345015,
    1.218491736222,1.259108127429,1.299724518637,1.340340909844,
    1.380957301052,1.421573692259,1.462190083466,1.502806474674,
    1.543422865881,1.584039257089,1.624655648296,1.665272039503,
    1.705888430711,1.746504821918,1.787121213126,1.827737604333,
    1.86835399554,1.908970386748,1.949586777955,1.990203169163,
    2.03081956037,2.071435951577,2.112052342785,2.152668733992,
    2.1932851252,2.233901516407,2.274517907614,2.315134298822,
    2.355750690029,2.396367081237,2.436983472444,2.477599863651,
    2.518216254859,2.558832646066,2.599449037274,2.640065428481,
    2.680681819688,2.721298210896,2.761914602103,2.802530993311,
    2.843147384518,2.883763775725,2.924380166933,2.96499655814,
    3.005612949348,3.046229340555,3.086845731762,3.12746212297,
    3.168078514177,3.208694905385,3.249311296592,3.289927687799,
    3.330544079007,3.371160470214,3.411776861422,3.452393252629,
    3.493009643836,3.533626035044,3.574242426251,3.614858817459,
    3.655475208666,3.696091599873,3.736707991081,3.777324382288,
    3.817940773496,3.858557164703,3.89917355591,3.939789947118,
    3.980406338325,4.021022729533,4.06163912074,4.102255511947,
    4.142871903155,4.183488294362,4.22410468557,4.264721076777,
    4.305337467984,4.345953859192,4.386570250399,4.427186641607,
    4.467803032814),.QUASI_UNIFORM_KNOTS.);
#2995 = CARTESIAN_POINT('',(-6.28318530718,-9.697591131221));
#2996 = CARTESIAN_POINT('',(-6.266420226791,-9.700945082457));
#2997 = CARTESIAN_POINT('',(-6.232914951548,-9.707681160193));
#2998 = CARTESIAN_POINT('',(-6.182653708715,-9.717859311423));
#2999 = CARTESIAN_POINT('',(-6.132308413302,-9.72810187166));
#3000 = CARTESIAN_POINT('',(-6.081807918855,-9.738396185878));
#3001 = CARTESIAN_POINT('',(-6.031085519398,-9.748727543035));
#3002 = CARTESIAN_POINT('',(-5.980078778384,-9.75907882081));
#3003 = CARTESIAN_POINT('',(-5.928728209311,-9.769430471521));
#3004 = CARTESIAN_POINT('',(-5.876976366954,-9.779760408402));
#3005 = CARTESIAN_POINT('',(-5.824766871626,-9.790043914554));
#3006 = CARTESIAN_POINT('',(-5.772043452745,-9.800253542468));
#3007 = CARTESIAN_POINT('',(-5.718748927248,-9.810359013956));
#3008 = CARTESIAN_POINT('',(-5.664824149888,-9.820327104347));
#3009 = CARTESIAN_POINT('',(-5.610206612337,-9.830121544311));
#3010 = CARTESIAN_POINT('',(-5.554829594,-9.839702787886));
#3011 = CARTESIAN_POINT('',(-5.498618085968,-9.849028172517));
#3012 = CARTESIAN_POINT('',(-5.441495033057,-9.858050459999));
#3013 = CARTESIAN_POINT('',(-5.38334662171,-9.866722205224));
#3014 = CARTESIAN_POINT('',(-5.324139318623,-9.874977766555));
#3015 = CARTESIAN_POINT('',(-5.26388533728,-9.882741987798));
#3016 = CARTESIAN_POINT('',(-5.202563300677,-9.889941752366));
#3017 = CARTESIAN_POINT('',(-5.140186066992,-9.896497799));
#3018 = CARTESIAN_POINT('',(-5.076784151846,-9.90232926664));
#3019 = CARTESIAN_POINT('',(-5.012414461663,-9.907355287795));
#3020 = CARTESIAN_POINT('',(-4.947160869837,-9.911497986157));
#3021 = CARTESIAN_POINT('',(-4.881153348636,-9.914685810132));
#3022 = CARTESIAN_POINT('',(-4.814500317172,-9.916859244524));
#3023 = CARTESIAN_POINT('',(-4.747506238227,-9.917969596298));
#3024 = CARTESIAN_POINT('',(-4.68041382027,-9.917994989433));
#3025 = CARTESIAN_POINT('',(-4.613445317654,-9.916935808181));
#3026 = CARTESIAN_POINT('',(-4.54680364202,-9.914813581496));
#3027 = CARTESIAN_POINT('',(-4.480682322487,-9.911669113923));
#3028 = CARTESIAN_POINT('',(-4.415273290767,-9.907561278409));
#3029 = CARTESIAN_POINT('',(-4.35076958321,-9.90256489415));
#3030 = CARTESIAN_POINT('',(-4.287387262792,-9.896772471918));
#3031 = CARTESIAN_POINT('',(-4.225037639384,-9.890255160444));
#3032 = CARTESIAN_POINT('',(-4.163752071297,-9.883093458691));
#3033 = CARTESIAN_POINT('',(-4.103520040995,-9.875363780247));
#3034 = CARTESIAN_POINT('',(-4.044324387231,-9.867139258837));
#3035 = CARTESIAN_POINT('',(-3.986133712623,-9.858488080027));
#3036 = CARTESIAN_POINT('',(-3.928904917298,-9.849472722191));
#3037 = CARTESIAN_POINT('',(-3.87258321255,-9.840149398958));
#3038 = CARTESIAN_POINT('',(-3.817098279779,-9.830566837539));
#3039 = CARTESIAN_POINT('',(-3.762406585634,-9.8207738115));
#3040 = CARTESIAN_POINT('',(-3.708426373967,-9.810807959653));
#3041 = CARTESIAN_POINT('',(-3.655089706043,-9.800704961504));
#3042 = CARTESIAN_POINT('',(-3.602331253935,-9.790497170143));
#3043 = CARTESIAN_POINT('',(-3.550089285597,-9.780214164851));
#3044 = CARTESIAN_POINT('',(-3.498303637311,-9.769882756103));
#3045 = CARTESIAN_POINT('',(-3.446914878767,-9.75952715592));
#3046 = CARTESIAN_POINT('',(-3.395862596769,-9.749168951814));
#3047 = CARTESIAN_POINT('',(-3.345086503615,-9.738827641098));
#3048 = CARTESIAN_POINT('',(-3.294517317861,-9.728519082923));
#3049 = CARTESIAN_POINT('',(-3.244105839947,-9.718261731692));
#3050 = CARTESIAN_POINT('',(-3.19380418016,-9.708073030537));
#3051 = CARTESIAN_POINT('',(-3.143549928763,-9.697966462591));
#3052 = CARTESIAN_POINT('',(-3.093287857254,-9.68795620926));
#3053 = CARTESIAN_POINT('',(-3.042962857176,-9.678055931931));
#3054 = CARTESIAN_POINT('',(-2.992520638791,-9.668279123307));
#3055 = CARTESIAN_POINT('',(-2.941906591741,-9.658639077158));
#3056 = CARTESIAN_POINT('',(-2.891064379796,-9.649148835089));
#3057 = CARTESIAN_POINT('',(-2.83993727394,-9.639821627189));
#3058 = CARTESIAN_POINT('',(-2.788458332608,-9.630669380466));
#3059 = CARTESIAN_POINT('',(-2.736581702123,-9.621708482587));
#3060 = CARTESIAN_POINT('',(-2.684258913456,-9.61295539155));
#3061 = CARTESIAN_POINT('',(-2.631407562882,-9.604421968235));
#3062 = CARTESIAN_POINT('',(-2.577961700199,-9.596124365009));
#3063 = CARTESIAN_POINT('',(-2.523856893871,-9.588080457624));
#3064 = CARTESIAN_POINT('',(-2.469032755493,-9.580310345516));
#3065 = CARTESIAN_POINT('',(-2.41343081052,-9.572836056788));
#3066 = CARTESIAN_POINT('',(-2.356993801625,-9.565681520998));
#3067 = CARTESIAN_POINT('',(-2.299663957233,-9.558872448188));
#3068 = CARTESIAN_POINT('',(-2.241383729253,-9.552436524539));
#3069 = CARTESIAN_POINT('',(-2.182087132098,-9.546402671891));
#3070 = CARTESIAN_POINT('',(-2.121725299519,-9.540803999046));
#3071 = CARTESIAN_POINT('',(-2.060318902305,-9.535680953328));
#3072 = CARTESIAN_POINT('',(-1.997867790403,-9.531071741523));
#3073 = CARTESIAN_POINT('',(-1.934407014751,-9.527016803408));
#3074 = CARTESIAN_POINT('',(-1.869996722707,-9.523556200134));
#3075 = CARTESIAN_POINT('',(-1.804728757322,-9.520728507046));
#3076 = CARTESIAN_POINT('',(-1.738739034718,-9.518569230679));
#3077 = CARTESIAN_POINT('',(-1.672211279137,-9.517108135016));
#3078 = CARTESIAN_POINT('',(-1.605340173027,-9.516366221937));
#3079 = CARTESIAN_POINT('',(-1.538352860978,-9.516354715024));
#3080 = CARTESIAN_POINT('',(-1.471468448653,-9.517073943135));
#3081 = CARTESIAN_POINT('',(-1.404927098433,-9.518512840723));
#3082 = CARTESIAN_POINT('',(-1.338921410218,-9.520650530059));
#3083 = CARTESIAN_POINT('',(-1.273618685051,-9.523458203588));
#3084 = CARTESIAN_POINT('',(-1.209160937581,-9.526900814574));
#3085 = CARTESIAN_POINT('',(-1.145685371108,-9.53093706049));
#3086 = CARTESIAN_POINT('',(-1.083243557632,-9.535526405796));
#3087 = CARTESIAN_POINT('',(-1.021843852687,-9.540630194446));
#3088 = CARTESIAN_POINT('',(-0.961485227273,-9.546210358575));
#3089 = CARTESIAN_POINT('',(-0.902151719854,-9.552230500729));
#3090 = CARTESIAN_POINT('',(-0.843816043607,-9.558656219472));
#3091 = CARTESIAN_POINT('',(-0.786438338233,-9.565455777439));
#3092 = CARTESIAN_POINT('',(-0.729970477861,-9.572599943676));
#3093 = CARTESIAN_POINT('',(-0.674339321795,-9.580064761064));
#3094 = CARTESIAN_POINT('',(-0.619515891185,-9.587822138065));
#3095 = CARTESIAN_POINT('',(-0.565421496619,-9.595852409774));
#3096 = CARTESIAN_POINT('',(-0.511980473501,-9.6041377685));
#3097 = CARTESIAN_POINT('',(-0.459125295904,-9.612660977125));
#3098 = CARTESIAN_POINT('',(-0.406792886439,-9.621405598403));
#3099 = CARTESIAN_POINT('',(-0.354923685025,-9.630355853153));
#3100 = CARTESIAN_POINT('',(-0.303460279995,-9.639496608425));
#3101 = CARTESIAN_POINT('',(-0.252346371849,-9.648813355934));
#3102 = CARTESIAN_POINT('',(-0.201525765398,-9.658292216091));
#3103 = CARTESIAN_POINT('',(-0.15094146628,-9.667919943522));
#3104 = CARTESIAN_POINT('',(-0.100534570626,-9.677683972774));
#3105 = CARTESIAN_POINT('',(-5.024387070609E-02,-9.687572351092));
#3106 = CARTESIAN_POINT('',(-1.674970311898E-02,-9.694240190056));
#3107 = CARTESIAN_POINT('',(1.7763568394E-15,-9.697591131221));
#3108 = ( GEOMETRIC_REPRESENTATION_CONTEXT(2) 
PARAMETRIC_REPRESENTATION_CONTEXT() REPRESENTATION_CONTEXT('2D SPACE',''
  ) );
#3109 = ADVANCED_FACE('',(#3110,#4271,#4592),#110,.F.);
#3110 = FACE_BOUND('',#3111,.F.);
#3111 = EDGE_LOOP('',(#3112,#3113,#3114,#3260,#3574,#3764,#3800,#3801,
    #3839,#3949,#4095,#4235));
#3112 = ORIENTED_EDGE('',*,*,#1413,.F.);
#3113 = ORIENTED_EDGE('',*,*,#84,.F.);
#3114 = ORIENTED_EDGE('',*,*,#3115,.F.);
#3115 = EDGE_CURVE('',#3116,#57,#3118,.T.);
#3116 = VERTEX_POINT('',#3117);
#3117 = CARTESIAN_POINT('',(-178.,-27.,-82.99831804314));
#3118 = SURFACE_CURVE('',#3119,(#3164,#3212),.PCURVE_S1.);
#3119 = B_SPLINE_CURVE_WITH_KNOTS('',8,(#3120,#3121,#3122,#3123,#3124,
    #3125,#3126,#3127,#3128,#3129,#3130,#3131,#3132,#3133,#3134,#3135,
    #3136,#3137,#3138,#3139,#3140,#3141,#3142,#3143,#3144,#3145,#3146,
    #3147,#3148,#3149,#3150,#3151,#3152,#3153,#3154,#3155,#3156,#3157,
    #3158,#3159,#3160,#3161,#3162,#3163),.UNSPECIFIED.,.F.,.F.,(9,7,7,7,
    7,7,9),(0.,0.285470402657,0.49241742174,0.627943693733,
    0.752869265162,0.842081454151,1.),.UNSPECIFIED.);
#3120 = CARTESIAN_POINT('',(-178.,-27.,-82.99831804314));
#3121 = CARTESIAN_POINT('',(-178.,-27.37935763628,-82.88312272535));
#3122 = CARTESIAN_POINT('',(-177.9794409137,-27.7576303587,
    -82.76508131857));
#3123 = CARTESIAN_POINT('',(-177.9385301385,-28.13425762099,
    -82.64426740697));
#3124 = CARTESIAN_POINT('',(-177.8773404092,-28.50869136936,
    -82.52078062341));
#3125 = CARTESIAN_POINT('',(-177.7958489865,-28.88029663255,
    -82.3948339841));
#3126 = CARTESIAN_POINT('',(-177.6939100571,-29.24851003609,
    -82.26661601157));
#3127 = CARTESIAN_POINT('',(-177.5712451034,-29.61270829488,
    -82.1364193966));
#3128 = CARTESIAN_POINT('',(-177.323038463,-30.2329453097,
    -81.90900867458));
#3129 = CARTESIAN_POINT('',(-177.2075855806,-30.4911369127,
    -81.81258893993));
#3130 = CARTESIAN_POINT('',(-177.0808048718,-30.74663263679,
    -81.71544902151));
#3131 = CARTESIAN_POINT('',(-176.9424575685,-30.99916432216,
    -81.61775018428));
#3132 = CARTESIAN_POINT('',(-176.7922589934,-31.24842078743,
    -81.51968972765));
#3133 = CARTESIAN_POINT('',(-176.6298686127,-31.49404790668,
    -81.42150583356));
#3134 = CARTESIAN_POINT('',(-176.454865401,-31.73564567251,
    -81.32348626846));
#3135 = CARTESIAN_POINT('',(-176.1434876044,-32.12804607186,
    -81.16212626891));
#3136 = CARTESIAN_POINT('',(-176.0146392582,-32.28139029752,
    -81.098499091));
#3137 = CARTESIAN_POINT('',(-175.8800117264,-32.43267102887,
    -81.03519732485));
#3138 = CARTESIAN_POINT('',(-175.7394429359,-32.58173722578,
    -80.97233697266));
#3139 = CARTESIAN_POINT('',(-175.5927609536,-32.72841161786,
    -80.9100528901));
#3140 = CARTESIAN_POINT('',(-175.4397816868,-32.87249057964,
    -80.8485002388));
#3141 = CARTESIAN_POINT('',(-175.2803038246,-33.01374296423,
    -80.78785662103));
#3142 = CARTESIAN_POINT('',(-174.9608983978,-33.27926573322,
    -80.67344967128));
#3143 = CARTESIAN_POINT('',(-174.8020055502,-33.40398053613,
    -80.6195278421));
#3144 = CARTESIAN_POINT('',(-174.6372379567,-33.5258571648,
    -80.56671386182));
#3145 = CARTESIAN_POINT('',(-174.4664221497,-33.64465292029,
    -80.51519234941));
#3146 = CARTESIAN_POINT('',(-174.2893986832,-33.7600793755,
    -80.46517792011));
#3147 = CARTESIAN_POINT('',(-174.1060251022,-33.87180420652,
    -80.41691501553));
#3148 = CARTESIAN_POINT('',(-173.9161789117,-33.97945302415,
    -80.37067773383));
#3149 = CARTESIAN_POINT('',(-173.5794937272,-34.15627880619,
    -80.29541390646));
#3150 = CARTESIAN_POINT('',(-173.4358905158,-34.22764826185,
    -80.2652493111));
#3151 = CARTESIAN_POINT('',(-173.2889226964,-34.2965655767,
    -80.23638743152));
#3152 = CARTESIAN_POINT('',(-173.1385851537,-34.36285865486,
    -80.20895030046));
#3153 = CARTESIAN_POINT('',(-172.9848988548,-34.42633978477,
    -80.18306906503));
#3154 = CARTESIAN_POINT('',(-172.8279150862,-34.48680904072,
    -80.15888165673));
#3155 = CARTESIAN_POINT('',(-172.6677209427,-34.54405860143,
    -80.13652949234));
#3156 = CARTESIAN_POINT('',(-172.2154258047,-34.69314612073,
    -80.08008421496));
#3157 = CARTESIAN_POINT('',(-171.916332431,-34.77780514447,
    -80.05015425973));
#3158 = CARTESIAN_POINT('',(-171.6083760217,-34.85045301161,
    -80.02724079999));
#3159 = CARTESIAN_POINT('',(-171.2930575728,-34.90984801779,
    -80.01212961246));
#3160 = CARTESIAN_POINT('',(-170.9721935501,-34.95496813939,
    -80.00544182123));
#3161 = CARTESIAN_POINT('',(-170.6479497133,-34.98510607662,
    -80.0075512971));
#3162 = CARTESIAN_POINT('',(-170.3228842187,-35.,-80.01849242574));
#3163 = CARTESIAN_POINT('',(-170.,-35.,-80.03785824438));
#3164 = PCURVE('',#110,#3165);
#3165 = DEFINITIONAL_REPRESENTATION('',(#3166),#3211);
#3166 = B_SPLINE_CURVE_WITH_KNOTS('',8,(#3167,#3168,#3169,#3170,#3171,
    #3172,#3173,#3174,#3175,#3176,#3177,#3178,#3179,#3180,#3181,#3182,
    #3183,#3184,#3185,#3186,#3187,#3188,#3189,#3190,#3191,#3192,#3193,
    #3194,#3195,#3196,#3197,#3198,#3199,#3200,#3201,#3202,#3203,#3204,
    #3205,#3206,#3207,#3208,#3209,#3210),.UNSPECIFIED.,.F.,.F.,(9,7,7,7,
    7,7,9),(0.,0.285470402657,0.49241742174,0.627943693733,
    0.752869265162,0.842081454151,1.),.UNSPECIFIED.);
#3167 = CARTESIAN_POINT('',(259.45364225792,0.2));
#3168 = CARTESIAN_POINT('',(259.03371834168,0.2));
#3169 = CARTESIAN_POINT('',(258.61443693405,0.200342651438));
#3170 = CARTESIAN_POINT('',(258.19637678422,0.201024497691));
#3171 = CARTESIAN_POINT('',(257.78017499097,0.202044326512));
#3172 = CARTESIAN_POINT('',(257.36638869699,0.203402516891));
#3173 = CARTESIAN_POINT('',(256.95571937207,0.205101499048));
#3174 = CARTESIAN_POINT('',(256.54882797346,0.207145914942));
#3175 = CARTESIAN_POINT('',(255.85475464151,0.211282692282));
#3176 = CARTESIAN_POINT('',(255.56547721266,0.213206906989));
#3177 = CARTESIAN_POINT('',(255.27888277401,0.215319918802));
#3178 = CARTESIAN_POINT('',(254.99529542272,0.21762570719));
#3179 = CARTESIAN_POINT('',(254.71509869265,0.220129016776));
#3180 = CARTESIAN_POINT('',(254.43873814961,0.222835523121));
#3181 = CARTESIAN_POINT('',(254.16672725938,0.225752243316));
#3182 = CARTESIAN_POINT('',(253.72475620552,0.23094187326));
#3183 = CARTESIAN_POINT('',(253.55199484399,0.233089345696));
#3184 = CARTESIAN_POINT('',(253.38153426711,0.235333137893));
#3185 = CARTESIAN_POINT('',(253.21357067043,0.237675951068));
#3186 = CARTESIAN_POINT('',(253.04833446727,0.240120650773));
#3187 = CARTESIAN_POINT('',(252.88609128243,0.242670305219));
#3188 = CARTESIAN_POINT('',(252.72714409454,0.245328269589));
#3189 = CARTESIAN_POINT('',(252.42867692871,0.250651693369));
#3190 = CARTESIAN_POINT('',(252.28863207677,0.253299907496));
#3191 = CARTESIAN_POINT('',(252.15196049332,0.256046034054));
#3192 = CARTESIAN_POINT('',(252.01897995722,0.25889296417));
#3193 = CARTESIAN_POINT('',(251.89006548206,0.261843355279));
#3194 = CARTESIAN_POINT('',(251.76564729439,0.264899581629));
#3195 = CARTESIAN_POINT('',(251.64620881187,0.268063684805));
#3196 = CARTESIAN_POINT('',(251.45092876868,0.273675104545));
#3197 = CARTESIAN_POINT('',(251.37239388581,0.276068491403));
#3198 = CARTESIAN_POINT('',(251.29687776454,0.27851795506));
#3199 = CARTESIAN_POINT('',(251.22459964754,0.281023580772));
#3200 = CARTESIAN_POINT('',(251.15579710696,0.283585019085));
#3201 = CARTESIAN_POINT('',(251.0907215655,0.286201415229));
#3202 = CARTESIAN_POINT('',(251.02963246015,0.288871317621));
#3203 = CARTESIAN_POINT('',(250.87217071525,0.296409569921));
#3204 = CARTESIAN_POINT('',(250.78471140273,0.301394459482));
#3205 = CARTESIAN_POINT('',(250.71211215509,0.306527066305));
#3206 = CARTESIAN_POINT('',(250.6558686622,0.311782373786));
#3207 = CARTESIAN_POINT('',(250.61717881093,0.317130107498));
#3208 = CARTESIAN_POINT('',(250.59681343669,0.322534171444));
#3209 = CARTESIAN_POINT('',(250.59495127523,0.327951929688));
#3210 = CARTESIAN_POINT('',(250.61097811471,0.333333333333));
#3211 = ( GEOMETRIC_REPRESENTATION_CONTEXT(2) 
PARAMETRIC_REPRESENTATION_CONTEXT() REPRESENTATION_CONTEXT('2D SPACE',''
  ) );
#3212 = PCURVE('',#72,#3213);
#3213 = DEFINITIONAL_REPRESENTATION('',(#3214),#3259);
#3214 = B_SPLINE_CURVE_WITH_KNOTS('',8,(#3215,#3216,#3217,#3218,#3219,
    #3220,#3221,#3222,#3223,#3224,#3225,#3226,#3227,#3228,#3229,#3230,
    #3231,#3232,#3233,#3234,#3235,#3236,#3237,#3238,#3239,#3240,#3241,
    #3242,#3243,#3244,#3245,#3246,#3247,#3248,#3249,#3250,#3251,#3252,
    #3253,#3254,#3255,#3256,#3257,#3258),.UNSPECIFIED.,.F.,.F.,(9,7,7,7,
    7,7,9),(0.,0.285470402657,0.49241742174,0.627943693733,
    0.752869265162,0.842081454151,1.),.UNSPECIFIED.);
#3215 = CARTESIAN_POINT('',(-1.570796326795,13.001681956857));
#3216 = CARTESIAN_POINT('',(-1.523376622259,13.11687727465));
#3217 = CARTESIAN_POINT('',(-1.476092528683,13.234918681429));
#3218 = CARTESIAN_POINT('',(-1.428851654433,13.355732593024));
#3219 = CARTESIAN_POINT('',(-1.38156385979,13.479219376587));
#3220 = CARTESIAN_POINT('',(-1.334148377188,13.605166015896));
#3221 = CARTESIAN_POINT('',(-1.286509194316,13.733383988422));
#3222 = CARTESIAN_POINT('',(-1.238546336258,13.8635806034));
#3223 = CARTESIAN_POINT('',(-1.155039179858,14.090991325415));
#3224 = CARTESIAN_POINT('',(-1.119713546027,14.187411060069));
#3225 = CARTESIAN_POINT('',(-1.084108950709,14.284550978482));
#3226 = CARTESIAN_POINT('',(-1.04817566966,14.382249815717));
#3227 = CARTESIAN_POINT('',(-1.011861778627,14.480310272342));
#3228 = CARTESIAN_POINT('',(-0.975110529774,14.578494166437));
#3229 = CARTESIAN_POINT('',(-0.937856248432,14.676513731532));
#3230 = CARTESIAN_POINT('',(-0.875239581614,14.837873731087));
#3231 = CARTESIAN_POINT('',(-0.850213080324,14.901500908991));
#3232 = CARTESIAN_POINT('',(-0.824916424928,14.964802675142));
#3233 = CARTESIAN_POINT('',(-0.799326648467,15.027663027336));
#3234 = CARTESIAN_POINT('',(-0.773420202342,15.089947109899));
#3235 = CARTESIAN_POINT('',(-0.747172217338,15.151499761197));
#3236 = CARTESIAN_POINT('',(-0.720555461778,15.212143378963));
#3237 = CARTESIAN_POINT('',(-0.668635726926,15.326550328711));
#3238 = CARTESIAN_POINT('',(-0.643396694147,15.380472157896));
#3239 = CARTESIAN_POINT('',(-0.61779621425,15.433286138179));
#3240 = CARTESIAN_POINT('',(-0.591810806026,15.484807650588));
#3241 = CARTESIAN_POINT('',(-0.565418716826,15.53482207989));
#3242 = CARTESIAN_POINT('',(-0.538599448126,15.583084984463));
#3243 = CARTESIAN_POINT('',(-0.511333281087,15.629322266168));
#3244 = CARTESIAN_POINT('',(-0.463796408785,15.704586093537));
#3245 = CARTESIAN_POINT('',(-0.443756363748,15.734750688891));
#3246 = CARTESIAN_POINT('',(-0.423474650547,15.763612568478));
#3247 = CARTESIAN_POINT('',(-0.40294769915,15.791049699532));
#3248 = CARTESIAN_POINT('',(-0.382174410704,15.816930934964));
#3249 = CARTESIAN_POINT('',(-0.361156385784,15.841118343262));
#3250 = CARTESIAN_POINT('',(-0.339898356166,15.863470507657));
#3251 = CARTESIAN_POINT('',(-0.28036921673,15.919915785034));
#3252 = CARTESIAN_POINT('',(-0.241549002587,15.949845740264));
#3253 = CARTESIAN_POINT('',(-0.2020624543,15.97275920001));
#3254 = CARTESIAN_POINT('',(-0.162038618515,15.987870387531));
#3255 = CARTESIAN_POINT('',(-0.121624482673,15.994558178767));
#3256 = CARTESIAN_POINT('',(-8.099365122921E-02,15.992448702897));
#3257 = CARTESIAN_POINT('',(-4.036052733811E-02,15.981507574256));
#3258 = CARTESIAN_POINT('',(0.,15.96214175562));
#3259 = ( GEOMETRIC_REPRESENTATION_CONTEXT(2) 
PARAMETRIC_REPRESENTATION_CONTEXT() REPRESENTATION_CONTEXT('2D SPACE',''
  ) );
#3260 = ORIENTED_EDGE('',*,*,#3261,.F.);
#3261 = EDGE_CURVE('',#3262,#3116,#3264,.T.);
#3262 = VERTEX_POINT('',#3263);
#3263 = CARTESIAN_POINT('',(-178.,27.,-82.99831804299));
#3264 = SURFACE_CURVE('',#3265,(#3366,#3470),.PCURVE_S1.);
#3265 = B_SPLINE_CURVE_WITH_KNOTS('',8,(#3266,#3267,#3268,#3269,#3270,
    #3271,#3272,#3273,#3274,#3275,#3276,#3277,#3278,#3279,#3280,#3281,
    #3282,#3283,#3284,#3285,#3286,#3287,#3288,#3289,#3290,#3291,#3292,
    #3293,#3294,#3295,#3296,#3297,#3298,#3299,#3300,#3301,#3302,#3303,
    #3304,#3305,#3306,#3307,#3308,#3309,#3310,#3311,#3312,#3313,#3314,
    #3315,#3316,#3317,#3318,#3319,#3320,#3321,#3322,#3323,#3324,#3325,
    #3326,#3327,#3328,#3329,#3330,#3331,#3332,#3333,#3334,#3335,#3336,
    #3337,#3338,#3339,#3340,#3341,#3342,#3343,#3344,#3345,#3346,#3347,
    #3348,#3349,#3350,#3351,#3352,#3353,#3354,#3355,#3356,#3357,#3358,
    #3359,#3360,#3361,#3362,#3363,#3364,#3365),.UNSPECIFIED.,.F.,.F.,(9,
    7,7,7,7,7,7,7,7,7,7,7,7,7,9),(0.,7.355276425437E-02,0.133519064865,
    0.180160184199,0.24679052784,0.320083363982,0.413367473007,
    0.460012741138,0.506658807264,0.679898808526,0.759856586784,
    0.819827871369,0.866472082601,0.933105996861,1.),.UNSPECIFIED.);
#3266 = CARTESIAN_POINT('',(-178.,27.,-82.99831804299));
#3267 = CARTESIAN_POINT('',(-178.,26.52083336437,-83.14382125042));
#3268 = CARTESIAN_POINT('',(-178.,26.039774083135,-83.28306860131));
#3269 = CARTESIAN_POINT('',(-178.,25.556961540246,-83.4162146259));
#3270 = CARTESIAN_POINT('',(-178.,25.072531082828,-83.54341565936));
#3271 = CARTESIAN_POINT('',(-178.,24.586613906574,-83.66482941518));
#3272 = CARTESIAN_POINT('',(-178.,24.09933694114,-83.78061455871));
#3273 = CARTESIAN_POINT('',(-178.,23.610822735541,-83.8909302806));
#3274 = CARTESIAN_POINT('',(-178.,22.721999680575,-84.0815451172));
#3275 = CARTESIAN_POINT('',(-178.,22.322066888272,-84.16362460969));
#3276 = CARTESIAN_POINT('',(-178.,21.921441318182,-84.24226101469));
#3277 = CARTESIAN_POINT('',(-178.,21.520170738788,-84.31754181927));
#3278 = CARTESIAN_POINT('',(-178.,21.118300795304,-84.38955513555));
#3279 = CARTESIAN_POINT('',(-178.,20.715875469457,-84.45838950552));
#3280 = CARTESIAN_POINT('',(-178.,20.312937539285,-84.52413370591));
#3281 = CARTESIAN_POINT('',(-178.,19.595762409757,-84.63567723926));
#3282 = CARTESIAN_POINT('',(-178.,19.281708222878,-84.68266238166));
#3283 = CARTESIAN_POINT('',(-178.,18.967387410992,-84.72787400453));
#3284 = CARTESIAN_POINT('',(-178.,18.652820401137,-84.77135396852));
#3285 = CARTESIAN_POINT('',(-178.,18.338027114677,-84.81314397063));
#3286 = CARTESIAN_POINT('',(-178.,18.023026967306,-84.85328554423));
#3287 = CARTESIAN_POINT('',(-178.,17.707838869044,-84.89182005905));
#3288 = CARTESIAN_POINT('',(-178.,16.941969132266,-84.98160123291));
#3289 = CARTESIAN_POINT('',(-178.,16.491101765455,-85.03121686046));
#3290 = CARTESIAN_POINT('',(-178.,16.039907938731,-85.07775146711));
#3291 = CARTESIAN_POINT('',(-178.,15.588416467018,-85.12132091615));
#3292 = CARTESIAN_POINT('',(-178.,15.13665616524,-85.16204107088));
#3293 = CARTESIAN_POINT('',(-178.,14.684655848322,-85.20002779458));
#3294 = CARTESIAN_POINT('',(-178.,14.232444331189,-85.23539695054));
#3295 = CARTESIAN_POINT('',(-178.,13.282420815134,-85.30441833144));
#3296 = CARTESIAN_POINT('',(-178.,12.784560016614,-85.33754459218));
#3297 = CARTESIAN_POINT('',(-178.,12.28652841119,-85.36780367837));
#3298 = CARTESIAN_POINT('',(-178.,11.78834007905,-85.39533348732));
#3299 = CARTESIAN_POINT('',(-178.,11.290057546691,-85.42030283403));
#3300 = CARTESIAN_POINT('',(-178.,10.791728604674,-85.44287495874));
#3301 = CARTESIAN_POINT('',(-178.,10.293328630266,-85.46317471285));
#3302 = CARTESIAN_POINT('',(-178.,9.16045654137,-85.50448982314));
#3303 = CARTESIAN_POINT('',(-178.,8.525929949685,-85.52418929815));
#3304 = CARTESIAN_POINT('',(-178.,7.891311088244,-85.54074915726));
#3305 = CARTESIAN_POINT('',(-178.,7.256616613742,-85.5544671407));
#3306 = CARTESIAN_POINT('',(-178.,6.621860822508,-85.56564110515));
#3307 = CARTESIAN_POINT('',(-178.,5.987055650502,-85.57456902372));
#3308 = CARTESIAN_POINT('',(-178.,5.352210673322,-85.58154898598));
#3309 = CARTESIAN_POINT('',(-178.,4.399872451235,-85.58954448751));
#3310 = CARTESIAN_POINT('',(-178.,4.082399761596,-85.59179728688));
#3311 = CARTESIAN_POINT('',(-178.,3.764916117316,-85.59367483386));
#3312 = CARTESIAN_POINT('',(-178.,3.447422598431,-85.59521436629));
#3313 = CARTESIAN_POINT('',(-178.,3.129920284975,-85.59645312201));
#3314 = CARTESIAN_POINT('',(-178.,2.812410256983,-85.59742833885));
#3315 = CARTESIAN_POINT('',(-178.,2.49489359449,-85.59817725465));
#3316 = CARTESIAN_POINT('',(-178.,1.85984372848,-85.59929696942));
#3317 = CARTESIAN_POINT('',(-178.,1.542313030871,-85.59965959777));
#3318 = CARTESIAN_POINT('',(-178.,1.224779901042,-85.59987408786));
#3319 = CARTESIAN_POINT('',(-178.,0.907244944736,-85.5999831425));
#3320 = CARTESIAN_POINT('',(-178.,0.589708757101,-85.6000230718));
#3321 = CARTESIAN_POINT('',(-178.,0.27217192269,-85.60002379315));
#3322 = CARTESIAN_POINT('',(-178.,-4.536498453665E-02,-85.60000883119));
#3323 = CARTESIAN_POINT('',(-178.,-1.542207906434,-85.59994513042));
#3324 = CARTESIAN_POINT('',(-178.,-2.721493894223,-85.5994884276));
#3325 = CARTESIAN_POINT('',(-178.,-3.900749888611,-85.59671766736));
#3326 = CARTESIAN_POINT('',(-178.,-5.07994675691,-85.58972532637));
#3327 = CARTESIAN_POINT('',(-178.,-6.259035684734,-85.57660240029));
#3328 = CARTESIAN_POINT('',(-178.,-7.437948183699,-85.55543857366));
#3329 = CARTESIAN_POINT('',(-178.,-8.616596131763,-85.52432405951));
#3330 = CARTESIAN_POINT('',(-178.,-10.33869721924,-85.46152014983));
#3331 = CARTESIAN_POINT('',(-178.,-10.88244384883,-85.43916386595));
#3332 = CARTESIAN_POINT('',(-178.,-11.42607018353,-85.41407994069));
#3333 = CARTESIAN_POINT('',(-178.,-11.96965934578,-85.38613684043));
#3334 = CARTESIAN_POINT('',(-178.,-12.51304280588,-85.35506266276));
#3335 = CARTESIAN_POINT('',(-178.,-13.05625761587,-85.32070059301));
#3336 = CARTESIAN_POINT('',(-178.,-13.59922735546,-85.28283300085));
#3337 = CARTESIAN_POINT('',(-178.,-14.5489470326,-85.21008479696));
#3338 = CARTESIAN_POINT('',(-178.,-14.95581945989,-85.17682342847));
#3339 = CARTESIAN_POINT('',(-178.,-15.36250914496,-85.14139490548));
#3340 = CARTESIAN_POINT('',(-178.,-15.76899508173,-85.10371476365));
#3341 = CARTESIAN_POINT('',(-178.,-16.17525626412,-85.06369853865));
#3342 = CARTESIAN_POINT('',(-178.,-16.58127168606,-85.02126176613));
#3343 = CARTESIAN_POINT('',(-178.,-16.98702034146,-84.97631998176));
#3344 = CARTESIAN_POINT('',(-178.,-17.70783886904,-84.89182005905));
#3345 = CARTESIAN_POINT('',(-178.,-18.02302696731,-84.85328554422));
#3346 = CARTESIAN_POINT('',(-178.,-18.33802711468,-84.81314397061));
#3347 = CARTESIAN_POINT('',(-178.,-18.65282040114,-84.77135396849));
#3348 = CARTESIAN_POINT('',(-178.,-18.967387411,-84.72787400449));
#3349 = CARTESIAN_POINT('',(-178.,-19.28170822289,-84.68266238161));
#3350 = CARTESIAN_POINT('',(-178.,-19.59576240978,-84.6356772392));
#3351 = CARTESIAN_POINT('',(-178.,-20.35776255203,-84.51716199126));
#3352 = CARTESIAN_POINT('',(-178.,-20.8054135482,-84.44374212479));
#3353 = CARTESIAN_POINT('',(-178.,-21.25243005782,-84.36649479091));
#3354 = CARTESIAN_POINT('',(-178.,-21.69874727139,-84.2852985182));
#3355 = CARTESIAN_POINT('',(-178.,-22.14430254598,-84.20003204978));
#3356 = CARTESIAN_POINT('',(-178.,-22.58903823073,-84.11057446448));
#3357 = CARTESIAN_POINT('',(-178.,-23.03289231134,-84.01680589606));
#3358 = CARTESIAN_POINT('',(-178.,-23.92039012576,-83.82002851676));
#3359 = CARTESIAN_POINT('',(-178.,-24.36402413693,-83.71698499331));
#3360 = CARTESIAN_POINT('',(-178.,-24.80658868203,-83.60935853873));
#3361 = CARTESIAN_POINT('',(-178.,-25.24799045688,-83.49702957329));
#3362 = CARTESIAN_POINT('',(-178.,-25.68813314974,-83.37987895341));
#3363 = CARTESIAN_POINT('',(-178.,-26.12691751242,-83.25778824641));
#3364 = CARTESIAN_POINT('',(-178.,-26.5642414316,-83.13064000523));
#3365 = CARTESIAN_POINT('',(-178.,-27.,-82.99831804314));
#3366 = PCURVE('',#110,#3367);
#3367 = DEFINITIONAL_REPRESENTATION('',(#3368),#3469);
#3368 = B_SPLINE_CURVE_WITH_KNOTS('',8,(#3369,#3370,#3371,#3372,#3373,
    #3374,#3375,#3376,#3377,#3378,#3379,#3380,#3381,#3382,#3383,#3384,
    #3385,#3386,#3387,#3388,#3389,#3390,#3391,#3392,#3393,#3394,#3395,
    #3396,#3397,#3398,#3399,#3400,#3401,#3402,#3403,#3404,#3405,#3406,
    #3407,#3408,#3409,#3410,#3411,#3412,#3413,#3414,#3415,#3416,#3417,
    #3418,#3419,#3420,#3421,#3422,#3423,#3424,#3425,#3426,#3427,#3428,
    #3429,#3430,#3431,#3432,#3433,#3434,#3435,#3436,#3437,#3438,#3439,
    #3440,#3441,#3442,#3443,#3444,#3445,#3446,#3447,#3448,#3449,#3450,
    #3451,#3452,#3453,#3454,#3455,#3456,#3457,#3458,#3459,#3460,#3461,
    #3462,#3463,#3464,#3465,#3466,#3467,#3468),.UNSPECIFIED.,.F.,.F.,(9,
    7,7,7,7,7,7,7,7,7,7,7,7,7,9),(0.,7.355276425437E-02,0.133519064865,
    0.180160184199,0.24679052784,0.320083363982,0.413367473007,
    0.460012741138,0.506658807264,0.679898808526,0.759856586784,
    0.819827871369,0.866472082601,0.933105996861,1.),.UNSPECIFIED.);
#3369 = CARTESIAN_POINT('',(317.14295529678,0.2));
#3370 = CARTESIAN_POINT('',(316.61254939236,0.2));
#3371 = CARTESIAN_POINT('',(316.08213798491,0.2));
#3372 = CARTESIAN_POINT('',(315.55173042184,0.2));
#3373 = CARTESIAN_POINT('',(315.02133142256,0.2));
#3374 = CARTESIAN_POINT('',(314.49094108084,0.2));
#3375 = CARTESIAN_POINT('',(313.96055486734,0.2));
#3376 = CARTESIAN_POINT('',(313.43016363196,0.2));
#3377 = CARTESIAN_POINT('',(312.46731945707,0.2));
#3378 = CARTESIAN_POINT('',(312.03487276503,0.2));
#3379 = CARTESIAN_POINT('',(311.60241901299,0.2));
#3380 = CARTESIAN_POINT('',(311.16996316241,0.2));
#3381 = CARTESIAN_POINT('',(310.7375091939,0.2));
#3382 = CARTESIAN_POINT('',(310.30505964753,0.2));
#3383 = CARTESIAN_POINT('',(309.87261516322,0.2));
#3384 = CARTESIAN_POINT('',(309.10382612714,0.2));
#3385 = CARTESIAN_POINT('',(308.76747839846,0.2));
#3386 = CARTESIAN_POINT('',(308.43113049292,0.2));
#3387 = CARTESIAN_POINT('',(308.09478226212,0.2));
#3388 = CARTESIAN_POINT('',(307.75843375141,0.2));
#3389 = CARTESIAN_POINT('',(307.42208519985,0.2));
#3390 = CARTESIAN_POINT('',(307.08573704025,0.2));
#3391 = CARTESIAN_POINT('',(306.26889273451,0.2));
#3392 = CARTESIAN_POINT('',(305.78839556988,0.2));
#3393 = CARTESIAN_POINT('',(305.30789840525,0.2));
#3394 = CARTESIAN_POINT('',(304.82740124062,0.2));
#3395 = CARTESIAN_POINT('',(304.34690407599,0.2));
#3396 = CARTESIAN_POINT('',(303.86640691136,0.2));
#3397 = CARTESIAN_POINT('',(303.38590974673,0.2));
#3398 = CARTESIAN_POINT('',(302.37686960859,0.2));
#3399 = CARTESIAN_POINT('',(301.84831988626,0.2));
#3400 = CARTESIAN_POINT('',(301.31976176802,0.2));
#3401 = CARTESIAN_POINT('',(300.79122596415,0.2));
#3402 = CARTESIAN_POINT('',(300.26268836234,0.2));
#3403 = CARTESIAN_POINT('',(299.73412831199,0.2));
#3404 = CARTESIAN_POINT('',(299.20558162359,0.2));
#3405 = CARTESIAN_POINT('',(298.00432834196,0.2));
#3406 = CARTESIAN_POINT('',(297.33160717012,0.2));
#3407 = CARTESIAN_POINT('',(296.65888501792,0.2));
#3408 = CARTESIAN_POINT('',(295.98617038166,0.2));
#3409 = CARTESIAN_POINT('',(295.31346925385,0.2));
#3410 = CARTESIAN_POINT('',(294.64078512322,0.2));
#3411 = CARTESIAN_POINT('',(293.96811897472,0.2));
#3412 = CARTESIAN_POINT('',(292.95912127428,0.2));
#3413 = CARTESIAN_POINT('',(292.62277325904,0.2));
#3414 = CARTESIAN_POINT('',(292.2864252438,0.2));
#3415 = CARTESIAN_POINT('',(291.95007722856,0.2));
#3416 = CARTESIAN_POINT('',(291.61372921332,0.2));
#3417 = CARTESIAN_POINT('',(291.27738119808,0.2));
#3418 = CARTESIAN_POINT('',(290.94103318284,0.2));
#3419 = CARTESIAN_POINT('',(290.2683313982,0.2));
#3420 = CARTESIAN_POINT('',(289.93198028345,0.2));
#3421 = CARTESIAN_POINT('',(289.595631332,0.2));
#3422 = CARTESIAN_POINT('',(289.25928404136,0.2));
#3423 = CARTESIAN_POINT('',(288.92293789783,0.2));
#3424 = CARTESIAN_POINT('',(288.58659237659,0.2));
#3425 = CARTESIAN_POINT('',(288.2502469416,0.2));
#3426 = CARTESIAN_POINT('',(286.6647375412,0.2));
#3427 = CARTESIAN_POINT('',(285.4155822443,0.2));
#3428 = CARTESIAN_POINT('',(284.1663865893,0.2));
#3429 = CARTESIAN_POINT('',(282.91712283197,0.2));
#3430 = CARTESIAN_POINT('',(281.66778403001,0.2));
#3431 = CARTESIAN_POINT('',(280.41838404032,0.2));
#3432 = CARTESIAN_POINT('',(279.16895753287,0.2));
#3433 = CARTESIAN_POINT('',(277.34290885278,0.2));
#3434 = CARTESIAN_POINT('',(276.76627094099,0.2));
#3435 = CARTESIAN_POINT('',(276.18962591381,0.2));
#3436 = CARTESIAN_POINT('',(275.61307217733,0.2));
#3437 = CARTESIAN_POINT('',(275.03648286698,0.2));
#3438 = CARTESIAN_POINT('',(274.45992188856,0.2));
#3439 = CARTESIAN_POINT('',(273.88335546704,0.2));
#3440 = CARTESIAN_POINT('',(272.87433979279,0.2));
#3441 = CARTESIAN_POINT('',(272.44189234462,0.2));
#3442 = CARTESIAN_POINT('',(272.00944489646,0.2));
#3443 = CARTESIAN_POINT('',(271.57699744829,0.2));
#3444 = CARTESIAN_POINT('',(271.14455000013,0.2));
#3445 = CARTESIAN_POINT('',(270.71210255196,0.2));
#3446 = CARTESIAN_POINT('',(270.27965510379,0.2));
#3447 = CARTESIAN_POINT('',(269.51086051451,0.2));
#3448 = CARTESIAN_POINT('',(269.17451235491,0.2));
#3449 = CARTESIAN_POINT('',(268.83816380336,0.2));
#3450 = CARTESIAN_POINT('',(268.50181529264,0.2));
#3451 = CARTESIAN_POINT('',(268.16546706184,0.2));
#3452 = CARTESIAN_POINT('',(267.8291191563,0.2));
#3453 = CARTESIAN_POINT('',(267.49277142762,0.2));
#3454 = CARTESIAN_POINT('',(266.67593139689,0.2));
#3455 = CARTESIAN_POINT('',(266.19543380204,0.2));
#3456 = CARTESIAN_POINT('',(265.71493356978,0.2));
#3457 = CARTESIAN_POINT('',(265.23442627964,0.2));
#3458 = CARTESIAN_POINT('',(264.75391417442,0.2));
#3459 = CARTESIAN_POINT('',(264.27340873884,0.2));
#3460 = CARTESIAN_POINT('',(263.79292195244,0.2));
#3461 = CARTESIAN_POINT('',(262.83009506361,0.2));
#3462 = CARTESIAN_POINT('',(262.34775386754,0.2));
#3463 = CARTESIAN_POINT('',(261.86541374301,0.2));
#3464 = CARTESIAN_POINT('',(261.38306900675,0.2));
#3465 = CARTESIAN_POINT('',(260.90071717592,0.2));
#3466 = CARTESIAN_POINT('',(260.4183589664,0.2));
#3467 = CARTESIAN_POINT('',(259.93599829104,0.2));
#3468 = CARTESIAN_POINT('',(259.45364225792,0.2));
#3469 = ( GEOMETRIC_REPRESENTATION_CONTEXT(2) 
PARAMETRIC_REPRESENTATION_CONTEXT() REPRESENTATION_CONTEXT('2D SPACE',''
  ) );
#3470 = PCURVE('',#731,#3471);
#3471 = DEFINITIONAL_REPRESENTATION('',(#3472),#3573);
#3472 = B_SPLINE_CURVE_WITH_KNOTS('',8,(#3473,#3474,#3475,#3476,#3477,
    #3478,#3479,#3480,#3481,#3482,#3483,#3484,#3485,#3486,#3487,#3488,
    #3489,#3490,#3491,#3492,#3493,#3494,#3495,#3496,#3497,#3498,#3499,
    #3500,#3501,#3502,#3503,#3504,#3505,#3506,#3507,#3508,#3509,#3510,
    #3511,#3512,#3513,#3514,#3515,#3516,#3517,#3518,#3519,#3520,#3521,
    #3522,#3523,#3524,#3525,#3526,#3527,#3528,#3529,#3530,#3531,#3532,
    #3533,#3534,#3535,#3536,#3537,#3538,#3539,#3540,#3541,#3542,#3543,
    #3544,#3545,#3546,#3547,#3548,#3549,#3550,#3551,#3552,#3553,#3554,
    #3555,#3556,#3557,#3558,#3559,#3560,#3561,#3562,#3563,#3564,#3565,
    #3566,#3567,#3568,#3569,#3570,#3571,#3572),.UNSPECIFIED.,.F.,.F.,(9,
    7,7,7,7,7,7,7,7,7,7,7,7,7,9),(0.,7.355276425437E-02,0.133519064865,
    0.180160184199,0.24679052784,0.320083363982,0.413367473007,
    0.460012741138,0.506658807264,0.679898808526,0.759856586784,
    0.819827871369,0.866472082601,0.933105996861,1.),.UNSPECIFIED.);
#3473 = CARTESIAN_POINT('',(8.,-13.001681957));
#3474 = CARTESIAN_POINT('',(8.47916663563,-12.85617874958));
#3475 = CARTESIAN_POINT('',(8.960225916865,-12.71693139869));
#3476 = CARTESIAN_POINT('',(9.443038459754,-12.58378537409));
#3477 = CARTESIAN_POINT('',(9.927468917172,-12.45658434063));
#3478 = CARTESIAN_POINT('',(10.413386093426,-12.33517058482));
#3479 = CARTESIAN_POINT('',(10.90066305886,-12.21938544129));
#3480 = CARTESIAN_POINT('',(11.389177264459,-12.10906971939));
#3481 = CARTESIAN_POINT('',(12.278000319425,-11.91845488279));
#3482 = CARTESIAN_POINT('',(12.677933111728,-11.8363753903));
#3483 = CARTESIAN_POINT('',(13.078558681818,-11.7577389853));
#3484 = CARTESIAN_POINT('',(13.479829261212,-11.68245818072));
#3485 = CARTESIAN_POINT('',(13.881699204696,-11.61044486444));
#3486 = CARTESIAN_POINT('',(14.284124530543,-11.54161049447));
#3487 = CARTESIAN_POINT('',(14.687062460715,-11.47586629408));
#3488 = CARTESIAN_POINT('',(15.404237590243,-11.36432276073));
#3489 = CARTESIAN_POINT('',(15.718291777122,-11.31733761833));
#3490 = CARTESIAN_POINT('',(16.032612589008,-11.27212599546));
#3491 = CARTESIAN_POINT('',(16.347179598863,-11.22864603147));
#3492 = CARTESIAN_POINT('',(16.661972885323,-11.18685602937));
#3493 = CARTESIAN_POINT('',(16.976973032694,-11.14671445576));
#3494 = CARTESIAN_POINT('',(17.292161130956,-11.10817994094));
#3495 = CARTESIAN_POINT('',(18.058030867734,-11.01839876708));
#3496 = CARTESIAN_POINT('',(18.508898234545,-10.96878313953));
#3497 = CARTESIAN_POINT('',(18.960092061269,-10.92224853288));
#3498 = CARTESIAN_POINT('',(19.411583532982,-10.87867908384));
#3499 = CARTESIAN_POINT('',(19.86334383476,-10.83795892911));
#3500 = CARTESIAN_POINT('',(20.315344151678,-10.79997220541));
#3501 = CARTESIAN_POINT('',(20.767555668811,-10.76460304945));
#3502 = CARTESIAN_POINT('',(21.717579184866,-10.69558166855));
#3503 = CARTESIAN_POINT('',(22.215439983386,-10.66245540781));
#3504 = CARTESIAN_POINT('',(22.71347158881,-10.63219632162));
#3505 = CARTESIAN_POINT('',(23.21165992095,-10.60466651267));
#3506 = CARTESIAN_POINT('',(23.709942453309,-10.57969716596));
#3507 = CARTESIAN_POINT('',(24.208271395326,-10.55712504125));
#3508 = CARTESIAN_POINT('',(24.706671369734,-10.53682528714));
#3509 = CARTESIAN_POINT('',(25.83954345863,-10.49551017685));
#3510 = CARTESIAN_POINT('',(26.474070050315,-10.47581070184));
#3511 = CARTESIAN_POINT('',(27.108688911756,-10.45925084273));
#3512 = CARTESIAN_POINT('',(27.743383386258,-10.44553285929));
#3513 = CARTESIAN_POINT('',(28.378139177492,-10.43435889484));
#3514 = CARTESIAN_POINT('',(29.012944349498,-10.42543097627));
#3515 = CARTESIAN_POINT('',(29.647789326678,-10.41845101401));
#3516 = CARTESIAN_POINT('',(30.600127548765,-10.41045551248));
#3517 = CARTESIAN_POINT('',(30.917600238404,-10.40820271311));
#3518 = CARTESIAN_POINT('',(31.235083882684,-10.40632516613));
#3519 = CARTESIAN_POINT('',(31.552577401569,-10.4047856337));
#3520 = CARTESIAN_POINT('',(31.870079715025,-10.40354687798));
#3521 = CARTESIAN_POINT('',(32.187589743017,-10.40257166114));
#3522 = CARTESIAN_POINT('',(32.50510640551,-10.40182274534));
#3523 = CARTESIAN_POINT('',(33.14015627152,-10.40070303057));
#3524 = CARTESIAN_POINT('',(33.457686969129,-10.40034040222));
#3525 = CARTESIAN_POINT('',(33.775220098958,-10.40012591213));
#3526 = CARTESIAN_POINT('',(34.092755055264,-10.40001685749));
#3527 = CARTESIAN_POINT('',(34.410291242899,-10.39997692819));
#3528 = CARTESIAN_POINT('',(34.72782807731,-10.39997620685));
#3529 = CARTESIAN_POINT('',(35.045364984537,-10.3999911688));
#3530 = CARTESIAN_POINT('',(36.542207906434,-10.40005486957));
#3531 = CARTESIAN_POINT('',(37.721493894223,-10.4005115724));
#3532 = CARTESIAN_POINT('',(38.900749888611,-10.40328233263));
#3533 = CARTESIAN_POINT('',(40.07994675691,-10.41027467362));
#3534 = CARTESIAN_POINT('',(41.259035684734,-10.42339759971));
#3535 = CARTESIAN_POINT('',(42.437948183699,-10.44456142633));
#3536 = CARTESIAN_POINT('',(43.616596131763,-10.47567594048));
#3537 = CARTESIAN_POINT('',(45.338697219242,-10.53847985017));
#3538 = CARTESIAN_POINT('',(45.882443848831,-10.56083613404));
#3539 = CARTESIAN_POINT('',(46.426070183536,-10.5859200593));
#3540 = CARTESIAN_POINT('',(46.969659345783,-10.61386315956));
#3541 = CARTESIAN_POINT('',(47.513042805887,-10.64493733723));
#3542 = CARTESIAN_POINT('',(48.056257615872,-10.67929940698));
#3543 = CARTESIAN_POINT('',(48.599227355468,-10.71716699914));
#3544 = CARTESIAN_POINT('',(49.548947032607,-10.78991520303));
#3545 = CARTESIAN_POINT('',(49.955819459896,-10.82317657152));
#3546 = CARTESIAN_POINT('',(50.362509144965,-10.85860509451));
#3547 = CARTESIAN_POINT('',(50.768995081737,-10.89628523634));
#3548 = CARTESIAN_POINT('',(51.175256264129,-10.93630146134));
#3549 = CARTESIAN_POINT('',(51.581271686064,-10.97873823386));
#3550 = CARTESIAN_POINT('',(51.98702034146,-11.02368001823));
#3551 = CARTESIAN_POINT('',(52.707838869046,-11.10817994094));
#3552 = CARTESIAN_POINT('',(53.023026967312,-11.14671445577));
#3553 = CARTESIAN_POINT('',(53.338027114686,-11.18685602938));
#3554 = CARTESIAN_POINT('',(53.652820401149,-11.2286460315));
#3555 = CARTESIAN_POINT('',(53.967387411008,-11.2721259955));
#3556 = CARTESIAN_POINT('',(54.281708222897,-11.31733761838));
#3557 = CARTESIAN_POINT('',(54.59576240978,-11.36432276079));
#3558 = CARTESIAN_POINT('',(55.357762552031,-11.48283800873));
#3559 = CARTESIAN_POINT('',(55.805413548203,-11.5562578752));
#3560 = CARTESIAN_POINT('',(56.252430057824,-11.63350520908));
#3561 = CARTESIAN_POINT('',(56.698747271396,-11.71470148179));
#3562 = CARTESIAN_POINT('',(57.144302545989,-11.79996795021));
#3563 = CARTESIAN_POINT('',(57.58903823073,-11.88942553551));
#3564 = CARTESIAN_POINT('',(58.032892311348,-11.98319410393));
#3565 = CARTESIAN_POINT('',(58.92039012576,-12.17997148323));
#3566 = CARTESIAN_POINT('',(59.364024136939,-12.28301500668));
#3567 = CARTESIAN_POINT('',(59.806588682032,-12.39064146126));
#3568 = CARTESIAN_POINT('',(60.247990456889,-12.5029704267));
#3569 = CARTESIAN_POINT('',(60.688133149742,-12.62012104658));
#3570 = CARTESIAN_POINT('',(61.126917512427,-12.74221175358));
#3571 = CARTESIAN_POINT('',(61.564241431606,-12.86935999476));
#3572 = CARTESIAN_POINT('',(62.,-13.00168195685));
#3573 = ( GEOMETRIC_REPRESENTATION_CONTEXT(2) 
PARAMETRIC_REPRESENTATION_CONTEXT() REPRESENTATION_CONTEXT('2D SPACE',''
  ) );
#3574 = ORIENTED_EDGE('',*,*,#3575,.F.);
#3575 = EDGE_CURVE('',#3576,#3262,#3578,.T.);
#3576 = VERTEX_POINT('',#3577);
#3577 = CARTESIAN_POINT('',(-170.,35.,-80.03785824258));
#3578 = SURFACE_CURVE('',#3579,(#3618,#3691),.PCURVE_S1.);
#3579 = B_SPLINE_CURVE_WITH_KNOTS('',7,(#3580,#3581,#3582,#3583,#3584,
    #3585,#3586,#3587,#3588,#3589,#3590,#3591,#3592,#3593,#3594,#3595,
    #3596,#3597,#3598,#3599,#3600,#3601,#3602,#3603,#3604,#3605,#3606,
    #3607,#3608,#3609,#3610,#3611,#3612,#3613,#3614,#3615,#3616,#3617),
  .UNSPECIFIED.,.F.,.F.,(8,6,6,6,6,6,8),(0.,1.,1.883810942594,
    2.62036879297,3.741404890511,4.444518356687,5.501998402828),
  .UNSPECIFIED.);
#3580 = CARTESIAN_POINT('',(-170.,35.,-80.03785824258));
#3581 = CARTESIAN_POINT('',(-170.3757165302,35.,-80.01532366902));
#3582 = CARTESIAN_POINT('',(-170.7544602086,34.97941377956,
    -80.0044336523));
#3583 = CARTESIAN_POINT('',(-171.1311330133,34.937643911986,
    -80.00587626028));
#3584 = CARTESIAN_POINT('',(-171.5016260092,34.875429776554,
    -80.01939160405));
#3585 = CARTESIAN_POINT('',(-171.8626373205,34.794310655583,
    -80.04405994982));
#3586 = CARTESIAN_POINT('',(-172.2115640699,34.696346828601,
    -80.07858027632));
#3587 = CARTESIAN_POINT('',(-172.8423703777,34.484543493855,
    -80.15935722506));
#3588 = CARTESIAN_POINT('',(-173.127725046,34.373737743236,
    -80.2038352121));
#3589 = CARTESIAN_POINT('',(-173.4018159032,34.252830918366,
    -80.2539895816));
#3590 = CARTESIAN_POINT('',(-173.6644087426,34.123104428551,
    -80.30892526802));
#3591 = CARTESIAN_POINT('',(-173.915565964,33.985693646042,
    -80.36783869136));
#3592 = CARTESIAN_POINT('',(-174.1555579282,33.841525606603,
    -80.43006109129));
#3593 = CARTESIAN_POINT('',(-174.5758908007,33.566080025129,
    -80.54923455013));
#3594 = CARTESIAN_POINT('',(-174.7594635585,33.436685684597,
    -80.60532420183));
#3595 = CARTESIAN_POINT('',(-174.9357734302,33.30352179553,
    -80.66301677108));
#3596 = CARTESIAN_POINT('',(-175.1050433843,33.166951506898,
    -80.72203901358));
#3597 = CARTESIAN_POINT('',(-175.2674946755,33.027286061474,
    -80.78215650404));
#3598 = CARTESIAN_POINT('',(-175.4233490127,32.884784805937,
    -80.84317125467));
#3599 = CARTESIAN_POINT('',(-175.8003287914,32.518762180888,
    -80.99890095809));
#3600 = CARTESIAN_POINT('',(-176.0130076073,32.291827258513,
    -81.09456045802));
#3601 = CARTESIAN_POINT('',(-176.2116406737,32.059580019901,
    -81.19132104281));
#3602 = CARTESIAN_POINT('',(-176.3968316477,31.822632558472,
    -81.28871053192));
#3603 = CARTESIAN_POINT('',(-176.5690894767,31.581494230573,
    -81.38635520882));
#3604 = CARTESIAN_POINT('',(-176.728863531,31.33657689712,
    -81.48396613486));
#3605 = CARTESIAN_POINT('',(-176.9691527725,30.932398534247,
    -81.64237787627));
#3606 = CARTESIAN_POINT('',(-177.0621122022,30.766662915329,
    -81.70669874682));
#3607 = CARTESIAN_POINT('',(-177.1546307878,30.590664654267,
    -81.77425295298));
#3608 = CARTESIAN_POINT('',(-177.2467501968,30.402620025633,
    -81.84556841914));
#3609 = CARTESIAN_POINT('',(-177.3388080239,30.199155775482,
    -81.92170621588));
#3610 = CARTESIAN_POINT('',(-177.4310039593,29.975192408833,
    -82.00422583602));
#3611 = CARTESIAN_POINT('',(-177.6590982875,29.345239795892,
    -82.23167174576));
#3612 = CARTESIAN_POINT('',(-177.7727151467,28.962085699854,
    -82.3662623536));
#3613 = CARTESIAN_POINT('',(-177.8634606496,28.574885692626,
    -82.49844883308));
#3614 = CARTESIAN_POINT('',(-177.9315695065,28.184349370227,
    -82.62795024116));
#3615 = CARTESIAN_POINT('',(-177.9771069353,27.791222217469,
    -82.75452103656));
#3616 = CARTESIAN_POINT('',(-178.,27.396207996921,-82.87800596349));
#3617 = CARTESIAN_POINT('',(-178.,27.,-82.99831804299));
#3618 = PCURVE('',#110,#3619);
#3619 = DEFINITIONAL_REPRESENTATION('',(#3620),#3690);
#3620 = B_SPLINE_CURVE_WITH_KNOTS('',3,(#3621,#3622,#3623,#3624,#3625,
    #3626,#3627,#3628,#3629,#3630,#3631,#3632,#3633,#3634,#3635,#3636,
    #3637,#3638,#3639,#3640,#3641,#3642,#3643,#3644,#3645,#3646,#3647,
    #3648,#3649,#3650,#3651,#3652,#3653,#3654,#3655,#3656,#3657,#3658,
    #3659,#3660,#3661,#3662,#3663,#3664,#3665,#3666,#3667,#3668,#3669,
    #3670,#3671,#3672,#3673,#3674,#3675,#3676,#3677,#3678,#3679,#3680,
    #3681,#3682,#3683,#3684,#3685,#3686,#3687,#3688,#3689),
  .UNSPECIFIED.,.F.,.F.,(4,1,1,1,1,1,1,1,1,1,1,1,1,1,1,1,1,1,1,1,1,1,1,1
    ,1,1,1,1,1,1,1,1,1,1,1,1,1,1,1,1,1,1,1,1,1,1,1,1,1,1,1,1,1,1,1,1,1,1
    ,1,1,1,1,1,1,1,1,4),(0.,8.336361216406E-02,0.166727224328,
    0.250090836492,0.333454448656,0.41681806082,0.500181672984,
    0.583545285148,0.666908897312,0.750272509477,0.833636121641,
    0.916999733805,1.000363345969,1.083726958133,1.167090570297,
    1.250454182461,1.333817794625,1.417181406789,1.500545018953,
    1.583908631117,1.667272243281,1.750635855445,1.833999467609,
    1.917363079773,2.000726691937,2.084090304102,2.167453916266,
    2.25081752843,2.334181140594,2.417544752758,2.500908364922,
    2.584271977086,2.66763558925,2.750999201414,2.834362813578,
    2.917726425742,3.001090037906,3.08445365007,3.167817262234,
    3.251180874398,3.334544486562,3.417908098727,3.501271710891,
    3.584635323055,3.667998935219,3.751362547383,3.834726159547,
    3.918089771711,4.001453383875,4.084816996039,4.168180608203,
    4.251544220367,4.334907832531,4.418271444695,4.501635056859,
    4.584998669023,4.668362281187,4.751725893352,4.835089505516,
    4.91845311768,5.001816729844,5.085180342008,5.168543954172,
    5.251907566336,5.3352711785,5.418634790664,5.501998402828),
  .QUASI_UNIFORM_KNOTS.);
#3621 = CARTESIAN_POINT('',(325.98561943908,0.333333333333));
#3622 = CARTESIAN_POINT('',(325.98925221677,0.332115238264));
#3623 = CARTESIAN_POINT('',(325.99409215203,0.329674340715));
#3624 = CARTESIAN_POINT('',(325.99405125014,0.32600818257));
#3625 = CARTESIAN_POINT('',(325.98666238232,0.322346765096));
#3626 = CARTESIAN_POINT('',(325.97195964613,0.318698793491));
#3627 = CARTESIAN_POINT('',(325.95002340657,0.315072450866));
#3628 = CARTESIAN_POINT('',(325.92098311076,0.311475342458));
#3629 = CARTESIAN_POINT('',(325.88501035748,0.307914538715));
#3630 = CARTESIAN_POINT('',(325.84231505114,0.30439659407));
#3631 = CARTESIAN_POINT('',(325.79314077243,0.300927554935));
#3632 = CARTESIAN_POINT('',(325.73776190962,0.297513026677));
#3633 = CARTESIAN_POINT('',(325.67647614472,0.294158007624));
#3634 = CARTESIAN_POINT('',(325.60961527761,0.29086758886));
#3635 = CARTESIAN_POINT('',(325.53748876075,0.287644417224));
#3636 = CARTESIAN_POINT('',(325.46035543602,0.284488677812));
#3637 = CARTESIAN_POINT('',(325.37850975576,0.281402068484));
#3638 = CARTESIAN_POINT('',(325.29222796204,0.278385363371));
#3639 = CARTESIAN_POINT('',(325.20177986507,0.275439112017));
#3640 = CARTESIAN_POINT('',(325.10742327363,0.272563494867));
#3641 = CARTESIAN_POINT('',(325.00940325722,0.269758400316));
#3642 = CARTESIAN_POINT('',(324.90795047055,0.267023441728));
#3643 = CARTESIAN_POINT('',(324.80327943945,0.264357975566));
#3644 = CARTESIAN_POINT('',(324.6955889805,0.26176115763));
#3645 = CARTESIAN_POINT('',(324.58505516491,0.25923182826));
#3646 = CARTESIAN_POINT('',(324.47186194241,0.256769229473));
#3647 = CARTESIAN_POINT('',(324.35616659225,0.254372199822));
#3648 = CARTESIAN_POINT('',(324.23811662319,0.252039593638));
#3649 = CARTESIAN_POINT('',(324.11785007057,0.249770273896));
#3650 = CARTESIAN_POINT('',(323.99549553747,0.24756311004));
#3651 = CARTESIAN_POINT('',(323.87117230041,0.245416975977));
#3652 = CARTESIAN_POINT('',(323.74499023373,0.243330747505));
#3653 = CARTESIAN_POINT('',(323.61705021451,0.241303306931));
#3654 = CARTESIAN_POINT('',(323.48744260439,0.239333524573));
#3655 = CARTESIAN_POINT('',(323.35626572833,0.237420521561));
#3656 = CARTESIAN_POINT('',(323.22359635801,0.235563220415));
#3657 = CARTESIAN_POINT('',(323.08950976897,0.233760649268));
#3658 = CARTESIAN_POINT('',(322.95407645733,0.232011882157));
#3659 = CARTESIAN_POINT('',(322.81736322333,0.230316048118));
#3660 = CARTESIAN_POINT('',(322.6794327277,0.228672320659));
#3661 = CARTESIAN_POINT('',(322.54034484202,0.22707992062));
#3662 = CARTESIAN_POINT('',(322.40015386689,0.22553808793));
#3663 = CARTESIAN_POINT('',(322.25891864628,0.224046169182));
#3664 = CARTESIAN_POINT('',(322.11666388884,0.2226032776));
#3665 = CARTESIAN_POINT('',(321.97352514499,0.221209550533));
#3666 = CARTESIAN_POINT('',(321.82920848177,0.219861447736));
#3667 = CARTESIAN_POINT('',(321.68500676074,0.218569293434));
#3668 = CARTESIAN_POINT('',(321.53603072138,0.217289665996));
#3669 = CARTESIAN_POINT('',(321.37977249458,0.21600656126));
#3670 = CARTESIAN_POINT('',(321.21626439893,0.214726656268));
#3671 = CARTESIAN_POINT('',(321.0444922938,0.213448896308));
#3672 = CARTESIAN_POINT('',(320.86335437166,0.212173401278));
#3673 = CARTESIAN_POINT('',(320.6713627737,0.210899605317));
#3674 = CARTESIAN_POINT('',(320.46682265969,0.209628512195));
#3675 = CARTESIAN_POINT('',(320.24735061231,0.208359782104));
#3676 = CARTESIAN_POINT('',(320.01154793796,0.207106064912));
#3677 = CARTESIAN_POINT('',(319.77733640614,0.205969499562));
#3678 = CARTESIAN_POINT('',(319.5413407134,0.204929084463));
#3679 = CARTESIAN_POINT('',(319.30457217109,0.203989674725));
#3680 = CARTESIAN_POINT('',(319.06686506317,0.203149350861));
#3681 = CARTESIAN_POINT('',(318.8283676341,0.202408150346));
#3682 = CARTESIAN_POINT('',(318.58914265647,0.201765718029));
#3683 = CARTESIAN_POINT('',(318.34927438687,0.20122192762));
#3684 = CARTESIAN_POINT('',(318.10883991663,0.200776709248));
#3685 = CARTESIAN_POINT('',(317.86791627103,0.20043009079));
#3686 = CARTESIAN_POINT('',(317.62658131563,0.200182186734));
#3687 = CARTESIAN_POINT('',(317.38491239256,0.200033190213));
#3688 = CARTESIAN_POINT('',(317.22362782932,0.200000007549));
#3689 = CARTESIAN_POINT('',(317.14295529678,0.2));
#3690 = ( GEOMETRIC_REPRESENTATION_CONTEXT(2) 
PARAMETRIC_REPRESENTATION_CONTEXT() REPRESENTATION_CONTEXT('2D SPACE',''
  ) );
#3691 = PCURVE('',#703,#3692);
#3692 = DEFINITIONAL_REPRESENTATION('',(#3693),#3763);
#3693 = B_SPLINE_CURVE_WITH_KNOTS('',3,(#3694,#3695,#3696,#3697,#3698,
    #3699,#3700,#3701,#3702,#3703,#3704,#3705,#3706,#3707,#3708,#3709,
    #3710,#3711,#3712,#3713,#3714,#3715,#3716,#3717,#3718,#3719,#3720,
    #3721,#3722,#3723,#3724,#3725,#3726,#3727,#3728,#3729,#3730,#3731,
    #3732,#3733,#3734,#3735,#3736,#3737,#3738,#3739,#3740,#3741,#3742,
    #3743,#3744,#3745,#3746,#3747,#3748,#3749,#3750,#3751,#3752,#3753,
    #3754,#3755,#3756,#3757,#3758,#3759,#3760,#3761,#3762),
  .UNSPECIFIED.,.F.,.F.,(4,1,1,1,1,1,1,1,1,1,1,1,1,1,1,1,1,1,1,1,1,1,1,1
    ,1,1,1,1,1,1,1,1,1,1,1,1,1,1,1,1,1,1,1,1,1,1,1,1,1,1,1,1,1,1,1,1,1,1
    ,1,1,1,1,1,1,1,1,4),(0.,8.336361216406E-02,0.166727224328,
    0.250090836492,0.333454448656,0.41681806082,0.500181672984,
    0.583545285148,0.666908897312,0.750272509477,0.833636121641,
    0.916999733805,1.000363345969,1.083726958133,1.167090570297,
    1.250454182461,1.333817794625,1.417181406789,1.500545018953,
    1.583908631117,1.667272243281,1.750635855445,1.833999467609,
    1.917363079773,2.000726691937,2.084090304102,2.167453916266,
    2.25081752843,2.334181140594,2.417544752758,2.500908364922,
    2.584271977086,2.66763558925,2.750999201414,2.834362813578,
    2.917726425742,3.001090037906,3.08445365007,3.167817262234,
    3.251180874398,3.334544486562,3.417908098727,3.501271710891,
    3.584635323055,3.667998935219,3.751362547383,3.834726159547,
    3.918089771711,4.001453383875,4.084816996039,4.168180608203,
    4.251544220367,4.334907832531,4.418271444695,4.501635056859,
    4.584998669023,4.668362281187,4.751725893352,4.835089505516,
    4.91845311768,5.001816729844,5.085180342008,5.168543954172,
    5.251907566336,5.3352711785,5.418634790664,5.501998402828),
  .QUASI_UNIFORM_KNOTS.);
#3694 = CARTESIAN_POINT('',(0.,15.962141757414));
#3695 = CARTESIAN_POINT('',(9.135714137298E-03,15.966527986083));
#3696 = CARTESIAN_POINT('',(2.744243313578E-02,15.97415636719));
#3697 = CARTESIAN_POINT('',(5.495935641836E-02,15.982140309956));
#3698 = CARTESIAN_POINT('',(8.248236100117E-02,15.986626172497));
#3699 = CARTESIAN_POINT('',(0.109966759742,15.987620182454));
#3700 = CARTESIAN_POINT('',(0.137371182565,15.985154888825));
#3701 = CARTESIAN_POINT('',(0.164657718941,15.979290790231));
#3702 = CARTESIAN_POINT('',(0.191791357579,15.970112406031));
#3703 = CARTESIAN_POINT('',(0.218739642312,15.957725956069));
#3704 = CARTESIAN_POINT('',(0.245472447695,15.942256596162));
#3705 = CARTESIAN_POINT('',(0.271961317082,15.923846322349));
#3706 = CARTESIAN_POINT('',(0.298180665825,15.902650211941));
#3707 = CARTESIAN_POINT('',(0.324102175101,15.878839283425));
#3708 = CARTESIAN_POINT('',(0.349714753743,15.852579245126));
#3709 = CARTESIAN_POINT('',(0.375025512438,15.824017484886));
#3710 = CARTESIAN_POINT('',(0.40002828861,15.79331389973));
#3711 = CARTESIAN_POINT('',(0.424722992045,15.760621039526));
#3712 = CARTESIAN_POINT('',(0.449110209011,15.726087864737));
#3713 = CARTESIAN_POINT('',(0.473192474778,15.689857356161));
#3714 = CARTESIAN_POINT('',(0.496973805559,15.652065933575));
#3715 = CARTESIAN_POINT('',(0.520459705826,15.612842617719));
#3716 = CARTESIAN_POINT('',(0.543657183648,15.572308240961));
#3717 = CARTESIAN_POINT('',(0.566574412993,15.530575550848));
#3718 = CARTESIAN_POINT('',(0.589221938497,15.487746524367));
#3719 = CARTESIAN_POINT('',(0.61160635967,15.443924214986));
#3720 = CARTESIAN_POINT('',(0.633737567783,15.399199422831));
#3721 = CARTESIAN_POINT('',(0.655625141031,15.353657332946));
#3722 = CARTESIAN_POINT('',(0.677278435771,15.307377699302));
#3723 = CARTESIAN_POINT('',(0.698706657888,15.260434947701));
#3724 = CARTESIAN_POINT('',(0.719918926413,15.212898304773));
#3725 = CARTESIAN_POINT('',(0.740924350404,15.164831866845));
#3726 = CARTESIAN_POINT('',(0.761732027315,15.116294846333));
#3727 = CARTESIAN_POINT('',(0.78235131345,15.067341131291));
#3728 = CARTESIAN_POINT('',(0.802789031662,15.018026296265));
#3729 = CARTESIAN_POINT('',(0.823054216434,14.968396516961));
#3730 = CARTESIAN_POINT('',(0.843154975533,14.918496377454));
#3731 = CARTESIAN_POINT('',(0.86309910187,14.868367595277));
#3732 = CARTESIAN_POINT('',(0.882893978645,14.818049450698));
#3733 = CARTESIAN_POINT('',(0.902546697287,14.767578684965));
#3734 = CARTESIAN_POINT('',(0.922063998643,14.71698985404));
#3735 = CARTESIAN_POINT('',(0.941452678186,14.666314427024));
#3736 = CARTESIAN_POINT('',(0.960718284024,14.615584485913));
#3737 = CARTESIAN_POINT('',(0.979870154367,14.564819310928));
#3738 = CARTESIAN_POINT('',(0.998902781696,14.514075857791));
#3739 = CARTESIAN_POINT('',(1.0178655108,14.463260817272));
#3740 = CARTESIAN_POINT('',(1.036602557739,14.412832489248));
#3741 = CARTESIAN_POINT('',(1.055754926044,14.361096837249));
#3742 = CARTESIAN_POINT('',(1.07563237604,14.30723315744));
#3743 = CARTESIAN_POINT('',(1.096216707307,14.25131108521));
#3744 = CARTESIAN_POINT('',(1.117621757305,14.193047959047));
#3745 = CARTESIAN_POINT('',(1.139968516,14.132147286484));
#3746 = CARTESIAN_POINT('',(1.163422022859,14.068201123915));
#3747 = CARTESIAN_POINT('',(1.188167569946,14.000759164415));
#3748 = CARTESIAN_POINT('',(1.214469779435,13.929171338848));
#3749 = CARTESIAN_POINT('',(1.242463373236,13.853174708614));
#3750 = CARTESIAN_POINT('',(1.270026276897,13.778624544411));
#3751 = CARTESIAN_POINT('',(1.297587679606,13.704425248544));
#3752 = CARTESIAN_POINT('',(1.32504947235,13.630913048729));
#3753 = CARTESIAN_POINT('',(1.352454080224,13.558037423186));
#3754 = CARTESIAN_POINT('',(1.379805634025,13.485848583818));
#3755 = CARTESIAN_POINT('',(1.407118005166,13.414366950551));
#3756 = CARTESIAN_POINT('',(1.434402052493,13.343618144381));
#3757 = CARTESIAN_POINT('',(1.461669155891,13.27362356886));
#3758 = CARTESIAN_POINT('',(1.488930380528,13.204402886491));
#3759 = CARTESIAN_POINT('',(1.51619681246,13.135973207408));
#3760 = CARTESIAN_POINT('',(1.543479549383,13.068349527266));
#3761 = CARTESIAN_POINT('',(1.561686423753,13.023812217275));
#3762 = CARTESIAN_POINT('',(1.570796326795,13.001681957005));
#3763 = ( GEOMETRIC_REPRESENTATION_CONTEXT(2) 
PARAMETRIC_REPRESENTATION_CONTEXT() REPRESENTATION_CONTEXT('2D SPACE',''
  ) );
#3764 = ORIENTED_EDGE('',*,*,#3765,.T.);
#3765 = EDGE_CURVE('',#3576,#1883,#3766,.T.);
#3766 = SURFACE_CURVE('',#3767,(#3776,#3788),.PCURVE_S1.);
#3767 = B_SPLINE_CURVE_WITH_KNOTS('',4,(#3768,#3769,#3770,#3771,#3772,
    #3773,#3774,#3775),.UNSPECIFIED.,.F.,.F.,(5,3,5),(0.,0.50060682496,
    1.),.UNSPECIFIED.);
#3768 = CARTESIAN_POINT('',(-170.,35.,-80.03785824258));
#3769 = CARTESIAN_POINT('',(-164.9946541249,35.,-80.33806684626));
#3770 = CARTESIAN_POINT('',(-159.9890483507,35.,-80.63759830977));
#3771 = CARTESIAN_POINT('',(-154.9831977952,35.,-80.93646832968));
#3772 = CARTESIAN_POINT('',(-144.983169897,35.,-81.53218896221));
#3773 = CARTESIAN_POINT('',(-139.9889936845,35.,-81.82904273211));
#3774 = CARTESIAN_POINT('',(-134.9945999564,35.,-82.12526460654));
#3775 = CARTESIAN_POINT('',(-130.,35.,-82.42086584136));
#3776 = PCURVE('',#110,#3777);
#3777 = DEFINITIONAL_REPRESENTATION('',(#3778),#3787);
#3778 = B_SPLINE_CURVE_WITH_KNOTS('',4,(#3779,#3780,#3781,#3782,#3783,
    #3784,#3785,#3786),.UNSPECIFIED.,.F.,.F.,(5,3,5),(0.,0.50060682496,
    1.),.UNSPECIFIED.);
#3779 = CARTESIAN_POINT('',(325.98561949007,0.333333333333));
#3780 = CARTESIAN_POINT('',(325.7371716861,0.416755764584));
#3781 = CARTESIAN_POINT('',(325.49314331684,0.500182527488));
#3782 = CARTESIAN_POINT('',(325.25336921543,0.583613370078));
#3783 = CARTESIAN_POINT('',(324.78259614996,0.750280501716));
#3784 = CARTESIAN_POINT('',(324.55157735751,0.833516771924));
#3785 = CARTESIAN_POINT('',(324.32448960574,0.916756667392));
#3786 = CARTESIAN_POINT('',(324.1011942631,1.));
#3787 = ( GEOMETRIC_REPRESENTATION_CONTEXT(2) 
PARAMETRIC_REPRESENTATION_CONTEXT() REPRESENTATION_CONTEXT('2D SPACE',''
  ) );
#3788 = PCURVE('',#674,#3789);
#3789 = DEFINITIONAL_REPRESENTATION('',(#3790),#3799);
#3790 = B_SPLINE_CURVE_WITH_KNOTS('',4,(#3791,#3792,#3793,#3794,#3795,
    #3796,#3797,#3798),.UNSPECIFIED.,.F.,.F.,(5,3,5),(0.,0.50060682496,
    1.),.UNSPECIFIED.);
#3791 = CARTESIAN_POINT('',(68.,-15.96214175741));
#3792 = CARTESIAN_POINT('',(62.994654124973,-15.66193315373));
#3793 = CARTESIAN_POINT('',(57.989048350748,-15.36240169022));
#3794 = CARTESIAN_POINT('',(52.983197795296,-15.06353167031));
#3795 = CARTESIAN_POINT('',(42.983169897036,-14.46781103778));
#3796 = CARTESIAN_POINT('',(37.98899368458,-14.17095726788));
#3797 = CARTESIAN_POINT('',(32.994599956458,-13.87473539345));
#3798 = CARTESIAN_POINT('',(28.,-13.57913415863));
#3799 = ( GEOMETRIC_REPRESENTATION_CONTEXT(2) 
PARAMETRIC_REPRESENTATION_CONTEXT() REPRESENTATION_CONTEXT('2D SPACE',''
  ) );
#3800 = ORIENTED_EDGE('',*,*,#1882,.F.);
#3801 = ORIENTED_EDGE('',*,*,#3802,.F.);
#3802 = EDGE_CURVE('',#3803,#1854,#3805,.T.);
#3803 = VERTEX_POINT('',#3804);
#3804 = CARTESIAN_POINT('',(-157.,16.,-86.14346586801));
#3805 = SURFACE_CURVE('',#3806,(#3815,#3827),.PCURVE_S1.);
#3806 = B_SPLINE_CURVE_WITH_KNOTS('',4,(#3807,#3808,#3809,#3810,#3811,
    #3812,#3813,#3814),.UNSPECIFIED.,.F.,.F.,(5,3,5),(0.,0.500491699702,
    1.),.UNSPECIFIED.);
#3807 = CARTESIAN_POINT('',(-157.,16.,-86.14346586801));
#3808 = CARTESIAN_POINT('',(-153.6217243785,16.,-86.31470564499));
#3809 = CARTESIAN_POINT('',(-150.2434335737,16.,-86.48593805607));
#3810 = CARTESIAN_POINT('',(-146.8651281477,16.,-86.65716234155));
#3811 = CARTESIAN_POINT('',(-140.1151270347,16.,-86.99925699731));
#3812 = CARTESIAN_POINT('',(-136.7434314028,16.,-87.1701274013));
#3813 = CARTESIAN_POINT('',(-133.3717222348,16.,-87.34098846862));
#3814 = CARTESIAN_POINT('',(-130.,16.,-87.5118396939));
#3815 = PCURVE('',#110,#3816);
#3816 = DEFINITIONAL_REPRESENTATION('',(#3817),#3826);
#3817 = B_SPLINE_CURVE_WITH_KNOTS('',4,(#3818,#3819,#3820,#3821,#3822,
    #3823,#3824,#3825),.UNSPECIFIED.,.F.,.F.,(5,3,5),(0.,0.500491699702,
    1.),.UNSPECIFIED.);
#3818 = CARTESIAN_POINT('',(304.83369775484,0.55));
#3819 = CARTESIAN_POINT('',(304.76596772796,0.606304593691));
#3820 = CARTESIAN_POINT('',(304.69897662262,0.662609440438));
#3821 = CARTESIAN_POINT('',(304.63270653462,0.718914530872));
#3822 = CARTESIAN_POINT('',(304.50170332485,0.831414549422));
#3823 = CARTESIAN_POINT('',(304.43696745368,0.887609476619));
#3824 = CARTESIAN_POINT('',(304.37291611846,0.943804629419));
#3825 = CARTESIAN_POINT('',(304.309533549,1.));
#3826 = ( GEOMETRIC_REPRESENTATION_CONTEXT(2) 
PARAMETRIC_REPRESENTATION_CONTEXT() REPRESENTATION_CONTEXT('2D SPACE',''
  ) );
#3827 = PCURVE('',#1137,#3828);
#3828 = DEFINITIONAL_REPRESENTATION('',(#3829),#3838);
#3829 = B_SPLINE_CURVE_WITH_KNOTS('',4,(#3830,#3831,#3832,#3833,#3834,
    #3835,#3836,#3837),.UNSPECIFIED.,.F.,.F.,(5,3,5),(0.,0.500491699702,
    1.),.UNSPECIFIED.);
#3830 = CARTESIAN_POINT('',(40.,-10.85653413199));
#3831 = CARTESIAN_POINT('',(36.621724378544,-10.685294355));
#3832 = CARTESIAN_POINT('',(33.243433573724,-10.51406194392));
#3833 = CARTESIAN_POINT('',(29.8651281477,-10.34283765844));
#3834 = CARTESIAN_POINT('',(23.115127034707,-10.00074300268));
#3835 = CARTESIAN_POINT('',(19.743431402886,-9.829872598691));
#3836 = CARTESIAN_POINT('',(16.371722234857,-9.659011531374));
#3837 = CARTESIAN_POINT('',(13.,-9.488160306095));
#3838 = ( GEOMETRIC_REPRESENTATION_CONTEXT(2) 
PARAMETRIC_REPRESENTATION_CONTEXT() REPRESENTATION_CONTEXT('2D SPACE',''
  ) );
#3839 = ORIENTED_EDGE('',*,*,#3840,.T.);
#3840 = EDGE_CURVE('',#3803,#3841,#3843,.T.);
#3841 = VERTEX_POINT('',#3842);
#3842 = CARTESIAN_POINT('',(-163.,10.,-86.22620863941));
#3843 = SURFACE_CURVE('',#3844,(#3877,#3913),.PCURVE_S1.);
#3844 = B_SPLINE_CURVE_WITH_KNOTS('',7,(#3845,#3846,#3847,#3848,#3849,
    #3850,#3851,#3852,#3853,#3854,#3855,#3856,#3857,#3858,#3859,#3860,
    #3861,#3862,#3863,#3864,#3865,#3866,#3867,#3868,#3869,#3870,#3871,
    #3872,#3873,#3874,#3875,#3876),.UNSPECIFIED.,.F.,.F.,(8,6,6,6,6,8),(
    0.,0.206180354426,0.325018310121,0.491320923079,0.751879173078,1.),
  .UNSPECIFIED.);
#3845 = CARTESIAN_POINT('',(-157.,16.,-86.14346586801));
#3846 = CARTESIAN_POINT('',(-157.3384751373,16.,-86.12630906568));
#3847 = CARTESIAN_POINT('',(-157.6778438013,15.977723309867,
    -86.11124222951));
#3848 = CARTESIAN_POINT('',(-158.0139137909,15.932958827692,
    -86.09850236699));
#3849 = CARTESIAN_POINT('',(-158.3432657798,15.866626207576,
    -86.08814019771));
#3850 = CARTESIAN_POINT('',(-158.6631041641,15.780271892593,
    -86.08007393289));
#3851 = CARTESIAN_POINT('',(-158.9712001169,15.675880984821,
    -86.07413930943));
#3852 = CARTESIAN_POINT('',(-159.4356694812,15.486451703217,
    -86.06781292371));
#3853 = CARTESIAN_POINT('',(-159.6011413767,15.411901438677,
    -86.06613658978));
#3854 = CARTESIAN_POINT('',(-159.7620229313,15.332442705801,
    -86.06505669966));
#3855 = CARTESIAN_POINT('',(-159.9181523781,15.248452115544,
    -86.06453000673));
#3856 = CARTESIAN_POINT('',(-160.0694311979,15.1602924584,
    -86.06451232887));
#3857 = CARTESIAN_POINT('',(-160.2158129919,15.068302160321,
    -86.06496049145));
#3858 = CARTESIAN_POINT('',(-160.5552794966,14.839117033611,
    -86.06705704237));
#3859 = CARTESIAN_POINT('',(-160.7436391412,14.698560948722,
    -86.0691131123));
#3860 = CARTESIAN_POINT('',(-160.922391268,14.551935111478,
    -86.07189089441));
#3861 = CARTESIAN_POINT('',(-161.0916327216,14.399977318584,
    -86.07528929621));
#3862 = CARTESIAN_POINT('',(-161.2515204053,14.243336056393,
    -86.07921850321));
#3863 = CARTESIAN_POINT('',(-161.4022544744,14.082562021372,
    -86.08360076364));
#3864 = CARTESIAN_POINT('',(-161.7662408357,13.660424614429,
    -86.09584531656));
#3865 = CARTESIAN_POINT('',(-161.9664139768,13.393803511526,
    -86.1042688803));
#3866 = CARTESIAN_POINT('',(-162.145505778,13.119927211044,
    -86.11339060823));
#3867 = CARTESIAN_POINT('',(-162.3042731051,12.84020932544,
    -86.12302215141));
#3868 = CARTESIAN_POINT('',(-162.4434006273,12.55581992592,
    -86.13302438098));
#3869 = CARTESIAN_POINT('',(-162.5635133644,12.267692686497,
    -86.14329816328));
#3870 = CARTESIAN_POINT('',(-162.7618492771,11.699217666427,
    -86.16376071312));
#3871 = CARTESIAN_POINT('',(-162.8417684121,11.419242708469,
    -86.17392662705));
#3872 = CARTESIAN_POINT('',(-162.9052905087,11.137229405888,
    -86.18422108007));
#3873 = CARTESIAN_POINT('',(-162.9527128838,10.853773062642,
    -86.19460827236));
#3874 = CARTESIAN_POINT('',(-162.9842419458,10.569421145359,
    -86.20506895642));
#3875 = CARTESIAN_POINT('',(-163.,10.284676772382,-86.21559874578));
#3876 = CARTESIAN_POINT('',(-163.,10.,-86.22620863941));
#3877 = PCURVE('',#110,#3878);
#3878 = DEFINITIONAL_REPRESENTATION('',(#3879),#3912);
#3879 = B_SPLINE_CURVE_WITH_KNOTS('',7,(#3880,#3881,#3882,#3883,#3884,
    #3885,#3886,#3887,#3888,#3889,#3890,#3891,#3892,#3893,#3894,#3895,
    #3896,#3897,#3898,#3899,#3900,#3901,#3902,#3903,#3904,#3905,#3906,
    #3907,#3908,#3909,#3910,#3911),.UNSPECIFIED.,.F.,.F.,(8,6,6,6,6,8),(
    0.,0.206180354426,0.325018310121,0.491320923079,0.751879173078,1.),
  .UNSPECIFIED.);
#3880 = CARTESIAN_POINT('',(304.83369774086,0.55));
#3881 = CARTESIAN_POINT('',(304.84048372658,0.54435874771));
#3882 = CARTESIAN_POINT('',(304.82418942929,0.538702603311));
#3883 = CARTESIAN_POINT('',(304.78447175236,0.533101436817));
#3884 = CARTESIAN_POINT('',(304.7221781643,0.527612237003));
#3885 = CARTESIAN_POINT('',(304.63883117263,0.522281597264));
#3886 = CARTESIAN_POINT('',(304.53643201515,0.517146664718));
#3887 = CARTESIAN_POINT('',(304.3486159781,0.509405508645));
#3888 = CARTESIAN_POINT('',(304.27433425516,0.506647643721));
#3889 = CARTESIAN_POINT('',(304.19483141642,0.503966284477));
#3890 = CARTESIAN_POINT('',(304.11049507556,0.501364127031));
#3891 = CARTESIAN_POINT('',(304.02170051857,0.498842813367));
#3892 = CARTESIAN_POINT('',(303.92879931882,0.496403116801));
#3893 = CARTESIAN_POINT('',(303.69679742055,0.490745341722));
#3894 = CARTESIAN_POINT('',(303.55408361804,0.487606014312));
#3895 = CARTESIAN_POINT('',(303.40482091681,0.4846268122));
#3896 = CARTESIAN_POINT('',(303.24978257088,0.481806121305));
#3897 = CARTESIAN_POINT('',(303.08965103947,0.479141326578));
#3898 = CARTESIAN_POINT('',(302.92500831052,0.476629092092));
#3899 = CARTESIAN_POINT('',(302.49203988226,0.470562652738));
#3900 = CARTESIAN_POINT('',(302.21794863787,0.46722643372));
#3901 = CARTESIAN_POINT('',(301.93584942851,0.464241570366));
#3902 = CARTESIAN_POINT('',(301.64724838026,0.461595448248));
#3903 = CARTESIAN_POINT('',(301.35339621494,0.459276656211));
#3904 = CARTESIAN_POINT('',(301.05529540797,0.45727477726));
#3905 = CARTESIAN_POINT('',(300.46646006385,0.453969178714));
#3906 = CARTESIAN_POINT('',(300.17614495711,0.452637193131));
#3907 = CARTESIAN_POINT('',(299.88342885598,0.45157849152));
#3908 = CARTESIAN_POINT('',(299.5889556709,0.450788118602));
#3909 = CARTESIAN_POINT('',(299.29332293227,0.450262634236));
#3910 = CARTESIAN_POINT('',(298.99708178699,0.45));
#3911 = CARTESIAN_POINT('',(298.70073220243,0.45));
#3912 = ( GEOMETRIC_REPRESENTATION_CONTEXT(2) 
PARAMETRIC_REPRESENTATION_CONTEXT() REPRESENTATION_CONTEXT('2D SPACE',''
  ) );
#3913 = PCURVE('',#1110,#3914);
#3914 = DEFINITIONAL_REPRESENTATION('',(#3915),#3948);
#3915 = B_SPLINE_CURVE_WITH_KNOTS('',7,(#3916,#3917,#3918,#3919,#3920,
    #3921,#3922,#3923,#3924,#3925,#3926,#3927,#3928,#3929,#3930,#3931,
    #3932,#3933,#3934,#3935,#3936,#3937,#3938,#3939,#3940,#3941,#3942,
    #3943,#3944,#3945,#3946,#3947),.UNSPECIFIED.,.F.,.F.,(8,6,6,6,6,8),(
    0.,0.206180354426,0.325018310121,0.491320923079,0.751879173078,1.),
  .UNSPECIFIED.);
#3916 = CARTESIAN_POINT('',(0.,10.85653413199));
#3917 = CARTESIAN_POINT('',(5.641252289769E-02,10.873690934315));
#3918 = CARTESIAN_POINT('',(0.112973950456,10.888757770485));
#3919 = CARTESIAN_POINT('',(0.169278932689,10.901497633005));
#3920 = CARTESIAN_POINT('',(0.225057301556,10.911859802286));
#3921 = CARTESIAN_POINT('',(0.280095150525,10.919926067109));
#3922 = CARTESIAN_POINT('',(0.334212570676,10.925860690565));
#3923 = CARTESIAN_POINT('',(0.417814677767,10.932187076283));
#3924 = CARTESIAN_POINT('',(0.448043344094,10.933863410218));
#3925 = CARTESIAN_POINT('',(0.477919335649,10.93494330034));
#3926 = CARTESIAN_POINT('',(0.507435727374,10.935469993266));
#3927 = CARTESIAN_POINT('',(0.536591436477,10.935487671126));
#3928 = CARTESIAN_POINT('',(0.565390475725,10.935039508543));
#3929 = CARTESIAN_POINT('',(0.633655345929,10.932942957624));
#3930 = CARTESIAN_POINT('',(0.672781976745,10.930886887699));
#3931 = CARTESIAN_POINT('',(0.711250716494,10.928109105585));
#3932 = CARTESIAN_POINT('',(0.749093066744,10.924710703781));
#3933 = CARTESIAN_POINT('',(0.786343865442,10.920781496786));
#3934 = CARTESIAN_POINT('',(0.82304273903,10.91639923636));
#3935 = CARTESIAN_POINT('',(0.915941438568,10.904154683435));
#3936 = CARTESIAN_POINT('',(0.971381581304,10.895731119699));
#3937 = CARTESIAN_POINT('',(1.025740368349,10.88660939177));
#3938 = CARTESIAN_POINT('',(1.079161454177,10.876977848587));
#3939 = CARTESIAN_POINT('',(1.131773988684,10.866975619016));
#3940 = CARTESIAN_POINT('',(1.183709534322,10.856701836712));
#3941 = CARTESIAN_POINT('',(1.284056291832,10.83623928688));
#3942 = CARTESIAN_POINT('',(1.332502121241,10.826073372945));
#3943 = CARTESIAN_POINT('',(1.38055981709,10.815778919924));
#3944 = CARTESIAN_POINT('',(1.428326466487,10.805391727633));
#3945 = CARTESIAN_POINT('',(1.475892760268,10.794931043577));
#3946 = CARTESIAN_POINT('',(1.523350198065,10.784401254212));
#3947 = CARTESIAN_POINT('',(1.570796326795,10.773791360582));
#3948 = ( GEOMETRIC_REPRESENTATION_CONTEXT(2) 
PARAMETRIC_REPRESENTATION_CONTEXT() REPRESENTATION_CONTEXT('2D SPACE',''
  ) );
#3949 = ORIENTED_EDGE('',*,*,#3950,.T.);
#3950 = EDGE_CURVE('',#3841,#3951,#3953,.T.);
#3951 = VERTEX_POINT('',#3952);
#3952 = CARTESIAN_POINT('',(-163.,-10.,-86.2262086394));
#3953 = SURFACE_CURVE('',#3954,(#3999,#4047),.PCURVE_S1.);
#3954 = B_SPLINE_CURVE_WITH_KNOTS('',7,(#3955,#3956,#3957,#3958,#3959,
    #3960,#3961,#3962,#3963,#3964,#3965,#3966,#3967,#3968,#3969,#3970,
    #3971,#3972,#3973,#3974,#3975,#3976,#3977,#3978,#3979,#3980,#3981,
    #3982,#3983,#3984,#3985,#3986,#3987,#3988,#3989,#3990,#3991,#3992,
    #3993,#3994,#3995,#3996,#3997,#3998),.UNSPECIFIED.,.F.,.F.,(8,6,6,6,
    6,6,6,8),(0.,0.477490886096,0.63837868902,0.689479046848,
    0.727212107471,0.793798257633,0.933614798052,1.),.UNSPECIFIED.);
#3955 = CARTESIAN_POINT('',(-163.,10.,-86.22620863941));
#3956 = CARTESIAN_POINT('',(-163.,9.047879348354,-86.26169414379));
#3957 = CARTESIAN_POINT('',(-163.,8.095499689605,-86.28926898261));
#3958 = CARTESIAN_POINT('',(-163.,7.142928378093,-86.30998963813));
#3959 = CARTESIAN_POINT('',(-163.,6.190220181371,-86.32491446787));
#3960 = CARTESIAN_POINT('',(-163.,5.237417243348,-86.33510269643));
#3961 = CARTESIAN_POINT('',(-163.,4.28454904742,-86.3416134072));
#3962 = CARTESIAN_POINT('',(-163.,3.010552598778,-86.34681562692));
#3963 = CARTESIAN_POINT('',(-163.,2.689467689594,-86.34782932269));
#3964 = CARTESIAN_POINT('',(-163.,2.368378481711,-86.34858610239));
#3965 = CARTESIAN_POINT('',(-163.,2.047285751221,-86.34912644242));
#3966 = CARTESIAN_POINT('',(-163.,1.726190220642,-86.3494908147));
#3967 = CARTESIAN_POINT('',(-163.,1.40509255893,-86.3497196866));
#3968 = CARTESIAN_POINT('',(-163.,0.982007509523,-86.34989602876));
#3969 = CARTESIAN_POINT('',(-163.,0.827593328113,-86.3499512249));
#3970 = CARTESIAN_POINT('',(-163.,0.683794177407,-86.34997241279));
#3971 = CARTESIAN_POINT('',(-163.,0.576562312914,-86.34998041319));
#3972 = CARTESIAN_POINT('',(-163.,0.493043696197,-86.34999184231));
#3973 = CARTESIAN_POINT('',(-163.,0.379859609459,-86.34999878427));
#3974 = CARTESIAN_POINT('',(-163.,-3.470708478581E-02,-86.35000065076));
#3975 = CARTESIAN_POINT('',(-163.,-0.210799323727,-86.34999877974));
#3976 = CARTESIAN_POINT('',(-163.,-0.386891516588,-86.3500044228));
#3977 = CARTESIAN_POINT('',(-163.,-0.562983567866,-86.34999287398));
#3978 = CARTESIAN_POINT('',(-163.,-0.739075370709,-86.34997079586));
#3979 = CARTESIAN_POINT('',(-163.,-0.915166824758,-86.34992488124));
#3980 = CARTESIAN_POINT('',(-163.,-1.401999162959,-86.34971916539));
#3981 = CARTESIAN_POINT('',(-163.,-1.712739073304,-86.3494982411));
#3982 = CARTESIAN_POINT('',(-163.,-2.023476996228,-86.34915102714));
#3983 = CARTESIAN_POINT('',(-163.,-2.334212325958,-86.34864084733));
#3984 = CARTESIAN_POINT('',(-163.,-2.644944410361,-86.34793102157));
#3985 = CARTESIAN_POINT('',(-163.,-2.955672550945,-86.34698486584));
#3986 = CARTESIAN_POINT('',(-163.,-3.918848171494,-86.34320569063));
#3987 = CARTESIAN_POINT('',(-163.,-4.571279138406,-86.33944196323));
#3988 = CARTESIAN_POINT('',(-163.,-5.223682647431,-86.33413476304));
#3989 = CARTESIAN_POINT('',(-163.,-5.876050128943,-86.3269443136));
#3990 = CARTESIAN_POINT('',(-163.,-6.528370699856,-86.31753080898));
#3991 = CARTESIAN_POINT('',(-163.,-7.180631163625,-86.30555441369));
#3992 = CARTESIAN_POINT('',(-163.,-8.142474814701,-86.28361060909));
#3993 = CARTESIAN_POINT('',(-163.,-8.452116461189,-86.2758915837));
#3994 = CARTESIAN_POINT('',(-163.,-8.76173920787,-86.26748181618));
#3995 = CARTESIAN_POINT('',(-163.,-9.071341131199,-86.25834495678));
#3996 = CARTESIAN_POINT('',(-163.,-9.380920125925,-86.24844467639));
#3997 = CARTESIAN_POINT('',(-163.,-9.690473905082,-86.23774466654));
#3998 = CARTESIAN_POINT('',(-163.,-10.,-86.2262086394));
#3999 = PCURVE('',#110,#4000);
#4000 = DEFINITIONAL_REPRESENTATION('',(#4001),#4046);
#4001 = B_SPLINE_CURVE_WITH_KNOTS('',7,(#4002,#4003,#4004,#4005,#4006,
    #4007,#4008,#4009,#4010,#4011,#4012,#4013,#4014,#4015,#4016,#4017,
    #4018,#4019,#4020,#4021,#4022,#4023,#4024,#4025,#4026,#4027,#4028,
    #4029,#4030,#4031,#4032,#4033,#4034,#4035,#4036,#4037,#4038,#4039,
    #4040,#4041,#4042,#4043,#4044,#4045),.UNSPECIFIED.,.F.,.F.,(8,6,6,6,
    6,6,6,8),(0.,0.477490886096,0.63837868902,0.689479046848,
    0.727212107471,0.793798257633,0.933614798052,1.),.UNSPECIFIED.);
#4002 = CARTESIAN_POINT('',(298.70073221129,0.45));
#4003 = CARTESIAN_POINT('',(297.7095710526,0.45));
#4004 = CARTESIAN_POINT('',(296.71838187074,0.45));
#4005 = CARTESIAN_POINT('',(295.72720259487,0.45));
#4006 = CARTESIAN_POINT('',(294.73605797783,0.45));
#4007 = CARTESIAN_POINT('',(293.74495960712,0.45));
#4008 = CARTESIAN_POINT('',(292.75390591589,0.45));
#4009 = CARTESIAN_POINT('',(291.4289624608,0.45));
#4010 = CARTESIAN_POINT('',(291.09504651883,0.45));
#4011 = CARTESIAN_POINT('',(290.76113399932,0.45));
#4012 = CARTESIAN_POINT('',(290.42722447799,0.45));
#4013 = CARTESIAN_POINT('',(290.093317475,0.45));
#4014 = CARTESIAN_POINT('',(289.75941245492,0.45));
#4015 = CARTESIAN_POINT('',(289.31945607095,0.45));
#4016 = CARTESIAN_POINT('',(289.1588846129,0.45));
#4017 = CARTESIAN_POINT('',(289.00935240049,0.45));
#4018 = CARTESIAN_POINT('',(288.89784561602,0.45));
#4019 = CARTESIAN_POINT('',(288.81099727656,0.45));
#4020 = CARTESIAN_POINT('',(288.69330100833,0.45));
#4021 = CARTESIAN_POINT('',(288.26220811528,0.45));
#4022 = CARTESIAN_POINT('',(288.07909628908,0.45));
#4023 = CARTESIAN_POINT('',(287.89598442422,0.45));
#4024 = CARTESIAN_POINT('',(287.712872417,0.45));
#4025 = CARTESIAN_POINT('',(287.52976017553,0.45));
#4026 = CARTESIAN_POINT('',(287.34664760115,0.45));
#4027 = CARTESIAN_POINT('',(286.84040179442,0.45));
#4028 = CARTESIAN_POINT('',(286.51726767496,0.45));
#4029 = CARTESIAN_POINT('',(286.19413170822,0.45));
#4030 = CARTESIAN_POINT('',(285.87099340843,0.45));
#4031 = CARTESIAN_POINT('',(285.54785233788,0.45));
#4032 = CARTESIAN_POINT('',(285.22470810696,0.45));
#4033 = CARTESIAN_POINT('',(284.22301989789,0.45));
#4034 = CARTESIAN_POINT('',(283.54446453259,0.45));
#4035 = CARTESIAN_POINT('',(282.86589044858,0.45));
#4036 = CARTESIAN_POINT('',(282.18729622092,0.45));
#4037 = CARTESIAN_POINT('',(281.50868282951,0.45));
#4038 = CARTESIAN_POINT('',(280.83005365902,0.45));
#4039 = CARTESIAN_POINT('',(279.82919512805,0.45));
#4040 = CARTESIAN_POINT('',(279.5069736378,0.45));
#4041 = CARTESIAN_POINT('',(279.18475070775,0.45));
#4042 = CARTESIAN_POINT('',(278.86252722103,0.45));
#4043 = CARTESIAN_POINT('',(278.54030426435,0.45));
#4044 = CARTESIAN_POINT('',(278.21808312796,0.45));
#4045 = CARTESIAN_POINT('',(277.89586530572,0.45));
#4046 = ( GEOMETRIC_REPRESENTATION_CONTEXT(2) 
PARAMETRIC_REPRESENTATION_CONTEXT() REPRESENTATION_CONTEXT('2D SPACE',''
  ) );
#4047 = PCURVE('',#1082,#4048);
#4048 = DEFINITIONAL_REPRESENTATION('',(#4049),#4094);
#4049 = B_SPLINE_CURVE_WITH_KNOTS('',7,(#4050,#4051,#4052,#4053,#4054,
    #4055,#4056,#4057,#4058,#4059,#4060,#4061,#4062,#4063,#4064,#4065,
    #4066,#4067,#4068,#4069,#4070,#4071,#4072,#4073,#4074,#4075,#4076,
    #4077,#4078,#4079,#4080,#4081,#4082,#4083,#4084,#4085,#4086,#4087,
    #4088,#4089,#4090,#4091,#4092,#4093),.UNSPECIFIED.,.F.,.F.,(8,6,6,6,
    6,6,6,8),(0.,0.477490886096,0.63837868902,0.689479046848,
    0.727212107471,0.793798257633,0.933614798052,1.),.UNSPECIFIED.);
#4050 = CARTESIAN_POINT('',(6.,-10.77379136058));
#4051 = CARTESIAN_POINT('',(6.952120651646,-10.7383058562));
#4052 = CARTESIAN_POINT('',(7.904500310395,-10.71073101738));
#4053 = CARTESIAN_POINT('',(8.857071621907,-10.69001036186));
#4054 = CARTESIAN_POINT('',(9.809779818629,-10.67508553212));
#4055 = CARTESIAN_POINT('',(10.762582756652,-10.66489730356));
#4056 = CARTESIAN_POINT('',(11.71545095258,-10.65838659279));
#4057 = CARTESIAN_POINT('',(12.989447401222,-10.65318437307));
#4058 = CARTESIAN_POINT('',(13.310532310406,-10.6521706773));
#4059 = CARTESIAN_POINT('',(13.631621518289,-10.6514138976));
#4060 = CARTESIAN_POINT('',(13.952714248779,-10.65087355757));
#4061 = CARTESIAN_POINT('',(14.273809779358,-10.65050918529));
#4062 = CARTESIAN_POINT('',(14.59490744107,-10.65028031339));
#4063 = CARTESIAN_POINT('',(15.017992490477,-10.65010397123));
#4064 = CARTESIAN_POINT('',(15.172406671887,-10.6500487751));
#4065 = CARTESIAN_POINT('',(15.316205822593,-10.6500275872));
#4066 = CARTESIAN_POINT('',(15.423437687086,-10.6500195868));
#4067 = CARTESIAN_POINT('',(15.506956303803,-10.65000815768));
#4068 = CARTESIAN_POINT('',(15.620140390541,-10.65000121572));
#4069 = CARTESIAN_POINT('',(16.034707084786,-10.64999934923));
#4070 = CARTESIAN_POINT('',(16.210799323727,-10.65000122025));
#4071 = CARTESIAN_POINT('',(16.386891516588,-10.64999557719));
#4072 = CARTESIAN_POINT('',(16.562983567866,-10.65000712601));
#4073 = CARTESIAN_POINT('',(16.739075370709,-10.65002920413));
#4074 = CARTESIAN_POINT('',(16.915166824758,-10.65007511875));
#4075 = CARTESIAN_POINT('',(17.401999162959,-10.6502808346));
#4076 = CARTESIAN_POINT('',(17.712739073304,-10.65050175889));
#4077 = CARTESIAN_POINT('',(18.023476996228,-10.65084897285));
#4078 = CARTESIAN_POINT('',(18.334212325958,-10.65135915266));
#4079 = CARTESIAN_POINT('',(18.644944410361,-10.65206897842));
#4080 = CARTESIAN_POINT('',(18.955672550945,-10.65301513415));
#4081 = CARTESIAN_POINT('',(19.918848171494,-10.65679430936));
#4082 = CARTESIAN_POINT('',(20.571279138406,-10.66055803676));
#4083 = CARTESIAN_POINT('',(21.223682647431,-10.66586523695));
#4084 = CARTESIAN_POINT('',(21.876050128943,-10.67305568639));
#4085 = CARTESIAN_POINT('',(22.528370699856,-10.68246919101));
#4086 = CARTESIAN_POINT('',(23.180631163625,-10.6944455863));
#4087 = CARTESIAN_POINT('',(24.142474814701,-10.7163893909));
#4088 = CARTESIAN_POINT('',(24.452116461189,-10.7241084163));
#4089 = CARTESIAN_POINT('',(24.76173920787,-10.73251818381));
#4090 = CARTESIAN_POINT('',(25.071341131199,-10.74165504321));
#4091 = CARTESIAN_POINT('',(25.380920125925,-10.7515553236));
#4092 = CARTESIAN_POINT('',(25.690473905082,-10.76225533345));
#4093 = CARTESIAN_POINT('',(26.,-10.77379136059));
#4094 = ( GEOMETRIC_REPRESENTATION_CONTEXT(2) 
PARAMETRIC_REPRESENTATION_CONTEXT() REPRESENTATION_CONTEXT('2D SPACE',''
  ) );
#4095 = ORIENTED_EDGE('',*,*,#4096,.F.);
#4096 = EDGE_CURVE('',#4097,#3951,#4099,.T.);
#4097 = VERTEX_POINT('',#4098);
#4098 = CARTESIAN_POINT('',(-157.,-16.,-86.14346586803));
#4099 = SURFACE_CURVE('',#4100,(#4133,#4184),.PCURVE_S1.);
#4100 = B_SPLINE_CURVE_WITH_KNOTS('',7,(#4101,#4102,#4103,#4104,#4105,
    #4106,#4107,#4108,#4109,#4110,#4111,#4112,#4113,#4114,#4115,#4116,
    #4117,#4118,#4119,#4120,#4121,#4122,#4123,#4124,#4125,#4126,#4127,
    #4128,#4129,#4130,#4131,#4132),.UNSPECIFIED.,.F.,.F.,(8,6,6,6,6,8),(
    0.,0.632680737229,1.,1.547324034434,2.417741676151,3.212656426434),
  .UNSPECIFIED.);
#4101 = CARTESIAN_POINT('',(-157.,-16.,-86.14346586803));
#4102 = CARTESIAN_POINT('',(-157.3232776586,-16.,-86.12707940335));
#4103 = CARTESIAN_POINT('',(-157.6473575905,-15.97967886201,
    -86.11260008962));
#4104 = CARTESIAN_POINT('',(-157.9686143764,-15.93885541422,
    -86.10023277093));
#4105 = CARTESIAN_POINT('',(-158.2840388226,-15.87827984162,
    -86.09002961529));
#4106 = CARTESIAN_POINT('',(-158.5911327478,-15.79924808557,
    -86.08193059053));
#4107 = CARTESIAN_POINT('',(-158.8878646121,-15.70344618636,
    -86.07580278806));
#4108 = CARTESIAN_POINT('',(-159.3379641575,-15.52859680253,
    -86.06895453208));
#4109 = CARTESIAN_POINT('',(-159.4993579564,-15.45933773711,
    -86.06704269086));
#4110 = CARTESIAN_POINT('',(-159.6565800581,-15.3853838059,
    -86.06569974539));
#4111 = CARTESIAN_POINT('',(-159.809463278,-15.30707411674,
    -86.0648877526));
#4112 = CARTESIAN_POINT('',(-159.9578987776,-15.22473850883,
    -86.06456738162));
#4113 = CARTESIAN_POINT('',(-160.1018263312,-15.13868782904,
    -86.06469970947));
#4114 = CARTESIAN_POINT('',(-160.4489349609,-14.91586914703,
    -86.06606502242));
#4115 = CARTESIAN_POINT('',(-160.646558358,-14.77493251835,
    -86.06780549473));
#4116 = CARTESIAN_POINT('',(-160.8340704672,-14.62731010154,
    -86.07034630261));
#4117 = CARTESIAN_POINT('',(-161.011546619,-14.47382966472,
    -86.07357500565));
#4118 = CARTESIAN_POINT('',(-161.1791399833,-14.31521928874,
    -86.07739118845));
#4119 = CARTESIAN_POINT('',(-161.3370597604,-14.15209569116,
    -86.08170779487));
#4120 = CARTESIAN_POINT('',(-161.7216946351,-13.7191422999,
    -86.09399797798));
#4121 = CARTESIAN_POINT('',(-161.9338735543,-13.44329771178,
    -86.10262202849));
#4122 = CARTESIAN_POINT('',(-162.1231434182,-13.1593804465,
    -86.11203098545));
#4123 = CARTESIAN_POINT('',(-162.2903466667,-12.86901402841,
    -86.12200734159));
#4124 = CARTESIAN_POINT('',(-162.4362741771,-12.57354013637,
    -86.13239070775));
#4125 = CARTESIAN_POINT('',(-162.5616267604,-12.27400869156,
    -86.14306924157));
#4126 = CARTESIAN_POINT('',(-162.7631656573,-11.69459940944,
    -86.1639284138));
#4127 = CARTESIAN_POINT('',(-162.8426402986,-11.41536630172,
    -86.17406812234));
#4128 = CARTESIAN_POINT('',(-162.9058112012,-11.13411262869,
    -86.18433529818));
#4129 = CARTESIAN_POINT('',(-162.9529725377,-10.85142815015,
    -86.19469454445));
#4130 = CARTESIAN_POINT('',(-162.9843284926,-10.56785556706,
    -86.20512684681));
#4131 = CARTESIAN_POINT('',(-163.,-10.28389396779,-86.21562792087));
#4132 = CARTESIAN_POINT('',(-163.,-10.,-86.2262086394));
#4133 = PCURVE('',#110,#4134);
#4134 = DEFINITIONAL_REPRESENTATION('',(#4135),#4183);
#4135 = B_SPLINE_CURVE_WITH_KNOTS('',3,(#4136,#4137,#4138,#4139,#4140,
    #4141,#4142,#4143,#4144,#4145,#4146,#4147,#4148,#4149,#4150,#4151,
    #4152,#4153,#4154,#4155,#4156,#4157,#4158,#4159,#4160,#4161,#4162,
    #4163,#4164,#4165,#4166,#4167,#4168,#4169,#4170,#4171,#4172,#4173,
    #4174,#4175,#4176,#4177,#4178,#4179,#4180,#4181,#4182),
  .UNSPECIFIED.,.F.,.F.,(4,1,1,1,1,1,1,1,1,1,1,1,1,1,1,1,1,1,1,1,1,1,1,1
    ,1,1,1,1,1,1,1,1,1,1,1,1,1,1,1,1,1,1,1,1,4),(0.,7.301491878259E-02,
    0.146029837565,0.219044756348,0.29205967513,0.365074593913,
    0.438089512696,0.511104431478,0.584119350261,0.657134269043,
    0.730149187826,0.803164106609,0.876179025391,0.949193944174,
    1.022208862956,1.095223781739,1.168238700521,1.241253619304,
    1.314268538087,1.387283456869,1.460298375652,1.533313294434,
    1.606328213217,1.679343132,1.752358050782,1.825372969565,
    1.898387888347,1.97140280713,2.044417725913,2.117432644695,
    2.190447563478,2.26346248226,2.336477401043,2.409492319826,
    2.482507238608,2.555522157391,2.628537076173,2.701551994956,
    2.774566913739,2.847581832521,2.920596751304,2.993611670086,
    3.066626588869,3.139641507651,3.212656426434),
  .QUASI_UNIFORM_KNOTS.);
#4136 = CARTESIAN_POINT('',(271.7628998139,0.55));
#4137 = CARTESIAN_POINT('',(271.76114421118,0.548549011658));
#4138 = CARTESIAN_POINT('',(271.76159846019,0.545644996906));
#4139 = CARTESIAN_POINT('',(271.77406475505,0.54130003666));
#4140 = CARTESIAN_POINT('',(271.79824926038,0.536983859076));
#4141 = CARTESIAN_POINT('',(271.83392870633,0.532712278521));
#4142 = CARTESIAN_POINT('',(271.88079579319,0.528499949021));
#4143 = CARTESIAN_POINT('',(271.93845649752,0.524360216582));
#4144 = CARTESIAN_POINT('',(272.00644293833,0.520305298324));
#4145 = CARTESIAN_POINT('',(272.08422940361,0.516346004332));
#4146 = CARTESIAN_POINT('',(272.17121204195,0.512492925135));
#4147 = CARTESIAN_POINT('',(272.2668477903,0.508751211357));
#4148 = CARTESIAN_POINT('',(272.37057581036,0.50512576702));
#4149 = CARTESIAN_POINT('',(272.4818305699,0.501620629944));
#4150 = CARTESIAN_POINT('',(272.60006446936,0.498238543105));
#4151 = CARTESIAN_POINT('',(272.7247562202,0.494981144001));
#4152 = CARTESIAN_POINT('',(272.85539979269,0.491849493783));
#4153 = CARTESIAN_POINT('',(272.99153856993,0.488843433588));
#4154 = CARTESIAN_POINT('',(273.13274125093,0.485962433949));
#4155 = CARTESIAN_POINT('',(273.27860303047,0.48320560811));
#4156 = CARTESIAN_POINT('',(273.42874735866,0.480571753105));
#4157 = CARTESIAN_POINT('',(273.58282619338,0.478059404115));
#4158 = CARTESIAN_POINT('',(273.74052567811,0.475666808187));
#4159 = CARTESIAN_POINT('',(273.90155159641,0.473392207472));
#4160 = CARTESIAN_POINT('',(274.06561163861,0.471234034737));
#4161 = CARTESIAN_POINT('',(274.23247551596,0.469190143368));
#4162 = CARTESIAN_POINT('',(274.40191515035,0.467258665551));
#4163 = CARTESIAN_POINT('',(274.57371902303,0.465437777846));
#4164 = CARTESIAN_POINT('',(274.74768796422,0.463725748156));
#4165 = CARTESIAN_POINT('',(274.92363601548,0.462120912704));
#4166 = CARTESIAN_POINT('',(275.1013900623,0.460621676337));
#4167 = CARTESIAN_POINT('',(275.28078975087,0.459226511504));
#4168 = CARTESIAN_POINT('',(275.46168787,0.457933958369));
#4169 = CARTESIAN_POINT('',(275.6439488959,0.456742638108));
#4170 = CARTESIAN_POINT('',(275.82745466284,0.455651225903));
#4171 = CARTESIAN_POINT('',(276.01208354521,0.45465858275));
#4172 = CARTESIAN_POINT('',(276.19769565796,0.453763777326));
#4173 = CARTESIAN_POINT('',(276.38419027853,0.452965789972));
#4174 = CARTESIAN_POINT('',(276.57146071488,0.452263765242));
#4175 = CARTESIAN_POINT('',(276.75940543529,0.451656937492));
#4176 = CARTESIAN_POINT('',(276.94792473841,0.451144643914));
#4177 = CARTESIAN_POINT('',(277.13692200904,0.450726316276));
#4178 = CARTESIAN_POINT('',(277.3263035066,0.450401479359));
#4179 = CARTESIAN_POINT('',(277.51597844161,0.450169753706));
#4180 = CARTESIAN_POINT('',(277.70585857153,0.450030844198));
#4181 = CARTESIAN_POINT('',(277.83252584082,0.450000008402));
#4182 = CARTESIAN_POINT('',(277.89586535233,0.45));
#4183 = ( GEOMETRIC_REPRESENTATION_CONTEXT(2) 
PARAMETRIC_REPRESENTATION_CONTEXT() REPRESENTATION_CONTEXT('2D SPACE',''
  ) );
#4184 = PCURVE('',#1055,#4185);
#4185 = DEFINITIONAL_REPRESENTATION('',(#4186),#4234);
#4186 = B_SPLINE_CURVE_WITH_KNOTS('',3,(#4187,#4188,#4189,#4190,#4191,
    #4192,#4193,#4194,#4195,#4196,#4197,#4198,#4199,#4200,#4201,#4202,
    #4203,#4204,#4205,#4206,#4207,#4208,#4209,#4210,#4211,#4212,#4213,
    #4214,#4215,#4216,#4217,#4218,#4219,#4220,#4221,#4222,#4223,#4224,
    #4225,#4226,#4227,#4228,#4229,#4230,#4231,#4232,#4233),
  .UNSPECIFIED.,.F.,.F.,(4,1,1,1,1,1,1,1,1,1,1,1,1,1,1,1,1,1,1,1,1,1,1,1
    ,1,1,1,1,1,1,1,1,1,1,1,1,1,1,1,1,1,1,1,1,4),(0.,7.301491878259E-02,
    0.146029837565,0.219044756348,0.29205967513,0.365074593913,
    0.438089512696,0.511104431478,0.584119350261,0.657134269043,
    0.730149187826,0.803164106609,0.876179025391,0.949193944174,
    1.022208862956,1.095223781739,1.168238700521,1.241253619304,
    1.314268538087,1.387283456869,1.460298375652,1.533313294434,
    1.606328213217,1.679343132,1.752358050782,1.825372969565,
    1.898387888347,1.97140280713,2.044417725913,2.117432644695,
    2.190447563478,2.26346248226,2.336477401043,2.409492319826,
    2.482507238608,2.555522157391,2.628537076173,2.701551994956,
    2.774566913739,2.847581832521,2.920596751304,2.993611670086,
    3.066626588869,3.139641507651,3.212656426434),
  .QUASI_UNIFORM_KNOTS.);
#4187 = CARTESIAN_POINT('',(0.,10.856534131962));
#4188 = CARTESIAN_POINT('',(-1.450975344602E-02,10.860948364238));
#4189 = CARTESIAN_POINT('',(-4.355008267782E-02,10.869414757453));
#4190 = CARTESIAN_POINT('',(-8.70822101689E-02,10.880995410748));
#4191 = CARTESIAN_POINT('',(-0.130490703165,10.891416931364));
#4192 = CARTESIAN_POINT('',(-0.173695815196,10.900665280861));
#4193 = CARTESIAN_POINT('',(-0.216625210985,10.908740996249));
#4194 = CARTESIAN_POINT('',(-0.259214107415,10.915659800861));
#4195 = CARTESIAN_POINT('',(-0.301402527669,10.921449950421));
#4196 = CARTESIAN_POINT('',(-0.343137564421,10.926150810051));
#4197 = CARTESIAN_POINT('',(-0.384359918014,10.929810207728));
#4198 = CARTESIAN_POINT('',(-0.425060023394,10.932486747715));
#4199 = CARTESIAN_POINT('',(-0.465224307431,10.93424106055));
#4200 = CARTESIAN_POINT('',(-0.504841681173,10.935135763723));
#4201 = CARTESIAN_POINT('',(-0.543908871161,10.935234474899));
#4202 = CARTESIAN_POINT('',(-0.582429372374,10.934600200073));
#4203 = CARTESIAN_POINT('',(-0.620408046667,10.933294387795));
#4204 = CARTESIAN_POINT('',(-0.657859729993,10.9313761897));
#4205 = CARTESIAN_POINT('',(-0.694800205395,10.928901613392));
#4206 = CARTESIAN_POINT('',(-0.731246513363,10.925923527222));
#4207 = CARTESIAN_POINT('',(-0.767217093579,10.9224914715));
#4208 = CARTESIAN_POINT('',(-0.802731695824,10.918651556538));
#4209 = CARTESIAN_POINT('',(-0.837812502452,10.914446206949));
#4210 = CARTESIAN_POINT('',(-0.872480764001,10.909914434063));
#4211 = CARTESIAN_POINT('',(-0.906753649237,10.905092762889));
#4212 = CARTESIAN_POINT('',(-0.940656934247,10.900013345169));
#4213 = CARTESIAN_POINT('',(-0.974212332766,10.894705827561));
#4214 = CARTESIAN_POINT('',(-1.007441062292,10.889197093946));
#4215 = CARTESIAN_POINT('',(-1.040363260701,10.883511523701));
#4216 = CARTESIAN_POINT('',(-1.072998465311,10.877671095443));
#4217 = CARTESIAN_POINT('',(-1.105365775397,10.871695516064));
#4218 = CARTESIAN_POINT('',(-1.137484049217,10.865602334957));
#4219 = CARTESIAN_POINT('',(-1.169372152258,10.859407032742));
#4220 = CARTESIAN_POINT('',(-1.20104887488,10.853123175957));
#4221 = CARTESIAN_POINT('',(-1.232534059682,10.846762291295));
#4222 = CARTESIAN_POINT('',(-1.263845181988,10.840334762243));
#4223 = CARTESIAN_POINT('',(-1.294995199056,10.833850259337));
#4224 = CARTESIAN_POINT('',(-1.326002384007,10.827315921419));
#4225 = CARTESIAN_POINT('',(-1.35688277759,10.820738145891));
#4226 = CARTESIAN_POINT('',(-1.387652334165,10.814122183117));
#4227 = CARTESIAN_POINT('',(-1.418326515056,10.807472298278));
#4228 = CARTESIAN_POINT('',(-1.448920553838,10.800791770602));
#4229 = CARTESIAN_POINT('',(-1.479449528967,10.794082937864));
#4230 = CARTESIAN_POINT('',(-1.509928491851,10.787347184677));
#4231 = CARTESIAN_POINT('',(-1.540372537398,10.780585072557));
#4232 = CARTESIAN_POINT('',(-1.560655536469,10.776058971747));
#4233 = CARTESIAN_POINT('',(-1.570796326795,10.773791360594));
#4234 = ( GEOMETRIC_REPRESENTATION_CONTEXT(2) 
PARAMETRIC_REPRESENTATION_CONTEXT() REPRESENTATION_CONTEXT('2D SPACE',''
  ) );
#4235 = ORIENTED_EDGE('',*,*,#4236,.T.);
#4236 = EDGE_CURVE('',#4097,#1414,#4237,.T.);
#4237 = SURFACE_CURVE('',#4238,(#4247,#4259),.PCURVE_S1.);
#4238 = B_SPLINE_CURVE_WITH_KNOTS('',4,(#4239,#4240,#4241,#4242,#4243,
    #4244,#4245,#4246),.UNSPECIFIED.,.F.,.F.,(5,3,5),(0.,0.500491699702,
    1.),.UNSPECIFIED.);
#4239 = CARTESIAN_POINT('',(-157.,-16.,-86.14346586803));
#4240 = CARTESIAN_POINT('',(-153.6217243785,-16.,-86.31470564502));
#4241 = CARTESIAN_POINT('',(-150.2434335737,-16.,-86.4859380561));
#4242 = CARTESIAN_POINT('',(-146.8651281476,-16.,-86.65716234158));
#4243 = CARTESIAN_POINT('',(-140.1151270346,-16.,-86.99925699734));
#4244 = CARTESIAN_POINT('',(-136.7434314028,-16.,-87.17012740133));
#4245 = CARTESIAN_POINT('',(-133.3717222348,-16.,-87.34098846865));
#4246 = CARTESIAN_POINT('',(-130.,-16.,-87.51183969393));
#4247 = PCURVE('',#110,#4248);
#4248 = DEFINITIONAL_REPRESENTATION('',(#4249),#4258);
#4249 = B_SPLINE_CURVE_WITH_KNOTS('',4,(#4250,#4251,#4252,#4253,#4254,
    #4255,#4256,#4257),.UNSPECIFIED.,.F.,.F.,(5,3,5),(0.,0.500491699702,
    1.),.UNSPECIFIED.);
#4250 = CARTESIAN_POINT('',(271.76289979992,0.55));
#4251 = CARTESIAN_POINT('',(271.8306298268,0.606304593691));
#4252 = CARTESIAN_POINT('',(271.89762093214,0.662609440438));
#4253 = CARTESIAN_POINT('',(271.96389102014,0.718914530872));
#4254 = CARTESIAN_POINT('',(272.0948942299,0.831414549422));
#4255 = CARTESIAN_POINT('',(272.15963010107,0.887609476619));
#4256 = CARTESIAN_POINT('',(272.22368143629,0.943804629419));
#4257 = CARTESIAN_POINT('',(272.28706400576,1.));
#4258 = ( GEOMETRIC_REPRESENTATION_CONTEXT(2) 
PARAMETRIC_REPRESENTATION_CONTEXT() REPRESENTATION_CONTEXT('2D SPACE',''
  ) );
#4259 = PCURVE('',#1027,#4260);
#4260 = DEFINITIONAL_REPRESENTATION('',(#4261),#4270);
#4261 = B_SPLINE_CURVE_WITH_KNOTS('',4,(#4262,#4263,#4264,#4265,#4266,
    #4267,#4268,#4269),.UNSPECIFIED.,.F.,.F.,(5,3,5),(0.,0.500491699702,
    1.),.UNSPECIFIED.);
#4262 = CARTESIAN_POINT('',(6.,-10.85653413196));
#4263 = CARTESIAN_POINT('',(9.37827562146,-10.68529435497));
#4264 = CARTESIAN_POINT('',(12.756566426283,-10.5140619439));
#4265 = CARTESIAN_POINT('',(16.13487185231,-10.34283765841));
#4266 = CARTESIAN_POINT('',(22.884872965302,-10.00074300265));
#4267 = CARTESIAN_POINT('',(26.25656859712,-9.829872598662));
#4268 = CARTESIAN_POINT('',(29.628277765147,-9.659011531345));
#4269 = CARTESIAN_POINT('',(33.,-9.488160306066));
#4270 = ( GEOMETRIC_REPRESENTATION_CONTEXT(2) 
PARAMETRIC_REPRESENTATION_CONTEXT() REPRESENTATION_CONTEXT('2D SPACE',''
  ) );
#4271 = FACE_BOUND('',#4272,.F.);
#4272 = EDGE_LOOP('',(#4273));
#4273 = ORIENTED_EDGE('',*,*,#4274,.F.);
#4274 = EDGE_CURVE('',#4275,#4275,#4277,.T.);
#4275 = VERTEX_POINT('',#4276);
#4276 = CARTESIAN_POINT('',(-166.3,-18.,-85.45169123748));
#4277 = SURFACE_CURVE('',#4278,(#4358,#4475),.PCURVE_S1.);
#4278 = B_SPLINE_CURVE_WITH_KNOTS('',8,(#4279,#4280,#4281,#4282,#4283,
    #4284,#4285,#4286,#4287,#4288,#4289,#4290,#4291,#4292,#4293,#4294,
    #4295,#4296,#4297,#4298,#4299,#4300,#4301,#4302,#4303,#4304,#4305,
    #4306,#4307,#4308,#4309,#4310,#4311,#4312,#4313,#4314,#4315,#4316,
    #4317,#4318,#4319,#4320,#4321,#4322,#4323,#4324,#4325,#4326,#4327,
    #4328,#4329,#4330,#4331,#4332,#4333,#4334,#4335,#4336,#4337,#4338,
    #4339,#4340,#4341,#4342,#4343,#4344,#4345,#4346,#4347,#4348,#4349,
    #4350,#4351,#4352,#4353,#4354,#4355,#4356,#4357),.UNSPECIFIED.,.T.,
  .F.,(9,7,7,7,7,7,7,7,7,7,7,9),(0.,0.276643377988,0.577754240737,1.,
    1.307391639344,1.804308768079,2.2323484487,2.754815270461,
    3.437124645951,3.833535687861,4.301534466241,4.809916554323),
  .UNSPECIFIED.);
#4279 = CARTESIAN_POINT('',(-166.3,-18.,-85.45169123748));
#4280 = CARTESIAN_POINT('',(-166.3,-18.11256230289,-85.43775025601));
#4281 = CARTESIAN_POINT('',(-166.308518065,-18.22492542759,
    -85.4231926692));
#4282 = CARTESIAN_POINT('',(-166.3255006106,-18.33673535672,
    -85.40806353866));
#4283 = CARTESIAN_POINT('',(-166.3509843735,-18.44759082471,
    -85.39241282394));
#4284 = CARTESIAN_POINT('',(-166.3850598967,-18.55704494522,
    -85.37629787488));
#4285 = CARTESIAN_POINT('',(-166.427860892,-18.66460081591,
    -85.35978533851));
#4286 = CARTESIAN_POINT('',(-166.4795794805,-18.76970110052,
    -85.34295248065));
#4287 = CARTESIAN_POINT('',(-166.6068238526,-18.98274430561,
    -85.30731410326));
#4288 = CARTESIAN_POINT('',(-166.6760012674,-19.07663893399,
    -85.29072033596));
#4289 = CARTESIAN_POINT('',(-166.745692114,-19.15731942325,
    -85.27580396326));
#4290 = CARTESIAN_POINT('',(-166.8152500256,-19.22760029836,
    -85.26226297059));
#4291 = CARTESIAN_POINT('',(-166.8845663747,-19.28956214326,
    -85.2498462629));
#4292 = CARTESIAN_POINT('',(-166.9538673536,-19.34467397234,
    -85.2383567163));
#4293 = CARTESIAN_POINT('',(-167.0233773381,-19.3939190939,
    -85.2276596174));
#4294 = CARTESIAN_POINT('',(-167.1909631613,-19.49961179864,
    -85.20367958219));
#4295 = CARTESIAN_POINT('',(-167.296166251,-19.55532931872,
    -85.19010240403));
#4296 = CARTESIAN_POINT('',(-167.4084643983,-19.60391024722,
    -85.17715210605));
#4297 = CARTESIAN_POINT('',(-167.5272676382,-19.64408568274,
    -85.16507090572));
#4298 = CARTESIAN_POINT('',(-167.6516164845,-19.67461629361,
    -85.15411923173));
#4299 = CARTESIAN_POINT('',(-167.7801238016,-19.69440019998,
    -85.14455553598));
#4300 = CARTESIAN_POINT('',(-167.9109062401,-19.70268161669,
    -85.13660100607));
#4301 = CARTESIAN_POINT('',(-168.1365546542,-19.69717277415,
    -85.1258449803));
#4302 = CARTESIAN_POINT('',(-168.2315865733,-19.6887715147,
    -85.12222690197));
#4303 = CARTESIAN_POINT('',(-168.3256271574,-19.67428887214,
    -85.11957127583));
#4304 = CARTESIAN_POINT('',(-168.4178633463,-19.65393735858,
    -85.11788399921));
#4305 = CARTESIAN_POINT('',(-168.5076191648,-19.62807280913,
    -85.11713950134));
#4306 = CARTESIAN_POINT('',(-168.5943465771,-19.59714081289,
    -85.11729027727));
#4307 = CARTESIAN_POINT('',(-168.6776160487,-19.56163972813,
    -85.11827423645));
#4308 = CARTESIAN_POINT('',(-168.8856084392,-19.45818238133,
    -85.12284178145));
#4309 = CARTESIAN_POINT('',(-169.0041711299,-19.38374202419,
    -85.12765282926));
#4310 = CARTESIAN_POINT('',(-169.1121840792,-19.30067324614,
    -85.1341636419));
#4311 = CARTESIAN_POINT('',(-169.2094789802,-19.21071254037,
    -85.14208772566));
#4312 = CARTESIAN_POINT('',(-169.2961744085,-19.11535041502,
    -85.15117012426));
#4313 = CARTESIAN_POINT('',(-169.3725780941,-19.01578933326,
    -85.16119914263));
#4314 = CARTESIAN_POINT('',(-169.4390979121,-18.91291487281,
    -85.17201128219));
#4315 = CARTESIAN_POINT('',(-169.5452241745,-18.71622559338,
    -85.19339541405));
#4316 = CARTESIAN_POINT('',(-169.587223737,-18.62324222357,
    -85.20378090255));
#4317 = CARTESIAN_POINT('',(-169.622338623,-18.52871801017,
    -85.21457681883));
#4318 = CARTESIAN_POINT('',(-169.6507393567,-18.43302649574,
    -85.22571697732));
#4319 = CARTESIAN_POINT('',(-169.6725597832,-18.33650099336,
    -85.23714573416));
#4320 = CARTESIAN_POINT('',(-169.6879051367,-18.2394395989,
    -85.24881644577));
#4321 = CARTESIAN_POINT('',(-169.6968478641,-18.1421078104,
    -85.26069084436));
#4322 = CARTESIAN_POINT('',(-169.7025400284,-17.92588972367,
    -85.28744575753));
#4323 = CARTESIAN_POINT('',(-169.69616259,-17.80706810669,
    -85.30240127794));
#4324 = CARTESIAN_POINT('',(-169.6803448499,-17.68867455382,
    -85.31755433698));
#4325 = CARTESIAN_POINT('',(-169.6550362673,-17.57116633399,
    -85.33285651039));
#4326 = CARTESIAN_POINT('',(-169.6201098581,-17.45506558212,
    -85.348260394));
#4327 = CARTESIAN_POINT('',(-169.5753853486,-17.34096106404,
    -85.36371890328));
#4328 = CARTESIAN_POINT('',(-169.5206161616,-17.22951757535,
    -85.3791853958));
#4329 = CARTESIAN_POINT('',(-169.3702800852,-16.98045207247,
    -85.41476287198));
#4330 = CARTESIAN_POINT('',(-169.2674876996,-16.84546508688,
    -85.43481664689));
#4331 = CARTESIAN_POINT('',(-169.1460458308,-16.7178575961,
    -85.45472814359));
#4332 = CARTESIAN_POINT('',(-169.0049787675,-16.60038681526,
    -85.47429904591));
#4333 = CARTESIAN_POINT('',(-168.8440010377,-16.49710890734,
    -85.49318680189));
#4334 = CARTESIAN_POINT('',(-168.6641481019,-16.41263842661,
    -85.51096247939));
#4335 = CARTESIAN_POINT('',(-168.4680097029,-16.35237135571,
    -85.52704337773));
#4336 = CARTESIAN_POINT('',(-168.1413937247,-16.30154102204,
    -85.54877011756));
#4337 = CARTESIAN_POINT('',(-168.0181433292,-16.29239870364,
    -85.55594491619));
#4338 = CARTESIAN_POINT('',(-167.8936508388,-16.29359930332,
    -85.56213773783));
#4339 = CARTESIAN_POINT('',(-167.7697716205,-16.30530284322,
    -85.56724276671));
#4340 = CARTESIAN_POINT('',(-167.6482035351,-16.32720384924,
    -85.57119987851));
#4341 = CARTESIAN_POINT('',(-167.5304675348,-16.35862238094,
    -85.57398772577));
#4342 = CARTESIAN_POINT('',(-167.4178890516,-16.39854194389,
    -85.5756253277));
#4343 = CARTESIAN_POINT('',(-167.1860510286,-16.50122295888,
    -85.57682724194));
#4344 = CARTESIAN_POINT('',(-167.0688939369,-16.56696837534,
    -85.57596558515));
#4345 = CARTESIAN_POINT('',(-166.960912188,-16.64125616825,
    -85.5736871329));
#4346 = CARTESIAN_POINT('',(-166.8624484073,-16.72252635908,
    -85.57010537625));
#4347 = CARTESIAN_POINT('',(-166.7735398396,-16.80939683764,
    -85.56533582361));
#4348 = CARTESIAN_POINT('',(-166.6940139044,-16.90071780448,
    -85.55948706969));
#4349 = CARTESIAN_POINT('',(-166.6235656134,-16.99560214117,
    -85.55265217719));
#4350 = CARTESIAN_POINT('',(-166.4948476201,-17.19980444663,
    -85.53646580971));
#4351 = CARTESIAN_POINT('',(-166.438246356,-17.30951293958,
    -85.5269598567));
#4352 = CARTESIAN_POINT('',(-166.3916426501,-17.42178484397,
    -85.51646727841));
#4353 = CARTESIAN_POINT('',(-166.3547371262,-17.53591781149,
    -85.50506600829));
#4354 = CARTESIAN_POINT('',(-166.3272846349,-17.65129911056,
    -85.49282712969));
#4355 = CARTESIAN_POINT('',(-166.3090837,-17.76739678112,-85.47981555844
    ));
#4356 = CARTESIAN_POINT('',(-166.3,-17.88375779077,-85.46608797993));
#4357 = CARTESIAN_POINT('',(-166.3,-18.,-85.45169123748));
#4358 = PCURVE('',#110,#4359);
#4359 = DEFINITIONAL_REPRESENTATION('',(#4360),#4474);
#4360 = B_SPLINE_CURVE_WITH_KNOTS('',3,(#4361,#4362,#4363,#4364,#4365,
    #4366,#4367,#4368,#4369,#4370,#4371,#4372,#4373,#4374,#4375,#4376,
    #4377,#4378,#4379,#4380,#4381,#4382,#4383,#4384,#4385,#4386,#4387,
    #4388,#4389,#4390,#4391,#4392,#4393,#4394,#4395,#4396,#4397,#4398,
    #4399,#4400,#4401,#4402,#4403,#4404,#4405,#4406,#4407,#4408,#4409,
    #4410,#4411,#4412,#4413,#4414,#4415,#4416,#4417,#4418,#4419,#4420,
    #4421,#4422,#4423,#4424,#4425,#4426,#4427,#4428,#4429,#4430,#4431,
    #4432,#4433,#4434,#4435,#4436,#4437,#4438,#4439,#4440,#4441,#4442,
    #4443,#4444,#4445,#4446,#4447,#4448,#4449,#4450,#4451,#4452,#4453,
    #4454,#4455,#4456,#4457,#4458,#4459,#4460,#4461,#4462,#4463,#4464,
    #4465,#4466,#4467,#4468,#4469,#4470,#4471,#4472,#4473),
  .UNSPECIFIED.,.T.,.F.,(4,1,1,1,1,1,1,1,1,1,1,1,1,1,1,1,1,1,1,1,1,1,1,1
    ,1,1,1,1,1,1,1,1,1,1,1,1,1,1,1,1,1,1,1,1,1,1,1,1,1,1,1,1,1,1,1,1,1,1
    ,1,1,1,1,1,1,1,1,1,1,1,1,1,1,1,1,1,1,1,1,1,1,1,1,1,1,1,1,1,1,1,1,1,1
    ,1,1,1,1,1,1,1,1,1,1,1,1,1,1,1,1,1,1,4),(0.,4.372651413021E-02,
    8.745302826043E-02,0.131179542391,0.174906056521,0.218632570651,
    0.262359084781,0.306085598911,0.349812113042,0.393538627172,
    0.437265141302,0.480991655432,0.524718169563,0.568444683693,
    0.612171197823,0.655897711953,0.699624226083,0.743350740214,
    0.787077254344,0.830803768474,0.874530282604,0.918256796734,
    0.961983310865,1.005709824995,1.049436339125,1.093162853255,
    1.136889367386,1.180615881516,1.224342395646,1.268068909776,
    1.311795423906,1.355521938037,1.399248452167,1.442974966297,
    1.486701480427,1.530427994557,1.574154508688,1.617881022818,
    1.661607536948,1.705334051078,1.749060565209,1.792787079339,
    1.836513593469,1.880240107599,1.923966621729,1.96769313586,
    2.01141964999,2.05514616412,2.09887267825,2.14259919238,
    2.186325706511,2.230052220641,2.273778734771,2.317505248901,
    2.361231763032,2.404958277162,2.448684791292,2.492411305422,
    2.536137819552,2.579864333683,2.623590847813,2.667317361943,
    2.711043876073,2.754770390203,2.798496904334,2.842223418464,
    2.885949932594,2.929676446724,2.973402960855,3.017129474985,
    3.060855989115,3.104582503245,3.148309017375,3.192035531506,
    3.235762045636,3.279488559766,3.323215073896,3.366941588026,
    3.410668102157,3.454394616287,3.498121130417,3.541847644547,
    3.585574158677,3.629300672808,3.673027186938,3.716753701068,
    3.760480215198,3.804206729329,3.847933243459,3.891659757589,
    3.935386271719,3.979112785849,4.02283929998,4.06656581411,
    4.11029232824,4.15401884237,4.1977453565,4.241471870631,
    4.285198384761,4.328924898891,4.372651413021,4.416377927152,
    4.460104441282,4.503830955412,4.547557469542,4.591283983672,
    4.635010497803,4.678737011933,4.722463526063,4.766190040193,
    4.809916554323),.QUASI_UNIFORM_KNOTS.);
#4361 = CARTESIAN_POINT('',(269.47329973784,0.395));
#4362 = CARTESIAN_POINT('',(269.42338887739,0.394999899389));
#4363 = CARTESIAN_POINT('',(269.32354544802,0.394933881726));
#4364 = CARTESIAN_POINT('',(269.17428203689,0.394636508883));
#4365 = CARTESIAN_POINT('',(269.02607790868,0.394140360136));
#4366 = CARTESIAN_POINT('',(268.8795231927,0.393443369788));
#4367 = CARTESIAN_POINT('',(268.73540769991,0.392543157255));
#4368 = CARTESIAN_POINT('',(268.59403515947,0.391434232687));
#4369 = CARTESIAN_POINT('',(268.45783462034,0.390117426765));
#4370 = CARTESIAN_POINT('',(268.34327421015,0.388792525584));
#4371 = CARTESIAN_POINT('',(268.24308175009,0.387449131472));
#4372 = CARTESIAN_POINT('',(268.15565995076,0.386104984949));
#4373 = CARTESIAN_POINT('',(268.0786151995,0.384761100096));
#4374 = CARTESIAN_POINT('',(268.01031841015,0.383416012626));
#4375 = CARTESIAN_POINT('',(267.94970668265,0.382071412915));
#4376 = CARTESIAN_POINT('',(267.89515228877,0.3807093179));
#4377 = CARTESIAN_POINT('',(267.84406764966,0.379262287445));
#4378 = CARTESIAN_POINT('',(267.7976473356,0.377749519515));
#4379 = CARTESIAN_POINT('',(267.7561880373,0.376170933339));
#4380 = CARTESIAN_POINT('',(267.72022072823,0.37453313635));
#4381 = CARTESIAN_POINT('',(267.69019120998,0.372842574843));
#4382 = CARTESIAN_POINT('',(267.66652738171,0.371107471738));
#4383 = CARTESIAN_POINT('',(267.64959972034,0.369337450158));
#4384 = CARTESIAN_POINT('',(267.63970634194,0.367543652342));
#4385 = CARTESIAN_POINT('',(267.63704633299,0.365739224693));
#4386 = CARTESIAN_POINT('',(267.64169092692,0.363937813435));
#4387 = CARTESIAN_POINT('',(267.65357362589,0.362153498121));
#4388 = CARTESIAN_POINT('',(267.67249885994,0.360399172823));
#4389 = CARTESIAN_POINT('',(267.69816840625,0.358686071162));
#4390 = CARTESIAN_POINT('',(267.73020242808,0.357023965314));
#4391 = CARTESIAN_POINT('',(267.76815735855,0.355421204302));
#4392 = CARTESIAN_POINT('',(267.81154445377,0.353884725997));
#4393 = CARTESIAN_POINT('',(267.85983113754,0.352420351211));
#4394 = CARTESIAN_POINT('',(267.91256755573,0.351029998939));
#4395 = CARTESIAN_POINT('',(267.96932734291,0.34971491352));
#4396 = CARTESIAN_POINT('',(268.02970471653,0.348475779208));
#4397 = CARTESIAN_POINT('',(268.09331851212,0.347312783803));
#4398 = CARTESIAN_POINT('',(268.1598139625,0.346225689473));
#4399 = CARTESIAN_POINT('',(268.22886478035,0.345213896664));
#4400 = CARTESIAN_POINT('',(268.30017486174,0.344276507511));
#4401 = CARTESIAN_POINT('',(268.37348013967,0.343412385291));
#4402 = CARTESIAN_POINT('',(268.44854951433,0.342620225419));
#4403 = CARTESIAN_POINT('',(268.5251889853,0.341898587577));
#4404 = CARTESIAN_POINT('',(268.60323391937,0.341246083184));
#4405 = CARTESIAN_POINT('',(268.68246034616,0.340661982523));
#4406 = CARTESIAN_POINT('',(268.76273000577,0.340144999704));
#4407 = CARTESIAN_POINT('',(268.84389628243,0.339694144794));
#4408 = CARTESIAN_POINT('',(268.9258251579,0.339308507274));
#4409 = CARTESIAN_POINT('',(269.00838909047,0.338987299883));
#4410 = CARTESIAN_POINT('',(269.09146805898,0.338729838709));
#4411 = CARTESIAN_POINT('',(269.17494940575,0.338535545984));
#4412 = CARTESIAN_POINT('',(269.25872570321,0.338403953854));
#4413 = CARTESIAN_POINT('',(269.34270211027,0.338334709609));
#4414 = CARTESIAN_POINT('',(269.42676812905,0.338327602144));
#4415 = CARTESIAN_POINT('',(269.51081190333,0.338382495833));
#4416 = CARTESIAN_POINT('',(269.59474842632,0.338499385435));
#4417 = CARTESIAN_POINT('',(269.67847911793,0.338678397529));
#4418 = CARTESIAN_POINT('',(269.76190237265,0.338919773557));
#4419 = CARTESIAN_POINT('',(269.84491050112,0.33922386159));
#4420 = CARTESIAN_POINT('',(269.927390236,0.339591109798));
#4421 = CARTESIAN_POINT('',(270.00922239098,0.340022064952));
#4422 = CARTESIAN_POINT('',(270.09028137569,0.340517371807));
#4423 = CARTESIAN_POINT('',(270.17043579496,0.341077788927));
#4424 = CARTESIAN_POINT('',(270.24954440208,0.341704165107));
#4425 = CARTESIAN_POINT('',(270.32746905433,0.34239758643));
#4426 = CARTESIAN_POINT('',(270.40402370659,0.343158911887));
#4427 = CARTESIAN_POINT('',(270.47903462695,0.343989292783));
#4428 = CARTESIAN_POINT('',(270.55232632335,0.34489017987));
#4429 = CARTESIAN_POINT('',(270.62367295508,0.345862750066));
#4430 = CARTESIAN_POINT('',(270.69281439211,0.346907962556));
#4431 = CARTESIAN_POINT('',(270.75945533734,0.348026448979));
#4432 = CARTESIAN_POINT('',(270.82326925012,0.349218450381));
#4433 = CARTESIAN_POINT('',(270.8839012007,0.350483743075));
#4434 = CARTESIAN_POINT('',(270.9409712567,0.35182156716));
#4435 = CARTESIAN_POINT('',(270.99407808588,0.353230553038));
#4436 = CARTESIAN_POINT('',(271.04280301303,0.354708640762));
#4437 = CARTESIAN_POINT('',(271.08671483157,0.356253004947));
#4438 = CARTESIAN_POINT('',(271.12537522288,0.357859924362));
#4439 = CARTESIAN_POINT('',(271.15834672171,0.359524809289));
#4440 = CARTESIAN_POINT('',(271.18519762933,0.361241575013));
#4441 = CARTESIAN_POINT('',(271.20552669266,0.363004372126));
#4442 = CARTESIAN_POINT('',(271.21890606933,0.364798429895));
#4443 = CARTESIAN_POINT('',(271.22507737223,0.3666086671));
#4444 = CARTESIAN_POINT('',(271.22393245131,0.368421452378));
#4445 = CARTESIAN_POINT('',(271.21549024733,0.370223572121));
#4446 = CARTESIAN_POINT('',(271.19988685064,0.372002553864));
#4447 = CARTESIAN_POINT('',(271.17736413289,0.373746658314));
#4448 = CARTESIAN_POINT('',(271.14826531135,0.375444829262));
#4449 = CARTESIAN_POINT('',(271.11301681194,0.377087139313));
#4450 = CARTESIAN_POINT('',(271.0721687769,0.378663298596));
#4451 = CARTESIAN_POINT('',(271.02619194864,0.380169551729));
#4452 = CARTESIAN_POINT('',(270.97551969137,0.381603643657));
#4453 = CARTESIAN_POINT('',(270.92059613769,0.382963316965));
#4454 = CARTESIAN_POINT('',(270.86184027581,0.38424727562));
#4455 = CARTESIAN_POINT('',(270.79965020142,0.385454801606));
#4456 = CARTESIAN_POINT('',(270.73439741749,0.386585743767));
#4457 = CARTESIAN_POINT('',(270.66642441238,0.387640415435));
#4458 = CARTESIAN_POINT('',(270.59604191785,0.388619522276));
#4459 = CARTESIAN_POINT('',(270.52352621699,0.389524085087));
#4460 = CARTESIAN_POINT('',(270.44911782965,0.390355364253));
#4461 = CARTESIAN_POINT('',(270.37301510545,0.3911147813));
#4462 = CARTESIAN_POINT('',(270.29546781705,0.391803075018));
#4463 = CARTESIAN_POINT('',(270.21663743391,0.392421683308));
#4464 = CARTESIAN_POINT('',(270.13668891676,0.392971745223));
#4465 = CARTESIAN_POINT('',(270.05577393078,0.393454323865));
#4466 = CARTESIAN_POINT('',(269.97403606807,0.393870366384));
#4467 = CARTESIAN_POINT('',(269.89161003206,0.394220726957));
#4468 = CARTESIAN_POINT('',(269.80862229513,0.394506165645));
#4469 = CARTESIAN_POINT('',(269.72519135311,0.394727348994));
#4470 = CARTESIAN_POINT('',(269.64142768345,0.394884839368));
#4471 = CARTESIAN_POINT('',(269.55743485766,0.39497910258));
#4472 = CARTESIAN_POINT('',(269.50134915561,0.394999988787));
#4473 = CARTESIAN_POINT('',(269.47329973784,0.395));
#4474 = ( GEOMETRIC_REPRESENTATION_CONTEXT(2) 
PARAMETRIC_REPRESENTATION_CONTEXT() REPRESENTATION_CONTEXT('2D SPACE',''
  ) );
#4475 = PCURVE('',#827,#4476);
#4476 = DEFINITIONAL_REPRESENTATION('',(#4477),#4591);
#4477 = B_SPLINE_CURVE_WITH_KNOTS('',3,(#4478,#4479,#4480,#4481,#4482,
    #4483,#4484,#4485,#4486,#4487,#4488,#4489,#4490,#4491,#4492,#4493,
    #4494,#4495,#4496,#4497,#4498,#4499,#4500,#4501,#4502,#4503,#4504,
    #4505,#4506,#4507,#4508,#4509,#4510,#4511,#4512,#4513,#4514,#4515,
    #4516,#4517,#4518,#4519,#4520,#4521,#4522,#4523,#4524,#4525,#4526,
    #4527,#4528,#4529,#4530,#4531,#4532,#4533,#4534,#4535,#4536,#4537,
    #4538,#4539,#4540,#4541,#4542,#4543,#4544,#4545,#4546,#4547,#4548,
    #4549,#4550,#4551,#4552,#4553,#4554,#4555,#4556,#4557,#4558,#4559,
    #4560,#4561,#4562,#4563,#4564,#4565,#4566,#4567,#4568,#4569,#4570,
    #4571,#4572,#4573,#4574,#4575,#4576,#4577,#4578,#4579,#4580,#4581,
    #4582,#4583,#4584,#4585,#4586,#4587,#4588,#4589,#4590),
  .UNSPECIFIED.,.F.,.F.,(4,1,1,1,1,1,1,1,1,1,1,1,1,1,1,1,1,1,1,1,1,1,1,1
    ,1,1,1,1,1,1,1,1,1,1,1,1,1,1,1,1,1,1,1,1,1,1,1,1,1,1,1,1,1,1,1,1,1,1
    ,1,1,1,1,1,1,1,1,1,1,1,1,1,1,1,1,1,1,1,1,1,1,1,1,1,1,1,1,1,1,1,1,1,1
    ,1,1,1,1,1,1,1,1,1,1,1,1,1,1,1,1,1,1,4),(0.,4.372651413021E-02,
    8.745302826043E-02,0.131179542391,0.174906056521,0.218632570651,
    0.262359084781,0.306085598911,0.349812113042,0.393538627172,
    0.437265141302,0.480991655432,0.524718169563,0.568444683693,
    0.612171197823,0.655897711953,0.699624226083,0.743350740214,
    0.787077254344,0.830803768474,0.874530282604,0.918256796734,
    0.961983310865,1.005709824995,1.049436339125,1.093162853255,
    1.136889367386,1.180615881516,1.224342395646,1.268068909776,
    1.311795423906,1.355521938037,1.399248452167,1.442974966297,
    1.486701480427,1.530427994557,1.574154508688,1.617881022818,
    1.661607536948,1.705334051078,1.749060565209,1.792787079339,
    1.836513593469,1.880240107599,1.923966621729,1.96769313586,
    2.01141964999,2.05514616412,2.09887267825,2.14259919238,
    2.186325706511,2.230052220641,2.273778734771,2.317505248901,
    2.361231763032,2.404958277162,2.448684791292,2.492411305422,
    2.536137819552,2.579864333683,2.623590847813,2.667317361943,
    2.711043876073,2.754770390203,2.798496904334,2.842223418464,
    2.885949932594,2.929676446724,2.973402960855,3.017129474985,
    3.060855989115,3.104582503245,3.148309017375,3.192035531506,
    3.235762045636,3.279488559766,3.323215073896,3.366941588026,
    3.410668102157,3.454394616287,3.498121130417,3.541847644547,
    3.585574158677,3.629300672808,3.673027186938,3.716753701068,
    3.760480215198,3.804206729329,3.847933243459,3.891659757589,
    3.935386271719,3.979112785849,4.02283929998,4.06656581411,
    4.11029232824,4.15401884237,4.1977453565,4.241471870631,
    4.285198384761,4.328924898891,4.372651413021,4.416377927152,
    4.460104441282,4.503830955412,4.547557469542,4.591283983672,
    4.635010497803,4.678737011933,4.722463526063,4.766190040193,
    4.809916554323),.QUASI_UNIFORM_KNOTS.);
#4478 = CARTESIAN_POINT('',(-6.28318530718,-11.54830876251));
#4479 = CARTESIAN_POINT('',(-6.255278182683,-11.55418424799));
#4480 = CARTESIAN_POINT('',(-6.199512900558,-11.56622489697));
#4481 = CARTESIAN_POINT('',(-6.115734687031,-11.58508510523));
#4482 = CARTESIAN_POINT('',(-6.031551476108,-11.60467626553));
#4483 = CARTESIAN_POINT('',(-5.946679867127,-11.62492478745));
#4484 = CARTESIAN_POINT('',(-5.860907322697,-11.64572854337));
#4485 = CARTESIAN_POINT('',(-5.773707348181,-11.66704945711));
#4486 = CARTESIAN_POINT('',(-5.685613218277,-11.68856032951));
#4487 = CARTESIAN_POINT('',(-5.607365130561,-11.70747016726));
#4488 = CARTESIAN_POINT('',(-5.53496895901,-11.72467636817));
#4489 = CARTESIAN_POINT('',(-5.467785778153,-11.74029119969));
#4490 = CARTESIAN_POINT('',(-5.404578364762,-11.75459194002));
#4491 = CARTESIAN_POINT('',(-5.344456195811,-11.7677749155));
#4492 = CARTESIAN_POINT('',(-5.286880682402,-11.77995792462));
#4493 = CARTESIAN_POINT('',(-5.230633627891,-11.79139909443));
#4494 = CARTESIAN_POINT('',(-5.172779626952,-11.80263911439));
#4495 = CARTESIAN_POINT('',(-5.114031697544,-11.81344917691));
#4496 = CARTESIAN_POINT('',(-5.054250473354,-11.82377887485));
#4497 = CARTESIAN_POINT('',(-4.993545593639,-11.83352633665));
#4498 = CARTESIAN_POINT('',(-4.931983242561,-11.8426022551));
#4499 = CARTESIAN_POINT('',(-4.869668274992,-11.85091556588));
#4500 = CARTESIAN_POINT('',(-4.806728965661,-11.85838047579));
#4501 = CARTESIAN_POINT('',(-4.743325455192,-11.86491867895));
#4502 = CARTESIAN_POINT('',(-4.679672028322,-11.8704621016));
#4503 = CARTESIAN_POINT('',(-4.615992265254,-11.87496156496));
#4504 = CARTESIAN_POINT('',(-4.552527028631,-11.87838836231));
#4505 = CARTESIAN_POINT('',(-4.489487408619,-11.88073759371));
#4506 = CARTESIAN_POINT('',(-4.427045566109,-11.8820253805));
#4507 = CARTESIAN_POINT('',(-4.365347114624,-11.88228489914));
#4508 = CARTESIAN_POINT('',(-4.304516190548,-11.88156327044));
#4509 = CARTESIAN_POINT('',(-4.244657511648,-11.87991839821));
#4510 = CARTESIAN_POINT('',(-4.185870213461,-11.87741735903));
#4511 = CARTESIAN_POINT('',(-4.128130385705,-11.87412652091));
#4512 = CARTESIAN_POINT('',(-4.071408106165,-11.87011038672));
#4513 = CARTESIAN_POINT('',(-4.01567025506,-11.86543150623));
#4514 = CARTESIAN_POINT('',(-3.960879890933,-11.86014962818));
#4515 = CARTESIAN_POINT('',(-3.906996231292,-11.85432119617));
#4516 = CARTESIAN_POINT('',(-3.853974198493,-11.84799886954));
#4517 = CARTESIAN_POINT('',(-3.801763904749,-11.84123114041));
#4518 = CARTESIAN_POINT('',(-3.750309811365,-11.83406198056));
#4519 = CARTESIAN_POINT('',(-3.699550353747,-11.82653061201));
#4520 = CARTESIAN_POINT('',(-3.649415142111,-11.81867099187));
#4521 = CARTESIAN_POINT('',(-3.599830420919,-11.81051245511));
#4522 = CARTESIAN_POINT('',(-3.550771467391,-11.80208931315));
#4523 = CARTESIAN_POINT('',(-3.502169243775,-11.79342574696));
#4524 = CARTESIAN_POINT('',(-3.453970030228,-11.78454558264));
#4525 = CARTESIAN_POINT('',(-3.406120259876,-11.7754702278));
#4526 = CARTESIAN_POINT('',(-3.358569259075,-11.76621937272));
#4527 = CARTESIAN_POINT('',(-3.311267453837,-11.75681094405));
#4528 = CARTESIAN_POINT('',(-3.26416555274,-11.74726115756));
#4529 = CARTESIAN_POINT('',(-3.217214853467,-11.73758479614));
#4530 = CARTESIAN_POINT('',(-3.17036231192,-11.72779436165));
#4531 = CARTESIAN_POINT('',(-3.123565406312,-11.71790338));
#4532 = CARTESIAN_POINT('',(-3.076783283799,-11.70792483791));
#4533 = CARTESIAN_POINT('',(-3.029960320417,-11.69786779102));
#4534 = CARTESIAN_POINT('',(-2.983047738915,-11.68774212147));
#4535 = CARTESIAN_POINT('',(-2.935996914115,-11.6775573207));
#4536 = CARTESIAN_POINT('',(-2.888760259033,-11.66732285329));
#4537 = CARTESIAN_POINT('',(-2.841290112191,-11.65704809106));
#4538 = CARTESIAN_POINT('',(-2.793538095758,-11.64674234297));
#4539 = CARTESIAN_POINT('',(-2.745454496518,-11.63641489296));
#4540 = CARTESIAN_POINT('',(-2.696986810854,-11.62607487597));
#4541 = CARTESIAN_POINT('',(-2.648081126889,-11.61573176296));
#4542 = CARTESIAN_POINT('',(-2.598672276118,-11.60539354578));
#4543 = CARTESIAN_POINT('',(-2.548715101008,-11.59507349141));
#4544 = CARTESIAN_POINT('',(-2.498145298168,-11.58478214323));
#4545 = CARTESIAN_POINT('',(-2.446884376157,-11.57452887538));
#4546 = CARTESIAN_POINT('',(-2.394871320643,-11.56432857956));
#4547 = CARTESIAN_POINT('',(-2.34205265389,-11.55419969789));
#4548 = CARTESIAN_POINT('',(-2.288383800271,-11.54416456867));
#4549 = CARTESIAN_POINT('',(-2.233827658362,-11.53424916432));
#4550 = CARTESIAN_POINT('',(-2.178354203718,-11.52448301506));
#4551 = CARTESIAN_POINT('',(-2.121940142461,-11.51489911132));
#4552 = CARTESIAN_POINT('',(-2.064568880058,-11.50553383413));
#4553 = CARTESIAN_POINT('',(-2.00623093203,-11.49642690558));
#4554 = CARTESIAN_POINT('',(-1.946924335441,-11.48762129336));
#4555 = CARTESIAN_POINT('',(-1.886657246847,-11.47916326013));
#4556 = CARTESIAN_POINT('',(-1.825445275326,-11.47110174775));
#4557 = CARTESIAN_POINT('',(-1.763332390917,-11.46349000186));
#4558 = CARTESIAN_POINT('',(-1.70032912837,-11.45637844772));
#4559 = CARTESIAN_POINT('',(-1.636737112247,-11.44984725003));
#4560 = CARTESIAN_POINT('',(-1.572841957355,-11.44396260081));
#4561 = CARTESIAN_POINT('',(-1.508865356646,-11.43877373968));
#4562 = CARTESIAN_POINT('',(-1.445012076447,-11.43431829761));
#4563 = CARTESIAN_POINT('',(-1.381467792025,-11.43062226179));
#4564 = CARTESIAN_POINT('',(-1.318407354589,-11.42770091121));
#4565 = CARTESIAN_POINT('',(-1.256004304599,-11.42555908619));
#4566 = CARTESIAN_POINT('',(-1.194420347541,-11.42419126107));
#4567 = CARTESIAN_POINT('',(-1.133870389058,-11.42358145118));
#4568 = CARTESIAN_POINT('',(-1.074359176521,-11.42370245663));
#4569 = CARTESIAN_POINT('',(-1.015856926563,-11.42452635341));
#4570 = CARTESIAN_POINT('',(-0.958357978929,-11.42602392441));
#4571 = CARTESIAN_POINT('',(-0.901840334423,-11.42816519563));
#4572 = CARTESIAN_POINT('',(-0.846277578608,-11.43092002175));
#4573 = CARTESIAN_POINT('',(-0.791636159601,-11.43425860531));
#4574 = CARTESIAN_POINT('',(-0.737876098487,-11.43815200511));
#4575 = CARTESIAN_POINT('',(-0.684950442223,-11.44257262691));
#4576 = CARTESIAN_POINT('',(-0.632804570883,-11.44749476827));
#4577 = CARTESIAN_POINT('',(-0.581375843261,-11.45289503703));
#4578 = CARTESIAN_POINT('',(-0.530590575702,-11.45875339354));
#4579 = CARTESIAN_POINT('',(-0.480423078992,-11.46504565442));
#4580 = CARTESIAN_POINT('',(-0.430801344548,-11.47175432669));
#4581 = CARTESIAN_POINT('',(-0.381668429342,-11.47886190077));
#4582 = CARTESIAN_POINT('',(-0.332968898392,-11.48635197074));
#4583 = CARTESIAN_POINT('',(-0.284650958314,-11.49420882301));
#4584 = CARTESIAN_POINT('',(-0.236664614697,-11.50241747671));
#4585 = CARTESIAN_POINT('',(-0.188961050545,-11.51096364191));
#4586 = CARTESIAN_POINT('',(-0.141491809632,-11.51983372146));
#4587 = CARTESIAN_POINT('',(-9.420799123038E-02,-11.52901485983));
#4588 = CARTESIAN_POINT('',(-4.70598261178E-02,-11.53849487305));
#4589 = CARTESIAN_POINT('',(-1.568312397695E-02,-11.54500675278));
#4590 = CARTESIAN_POINT('',(0.,-11.54830876251));
#4591 = ( GEOMETRIC_REPRESENTATION_CONTEXT(2) 
PARAMETRIC_REPRESENTATION_CONTEXT() REPRESENTATION_CONTEXT('2D SPACE',''
  ) );
#4592 = FACE_BOUND('',#4593,.F.);
#4593 = EDGE_LOOP('',(#4594));
#4594 = ORIENTED_EDGE('',*,*,#4595,.F.);
#4595 = EDGE_CURVE('',#4596,#4596,#4598,.T.);
#4596 = VERTEX_POINT('',#4597);
#4597 = CARTESIAN_POINT('',(-166.3,18.,-85.45169123748));
#4598 = SURFACE_CURVE('',#4599,(#4674,#4791),.PCURVE_S1.);
#4599 = B_SPLINE_CURVE_WITH_KNOTS('',7,(#4600,#4601,#4602,#4603,#4604,
    #4605,#4606,#4607,#4608,#4609,#4610,#4611,#4612,#4613,#4614,#4615,
    #4616,#4617,#4618,#4619,#4620,#4621,#4622,#4623,#4624,#4625,#4626,
    #4627,#4628,#4629,#4630,#4631,#4632,#4633,#4634,#4635,#4636,#4637,
    #4638,#4639,#4640,#4641,#4642,#4643,#4644,#4645,#4646,#4647,#4648,
    #4649,#4650,#4651,#4652,#4653,#4654,#4655,#4656,#4657,#4658,#4659,
    #4660,#4661,#4662,#4663,#4664,#4665,#4666,#4667,#4668,#4669,#4670,
    #4671,#4672,#4673),.UNSPECIFIED.,.T.,.F.,(8,6,6,6,6,6,6,6,6,6,6,6,8)
  ,(0.,0.364299890267,0.658537141366,1.,1.329743045954,1.665713381367,
    2.00413036779,2.378565452598,2.657285223503,2.973730061311,
    3.289322114897,3.633811985743,3.944478979826),.UNSPECIFIED.);
#4600 = CARTESIAN_POINT('',(-166.3,18.,-85.45169123748));
#4601 = CARTESIAN_POINT('',(-166.3,17.880713238528,-85.46646505152));
#4602 = CARTESIAN_POINT('',(-166.3097654855,17.761285360523,
    -85.48052113986));
#4603 = CARTESIAN_POINT('',(-166.329336855,17.64217445268,
    -85.49380318938));
#4604 = CARTESIAN_POINT('',(-166.3588857795,17.523925637717,
    -85.50624280366));
#4605 = CARTESIAN_POINT('',(-166.3986487967,17.407171633165,
    -85.51776429087));
#4606 = CARTESIAN_POINT('',(-166.4489297109,17.29264683887,
    -85.52828408245));
#4607 = CARTESIAN_POINT('',(-166.5596339201,17.091213795882,
    -85.54531368111));
#4608 = CARTESIAN_POINT('',(-166.6162104795,17.003297046366,
    -85.55219992222));
#4609 = CARTESIAN_POINT('',(-166.6801280429,16.91789403622,
    -85.55831571611));
#4610 = CARTESIAN_POINT('',(-166.7516170285,16.835614417387,
    -85.56359576601));
#4611 = CARTESIAN_POINT('',(-166.830857189,16.757233291158,
    -85.5679639256));
#4612 = CARTESIAN_POINT('',(-166.9179316237,16.683677845167,
    -85.57133751608));
#4613 = CARTESIAN_POINT('',(-167.1228696884,16.537493223387,
    -85.57628892507));
#4614 = CARTESIAN_POINT('',(-167.24368625,16.466726630168,
    -85.57749767727));
#4615 = CARTESIAN_POINT('',(-167.3747737668,16.405781429019,
    -85.57709626564));
#4616 = CARTESIAN_POINT('',(-167.5150170627,16.356922114491,
    -85.57494572848));
#4617 = CARTESIAN_POINT('',(-167.6624735876,16.322233504645,
    -85.57097321736));
#4618 = CARTESIAN_POINT('',(-167.8142204421,16.30336991315,
    -85.56518182021));
#4619 = CARTESIAN_POINT('',(-168.1127091379,16.297411369549,
    -85.55064051123));
#4620 = CARTESIAN_POINT('',(-168.2595805167,16.309245577724,
    -85.54199231042));
#4621 = CARTESIAN_POINT('',(-168.4029787965,16.335889500496,
    -85.53202396784));
#4622 = CARTESIAN_POINT('',(-168.540260735,16.375955269961,
    -85.5209928196));
#4623 = CARTESIAN_POINT('',(-168.6696190053,16.427656991274,
    -85.50913846213));
#4624 = CARTESIAN_POINT('',(-168.7899518428,16.489028010028,
    -85.49668616204));
#4625 = CARTESIAN_POINT('',(-169.0135925014,16.628744746586,
    -85.4707199339));
#4626 = CARTESIAN_POINT('',(-169.1167331952,16.707511920249,
    -85.45716756894));
#4627 = CARTESIAN_POINT('',(-169.2100255759,16.792956406565,
    -85.44330602756));
#4628 = CARTESIAN_POINT('',(-169.2935536521,16.883730100664,
    -85.42924396076));
#4629 = CARTESIAN_POINT('',(-169.3675551649,16.978725706135,
    -85.41506426368));
#4630 = CARTESIAN_POINT('',(-169.4323457999,17.077097894202,
    -85.40082474493));
#4631 = CARTESIAN_POINT('',(-169.5445022227,17.280228505034,
    -85.37218183124));
#4632 = CARTESIAN_POINT('',(-169.5916852647,17.384932835861,
    -85.35779145248));
#4633 = CARTESIAN_POINT('',(-169.6300635947,17.491769597993,
    -85.34342395394));
#4634 = CARTESIAN_POINT('',(-169.6598316331,17.600187538575,
    -85.32911970898));
#4635 = CARTESIAN_POINT('',(-169.6811295053,17.70970289554,
    -85.31491902811));
#4636 = CARTESIAN_POINT('',(-169.6940452274,17.819889932084,
    -85.30086250123));
#4637 = CARTESIAN_POINT('',(-169.7035845358,18.0526325586,
    -85.27164582233));
#4638 = CARTESIAN_POINT('',(-169.69832185,18.175083483969,
    -85.25654908513));
#4639 = CARTESIAN_POINT('',(-169.6828444891,18.297695329651,
    -85.24170043961));
#4640 = CARTESIAN_POINT('',(-169.6568700148,18.42051490074,
    -85.22710515784));
#4641 = CARTESIAN_POINT('',(-169.6196278151,18.543598198356,
    -85.21279214035));
#4642 = CARTESIAN_POINT('',(-169.5698933601,18.667036156884,
    -85.19880632498));
#4643 = CARTESIAN_POINT('',(-169.4565942637,18.882688669859,
    -85.17525751594));
#4644 = CARTESIAN_POINT('',(-169.400940544,18.972674511459,
    -85.16571201374));
#4645 = CARTESIAN_POINT('',(-169.3377374218,19.060204906028,
    -85.15675026551));
#4646 = CARTESIAN_POINT('',(-169.2667259516,19.144671386638,
    -85.14848322836));
#4647 = CARTESIAN_POINT('',(-169.1876896442,19.225288964004,
    -85.14105063621));
#4648 = CARTESIAN_POINT('',(-169.1004999817,19.301106549756,
    -85.13461830776));
#4649 = CARTESIAN_POINT('',(-168.8968935919,19.450379411781,
    -85.12342122236));
#4650 = CARTESIAN_POINT('',(-168.7778753885,19.522303426154,
    -85.11898669695));
#4651 = CARTESIAN_POINT('',(-168.6484572167,19.584763123655,
    -85.11638393486));
#4652 = CARTESIAN_POINT('',(-168.5096442309,19.635482221287,
    -85.11594111572));
#4653 = CARTESIAN_POINT('',(-168.3632828399,19.672316136358,
    -85.11793435687));
#4654 = CARTESIAN_POINT('',(-168.212232579,19.69350185981,
    -85.12251101972));
#4655 = CARTESIAN_POINT('',(-167.9095772223,19.704315460066,
    -85.13642424469));
#4656 = CARTESIAN_POINT('',(-167.7578600253,19.69403226783,
    -85.14575322394));
#4657 = CARTESIAN_POINT('',(-167.6096919893,19.667909966484,
    -85.15727862153));
#4658 = CARTESIAN_POINT('',(-167.4680014251,19.627485853259,
    -85.17059731244));
#4659 = CARTESIAN_POINT('',(-167.3347524977,19.574734335817,
    -85.18526717605));
#4660 = CARTESIAN_POINT('',(-167.211101439,19.511816276974,
    -85.20086691924));
#4661 = CARTESIAN_POINT('',(-166.9736252288,19.363063412115,
    -85.23470619999));
#4662 = CARTESIAN_POINT('',(-166.8615089311,19.275516368126,
    -85.25308898847));
#4663 = CARTESIAN_POINT('',(-166.7612597969,19.180107131979,
    -85.2718423907));
#4664 = CARTESIAN_POINT('',(-166.6727204333,19.078537886944,
    -85.29068622249));
#4665 = CARTESIAN_POINT('',(-166.5955595817,18.972180601784,
    -85.3094113398));
#4666 = CARTESIAN_POINT('',(-166.5293645815,18.862059948881,
    -85.3278747547));
#4667 = CARTESIAN_POINT('',(-166.4236826413,18.646658779054,
    -85.36232750127));
#4668 = CARTESIAN_POINT('',(-166.3822647884,18.542073952887,
    -85.37836431512));
#4669 = CARTESIAN_POINT('',(-166.3493035347,18.435599103877,
    -85.39402499698));
#4670 = CARTESIAN_POINT('',(-166.324656228,18.327726930135,
    -85.40924284799));
#4671 = CARTESIAN_POINT('',(-166.3082343809,18.218903814044,
    -85.42395980587));
#4672 = CARTESIAN_POINT('',(-166.3,18.109537909099,-85.43812483096));
#4673 = CARTESIAN_POINT('',(-166.3,18.,-85.45169123748));
#4674 = PCURVE('',#110,#4675);
#4675 = DEFINITIONAL_REPRESENTATION('',(#4676),#4790);
#4676 = B_SPLINE_CURVE_WITH_KNOTS('',3,(#4677,#4678,#4679,#4680,#4681,
    #4682,#4683,#4684,#4685,#4686,#4687,#4688,#4689,#4690,#4691,#4692,
    #4693,#4694,#4695,#4696,#4697,#4698,#4699,#4700,#4701,#4702,#4703,
    #4704,#4705,#4706,#4707,#4708,#4709,#4710,#4711,#4712,#4713,#4714,
    #4715,#4716,#4717,#4718,#4719,#4720,#4721,#4722,#4723,#4724,#4725,
    #4726,#4727,#4728,#4729,#4730,#4731,#4732,#4733,#4734,#4735,#4736,
    #4737,#4738,#4739,#4740,#4741,#4742,#4743,#4744,#4745,#4746,#4747,
    #4748,#4749,#4750,#4751,#4752,#4753,#4754,#4755,#4756,#4757,#4758,
    #4759,#4760,#4761,#4762,#4763,#4764,#4765,#4766,#4767,#4768,#4769,
    #4770,#4771,#4772,#4773,#4774,#4775,#4776,#4777,#4778,#4779,#4780,
    #4781,#4782,#4783,#4784,#4785,#4786,#4787,#4788,#4789),
  .UNSPECIFIED.,.T.,.F.,(4,1,1,1,1,1,1,1,1,1,1,1,1,1,1,1,1,1,1,1,1,1,1,1
    ,1,1,1,1,1,1,1,1,1,1,1,1,1,1,1,1,1,1,1,1,1,1,1,1,1,1,1,1,1,1,1,1,1,1
    ,1,1,1,1,1,1,1,1,1,1,1,1,1,1,1,1,1,1,1,1,1,1,1,1,1,1,1,1,1,1,1,1,1,1
    ,1,1,1,1,1,1,1,1,1,1,1,1,1,1,1,1,1,1,4),(0.,3.58588998166E-02,
    7.171779963319E-02,0.10757669945,0.143435599266,0.179294499083,
    0.2151533989,0.251012298716,0.286871198533,0.322730098349,
    0.358588998166,0.394447897983,0.430306797799,0.466165697616,
    0.502024597432,0.537883497249,0.573742397066,0.609601296882,
    0.645460196699,0.681319096515,0.717177996332,0.753036896149,
    0.788895795965,0.824754695782,0.860613595598,0.896472495415,
    0.932331395231,0.968190295048,1.004049194865,1.039908094681,
    1.075766994498,1.111625894314,1.147484794131,1.183343693948,
    1.219202593764,1.255061493581,1.290920393397,1.326779293214,
    1.362638193031,1.398497092847,1.434355992664,1.47021489248,
    1.506073792297,1.541932692114,1.57779159193,1.613650491747,
    1.649509391563,1.68536829138,1.721227191197,1.757086091013,
    1.79294499083,1.828803890646,1.864662790463,1.90052169028,
    1.936380590096,1.972239489913,2.008098389729,2.043957289546,
    2.079816189363,2.115675089179,2.151533988996,2.187392888812,
    2.223251788629,2.259110688446,2.294969588262,2.330828488079,
    2.366687387895,2.402546287712,2.438405187528,2.474264087345,
    2.510122987162,2.545981886978,2.581840786795,2.617699686611,
    2.653558586428,2.689417486245,2.725276386061,2.761135285878,
    2.796994185694,2.832853085511,2.868711985328,2.904570885144,
    2.940429784961,2.976288684777,3.012147584594,3.048006484411,
    3.083865384227,3.119724284044,3.15558318386,3.191442083677,
    3.227300983494,3.26315988331,3.299018783127,3.334877682943,
    3.37073658276,3.406595482577,3.442454382393,3.47831328221,
    3.514172182026,3.550031081843,3.58588998166,3.621748881476,
    3.657607781293,3.693466681109,3.729325580926,3.765184480743,
    3.801043380559,3.836902280376,3.872761180192,3.908620080009,
    3.944478979826),.QUASI_UNIFORM_KNOTS.);
#4677 = CARTESIAN_POINT('',(307.12329781693,0.395));
#4678 = CARTESIAN_POINT('',(307.09447452007,0.394999987835));
#4679 = CARTESIAN_POINT('',(307.03683995718,0.394977932941));
#4680 = CARTESIAN_POINT('',(306.95053134476,0.39487838028));
#4681 = CARTESIAN_POINT('',(306.8644701696,0.394712031741));
#4682 = CARTESIAN_POINT('',(306.77877090621,0.394478376001));
#4683 = CARTESIAN_POINT('',(306.69355498633,0.394176797466));
#4684 = CARTESIAN_POINT('',(306.60895193923,0.393806564962));
#4685 = CARTESIAN_POINT('',(306.5250995228,0.393366839695));
#4686 = CARTESIAN_POINT('',(306.44214376117,0.392856667393));
#4687 = CARTESIAN_POINT('',(306.36024093453,0.39227498294));
#4688 = CARTESIAN_POINT('',(306.2795522984,0.391620549302));
#4689 = CARTESIAN_POINT('',(306.20026637231,0.390892115285));
#4690 = CARTESIAN_POINT('',(306.12260726501,0.390088578075));
#4691 = CARTESIAN_POINT('',(306.04678296739,0.389208451515));
#4692 = CARTESIAN_POINT('',(305.9730471705,0.38825045481));
#4693 = CARTESIAN_POINT('',(305.90168216303,0.387213431797));
#4694 = CARTESIAN_POINT('',(305.83300246922,0.386096447315));
#4695 = CARTESIAN_POINT('',(305.76735132602,0.384898803471));
#4696 = CARTESIAN_POINT('',(305.70510527823,0.3836201868));
#4697 = CARTESIAN_POINT('',(305.64665367449,0.382260359531));
#4698 = CARTESIAN_POINT('',(305.59239224339,0.380818580221));
#4699 = CARTESIAN_POINT('',(305.54288599136,0.379298558614));
#4700 = CARTESIAN_POINT('',(305.49866811633,0.377704614992));
#4701 = CARTESIAN_POINT('',(305.46026731543,0.376042597762));
#4702 = CARTESIAN_POINT('',(305.42818296823,0.374319759496));
#4703 = CARTESIAN_POINT('',(305.40287185747,0.372544909387));
#4704 = CARTESIAN_POINT('',(305.38472835323,0.370728525504));
#4705 = CARTESIAN_POINT('',(305.37406173465,0.368882786328));
#4706 = CARTESIAN_POINT('',(305.37106906426,0.367022011186));
#4707 = CARTESIAN_POINT('',(305.37580133645,0.365161558704));
#4708 = CARTESIAN_POINT('',(305.38815435126,0.363316591672));
#4709 = CARTESIAN_POINT('',(305.40788994135,0.361500680786));
#4710 = CARTESIAN_POINT('',(305.4346686892,0.3597255043));
#4711 = CARTESIAN_POINT('',(305.46807522429,0.358001078773));
#4712 = CARTESIAN_POINT('',(305.50763989365,0.356335829607));
#4713 = CARTESIAN_POINT('',(305.55285575406,0.354736719934));
#4714 = CARTESIAN_POINT('',(305.60319650723,0.353209264278));
#4715 = CARTESIAN_POINT('',(305.65811915449,0.351757912077));
#4716 = CARTESIAN_POINT('',(305.71711585737,0.350385043612));
#4717 = CARTESIAN_POINT('',(305.77981836752,0.349089839611));
#4718 = CARTESIAN_POINT('',(305.84582924015,0.34787263017));
#4719 = CARTESIAN_POINT('',(305.91479314074,0.346733041795));
#4720 = CARTESIAN_POINT('',(305.98637878124,0.345670532608));
#4721 = CARTESIAN_POINT('',(306.060284624,0.344684299242));
#4722 = CARTESIAN_POINT('',(306.13623809524,0.343773357024));
#4723 = CARTESIAN_POINT('',(306.21399745229,0.342936572348));
#4724 = CARTESIAN_POINT('',(306.29334998452,0.342172730018));
#4725 = CARTESIAN_POINT('',(306.37412268227,0.341480525494));
#4726 = CARTESIAN_POINT('',(306.45610011808,0.340859219009));
#4727 = CARTESIAN_POINT('',(306.53913032634,0.340307698757));
#4728 = CARTESIAN_POINT('',(306.62306266725,0.339825071358));
#4729 = CARTESIAN_POINT('',(306.70775632388,0.339410550655));
#4730 = CARTESIAN_POINT('',(306.79307755301,0.339063473746));
#4731 = CARTESIAN_POINT('',(306.87889953857,0.338783289433));
#4732 = CARTESIAN_POINT('',(306.96510349488,0.338569560456));
#4733 = CARTESIAN_POINT('',(307.05157269427,0.338421968893));
#4734 = CARTESIAN_POINT('',(307.1382137728,0.338340325727));
#4735 = CARTESIAN_POINT('',(307.22487387583,0.338324592419));
#4736 = CARTESIAN_POINT('',(307.3115244237,0.33837483349));
#4737 = CARTESIAN_POINT('',(307.39817088693,0.338491574444));
#4738 = CARTESIAN_POINT('',(307.48481363277,0.338675831055));
#4739 = CARTESIAN_POINT('',(307.57145684642,0.338929158674));
#4740 = CARTESIAN_POINT('',(307.65810467014,0.339253710113));
#4741 = CARTESIAN_POINT('',(307.74475971439,0.33965231479));
#4742 = CARTESIAN_POINT('',(307.83142311863,0.34012858685));
#4743 = CARTESIAN_POINT('',(307.91808323148,0.340687065725));
#4744 = CARTESIAN_POINT('',(308.00474438717,0.341333414508));
#4745 = CARTESIAN_POINT('',(308.09130173213,0.342074618177));
#4746 = CARTESIAN_POINT('',(308.17584798817,0.342899885095));
#4747 = CARTESIAN_POINT('',(308.25844686474,0.343813339933));
#4748 = CARTESIAN_POINT('',(308.33871297317,0.34481611987));
#4749 = CARTESIAN_POINT('',(308.41632645661,0.345909995453));
#4750 = CARTESIAN_POINT('',(308.49089527919,0.347096278628));
#4751 = CARTESIAN_POINT('',(308.56199863987,0.34837614534));
#4752 = CARTESIAN_POINT('',(308.62915749962,0.349750040702));
#4753 = CARTESIAN_POINT('',(308.69191479975,0.351219367354));
#4754 = CARTESIAN_POINT('',(308.74969672808,0.352783711677));
#4755 = CARTESIAN_POINT('',(308.80179603262,0.354438490306));
#4756 = CARTESIAN_POINT('',(308.84753672816,0.356178007903));
#4757 = CARTESIAN_POINT('',(308.88625615952,0.357994459927));
#4758 = CARTESIAN_POINT('',(308.91733816379,0.359878000197));
#4759 = CARTESIAN_POINT('',(308.94023734122,0.361816493272));
#4760 = CARTESIAN_POINT('',(308.95451267834,0.363795401881));
#4761 = CARTESIAN_POINT('',(308.95986623726,0.365797365569));
#4762 = CARTESIAN_POINT('',(308.95619451212,0.367802788622));
#4763 = CARTESIAN_POINT('',(308.9436151647,0.369792199314));
#4764 = CARTESIAN_POINT('',(308.92243292183,0.371748497558));
#4765 = CARTESIAN_POINT('',(308.89309030247,0.373657108412));
#4766 = CARTESIAN_POINT('',(308.85612961818,0.375505727373));
#4767 = CARTESIAN_POINT('',(308.81216038447,0.377284208674));
#4768 = CARTESIAN_POINT('',(308.76183591281,0.378984352897));
#4769 = CARTESIAN_POINT('',(308.7058209934,0.380600004886));
#4770 = CARTESIAN_POINT('',(308.6448103869,0.382126048904));
#4771 = CARTESIAN_POINT('',(308.5793504384,0.38356195519));
#4772 = CARTESIAN_POINT('',(308.50990529015,0.384908325356));
#4773 = CARTESIAN_POINT('',(308.43693113591,0.386165396133));
#4774 = CARTESIAN_POINT('',(308.36083987757,0.387333868698));
#4775 = CARTESIAN_POINT('',(308.28200900307,0.388414645105));
#4776 = CARTESIAN_POINT('',(308.20077876767,0.389408849034));
#4777 = CARTESIAN_POINT('',(308.11745251222,0.390317762578));
#4778 = CARTESIAN_POINT('',(308.03229569742,0.391142774929));
#4779 = CARTESIAN_POINT('',(307.94553549979,0.391885327763));
#4780 = CARTESIAN_POINT('',(307.85735800295,0.392546822259));
#4781 = CARTESIAN_POINT('',(307.76801038027,0.393127965496));
#4782 = CARTESIAN_POINT('',(307.6776566062,0.393629884581));
#4783 = CARTESIAN_POINT('',(307.58646660412,0.394053391872));
#4784 = CARTESIAN_POINT('',(307.49459877799,0.394399163586));
#4785 = CARTESIAN_POINT('',(307.40220545122,0.39466771071));
#4786 = CARTESIAN_POINT('',(307.30943183211,0.394859388727));
#4787 = CARTESIAN_POINT('',(307.21641748191,0.394974414375));
#4788 = CARTESIAN_POINT('',(307.15433500154,0.394999984853));
#4789 = CARTESIAN_POINT('',(307.12329781693,0.395));
#4790 = ( GEOMETRIC_REPRESENTATION_CONTEXT(2) 
PARAMETRIC_REPRESENTATION_CONTEXT() REPRESENTATION_CONTEXT('2D SPACE',''
  ) );
#4791 = PCURVE('',#932,#4792);
#4792 = DEFINITIONAL_REPRESENTATION('',(#4793),#4907);
#4793 = B_SPLINE_CURVE_WITH_KNOTS('',3,(#4794,#4795,#4796,#4797,#4798,
    #4799,#4800,#4801,#4802,#4803,#4804,#4805,#4806,#4807,#4808,#4809,
    #4810,#4811,#4812,#4813,#4814,#4815,#4816,#4817,#4818,#4819,#4820,
    #4821,#4822,#4823,#4824,#4825,#4826,#4827,#4828,#4829,#4830,#4831,
    #4832,#4833,#4834,#4835,#4836,#4837,#4838,#4839,#4840,#4841,#4842,
    #4843,#4844,#4845,#4846,#4847,#4848,#4849,#4850,#4851,#4852,#4853,
    #4854,#4855,#4856,#4857,#4858,#4859,#4860,#4861,#4862,#4863,#4864,
    #4865,#4866,#4867,#4868,#4869,#4870,#4871,#4872,#4873,#4874,#4875,
    #4876,#4877,#4878,#4879,#4880,#4881,#4882,#4883,#4884,#4885,#4886,
    #4887,#4888,#4889,#4890,#4891,#4892,#4893,#4894,#4895,#4896,#4897,
    #4898,#4899,#4900,#4901,#4902,#4903,#4904,#4905,#4906),
  .UNSPECIFIED.,.F.,.F.,(4,1,1,1,1,1,1,1,1,1,1,1,1,1,1,1,1,1,1,1,1,1,1,1
    ,1,1,1,1,1,1,1,1,1,1,1,1,1,1,1,1,1,1,1,1,1,1,1,1,1,1,1,1,1,1,1,1,1,1
    ,1,1,1,1,1,1,1,1,1,1,1,1,1,1,1,1,1,1,1,1,1,1,1,1,1,1,1,1,1,1,1,1,1,1
    ,1,1,1,1,1,1,1,1,1,1,1,1,1,1,1,1,1,1,4),(0.,3.58588998166E-02,
    7.171779963319E-02,0.10757669945,0.143435599266,0.179294499083,
    0.2151533989,0.251012298716,0.286871198533,0.322730098349,
    0.358588998166,0.394447897983,0.430306797799,0.466165697616,
    0.502024597432,0.537883497249,0.573742397066,0.609601296882,
    0.645460196699,0.681319096515,0.717177996332,0.753036896149,
    0.788895795965,0.824754695782,0.860613595598,0.896472495415,
    0.932331395231,0.968190295048,1.004049194865,1.039908094681,
    1.075766994498,1.111625894314,1.147484794131,1.183343693948,
    1.219202593764,1.255061493581,1.290920393397,1.326779293214,
    1.362638193031,1.398497092847,1.434355992664,1.47021489248,
    1.506073792297,1.541932692114,1.57779159193,1.613650491747,
    1.649509391563,1.68536829138,1.721227191197,1.757086091013,
    1.79294499083,1.828803890646,1.864662790463,1.90052169028,
    1.936380590096,1.972239489913,2.008098389729,2.043957289546,
    2.079816189363,2.115675089179,2.151533988996,2.187392888812,
    2.223251788629,2.259110688446,2.294969588262,2.330828488079,
    2.366687387895,2.402546287712,2.438405187528,2.474264087345,
    2.510122987162,2.545981886978,2.581840786795,2.617699686611,
    2.653558586428,2.689417486245,2.725276386061,2.761135285878,
    2.796994185694,2.832853085511,2.868711985328,2.904570885144,
    2.940429784961,2.976288684777,3.012147584594,3.048006484411,
    3.083865384227,3.119724284044,3.15558318386,3.191442083677,
    3.227300983494,3.26315988331,3.299018783127,3.334877682943,
    3.37073658276,3.406595482577,3.442454382393,3.47831328221,
    3.514172182026,3.550031081843,3.58588998166,3.621748881476,
    3.657607781293,3.693466681109,3.729325580926,3.765184480743,
    3.801043380559,3.836902280376,3.872761180192,3.908620080009,
    3.944478979826),.QUASI_UNIFORM_KNOTS.);
#4794 = CARTESIAN_POINT('',(-6.28318530718,-11.54830876251));
#4795 = CARTESIAN_POINT('',(-6.267069473743,-11.54491564907));
#4796 = CARTESIAN_POINT('',(-6.234825778278,-11.53822651003));
#4797 = CARTESIAN_POINT('',(-6.186369337951,-11.52849672954));
#4798 = CARTESIAN_POINT('',(-6.137766488679,-11.5190832299));
#4799 = CARTESIAN_POINT('',(-6.088964170268,-11.50999945512));
#4800 = CARTESIAN_POINT('',(-6.039909823096,-11.5012594952));
#4801 = CARTESIAN_POINT('',(-5.990550832823,-11.49287816434));
#4802 = CARTESIAN_POINT('',(-5.940833670357,-11.4848709812));
#4803 = CARTESIAN_POINT('',(-5.890702722744,-11.47725416531));
#4804 = CARTESIAN_POINT('',(-5.84010022346,-11.47004481444));
#4805 = CARTESIAN_POINT('',(-5.788961351818,-11.46326048979));
#4806 = CARTESIAN_POINT('',(-5.737226534622,-11.45692113642));
#4807 = CARTESIAN_POINT('',(-5.684846923744,-11.45104936399));
#4808 = CARTESIAN_POINT('',(-5.631748102358,-11.44566649125));
#4809 = CARTESIAN_POINT('',(-5.577869063353,-11.44079736071));
#4810 = CARTESIAN_POINT('',(-5.523150828286,-11.43646865027));
#4811 = CARTESIAN_POINT('',(-5.467538480958,-11.43270892365));
#4812 = CARTESIAN_POINT('',(-5.410978282505,-11.42954818534));
#4813 = CARTESIAN_POINT('',(-5.35342137622,-11.42701791092));
#4814 = CARTESIAN_POINT('',(-5.294806158974,-11.42514990304));
#4815 = CARTESIAN_POINT('',(-5.235036843251,-11.42397750544));
#4816 = CARTESIAN_POINT('',(-5.174179048673,-11.42353726369));
#4817 = CARTESIAN_POINT('',(-5.112284172334,-11.4238602013));
#4818 = CARTESIAN_POINT('',(-5.049427914214,-11.4249722227));
#4819 = CARTESIAN_POINT('',(-4.985703038764,-11.42689240099));
#4820 = CARTESIAN_POINT('',(-4.921225739439,-11.42963166864));
#4821 = CARTESIAN_POINT('',(-4.856141243908,-11.43319099576));
#4822 = CARTESIAN_POINT('',(-4.790628554256,-11.43755951864));
#4823 = CARTESIAN_POINT('',(-4.724921871851,-11.44271100287));
#4824 = CARTESIAN_POINT('',(-4.659280630018,-11.44860409005));
#4825 = CARTESIAN_POINT('',(-4.593957965088,-11.45518509713));
#4826 = CARTESIAN_POINT('',(-4.529163016033,-11.46239408029));
#4827 = CARTESIAN_POINT('',(-4.465058717295,-11.47016858358));
#4828 = CARTESIAN_POINT('',(-4.401775419582,-11.47844505936));
#4829 = CARTESIAN_POINT('',(-4.339416598685,-11.48716036051));
#4830 = CARTESIAN_POINT('',(-4.27806505597,-11.49625259591));
#4831 = CARTESIAN_POINT('',(-4.217783259681,-11.50566243546));
#4832 = CARTESIAN_POINT('',(-4.15862743732,-11.51533187988));
#4833 = CARTESIAN_POINT('',(-4.100604894877,-11.52521200048));
#4834 = CARTESIAN_POINT('',(-4.043609876028,-11.53527661371));
#4835 = CARTESIAN_POINT('',(-3.98759939506,-11.54549277684));
#4836 = CARTESIAN_POINT('',(-3.932515262218,-11.55583317713));
#4837 = CARTESIAN_POINT('',(-3.878303164624,-11.56627275544));
#4838 = CARTESIAN_POINT('',(-3.82490616694,-11.57678953765));
#4839 = CARTESIAN_POINT('',(-3.772265246873,-11.58736434412));
#4840 = CARTESIAN_POINT('',(-3.720317455755,-11.5979809377));
#4841 = CARTESIAN_POINT('',(-3.668996447068,-11.60862569841));
#4842 = CARTESIAN_POINT('',(-3.618225551785,-11.6192889116));
#4843 = CARTESIAN_POINT('',(-3.567966907115,-11.62995406086));
#4844 = CARTESIAN_POINT('',(-3.518153071921,-11.64061190687));
#4845 = CARTESIAN_POINT('',(-3.468725686253,-11.65125220798));
#4846 = CARTESIAN_POINT('',(-3.419628257534,-11.66186495276));
#4847 = CARTESIAN_POINT('',(-3.37080664387,-11.67244004319));
#4848 = CARTESIAN_POINT('',(-3.322207916393,-11.68296732715));
#4849 = CARTESIAN_POINT('',(-3.273778755363,-11.69343674296));
#4850 = CARTESIAN_POINT('',(-3.225467793685,-11.7038376264));
#4851 = CARTESIAN_POINT('',(-3.177212802392,-11.71416121584));
#4852 = CARTESIAN_POINT('',(-3.128985802495,-11.72439087088));
#4853 = CARTESIAN_POINT('',(-3.080689911761,-11.73452377832));
#4854 = CARTESIAN_POINT('',(-3.032207785934,-11.74455981614));
#4855 = CARTESIAN_POINT('',(-2.983420862532,-11.75449685412));
#4856 = CARTESIAN_POINT('',(-2.934201606555,-11.76433168126));
#4857 = CARTESIAN_POINT('',(-2.884412450365,-11.77405939118));
#4858 = CARTESIAN_POINT('',(-2.833902755408,-11.78367297454));
#4859 = CARTESIAN_POINT('',(-2.782504186947,-11.79316300219));
#4860 = CARTESIAN_POINT('',(-2.730030392025,-11.80251582456));
#4861 = CARTESIAN_POINT('',(-2.676255205094,-11.81171641266));
#4862 = CARTESIAN_POINT('',(-2.620964195041,-11.8207326232));
#4863 = CARTESIAN_POINT('',(-2.565111404861,-11.82934699134));
#4864 = CARTESIAN_POINT('',(-2.508411172626,-11.83754950271));
#4865 = CARTESIAN_POINT('',(-2.450833829224,-11.84528023613));
#4866 = CARTESIAN_POINT('',(-2.392287905488,-11.85248431228));
#4867 = CARTESIAN_POINT('',(-2.332704557603,-11.85909735182));
#4868 = CARTESIAN_POINT('',(-2.272007937675,-11.86505004838));
#4869 = CARTESIAN_POINT('',(-2.210139750777,-11.87026588479));
#4870 = CARTESIAN_POINT('',(-2.146980810579,-11.87466727439));
#4871 = CARTESIAN_POINT('',(-2.082472927495,-11.87816467766));
#4872 = CARTESIAN_POINT('',(-2.016691218967,-11.880660791));
#4873 = CARTESIAN_POINT('',(-1.949704409044,-11.88206478193));
#4874 = CARTESIAN_POINT('',(-1.881614467853,-11.88229332841));
#4875 = CARTESIAN_POINT('',(-1.812551360213,-11.88127576465));
#4876 = CARTESIAN_POINT('',(-1.742683355237,-11.87895901019));
#4877 = CARTESIAN_POINT('',(-1.672224514518,-11.87531343758));
#4878 = CARTESIAN_POINT('',(-1.601456725187,-11.87034029933));
#4879 = CARTESIAN_POINT('',(-1.530720577718,-11.86407795089));
#4880 = CARTESIAN_POINT('',(-1.460349465243,-11.8565991116));
#4881 = CARTESIAN_POINT('',(-1.390608067166,-11.84799954186));
#4882 = CARTESIAN_POINT('',(-1.321699539572,-11.83839011967));
#4883 = CARTESIAN_POINT('',(-1.253782446074,-11.82789154718));
#4884 = CARTESIAN_POINT('',(-1.18697895429,-11.81662932649));
#4885 = CARTESIAN_POINT('',(-1.121384484996,-11.80473029701));
#4886 = CARTESIAN_POINT('',(-1.057062283174,-11.79231712138));
#4887 = CARTESIAN_POINT('',(-0.994082884686,-11.77951307343));
#4888 = CARTESIAN_POINT('',(-0.932369363867,-11.76640681052));
#4889 = CARTESIAN_POINT('',(-0.87181664092,-11.75307155298));
#4890 = CARTESIAN_POINT('',(-0.812353444789,-11.739579425));
#4891 = CARTESIAN_POINT('',(-0.753904007409,-11.72599401233));
#4892 = CARTESIAN_POINT('',(-0.696395687911,-11.71237246877));
#4893 = CARTESIAN_POINT('',(-0.639754615945,-11.69876509857));
#4894 = CARTESIAN_POINT('',(-0.583904753874,-11.68521565199));
#4895 = CARTESIAN_POINT('',(-0.528766067369,-11.67176145763));
#4896 = CARTESIAN_POINT('',(-0.474253021224,-11.65843365992));
#4897 = CARTESIAN_POINT('',(-0.420272245048,-11.64525736497));
#4898 = CARTESIAN_POINT('',(-0.366781126744,-11.63226652227));
#4899 = CARTESIAN_POINT('',(-0.313697285931,-11.61948232671));
#4900 = CARTESIAN_POINT('',(-0.260952334157,-11.60692687442));
#4901 = CARTESIAN_POINT('',(-0.208478870394,-11.59462041911));
#4902 = CARTESIAN_POINT('',(-0.156212197975,-11.58258219773));
#4903 = CARTESIAN_POINT('',(-0.104088193345,-11.57083028341));
#4904 = CARTESIAN_POINT('',(-5.204268150742E-02,-11.55938183536));
#4905 = CARTESIAN_POINT('',(-1.735357099632E-02,-11.55196248445));
#4906 = CARTESIAN_POINT('',(1.7763568394E-15,-11.54830876251));
#4907 = ( GEOMETRIC_REPRESENTATION_CONTEXT(2) 
PARAMETRIC_REPRESENTATION_CONTEXT() REPRESENTATION_CONTEXT('2D SPACE',''
  ) );
#4908 = ADVANCED_FACE('',(#4909),#72,.T.);
#4909 = FACE_BOUND('',#4910,.F.);
#4910 = EDGE_LOOP('',(#4911,#4912,#4913,#4934));
#4911 = ORIENTED_EDGE('',*,*,#56,.F.);
#4912 = ORIENTED_EDGE('',*,*,#743,.T.);
#4913 = ORIENTED_EDGE('',*,*,#4914,.T.);
#4914 = EDGE_CURVE('',#716,#3116,#4915,.T.);
#4915 = SURFACE_CURVE('',#4916,(#4920,#4927),.PCURVE_S1.);
#4916 = LINE('',#4917,#4918);
#4917 = CARTESIAN_POINT('',(-178.,-27.,-96.));
#4918 = VECTOR('',#4919,1.);
#4919 = DIRECTION('',(0.,0.,1.));
#4920 = PCURVE('',#72,#4921);
#4921 = DEFINITIONAL_REPRESENTATION('',(#4922),#4926);
#4922 = LINE('',#4923,#4924);
#4923 = CARTESIAN_POINT('',(-1.570796326795,0.));
#4924 = VECTOR('',#4925,1.);
#4925 = DIRECTION('',(-0.,1.));
#4926 = ( GEOMETRIC_REPRESENTATION_CONTEXT(2) 
PARAMETRIC_REPRESENTATION_CONTEXT() REPRESENTATION_CONTEXT('2D SPACE',''
  ) );
#4927 = PCURVE('',#731,#4928);
#4928 = DEFINITIONAL_REPRESENTATION('',(#4929),#4933);
#4929 = LINE('',#4930,#4931);
#4930 = CARTESIAN_POINT('',(62.,0.));
#4931 = VECTOR('',#4932,1.);
#4932 = DIRECTION('',(0.,-1.));
#4933 = ( GEOMETRIC_REPRESENTATION_CONTEXT(2) 
PARAMETRIC_REPRESENTATION_CONTEXT() REPRESENTATION_CONTEXT('2D SPACE',''
  ) );
#4934 = ORIENTED_EDGE('',*,*,#3115,.T.);
#4935 = ADVANCED_FACE('',(#4936),#731,.F.);
#4936 = FACE_BOUND('',#4937,.F.);
#4937 = EDGE_LOOP('',(#4938,#4939,#4960,#4961));
#4938 = ORIENTED_EDGE('',*,*,#715,.F.);
#4939 = ORIENTED_EDGE('',*,*,#4940,.T.);
#4940 = EDGE_CURVE('',#687,#3262,#4941,.T.);
#4941 = SURFACE_CURVE('',#4942,(#4946,#4953),.PCURVE_S1.);
#4942 = LINE('',#4943,#4944);
#4943 = CARTESIAN_POINT('',(-178.,27.,-96.));
#4944 = VECTOR('',#4945,1.);
#4945 = DIRECTION('',(0.,0.,1.));
#4946 = PCURVE('',#731,#4947);
#4947 = DEFINITIONAL_REPRESENTATION('',(#4948),#4952);
#4948 = LINE('',#4949,#4950);
#4949 = CARTESIAN_POINT('',(8.,0.));
#4950 = VECTOR('',#4951,1.);
#4951 = DIRECTION('',(0.,-1.));
#4952 = ( GEOMETRIC_REPRESENTATION_CONTEXT(2) 
PARAMETRIC_REPRESENTATION_CONTEXT() REPRESENTATION_CONTEXT('2D SPACE',''
  ) );
#4953 = PCURVE('',#703,#4954);
#4954 = DEFINITIONAL_REPRESENTATION('',(#4955),#4959);
#4955 = LINE('',#4956,#4957);
#4956 = CARTESIAN_POINT('',(1.570796326795,0.));
#4957 = VECTOR('',#4958,1.);
#4958 = DIRECTION('',(0.,1.));
#4959 = ( GEOMETRIC_REPRESENTATION_CONTEXT(2) 
PARAMETRIC_REPRESENTATION_CONTEXT() REPRESENTATION_CONTEXT('2D SPACE',''
  ) );
#4960 = ORIENTED_EDGE('',*,*,#3261,.T.);
#4961 = ORIENTED_EDGE('',*,*,#4914,.F.);
#4962 = ADVANCED_FACE('',(#4963),#617,.F.);
#4963 = FACE_BOUND('',#4964,.F.);
#4964 = EDGE_LOOP('',(#4965,#4966,#4967,#4968));
#4965 = ORIENTED_EDGE('',*,*,#601,.F.);
#4966 = ORIENTED_EDGE('',*,*,#1276,.T.);
#4967 = ORIENTED_EDGE('',*,*,#2096,.F.);
#4968 = ORIENTED_EDGE('',*,*,#4969,.F.);
#4969 = EDGE_CURVE('',#602,#2005,#4970,.T.);
#4970 = SURFACE_CURVE('',#4971,(#4975,#4982),.PCURVE_S1.);
#4971 = LINE('',#4972,#4973);
#4972 = CARTESIAN_POINT('',(-102.,27.,-96.));
#4973 = VECTOR('',#4974,1.);
#4974 = DIRECTION('',(0.,0.,1.));
#4975 = PCURVE('',#617,#4976);
#4976 = DEFINITIONAL_REPRESENTATION('',(#4977),#4981);
#4977 = LINE('',#4978,#4979);
#4978 = CARTESIAN_POINT('',(62.,0.));
#4979 = VECTOR('',#4980,1.);
#4980 = DIRECTION('',(0.,-1.));
#4981 = ( GEOMETRIC_REPRESENTATION_CONTEXT(2) 
PARAMETRIC_REPRESENTATION_CONTEXT() REPRESENTATION_CONTEXT('2D SPACE',''
  ) );
#4982 = PCURVE('',#646,#4983);
#4983 = DEFINITIONAL_REPRESENTATION('',(#4984),#4988);
#4984 = LINE('',#4985,#4986);
#4985 = CARTESIAN_POINT('',(0.,0.));
#4986 = VECTOR('',#4987,1.);
#4987 = DIRECTION('',(0.,1.));
#4988 = ( GEOMETRIC_REPRESENTATION_CONTEXT(2) 
PARAMETRIC_REPRESENTATION_CONTEXT() REPRESENTATION_CONTEXT('2D SPACE',''
  ) );
#4989 = ADVANCED_FACE('',(#4990),#703,.T.);
#4990 = FACE_BOUND('',#4991,.T.);
#4991 = EDGE_LOOP('',(#4992,#5013,#5014,#5015));
#4992 = ORIENTED_EDGE('',*,*,#4993,.F.);
#4993 = EDGE_CURVE('',#659,#3576,#4994,.T.);
#4994 = SURFACE_CURVE('',#4995,(#4999,#5006),.PCURVE_S1.);
#4995 = LINE('',#4996,#4997);
#4996 = CARTESIAN_POINT('',(-170.,35.,-96.));
#4997 = VECTOR('',#4998,1.);
#4998 = DIRECTION('',(0.,0.,1.));
#4999 = PCURVE('',#703,#5000);
#5000 = DEFINITIONAL_REPRESENTATION('',(#5001),#5005);
#5001 = LINE('',#5002,#5003);
#5002 = CARTESIAN_POINT('',(0.,0.));
#5003 = VECTOR('',#5004,1.);
#5004 = DIRECTION('',(0.,1.));
#5005 = ( GEOMETRIC_REPRESENTATION_CONTEXT(2) 
PARAMETRIC_REPRESENTATION_CONTEXT() REPRESENTATION_CONTEXT('2D SPACE',''
  ) );
#5006 = PCURVE('',#674,#5007);
#5007 = DEFINITIONAL_REPRESENTATION('',(#5008),#5012);
#5008 = LINE('',#5009,#5010);
#5009 = CARTESIAN_POINT('',(68.,0.));
#5010 = VECTOR('',#5011,1.);
#5011 = DIRECTION('',(0.,-1.));
#5012 = ( GEOMETRIC_REPRESENTATION_CONTEXT(2) 
PARAMETRIC_REPRESENTATION_CONTEXT() REPRESENTATION_CONTEXT('2D SPACE',''
  ) );
#5013 = ORIENTED_EDGE('',*,*,#686,.T.);
#5014 = ORIENTED_EDGE('',*,*,#4940,.T.);
#5015 = ORIENTED_EDGE('',*,*,#3575,.F.);
#5016 = ADVANCED_FACE('',(#5017),#646,.T.);
#5017 = FACE_BOUND('',#5018,.T.);
#5018 = EDGE_LOOP('',(#5019,#5020,#5021,#5042));
#5019 = ORIENTED_EDGE('',*,*,#4969,.F.);
#5020 = ORIENTED_EDGE('',*,*,#629,.T.);
#5021 = ORIENTED_EDGE('',*,*,#5022,.T.);
#5022 = EDGE_CURVE('',#630,#1970,#5023,.T.);
#5023 = SURFACE_CURVE('',#5024,(#5028,#5035),.PCURVE_S1.);
#5024 = LINE('',#5025,#5026);
#5025 = CARTESIAN_POINT('',(-110.,35.,-96.));
#5026 = VECTOR('',#5027,1.);
#5027 = DIRECTION('',(0.,0.,1.));
#5028 = PCURVE('',#646,#5029);
#5029 = DEFINITIONAL_REPRESENTATION('',(#5030),#5034);
#5030 = LINE('',#5031,#5032);
#5031 = CARTESIAN_POINT('',(1.570796326795,0.));
#5032 = VECTOR('',#5033,1.);
#5033 = DIRECTION('',(0.,1.));
#5034 = ( GEOMETRIC_REPRESENTATION_CONTEXT(2) 
PARAMETRIC_REPRESENTATION_CONTEXT() REPRESENTATION_CONTEXT('2D SPACE',''
  ) );
#5035 = PCURVE('',#674,#5036);
#5036 = DEFINITIONAL_REPRESENTATION('',(#5037),#5041);
#5037 = LINE('',#5038,#5039);
#5038 = CARTESIAN_POINT('',(8.,0.));
#5039 = VECTOR('',#5040,1.);
#5040 = DIRECTION('',(0.,-1.));
#5041 = ( GEOMETRIC_REPRESENTATION_CONTEXT(2) 
PARAMETRIC_REPRESENTATION_CONTEXT() REPRESENTATION_CONTEXT('2D SPACE',''
  ) );
#5042 = ORIENTED_EDGE('',*,*,#2004,.F.);
#5043 = ADVANCED_FACE('',(#5044),#674,.F.);
#5044 = FACE_BOUND('',#5045,.F.);
#5045 = EDGE_LOOP('',(#5046,#5047,#5048,#5049,#5050));
#5046 = ORIENTED_EDGE('',*,*,#658,.F.);
#5047 = ORIENTED_EDGE('',*,*,#5022,.T.);
#5048 = ORIENTED_EDGE('',*,*,#1969,.F.);
#5049 = ORIENTED_EDGE('',*,*,#3765,.F.);
#5050 = ORIENTED_EDGE('',*,*,#4993,.F.);
#5051 = ADVANCED_FACE('',(#5052),#792,.F.);
#5052 = FACE_BOUND('',#5053,.T.);
#5053 = EDGE_LOOP('',(#5054,#5055,#5078,#5105));
#5054 = ORIENTED_EDGE('',*,*,#771,.T.);
#5055 = ORIENTED_EDGE('',*,*,#5056,.T.);
#5056 = EDGE_CURVE('',#772,#5057,#5059,.T.);
#5057 = VERTEX_POINT('',#5058);
#5058 = CARTESIAN_POINT('',(-166.75,-25.,-89.));
#5059 = SEAM_CURVE('',#5060,(#5064,#5071),.PCURVE_S1.);
#5060 = LINE('',#5061,#5062);
#5061 = CARTESIAN_POINT('',(-166.75,-25.,-97.));
#5062 = VECTOR('',#5063,1.);
#5063 = DIRECTION('',(0.,0.,1.));
#5064 = PCURVE('',#792,#5065);
#5065 = DEFINITIONAL_REPRESENTATION('',(#5066),#5070);
#5066 = LINE('',#5067,#5068);
#5067 = CARTESIAN_POINT('',(-6.28318530718,0.));
#5068 = VECTOR('',#5069,1.);
#5069 = DIRECTION('',(-0.,-1.));
#5070 = ( GEOMETRIC_REPRESENTATION_CONTEXT(2) 
PARAMETRIC_REPRESENTATION_CONTEXT() REPRESENTATION_CONTEXT('2D SPACE',''
  ) );
#5071 = PCURVE('',#792,#5072);
#5072 = DEFINITIONAL_REPRESENTATION('',(#5073),#5077);
#5073 = LINE('',#5074,#5075);
#5074 = CARTESIAN_POINT('',(-0.,0.));
#5075 = VECTOR('',#5076,1.);
#5076 = DIRECTION('',(-0.,-1.));
#5077 = ( GEOMETRIC_REPRESENTATION_CONTEXT(2) 
PARAMETRIC_REPRESENTATION_CONTEXT() REPRESENTATION_CONTEXT('2D SPACE',''
  ) );
#5078 = ORIENTED_EDGE('',*,*,#5079,.T.);
#5079 = EDGE_CURVE('',#5057,#5057,#5080,.T.);
#5080 = SURFACE_CURVE('',#5081,(#5086,#5093),.PCURVE_S1.);
#5081 = CIRCLE('',#5082,3.25);
#5082 = AXIS2_PLACEMENT_3D('',#5083,#5084,#5085);
#5083 = CARTESIAN_POINT('',(-170.,-25.,-89.));
#5084 = DIRECTION('',(0.,0.,1.));
#5085 = DIRECTION('',(1.,0.,0.));
#5086 = PCURVE('',#792,#5087);
#5087 = DEFINITIONAL_REPRESENTATION('',(#5088),#5092);
#5088 = LINE('',#5089,#5090);
#5089 = CARTESIAN_POINT('',(-0.,-8.));
#5090 = VECTOR('',#5091,1.);
#5091 = DIRECTION('',(-1.,0.));
#5092 = ( GEOMETRIC_REPRESENTATION_CONTEXT(2) 
PARAMETRIC_REPRESENTATION_CONTEXT() REPRESENTATION_CONTEXT('2D SPACE',''
  ) );
#5093 = PCURVE('',#5094,#5099);
#5094 = PLANE('',#5095);
#5095 = AXIS2_PLACEMENT_3D('',#5096,#5097,#5098);
#5096 = CARTESIAN_POINT('',(-170.,-25.,-89.));
#5097 = DIRECTION('',(0.,0.,1.));
#5098 = DIRECTION('',(1.,0.,-0.));
#5099 = DEFINITIONAL_REPRESENTATION('',(#5100),#5104);
#5100 = CIRCLE('',#5101,3.25);
#5101 = AXIS2_PLACEMENT_2D('',#5102,#5103);
#5102 = CARTESIAN_POINT('',(0.,0.));
#5103 = DIRECTION('',(1.,0.));
#5104 = ( GEOMETRIC_REPRESENTATION_CONTEXT(2) 
PARAMETRIC_REPRESENTATION_CONTEXT() REPRESENTATION_CONTEXT('2D SPACE',''
  ) );
#5105 = ORIENTED_EDGE('',*,*,#5056,.F.);
#5106 = ADVANCED_FACE('',(#5107),#827,.F.);
#5107 = FACE_BOUND('',#5108,.T.);
#5108 = EDGE_LOOP('',(#5109,#5110,#5131,#5132));
#5109 = ORIENTED_EDGE('',*,*,#806,.T.);
#5110 = ORIENTED_EDGE('',*,*,#5111,.T.);
#5111 = EDGE_CURVE('',#807,#4275,#5112,.T.);
#5112 = SEAM_CURVE('',#5113,(#5117,#5124),.PCURVE_S1.);
#5113 = LINE('',#5114,#5115);
#5114 = CARTESIAN_POINT('',(-166.3,-18.,-97.));
#5115 = VECTOR('',#5116,1.);
#5116 = DIRECTION('',(0.,0.,1.));
#5117 = PCURVE('',#827,#5118);
#5118 = DEFINITIONAL_REPRESENTATION('',(#5119),#5123);
#5119 = LINE('',#5120,#5121);
#5120 = CARTESIAN_POINT('',(-0.,0.));
#5121 = VECTOR('',#5122,1.);
#5122 = DIRECTION('',(-0.,-1.));
#5123 = ( GEOMETRIC_REPRESENTATION_CONTEXT(2) 
PARAMETRIC_REPRESENTATION_CONTEXT() REPRESENTATION_CONTEXT('2D SPACE',''
  ) );
#5124 = PCURVE('',#827,#5125);
#5125 = DEFINITIONAL_REPRESENTATION('',(#5126),#5130);
#5126 = LINE('',#5127,#5128);
#5127 = CARTESIAN_POINT('',(-6.28318530718,0.));
#5128 = VECTOR('',#5129,1.);
#5129 = DIRECTION('',(-0.,-1.));
#5130 = ( GEOMETRIC_REPRESENTATION_CONTEXT(2) 
PARAMETRIC_REPRESENTATION_CONTEXT() REPRESENTATION_CONTEXT('2D SPACE',''
  ) );
#5131 = ORIENTED_EDGE('',*,*,#4274,.F.);
#5132 = ORIENTED_EDGE('',*,*,#5111,.F.);
#5133 = ADVANCED_FACE('',(#5134),#862,.F.);
#5134 = FACE_BOUND('',#5135,.T.);
#5135 = EDGE_LOOP('',(#5136,#5137,#5160,#5187));
#5136 = ORIENTED_EDGE('',*,*,#841,.T.);
#5137 = ORIENTED_EDGE('',*,*,#5138,.T.);
#5138 = EDGE_CURVE('',#842,#5139,#5141,.T.);
#5139 = VERTEX_POINT('',#5140);
#5140 = CARTESIAN_POINT('',(-106.75,-25.,-89.));
#5141 = SEAM_CURVE('',#5142,(#5146,#5153),.PCURVE_S1.);
#5142 = LINE('',#5143,#5144);
#5143 = CARTESIAN_POINT('',(-106.75,-25.,-97.));
#5144 = VECTOR('',#5145,1.);
#5145 = DIRECTION('',(0.,0.,1.));
#5146 = PCURVE('',#862,#5147);
#5147 = DEFINITIONAL_REPRESENTATION('',(#5148),#5152);
#5148 = LINE('',#5149,#5150);
#5149 = CARTESIAN_POINT('',(-6.28318530718,0.));
#5150 = VECTOR('',#5151,1.);
#5151 = DIRECTION('',(-0.,-1.));
#5152 = ( GEOMETRIC_REPRESENTATION_CONTEXT(2) 
PARAMETRIC_REPRESENTATION_CONTEXT() REPRESENTATION_CONTEXT('2D SPACE',''
  ) );
#5153 = PCURVE('',#862,#5154);
#5154 = DEFINITIONAL_REPRESENTATION('',(#5155),#5159);
#5155 = LINE('',#5156,#5157);
#5156 = CARTESIAN_POINT('',(-0.,0.));
#5157 = VECTOR('',#5158,1.);
#5158 = DIRECTION('',(-0.,-1.));
#5159 = ( GEOMETRIC_REPRESENTATION_CONTEXT(2) 
PARAMETRIC_REPRESENTATION_CONTEXT() REPRESENTATION_CONTEXT('2D SPACE',''
  ) );
#5160 = ORIENTED_EDGE('',*,*,#5161,.T.);
#5161 = EDGE_CURVE('',#5139,#5139,#5162,.T.);
#5162 = SURFACE_CURVE('',#5163,(#5168,#5175),.PCURVE_S1.);
#5163 = CIRCLE('',#5164,3.25);
#5164 = AXIS2_PLACEMENT_3D('',#5165,#5166,#5167);
#5165 = CARTESIAN_POINT('',(-110.,-25.,-89.));
#5166 = DIRECTION('',(0.,0.,1.));
#5167 = DIRECTION('',(1.,0.,0.));
#5168 = PCURVE('',#862,#5169);
#5169 = DEFINITIONAL_REPRESENTATION('',(#5170),#5174);
#5170 = LINE('',#5171,#5172);
#5171 = CARTESIAN_POINT('',(-0.,-8.));
#5172 = VECTOR('',#5173,1.);
#5173 = DIRECTION('',(-1.,0.));
#5174 = ( GEOMETRIC_REPRESENTATION_CONTEXT(2) 
PARAMETRIC_REPRESENTATION_CONTEXT() REPRESENTATION_CONTEXT('2D SPACE',''
  ) );
#5175 = PCURVE('',#5176,#5181);
#5176 = PLANE('',#5177);
#5177 = AXIS2_PLACEMENT_3D('',#5178,#5179,#5180);
#5178 = CARTESIAN_POINT('',(-110.,-25.,-89.));
#5179 = DIRECTION('',(0.,0.,1.));
#5180 = DIRECTION('',(1.,0.,-0.));
#5181 = DEFINITIONAL_REPRESENTATION('',(#5182),#5186);
#5182 = CIRCLE('',#5183,3.25);
#5183 = AXIS2_PLACEMENT_2D('',#5184,#5185);
#5184 = CARTESIAN_POINT('',(0.,0.));
#5185 = DIRECTION('',(1.,0.));
#5186 = ( GEOMETRIC_REPRESENTATION_CONTEXT(2) 
PARAMETRIC_REPRESENTATION_CONTEXT() REPRESENTATION_CONTEXT('2D SPACE',''
  ) );
#5187 = ORIENTED_EDGE('',*,*,#5138,.F.);
#5188 = ADVANCED_FACE('',(#5189),#897,.F.);
#5189 = FACE_BOUND('',#5190,.T.);
#5190 = EDGE_LOOP('',(#5191,#5192,#5213,#5214));
#5191 = ORIENTED_EDGE('',*,*,#876,.T.);
#5192 = ORIENTED_EDGE('',*,*,#5193,.T.);
#5193 = EDGE_CURVE('',#877,#2785,#5194,.T.);
#5194 = SEAM_CURVE('',#5195,(#5199,#5206),.PCURVE_S1.);
#5195 = LINE('',#5196,#5197);
#5196 = CARTESIAN_POINT('',(-110.3,-18.,-97.));
#5197 = VECTOR('',#5198,1.);
#5198 = DIRECTION('',(0.,0.,1.));
#5199 = PCURVE('',#897,#5200);
#5200 = DEFINITIONAL_REPRESENTATION('',(#5201),#5205);
#5201 = LINE('',#5202,#5203);
#5202 = CARTESIAN_POINT('',(-0.,0.));
#5203 = VECTOR('',#5204,1.);
#5204 = DIRECTION('',(-0.,-1.));
#5205 = ( GEOMETRIC_REPRESENTATION_CONTEXT(2) 
PARAMETRIC_REPRESENTATION_CONTEXT() REPRESENTATION_CONTEXT('2D SPACE',''
  ) );
#5206 = PCURVE('',#897,#5207);
#5207 = DEFINITIONAL_REPRESENTATION('',(#5208),#5212);
#5208 = LINE('',#5209,#5210);
#5209 = CARTESIAN_POINT('',(-6.28318530718,0.));
#5210 = VECTOR('',#5211,1.);
#5211 = DIRECTION('',(-0.,-1.));
#5212 = ( GEOMETRIC_REPRESENTATION_CONTEXT(2) 
PARAMETRIC_REPRESENTATION_CONTEXT() REPRESENTATION_CONTEXT('2D SPACE',''
  ) );
#5213 = ORIENTED_EDGE('',*,*,#2784,.F.);
#5214 = ORIENTED_EDGE('',*,*,#5193,.F.);
#5215 = ADVANCED_FACE('',(#5216),#932,.F.);
#5216 = FACE_BOUND('',#5217,.T.);
#5217 = EDGE_LOOP('',(#5218,#5219,#5240,#5241));
#5218 = ORIENTED_EDGE('',*,*,#911,.T.);
#5219 = ORIENTED_EDGE('',*,*,#5220,.T.);
#5220 = EDGE_CURVE('',#912,#4596,#5221,.T.);
#5221 = SEAM_CURVE('',#5222,(#5226,#5233),.PCURVE_S1.);
#5222 = LINE('',#5223,#5224);
#5223 = CARTESIAN_POINT('',(-166.3,18.,-97.));
#5224 = VECTOR('',#5225,1.);
#5225 = DIRECTION('',(0.,0.,1.));
#5226 = PCURVE('',#932,#5227);
#5227 = DEFINITIONAL_REPRESENTATION('',(#5228),#5232);
#5228 = LINE('',#5229,#5230);
#5229 = CARTESIAN_POINT('',(-0.,0.));
#5230 = VECTOR('',#5231,1.);
#5231 = DIRECTION('',(-0.,-1.));
#5232 = ( GEOMETRIC_REPRESENTATION_CONTEXT(2) 
PARAMETRIC_REPRESENTATION_CONTEXT() REPRESENTATION_CONTEXT('2D SPACE',''
  ) );
#5233 = PCURVE('',#932,#5234);
#5234 = DEFINITIONAL_REPRESENTATION('',(#5235),#5239);
#5235 = LINE('',#5236,#5237);
#5236 = CARTESIAN_POINT('',(-6.28318530718,0.));
#5237 = VECTOR('',#5238,1.);
#5238 = DIRECTION('',(-0.,-1.));
#5239 = ( GEOMETRIC_REPRESENTATION_CONTEXT(2) 
PARAMETRIC_REPRESENTATION_CONTEXT() REPRESENTATION_CONTEXT('2D SPACE',''
  ) );
#5240 = ORIENTED_EDGE('',*,*,#4595,.F.);
#5241 = ORIENTED_EDGE('',*,*,#5220,.F.);
#5242 = ADVANCED_FACE('',(#5243),#967,.F.);
#5243 = FACE_BOUND('',#5244,.T.);
#5244 = EDGE_LOOP('',(#5245,#5246,#5269,#5296));
#5245 = ORIENTED_EDGE('',*,*,#946,.T.);
#5246 = ORIENTED_EDGE('',*,*,#5247,.T.);
#5247 = EDGE_CURVE('',#947,#5248,#5250,.T.);
#5248 = VERTEX_POINT('',#5249);
#5249 = CARTESIAN_POINT('',(-166.75,25.,-89.));
#5250 = SEAM_CURVE('',#5251,(#5255,#5262),.PCURVE_S1.);
#5251 = LINE('',#5252,#5253);
#5252 = CARTESIAN_POINT('',(-166.75,25.,-97.));
#5253 = VECTOR('',#5254,1.);
#5254 = DIRECTION('',(0.,0.,1.));
#5255 = PCURVE('',#967,#5256);
#5256 = DEFINITIONAL_REPRESENTATION('',(#5257),#5261);
#5257 = LINE('',#5258,#5259);
#5258 = CARTESIAN_POINT('',(-6.28318530718,0.));
#5259 = VECTOR('',#5260,1.);
#5260 = DIRECTION('',(-0.,-1.));
#5261 = ( GEOMETRIC_REPRESENTATION_CONTEXT(2) 
PARAMETRIC_REPRESENTATION_CONTEXT() REPRESENTATION_CONTEXT('2D SPACE',''
  ) );
#5262 = PCURVE('',#967,#5263);
#5263 = DEFINITIONAL_REPRESENTATION('',(#5264),#5268);
#5264 = LINE('',#5265,#5266);
#5265 = CARTESIAN_POINT('',(-0.,0.));
#5266 = VECTOR('',#5267,1.);
#5267 = DIRECTION('',(-0.,-1.));
#5268 = ( GEOMETRIC_REPRESENTATION_CONTEXT(2) 
PARAMETRIC_REPRESENTATION_CONTEXT() REPRESENTATION_CONTEXT('2D SPACE',''
  ) );
#5269 = ORIENTED_EDGE('',*,*,#5270,.T.);
#5270 = EDGE_CURVE('',#5248,#5248,#5271,.T.);
#5271 = SURFACE_CURVE('',#5272,(#5277,#5284),.PCURVE_S1.);
#5272 = CIRCLE('',#5273,3.25);
#5273 = AXIS2_PLACEMENT_3D('',#5274,#5275,#5276);
#5274 = CARTESIAN_POINT('',(-170.,25.,-89.));
#5275 = DIRECTION('',(0.,0.,1.));
#5276 = DIRECTION('',(1.,0.,0.));
#5277 = PCURVE('',#967,#5278);
#5278 = DEFINITIONAL_REPRESENTATION('',(#5279),#5283);
#5279 = LINE('',#5280,#5281);
#5280 = CARTESIAN_POINT('',(-0.,-8.));
#5281 = VECTOR('',#5282,1.);
#5282 = DIRECTION('',(-1.,0.));
#5283 = ( GEOMETRIC_REPRESENTATION_CONTEXT(2) 
PARAMETRIC_REPRESENTATION_CONTEXT() REPRESENTATION_CONTEXT('2D SPACE',''
  ) );
#5284 = PCURVE('',#5285,#5290);
#5285 = PLANE('',#5286);
#5286 = AXIS2_PLACEMENT_3D('',#5287,#5288,#5289);
#5287 = CARTESIAN_POINT('',(-170.,25.,-89.));
#5288 = DIRECTION('',(0.,0.,1.));
#5289 = DIRECTION('',(1.,0.,-0.));
#5290 = DEFINITIONAL_REPRESENTATION('',(#5291),#5295);
#5291 = CIRCLE('',#5292,3.25);
#5292 = AXIS2_PLACEMENT_2D('',#5293,#5294);
#5293 = CARTESIAN_POINT('',(0.,0.));
#5294 = DIRECTION('',(1.,0.));
#5295 = ( GEOMETRIC_REPRESENTATION_CONTEXT(2) 
PARAMETRIC_REPRESENTATION_CONTEXT() REPRESENTATION_CONTEXT('2D SPACE',''
  ) );
#5296 = ORIENTED_EDGE('',*,*,#5247,.F.);
#5297 = ADVANCED_FACE('',(#5298),#1000,.F.);
#5298 = FACE_BOUND('',#5299,.F.);
#5299 = EDGE_LOOP('',(#5300,#5321,#5322,#5343));
#5300 = ORIENTED_EDGE('',*,*,#5301,.F.);
#5301 = EDGE_CURVE('',#982,#1501,#5302,.T.);
#5302 = SURFACE_CURVE('',#5303,(#5307,#5314),.PCURVE_S1.);
#5303 = LINE('',#5304,#5305);
#5304 = CARTESIAN_POINT('',(-123.,-16.,-97.));
#5305 = VECTOR('',#5306,1.);
#5306 = DIRECTION('',(0.,0.,1.));
#5307 = PCURVE('',#1000,#5308);
#5308 = DEFINITIONAL_REPRESENTATION('',(#5309),#5313);
#5309 = LINE('',#5310,#5311);
#5310 = CARTESIAN_POINT('',(0.,0.));
#5311 = VECTOR('',#5312,1.);
#5312 = DIRECTION('',(0.,1.));
#5313 = ( GEOMETRIC_REPRESENTATION_CONTEXT(2) 
PARAMETRIC_REPRESENTATION_CONTEXT() REPRESENTATION_CONTEXT('2D SPACE',''
  ) );
#5314 = PCURVE('',#1027,#5315);
#5315 = DEFINITIONAL_REPRESENTATION('',(#5316),#5320);
#5316 = LINE('',#5317,#5318);
#5317 = CARTESIAN_POINT('',(40.,0.));
#5318 = VECTOR('',#5319,1.);
#5319 = DIRECTION('',(0.,-1.));
#5320 = ( GEOMETRIC_REPRESENTATION_CONTEXT(2) 
PARAMETRIC_REPRESENTATION_CONTEXT() REPRESENTATION_CONTEXT('2D SPACE',''
  ) );
#5321 = ORIENTED_EDGE('',*,*,#981,.T.);
#5322 = ORIENTED_EDGE('',*,*,#5323,.T.);
#5323 = EDGE_CURVE('',#984,#1530,#5324,.T.);
#5324 = SURFACE_CURVE('',#5325,(#5329,#5336),.PCURVE_S1.);
#5325 = LINE('',#5326,#5327);
#5326 = CARTESIAN_POINT('',(-117.,-10.,-97.));
#5327 = VECTOR('',#5328,1.);
#5328 = DIRECTION('',(0.,0.,1.));
#5329 = PCURVE('',#1000,#5330);
#5330 = DEFINITIONAL_REPRESENTATION('',(#5331),#5335);
#5331 = LINE('',#5332,#5333);
#5332 = CARTESIAN_POINT('',(1.570796326795,0.));
#5333 = VECTOR('',#5334,1.);
#5334 = DIRECTION('',(0.,1.));
#5335 = ( GEOMETRIC_REPRESENTATION_CONTEXT(2) 
PARAMETRIC_REPRESENTATION_CONTEXT() REPRESENTATION_CONTEXT('2D SPACE',''
  ) );
#5336 = PCURVE('',#1190,#5337);
#5337 = DEFINITIONAL_REPRESENTATION('',(#5338),#5342);
#5338 = LINE('',#5339,#5340);
#5339 = CARTESIAN_POINT('',(6.,0.));
#5340 = VECTOR('',#5341,1.);
#5341 = DIRECTION('',(0.,-1.));
#5342 = ( GEOMETRIC_REPRESENTATION_CONTEXT(2) 
PARAMETRIC_REPRESENTATION_CONTEXT() REPRESENTATION_CONTEXT('2D SPACE',''
  ) );
#5343 = ORIENTED_EDGE('',*,*,#1529,.F.);
#5344 = ADVANCED_FACE('',(#5345),#1027,.T.);
#5345 = FACE_BOUND('',#5346,.T.);
#5346 = EDGE_LOOP('',(#5347,#5348,#5369,#5370,#5371));
#5347 = ORIENTED_EDGE('',*,*,#1012,.T.);
#5348 = ORIENTED_EDGE('',*,*,#5349,.T.);
#5349 = EDGE_CURVE('',#1013,#4097,#5350,.T.);
#5350 = SURFACE_CURVE('',#5351,(#5355,#5362),.PCURVE_S1.);
#5351 = LINE('',#5352,#5353);
#5352 = CARTESIAN_POINT('',(-157.,-16.,-97.));
#5353 = VECTOR('',#5354,1.);
#5354 = DIRECTION('',(0.,0.,1.));
#5355 = PCURVE('',#1027,#5356);
#5356 = DEFINITIONAL_REPRESENTATION('',(#5357),#5361);
#5357 = LINE('',#5358,#5359);
#5358 = CARTESIAN_POINT('',(6.,0.));
#5359 = VECTOR('',#5360,1.);
#5360 = DIRECTION('',(0.,-1.));
#5361 = ( GEOMETRIC_REPRESENTATION_CONTEXT(2) 
PARAMETRIC_REPRESENTATION_CONTEXT() REPRESENTATION_CONTEXT('2D SPACE',''
  ) );
#5362 = PCURVE('',#1055,#5363);
#5363 = DEFINITIONAL_REPRESENTATION('',(#5364),#5368);
#5364 = LINE('',#5365,#5366);
#5365 = CARTESIAN_POINT('',(-0.,0.));
#5366 = VECTOR('',#5367,1.);
#5367 = DIRECTION('',(-0.,1.));
#5368 = ( GEOMETRIC_REPRESENTATION_CONTEXT(2) 
PARAMETRIC_REPRESENTATION_CONTEXT() REPRESENTATION_CONTEXT('2D SPACE',''
  ) );
#5369 = ORIENTED_EDGE('',*,*,#4236,.T.);
#5370 = ORIENTED_EDGE('',*,*,#1500,.T.);
#5371 = ORIENTED_EDGE('',*,*,#5301,.F.);
#5372 = ADVANCED_FACE('',(#5373),#1190,.T.);
#5373 = FACE_BOUND('',#5374,.T.);
#5374 = EDGE_LOOP('',(#5375,#5376,#5377,#5378));
#5375 = ORIENTED_EDGE('',*,*,#1177,.T.);
#5376 = ORIENTED_EDGE('',*,*,#5323,.T.);
#5377 = ORIENTED_EDGE('',*,*,#1639,.F.);
#5378 = ORIENTED_EDGE('',*,*,#5379,.F.);
#5379 = EDGE_CURVE('',#1149,#1640,#5380,.T.);
#5380 = SURFACE_CURVE('',#5381,(#5385,#5392),.PCURVE_S1.);
#5381 = LINE('',#5382,#5383);
#5382 = CARTESIAN_POINT('',(-117.,10.,-97.));
#5383 = VECTOR('',#5384,1.);
#5384 = DIRECTION('',(0.,0.,1.));
#5385 = PCURVE('',#1190,#5386);
#5386 = DEFINITIONAL_REPRESENTATION('',(#5387),#5391);
#5387 = LINE('',#5388,#5389);
#5388 = CARTESIAN_POINT('',(26.,0.));
#5389 = VECTOR('',#5390,1.);
#5390 = DIRECTION('',(0.,-1.));
#5391 = ( GEOMETRIC_REPRESENTATION_CONTEXT(2) 
PARAMETRIC_REPRESENTATION_CONTEXT() REPRESENTATION_CONTEXT('2D SPACE',''
  ) );
#5392 = PCURVE('',#1165,#5393);
#5393 = DEFINITIONAL_REPRESENTATION('',(#5394),#5398);
#5394 = LINE('',#5395,#5396);
#5395 = CARTESIAN_POINT('',(0.,0.));
#5396 = VECTOR('',#5397,1.);
#5397 = DIRECTION('',(0.,1.));
#5398 = ( GEOMETRIC_REPRESENTATION_CONTEXT(2) 
PARAMETRIC_REPRESENTATION_CONTEXT() REPRESENTATION_CONTEXT('2D SPACE',''
  ) );
#5399 = ADVANCED_FACE('',(#5400),#1055,.F.);
#5400 = FACE_BOUND('',#5401,.T.);
#5401 = EDGE_LOOP('',(#5402,#5403,#5404,#5425));
#5402 = ORIENTED_EDGE('',*,*,#5349,.F.);
#5403 = ORIENTED_EDGE('',*,*,#1038,.F.);
#5404 = ORIENTED_EDGE('',*,*,#5405,.T.);
#5405 = EDGE_CURVE('',#1039,#3951,#5406,.T.);
#5406 = SURFACE_CURVE('',#5407,(#5411,#5418),.PCURVE_S1.);
#5407 = LINE('',#5408,#5409);
#5408 = CARTESIAN_POINT('',(-163.,-10.,-97.));
#5409 = VECTOR('',#5410,1.);
#5410 = DIRECTION('',(0.,0.,1.));
#5411 = PCURVE('',#1055,#5412);
#5412 = DEFINITIONAL_REPRESENTATION('',(#5413),#5417);
#5413 = LINE('',#5414,#5415);
#5414 = CARTESIAN_POINT('',(-1.570796326795,0.));
#5415 = VECTOR('',#5416,1.);
#5416 = DIRECTION('',(-0.,1.));
#5417 = ( GEOMETRIC_REPRESENTATION_CONTEXT(2) 
PARAMETRIC_REPRESENTATION_CONTEXT() REPRESENTATION_CONTEXT('2D SPACE',''
  ) );
#5418 = PCURVE('',#1082,#5419);
#5419 = DEFINITIONAL_REPRESENTATION('',(#5420),#5424);
#5420 = LINE('',#5421,#5422);
#5421 = CARTESIAN_POINT('',(26.,0.));
#5422 = VECTOR('',#5423,1.);
#5423 = DIRECTION('',(0.,-1.));
#5424 = ( GEOMETRIC_REPRESENTATION_CONTEXT(2) 
PARAMETRIC_REPRESENTATION_CONTEXT() REPRESENTATION_CONTEXT('2D SPACE',''
  ) );
#5425 = ORIENTED_EDGE('',*,*,#4096,.F.);
#5426 = ADVANCED_FACE('',(#5427),#1165,.F.);
#5427 = FACE_BOUND('',#5428,.F.);
#5428 = EDGE_LOOP('',(#5429,#5430,#5431,#5452));
#5429 = ORIENTED_EDGE('',*,*,#5379,.F.);
#5430 = ORIENTED_EDGE('',*,*,#1148,.T.);
#5431 = ORIENTED_EDGE('',*,*,#5432,.T.);
#5432 = EDGE_CURVE('',#1123,#1744,#5433,.T.);
#5433 = SURFACE_CURVE('',#5434,(#5438,#5445),.PCURVE_S1.);
#5434 = LINE('',#5435,#5436);
#5435 = CARTESIAN_POINT('',(-123.,16.,-97.));
#5436 = VECTOR('',#5437,1.);
#5437 = DIRECTION('',(0.,0.,1.));
#5438 = PCURVE('',#1165,#5439);
#5439 = DEFINITIONAL_REPRESENTATION('',(#5440),#5444);
#5440 = LINE('',#5441,#5442);
#5441 = CARTESIAN_POINT('',(1.570796326795,0.));
#5442 = VECTOR('',#5443,1.);
#5443 = DIRECTION('',(0.,1.));
#5444 = ( GEOMETRIC_REPRESENTATION_CONTEXT(2) 
PARAMETRIC_REPRESENTATION_CONTEXT() REPRESENTATION_CONTEXT('2D SPACE',''
  ) );
#5445 = PCURVE('',#1137,#5446);
#5446 = DEFINITIONAL_REPRESENTATION('',(#5447),#5451);
#5447 = LINE('',#5448,#5449);
#5448 = CARTESIAN_POINT('',(6.,0.));
#5449 = VECTOR('',#5450,1.);
#5450 = DIRECTION('',(0.,-1.));
#5451 = ( GEOMETRIC_REPRESENTATION_CONTEXT(2) 
PARAMETRIC_REPRESENTATION_CONTEXT() REPRESENTATION_CONTEXT('2D SPACE',''
  ) );
#5452 = ORIENTED_EDGE('',*,*,#1743,.F.);
#5453 = ADVANCED_FACE('',(#5454),#1082,.T.);
#5454 = FACE_BOUND('',#5455,.T.);
#5455 = EDGE_LOOP('',(#5456,#5457,#5478,#5479));
#5456 = ORIENTED_EDGE('',*,*,#1067,.T.);
#5457 = ORIENTED_EDGE('',*,*,#5458,.T.);
#5458 = EDGE_CURVE('',#1068,#3841,#5459,.T.);
#5459 = SURFACE_CURVE('',#5460,(#5464,#5471),.PCURVE_S1.);
#5460 = LINE('',#5461,#5462);
#5461 = CARTESIAN_POINT('',(-163.,10.,-97.));
#5462 = VECTOR('',#5463,1.);
#5463 = DIRECTION('',(0.,0.,1.));
#5464 = PCURVE('',#1082,#5465);
#5465 = DEFINITIONAL_REPRESENTATION('',(#5466),#5470);
#5466 = LINE('',#5467,#5468);
#5467 = CARTESIAN_POINT('',(6.,0.));
#5468 = VECTOR('',#5469,1.);
#5469 = DIRECTION('',(0.,-1.));
#5470 = ( GEOMETRIC_REPRESENTATION_CONTEXT(2) 
PARAMETRIC_REPRESENTATION_CONTEXT() REPRESENTATION_CONTEXT('2D SPACE',''
  ) );
#5471 = PCURVE('',#1110,#5472);
#5472 = DEFINITIONAL_REPRESENTATION('',(#5473),#5477);
#5473 = LINE('',#5474,#5475);
#5474 = CARTESIAN_POINT('',(1.570796326795,0.));
#5475 = VECTOR('',#5476,1.);
#5476 = DIRECTION('',(0.,1.));
#5477 = ( GEOMETRIC_REPRESENTATION_CONTEXT(2) 
PARAMETRIC_REPRESENTATION_CONTEXT() REPRESENTATION_CONTEXT('2D SPACE',''
  ) );
#5478 = ORIENTED_EDGE('',*,*,#3950,.T.);
#5479 = ORIENTED_EDGE('',*,*,#5405,.F.);
#5480 = ADVANCED_FACE('',(#5481),#1137,.T.);
#5481 = FACE_BOUND('',#5482,.T.);
#5482 = EDGE_LOOP('',(#5483,#5484,#5485,#5486,#5487));
#5483 = ORIENTED_EDGE('',*,*,#1122,.T.);
#5484 = ORIENTED_EDGE('',*,*,#5432,.T.);
#5485 = ORIENTED_EDGE('',*,*,#1853,.F.);
#5486 = ORIENTED_EDGE('',*,*,#3802,.F.);
#5487 = ORIENTED_EDGE('',*,*,#5488,.F.);
#5488 = EDGE_CURVE('',#1094,#3803,#5489,.T.);
#5489 = SURFACE_CURVE('',#5490,(#5494,#5501),.PCURVE_S1.);
#5490 = LINE('',#5491,#5492);
#5491 = CARTESIAN_POINT('',(-157.,16.,-97.));
#5492 = VECTOR('',#5493,1.);
#5493 = DIRECTION('',(0.,0.,1.));
#5494 = PCURVE('',#1137,#5495);
#5495 = DEFINITIONAL_REPRESENTATION('',(#5496),#5500);
#5496 = LINE('',#5497,#5498);
#5497 = CARTESIAN_POINT('',(40.,0.));
#5498 = VECTOR('',#5499,1.);
#5499 = DIRECTION('',(0.,-1.));
#5500 = ( GEOMETRIC_REPRESENTATION_CONTEXT(2) 
PARAMETRIC_REPRESENTATION_CONTEXT() REPRESENTATION_CONTEXT('2D SPACE',''
  ) );
#5501 = PCURVE('',#1110,#5502);
#5502 = DEFINITIONAL_REPRESENTATION('',(#5503),#5507);
#5503 = LINE('',#5504,#5505);
#5504 = CARTESIAN_POINT('',(0.,0.));
#5505 = VECTOR('',#5506,1.);
#5506 = DIRECTION('',(0.,1.));
#5507 = ( GEOMETRIC_REPRESENTATION_CONTEXT(2) 
PARAMETRIC_REPRESENTATION_CONTEXT() REPRESENTATION_CONTEXT('2D SPACE',''
  ) );
#5508 = ADVANCED_FACE('',(#5509),#1110,.F.);
#5509 = FACE_BOUND('',#5510,.F.);
#5510 = EDGE_LOOP('',(#5511,#5512,#5513,#5514));
#5511 = ORIENTED_EDGE('',*,*,#5488,.F.);
#5512 = ORIENTED_EDGE('',*,*,#1093,.T.);
#5513 = ORIENTED_EDGE('',*,*,#5458,.T.);
#5514 = ORIENTED_EDGE('',*,*,#3840,.F.);
#5515 = ADVANCED_FACE('',(#5516),#1224,.F.);
#5516 = FACE_BOUND('',#5517,.T.);
#5517 = EDGE_LOOP('',(#5518,#5519,#5540,#5541));
#5518 = ORIENTED_EDGE('',*,*,#1203,.T.);
#5519 = ORIENTED_EDGE('',*,*,#5520,.T.);
#5520 = EDGE_CURVE('',#1204,#2413,#5521,.T.);
#5521 = SEAM_CURVE('',#5522,(#5526,#5533),.PCURVE_S1.);
#5522 = LINE('',#5523,#5524);
#5523 = CARTESIAN_POINT('',(-110.3,18.,-97.));
#5524 = VECTOR('',#5525,1.);
#5525 = DIRECTION('',(0.,0.,1.));
#5526 = PCURVE('',#1224,#5527);
#5527 = DEFINITIONAL_REPRESENTATION('',(#5528),#5532);
#5528 = LINE('',#5529,#5530);
#5529 = CARTESIAN_POINT('',(-0.,0.));
#5530 = VECTOR('',#5531,1.);
#5531 = DIRECTION('',(-0.,-1.));
#5532 = ( GEOMETRIC_REPRESENTATION_CONTEXT(2) 
PARAMETRIC_REPRESENTATION_CONTEXT() REPRESENTATION_CONTEXT('2D SPACE',''
  ) );
#5533 = PCURVE('',#1224,#5534);
#5534 = DEFINITIONAL_REPRESENTATION('',(#5535),#5539);
#5535 = LINE('',#5536,#5537);
#5536 = CARTESIAN_POINT('',(-6.28318530718,0.));
#5537 = VECTOR('',#5538,1.);
#5538 = DIRECTION('',(-0.,-1.));
#5539 = ( GEOMETRIC_REPRESENTATION_CONTEXT(2) 
PARAMETRIC_REPRESENTATION_CONTEXT() REPRESENTATION_CONTEXT('2D SPACE',''
  ) );
#5540 = ORIENTED_EDGE('',*,*,#2412,.F.);
#5541 = ORIENTED_EDGE('',*,*,#5520,.F.);
#5542 = ADVANCED_FACE('',(#5543),#1259,.F.);
#5543 = FACE_BOUND('',#5544,.T.);
#5544 = EDGE_LOOP('',(#5545,#5546,#5569,#5596));
#5545 = ORIENTED_EDGE('',*,*,#1238,.T.);
#5546 = ORIENTED_EDGE('',*,*,#5547,.T.);
#5547 = EDGE_CURVE('',#1239,#5548,#5550,.T.);
#5548 = VERTEX_POINT('',#5549);
#5549 = CARTESIAN_POINT('',(-106.75,25.,-89.));
#5550 = SEAM_CURVE('',#5551,(#5555,#5562),.PCURVE_S1.);
#5551 = LINE('',#5552,#5553);
#5552 = CARTESIAN_POINT('',(-106.75,25.,-97.));
#5553 = VECTOR('',#5554,1.);
#5554 = DIRECTION('',(0.,0.,1.));
#5555 = PCURVE('',#1259,#5556);
#5556 = DEFINITIONAL_REPRESENTATION('',(#5557),#5561);
#5557 = LINE('',#5558,#5559);
#5558 = CARTESIAN_POINT('',(-6.28318530718,0.));
#5559 = VECTOR('',#5560,1.);
#5560 = DIRECTION('',(-0.,-1.));
#5561 = ( GEOMETRIC_REPRESENTATION_CONTEXT(2) 
PARAMETRIC_REPRESENTATION_CONTEXT() REPRESENTATION_CONTEXT('2D SPACE',''
  ) );
#5562 = PCURVE('',#1259,#5563);
#5563 = DEFINITIONAL_REPRESENTATION('',(#5564),#5568);
#5564 = LINE('',#5565,#5566);
#5565 = CARTESIAN_POINT('',(-0.,0.));
#5566 = VECTOR('',#5567,1.);
#5567 = DIRECTION('',(-0.,-1.));
#5568 = ( GEOMETRIC_REPRESENTATION_CONTEXT(2) 
PARAMETRIC_REPRESENTATION_CONTEXT() REPRESENTATION_CONTEXT('2D SPACE',''
  ) );
#5569 = ORIENTED_EDGE('',*,*,#5570,.T.);
#5570 = EDGE_CURVE('',#5548,#5548,#5571,.T.);
#5571 = SURFACE_CURVE('',#5572,(#5577,#5584),.PCURVE_S1.);
#5572 = CIRCLE('',#5573,3.25);
#5573 = AXIS2_PLACEMENT_3D('',#5574,#5575,#5576);
#5574 = CARTESIAN_POINT('',(-110.,25.,-89.));
#5575 = DIRECTION('',(0.,0.,1.));
#5576 = DIRECTION('',(1.,0.,0.));
#5577 = PCURVE('',#1259,#5578);
#5578 = DEFINITIONAL_REPRESENTATION('',(#5579),#5583);
#5579 = LINE('',#5580,#5581);
#5580 = CARTESIAN_POINT('',(-0.,-8.));
#5581 = VECTOR('',#5582,1.);
#5582 = DIRECTION('',(-1.,0.));
#5583 = ( GEOMETRIC_REPRESENTATION_CONTEXT(2) 
PARAMETRIC_REPRESENTATION_CONTEXT() REPRESENTATION_CONTEXT('2D SPACE',''
  ) );
#5584 = PCURVE('',#5585,#5590);
#5585 = PLANE('',#5586);
#5586 = AXIS2_PLACEMENT_3D('',#5587,#5588,#5589);
#5587 = CARTESIAN_POINT('',(-110.,25.,-89.));
#5588 = DIRECTION('',(0.,0.,1.));
#5589 = DIRECTION('',(1.,0.,-0.));
#5590 = DEFINITIONAL_REPRESENTATION('',(#5591),#5595);
#5591 = CIRCLE('',#5592,3.25);
#5592 = AXIS2_PLACEMENT_2D('',#5593,#5594);
#5593 = CARTESIAN_POINT('',(0.,0.));
#5594 = DIRECTION('',(1.,0.));
#5595 = ( GEOMETRIC_REPRESENTATION_CONTEXT(2) 
PARAMETRIC_REPRESENTATION_CONTEXT() REPRESENTATION_CONTEXT('2D SPACE',''
  ) );
#5596 = ORIENTED_EDGE('',*,*,#5547,.F.);
#5597 = ADVANCED_FACE('',(#5598),#5094,.F.);
#5598 = FACE_BOUND('',#5599,.F.);
#5599 = EDGE_LOOP('',(#5600));
#5600 = ORIENTED_EDGE('',*,*,#5079,.T.);
#5601 = ADVANCED_FACE('',(#5602),#5176,.F.);
#5602 = FACE_BOUND('',#5603,.F.);
#5603 = EDGE_LOOP('',(#5604));
#5604 = ORIENTED_EDGE('',*,*,#5161,.T.);
#5605 = ADVANCED_FACE('',(#5606),#5285,.F.);
#5606 = FACE_BOUND('',#5607,.F.);
#5607 = EDGE_LOOP('',(#5608));
#5608 = ORIENTED_EDGE('',*,*,#5270,.T.);
#5609 = ADVANCED_FACE('',(#5610),#5585,.F.);
#5610 = FACE_BOUND('',#5611,.F.);
#5611 = EDGE_LOOP('',(#5612));
#5612 = ORIENTED_EDGE('',*,*,#5570,.T.);
#5613 = ( GEOMETRIC_REPRESENTATION_CONTEXT(3) 
GLOBAL_UNCERTAINTY_ASSIGNED_CONTEXT((#5617)) 
GLOBAL_UNIT_ASSIGNED_CONTEXT((#5614,#5615,#5616)) REPRESENTATION_CONTEXT
('Context #1','3D Context with UNIT and UNCERTAINTY') );
#5614 = ( LENGTH_UNIT() NAMED_UNIT(*) SI_UNIT(.MILLI.,.METRE.) );
#5615 = ( NAMED_UNIT(*) PLANE_ANGLE_UNIT() SI_UNIT($,.RADIAN.) );
#5616 = ( NAMED_UNIT(*) SI_UNIT($,.STERADIAN.) SOLID_ANGLE_UNIT() );
#5617 = UNCERTAINTY_MEASURE_WITH_UNIT(LENGTH_MEASURE(2.E-06),#5614,
  'distance_accuracy_value','confusion accuracy');
#5618 = PRODUCT_RELATED_PRODUCT_CATEGORY('part',$,(#7));
ENDSEC;
END-ISO-10303-21;
