ISO-10303-21;
HEADER;
FILE_DESCRIPTION(('Open CASCADE Model'),'2;1');
FILE_NAME('Open CASCADE Shape Model','2026-10-05T12:57:11',('Author'),(
    'Open CASCADE'),'Open CASCADE STEP processor 7.9','Open CASCADE 7.9'
  ,'Unknown');
FILE_SCHEMA(('AUTOMOTIVE_DESIGN { 1 0 10303 214 1 1 1 1 }'));
ENDSEC;
DATA;
#1 = APPLICATION_PROTOCOL_DEFINITION('international standard',
  'automotive_design',2000,#2);
#2 = APPLICATION_CONTEXT(
  'core data for automotive mechanical design processes');
#3 = SHAPE_DEFINITION_REPRESENTATION(#4,#10);
#4 = PRODUCT_DEFINITION_SHAPE('','',#5);
#5 = PRODUCT_DEFINITION('design','',#6,#9);
#6 = PRODUCT_DEFINITION_FORMATION('','',#7);
#7 = PRODUCT('Open CASCADE STEP translator 7.9 29',
  'Open CASCADE STEP translator 7.9 29','',(#8));
#8 = PRODUCT_CONTEXT('',#2,'mechanical');
#9 = PRODUCT_DEFINITION_CONTEXT('part definition',#2,'design');
#10 = ADVANCED_BREP_SHAPE_REPRESENTATION('',(#11,#15),#3505);
#11 = AXIS2_PLACEMENT_3D('',#12,#13,#14);
#12 = CARTESIAN_POINT('',(0.,0.,0.));
#13 = DIRECTION('',(0.,0.,1.));
#14 = DIRECTION('',(1.,0.,-0.));
#15 = MANIFOLD_SOLID_BREP('',#16);
#16 = CLOSED_SHELL('',(#17,#1084,#2433,#2488,#3111,#3138,#3165,#3172,
    #3227,#3282,#3309,#3348,#3387,#3442,#3497,#3501));
#17 = ADVANCED_FACE('',(#18),#150,.T.);
#18 = FACE_BOUND('',#19,.T.);
#19 = EDGE_LOOP('',(#20,#539,#567,#1058));
#20 = ORIENTED_EDGE('',*,*,#21,.F.);
#21 = EDGE_CURVE('',#22,#24,#26,.T.);
#22 = VERTEX_POINT('',#23);
#23 = CARTESIAN_POINT('',(70.3,-32.7,23.619387354197));
#24 = VERTEX_POINT('',#25);
#25 = CARTESIAN_POINT('',(70.3,32.7,23.619387353679));
#26 = SURFACE_CURVE('',#27,(#149,#279),.PCURVE_S1.);
#27 = B_SPLINE_CURVE_WITH_KNOTS('',8,(#28,#29,#30,#31,#32,#33,#34,#35,
    #36,#37,#38,#39,#40,#41,#42,#43,#44,#45,#46,#47,#48,#49,#50,#51,#52,
    #53,#54,#55,#56,#57,#58,#59,#60,#61,#62,#63,#64,#65,#66,#67,#68,#69,
    #70,#71,#72,#73,#74,#75,#76,#77,#78,#79,#80,#81,#82,#83,#84,#85,#86,
    #87,#88,#89,#90,#91,#92,#93,#94,#95,#96,#97,#98,#99,#100,#101,#102,
    #103,#104,#105,#106,#107,#108,#109,#110,#111,#112,#113,#114,#115,
    #116,#117,#118,#119,#120,#121,#122,#123,#124,#125,#126,#127,#128,
    #129,#130,#131,#132,#133,#134,#135,#136,#137,#138,#139,#140,#141,
    #142,#143,#144,#145,#146,#147,#148),.UNSPECIFIED.,.F.,.F.,(9,7,7,7,7
    ,7,7,7,7,7,7,7,7,7,7,7,7,9),(0.,3.479767607048E-02,0.102054739073,
    0.152497939272,0.191729633133,0.253378823458,0.320632781642,
    0.359864429316,0.483175968674,0.522416140624,0.651331146292,
    0.718585570158,0.769026788631,0.841887558561,0.88112200626,
    0.920357273901,0.959594391059,1.),.UNSPECIFIED.);
#28 = CARTESIAN_POINT('',(70.3,-32.7,23.619387354197));
#29 = CARTESIAN_POINT('',(70.3,-32.43842189548,23.744866553032));
#30 = CARTESIAN_POINT('',(70.3,-32.17568437581,23.867914857842));
#31 = CARTESIAN_POINT('',(70.3,-31.91182598273,23.98854829147));
#32 = CARTESIAN_POINT('',(70.3,-31.64688462084,24.106784541638));
#33 = CARTESIAN_POINT('',(70.3,-31.38089755765,24.22264296094));
#34 = CARTESIAN_POINT('',(70.3,-31.11390142349,24.33614456685));
#35 = CARTESIAN_POINT('',(70.3,-30.8459322116,24.447312041718));
#36 = CARTESIAN_POINT('',(70.3,-30.05728107059,24.766570236827));
#37 = CARTESIAN_POINT('',(70.3,-29.53400027754,24.968353506676));
#38 = CARTESIAN_POINT('',(70.3,-29.00749560617,25.161624427236));
#39 = CARTESIAN_POINT('',(70.3,-28.47793950571,25.346657940964));
#40 = CARTESIAN_POINT('',(70.3,-27.94573047785,25.523427747228));
#41 = CARTESIAN_POINT('',(70.3,-27.41099124917,25.692225597921));
#42 = CARTESIAN_POINT('',(70.3,-26.87391256774,25.853271553423));
#43 = CARTESIAN_POINT('',(70.3,-25.93023386653,26.12189165482));
#44 = CARTESIAN_POINT('',(70.3,-25.52458740536,26.232768144486));
#45 = CARTESIAN_POINT('',(70.3,-25.11780703676,26.339487192445));
#46 = CARTESIAN_POINT('',(70.3,-24.70997091144,26.442138373181));
#47 = CARTESIAN_POINT('',(70.3,-24.30115631903,26.540811523662));
#48 = CARTESIAN_POINT('',(70.3,-23.89143765479,26.635596926059));
#49 = CARTESIAN_POINT('',(70.3,-23.4808843863,26.726585490468));
#50 = CARTESIAN_POINT('',(70.3,-22.74965483533,26.881752764685));
#51 = CARTESIAN_POINT('',(70.3,-22.429287317,26.947394589978));
#52 = CARTESIAN_POINT('',(70.3,-22.10847867264,27.010839203356));
#53 = CARTESIAN_POINT('',(70.3,-21.78725110971,27.072131394664));
#54 = CARTESIAN_POINT('',(70.3,-21.46562683567,27.131315953748));
#55 = CARTESIAN_POINT('',(70.3,-21.14362805797,27.188437670453));
#56 = CARTESIAN_POINT('',(70.3,-20.82127698406,27.243541334624));
#57 = CARTESIAN_POINT('',(70.3,-19.99153047568,27.380161535061));
#58 = CARTESIAN_POINT('',(70.3,-19.48363612186,27.458779758147));
#59 = CARTESIAN_POINT('',(70.3,-18.97502602377,27.532702724309));
#60 = CARTESIAN_POINT('',(70.3,-18.46575919645,27.602090873228));
#61 = CARTESIAN_POINT('',(70.3,-17.95595347418,27.66713186131));
#62 = CARTESIAN_POINT('',(70.3,-17.44570107796,27.728006541394));
#63 = CARTESIAN_POINT('',(70.3,-16.93499887397,27.784861726256));
#64 = CARTESIAN_POINT('',(70.3,-15.8663466672,27.895705064639));
#65 = CARTESIAN_POINT('',(70.3,-15.3083165916,27.948961290645));
#66 = CARTESIAN_POINT('',(70.3,-14.74987093264,27.997859618344));
#67 = CARTESIAN_POINT('',(70.3,-14.19106533584,28.042617352141));
#68 = CARTESIAN_POINT('',(70.3,-13.63195544669,28.08345179644));
#69 = CARTESIAN_POINT('',(70.3,-13.07259691068,28.120580255646));
#70 = CARTESIAN_POINT('',(70.3,-12.51304537331,28.154220034165));
#71 = CARTESIAN_POINT('',(70.3,-11.62686986041,28.202303415402));
#72 = CARTESIAN_POINT('',(70.3,-11.30034152687,28.218906052905));
#73 = CARTESIAN_POINT('',(70.3,-10.97377774052,28.23443848999));
#74 = CARTESIAN_POINT('',(70.3,-10.64718315334,28.248942375803));
#75 = CARTESIAN_POINT('',(70.3,-10.32056080819,28.262458867555));
#76 = CARTESIAN_POINT('',(70.3,-9.993912138837,28.275028630528));
#77 = CARTESIAN_POINT('',(70.3,-9.667236969943,28.286691838065));
#78 = CARTESIAN_POINT('',(70.3,-8.313650679479,28.331422828529));
#79 = CARTESIAN_POINT('',(70.3,-7.286505848695,28.356798769844));
#80 = CARTESIAN_POINT('',(70.3,-6.259169638841,28.374874483696));
#81 = CARTESIAN_POINT('',(70.3,-5.23170038162,28.38690944861));
#82 = CARTESIAN_POINT('',(70.3,-4.20414411002,28.394163572758));
#83 = CARTESIAN_POINT('',(70.3,-3.176534542028,28.397896633245));
#84 = CARTESIAN_POINT('',(70.3,-2.148893064331,28.3993677154));
#85 = CARTESIAN_POINT('',(70.3,-0.794205584664,28.399983240553));
#86 = CARTESIAN_POINT('',(70.3,-0.467180880251,28.400024116583));
#87 = CARTESIAN_POINT('',(70.3,-0.140155218201,28.400022793051));
#88 = CARTESIAN_POINT('',(70.3,0.186870788627,28.400015125563));
#89 = CARTESIAN_POINT('',(70.3,0.513896529919,28.400007312437));
#90 = CARTESIAN_POINT('',(70.3,0.840921397914,28.399975894702));
#91 = CARTESIAN_POINT('',(70.3,1.167944787395,28.399867756098));
#92 = CARTESIAN_POINT('',(70.3,2.56932310583,28.3987208733));
#93 = CARTESIAN_POINT('',(70.3,3.643648046238,28.396368924515));
#94 = CARTESIAN_POINT('',(70.3,4.717930924186,28.391107169069));
#95 = CARTESIAN_POINT('',(70.3,5.792145400925,28.381496640106));
#96 = CARTESIAN_POINT('',(70.3,6.86624882103,28.366097500925));
#97 = CARTESIAN_POINT('',(70.3,7.940182241723,28.343470034339));
#98 = CARTESIAN_POINT('',(70.3,9.013870462215,28.312175632024));
#99 = CARTESIAN_POINT('',(70.3,10.647185126934,28.249180698178));
#100 = CARTESIAN_POINT('',(70.3,11.207081126146,28.224834457832));
#101 = CARTESIAN_POINT('',(70.3,11.766873318808,28.1975214507));
#102 = CARTESIAN_POINT('',(70.3,12.326635500385,28.167091062328));
#103 = CARTESIAN_POINT('',(70.3,12.886164385623,28.133239399575));
#104 = CARTESIAN_POINT('',(70.3,13.445519221764,28.095812805008));
#105 = CARTESIAN_POINT('',(70.3,14.00458479186,28.054563763804));
#106 = CARTESIAN_POINT('',(70.3,14.982358537275,27.975325272925));
#107 = CARTESIAN_POINT('',(70.3,15.401219515041,27.93909779838));
#108 = CARTESIAN_POINT('',(70.3,15.819870202619,27.900510681334));
#109 = CARTESIAN_POINT('',(70.3,16.238287124567,27.859472246492));
#110 = CARTESIAN_POINT('',(70.3,16.65644680544,27.815890818557));
#111 = CARTESIAN_POINT('',(70.3,17.074325769795,27.769674722236));
#112 = CARTESIAN_POINT('',(70.3,17.491900542188,27.720732282231));
#113 = CARTESIAN_POINT('',(70.3,18.511848102085,27.594205451468));
#114 = CARTESIAN_POINT('',(70.3,19.113843874879,27.513563064915));
#115 = CARTESIAN_POINT('',(70.3,19.71501335887,27.426756335076));
#116 = CARTESIAN_POINT('',(70.3,20.315227416979,27.333496519728));
#117 = CARTESIAN_POINT('',(70.3,20.914349560592,27.233495169081));
#118 = CARTESIAN_POINT('',(70.3,21.512236128413,27.126464831931));
#119 = CARTESIAN_POINT('',(70.3,22.108736465321,27.012119761798));
#120 = CARTESIAN_POINT('',(70.3,23.024068455996,26.824512045236));
#121 = CARTESIAN_POINT('',(70.3,23.34399787688,26.756643940153));
#122 = CARTESIAN_POINT('',(70.3,23.663455104031,26.686528561387));
#123 = CARTESIAN_POINT('',(70.3,23.982411389364,26.614122537824));
#124 = CARTESIAN_POINT('',(70.3,24.30083549656,26.539382873682));
#125 = CARTESIAN_POINT('',(70.3,24.618693701063,26.46226694851));
#126 = CARTESIAN_POINT('',(70.3,24.935949790083,26.382732517186));
#127 = CARTESIAN_POINT('',(70.3,25.569186951901,26.218741189079));
#128 = CARTESIAN_POINT('',(70.3,25.885168249638,26.134284307254));
#129 = CARTESIAN_POINT('',(70.3,26.200472225458,26.047325036109));
#130 = CARTESIAN_POINT('',(70.3,26.515062149013,25.957821347307));
#131 = CARTESIAN_POINT('',(70.3,26.828901289955,25.865731212512));
#132 = CARTESIAN_POINT('',(70.3,27.141952917936,25.771012603389));
#133 = CARTESIAN_POINT('',(70.3,27.454180302608,25.673623491602));
#134 = CARTESIAN_POINT('',(70.3,28.076927802185,25.473415487323));
#135 = CARTESIAN_POINT('',(70.3,28.387445210533,25.370594586998));
#136 = CARTESIAN_POINT('',(70.3,28.697055000698,25.265024030346));
#137 = CARTESIAN_POINT('',(70.3,29.005711760492,25.156669679139));
#138 = CARTESIAN_POINT('',(70.3,29.313368603509,25.045498374412));
#139 = CARTESIAN_POINT('',(70.3,29.619977169127,24.931477936464));
#140 = CARTESIAN_POINT('',(70.3,29.925487622505,24.814577164861));
#141 = CARTESIAN_POINT('',(70.3,30.54327363913,24.571386498847));
#142 = CARTESIAN_POINT('',(70.3,30.85548051846,24.444921774252));
#143 = CARTESIAN_POINT('',(70.3,31.166414545112,24.315334050406));
#144 = CARTESIAN_POINT('',(70.3,31.476019889811,24.182587904634));
#145 = CARTESIAN_POINT('',(70.3,31.784239641465,24.046650105831));
#146 = CARTESIAN_POINT('',(70.3,32.091015807166,23.907489614456));
#147 = CARTESIAN_POINT('',(70.3,32.39628931219,23.76507758254));
#148 = CARTESIAN_POINT('',(70.3,32.7,23.619387353679));
#149 = PCURVE('',#150,#155);
#150 = PLANE('',#151);
#151 = AXIS2_PLACEMENT_3D('',#152,#153,#154);
#152 = CARTESIAN_POINT('',(70.3,-32.7,20.));
#153 = DIRECTION('',(-1.,0.,0.));
#154 = DIRECTION('',(0.,1.,0.));
#155 = DEFINITIONAL_REPRESENTATION('',(#156),#278);
#156 = B_SPLINE_CURVE_WITH_KNOTS('',8,(#157,#158,#159,#160,#161,#162,
    #163,#164,#165,#166,#167,#168,#169,#170,#171,#172,#173,#174,#175,
    #176,#177,#178,#179,#180,#181,#182,#183,#184,#185,#186,#187,#188,
    #189,#190,#191,#192,#193,#194,#195,#196,#197,#198,#199,#200,#201,
    #202,#203,#204,#205,#206,#207,#208,#209,#210,#211,#212,#213,#214,
    #215,#216,#217,#218,#219,#220,#221,#222,#223,#224,#225,#226,#227,
    #228,#229,#230,#231,#232,#233,#234,#235,#236,#237,#238,#239,#240,
    #241,#242,#243,#244,#245,#246,#247,#248,#249,#250,#251,#252,#253,
    #254,#255,#256,#257,#258,#259,#260,#261,#262,#263,#264,#265,#266,
    #267,#268,#269,#270,#271,#272,#273,#274,#275,#276,#277),
  .UNSPECIFIED.,.F.,.F.,(9,7,7,7,7,7,7,7,7,7,7,7,7,7,7,7,7,9),(0.,
    3.479767607048E-02,0.102054739073,0.152497939272,0.191729633133,
    0.253378823458,0.320632781642,0.359864429316,0.483175968674,
    0.522416140624,0.651331146292,0.718585570158,0.769026788631,
    0.841887558561,0.88112200626,0.920357273901,0.959594391059,1.),
  .UNSPECIFIED.);
#157 = CARTESIAN_POINT('',(0.,-3.619387354197));
#158 = CARTESIAN_POINT('',(0.261578104513,-3.744866553032));
#159 = CARTESIAN_POINT('',(0.524315624185,-3.867914857842));
#160 = CARTESIAN_POINT('',(0.78817401727,-3.98854829147));
#161 = CARTESIAN_POINT('',(1.053115379152,-4.106784541638));
#162 = CARTESIAN_POINT('',(1.319102442347,-4.22264296094));
#163 = CARTESIAN_POINT('',(1.586098576503,-4.33614456685));
#164 = CARTESIAN_POINT('',(1.854067788397,-4.447312041718));
#165 = CARTESIAN_POINT('',(2.64271892941,-4.766570236827));
#166 = CARTESIAN_POINT('',(3.165999722454,-4.968353506676));
#167 = CARTESIAN_POINT('',(3.692504393822,-5.161624427236));
#168 = CARTESIAN_POINT('',(4.222060494282,-5.346657940964));
#169 = CARTESIAN_POINT('',(4.754269522146,-5.523427747228));
#170 = CARTESIAN_POINT('',(5.289008750822,-5.692225597921));
#171 = CARTESIAN_POINT('',(5.826087432251,-5.853271553423));
#172 = CARTESIAN_POINT('',(6.769766133469,-6.12189165482));
#173 = CARTESIAN_POINT('',(7.175412594632,-6.232768144486));
#174 = CARTESIAN_POINT('',(7.582192963236,-6.339487192445));
#175 = CARTESIAN_POINT('',(7.990029088558,-6.442138373181));
#176 = CARTESIAN_POINT('',(8.398843680965,-6.540811523662));
#177 = CARTESIAN_POINT('',(8.808562345204,-6.635596926059));
#178 = CARTESIAN_POINT('',(9.219115613692,-6.726585490468));
#179 = CARTESIAN_POINT('',(9.950345164663,-6.881752764685));
#180 = CARTESIAN_POINT('',(10.270712682996,-6.947394589978));
#181 = CARTESIAN_POINT('',(10.591521327354,-7.010839203356));
#182 = CARTESIAN_POINT('',(10.912748890282,-7.072131394664));
#183 = CARTESIAN_POINT('',(11.234373164325,-7.131315953748));
#184 = CARTESIAN_POINT('',(11.556371942028,-7.188437670453));
#185 = CARTESIAN_POINT('',(11.878723015936,-7.243541334624));
#186 = CARTESIAN_POINT('',(12.708469524315,-7.380161535061));
#187 = CARTESIAN_POINT('',(13.216363878131,-7.458779758147));
#188 = CARTESIAN_POINT('',(13.72497397623,-7.532702724309));
#189 = CARTESIAN_POINT('',(14.234240803544,-7.602090873228));
#190 = CARTESIAN_POINT('',(14.744046525816,-7.66713186131));
#191 = CARTESIAN_POINT('',(15.254298922033,-7.728006541394));
#192 = CARTESIAN_POINT('',(15.765001126022,-7.784861726256));
#193 = CARTESIAN_POINT('',(16.833653332792,-7.895705064639));
#194 = CARTESIAN_POINT('',(17.391683408399,-7.948961290645));
#195 = CARTESIAN_POINT('',(17.950129067351,-7.997859618344));
#196 = CARTESIAN_POINT('',(18.508934664151,-8.042617352141));
#197 = CARTESIAN_POINT('',(19.068044553303,-8.08345179644));
#198 = CARTESIAN_POINT('',(19.627403089312,-8.120580255646));
#199 = CARTESIAN_POINT('',(20.186954626681,-8.154220034165));
#200 = CARTESIAN_POINT('',(21.073130139581,-8.202303415402));
#201 = CARTESIAN_POINT('',(21.399658473125,-8.218906052905));
#202 = CARTESIAN_POINT('',(21.726222259474,-8.23443848999));
#203 = CARTESIAN_POINT('',(22.052816846658,-8.248942375803));
#204 = CARTESIAN_POINT('',(22.379439191809,-8.262458867555));
#205 = CARTESIAN_POINT('',(22.706087861163,-8.275028630528));
#206 = CARTESIAN_POINT('',(23.032763030057,-8.286691838065));
#207 = CARTESIAN_POINT('',(24.386349320521,-8.331422828529));
#208 = CARTESIAN_POINT('',(25.413494151305,-8.356798769844));
#209 = CARTESIAN_POINT('',(26.440830361159,-8.374874483696));
#210 = CARTESIAN_POINT('',(27.46829961838,-8.38690944861));
#211 = CARTESIAN_POINT('',(28.49585588998,-8.394163572758));
#212 = CARTESIAN_POINT('',(29.523465457972,-8.397896633245));
#213 = CARTESIAN_POINT('',(30.551106935669,-8.3993677154));
#214 = CARTESIAN_POINT('',(31.905794415336,-8.399983240553));
#215 = CARTESIAN_POINT('',(32.232819119749,-8.400024116583));
#216 = CARTESIAN_POINT('',(32.559844781799,-8.400022793051));
#217 = CARTESIAN_POINT('',(32.886870788627,-8.400015125563));
#218 = CARTESIAN_POINT('',(33.213896529919,-8.400007312437));
#219 = CARTESIAN_POINT('',(33.540921397914,-8.399975894702));
#220 = CARTESIAN_POINT('',(33.867944787395,-8.399867756098));
#221 = CARTESIAN_POINT('',(35.26932310583,-8.3987208733));
#222 = CARTESIAN_POINT('',(36.343648046238,-8.396368924515));
#223 = CARTESIAN_POINT('',(37.417930924186,-8.391107169069));
#224 = CARTESIAN_POINT('',(38.492145400925,-8.381496640106));
#225 = CARTESIAN_POINT('',(39.56624882103,-8.366097500925));
#226 = CARTESIAN_POINT('',(40.640182241723,-8.343470034339));
#227 = CARTESIAN_POINT('',(41.713870462215,-8.312175632024));
#228 = CARTESIAN_POINT('',(43.347185126934,-8.249180698178));
#229 = CARTESIAN_POINT('',(43.907081126146,-8.224834457832));
#230 = CARTESIAN_POINT('',(44.466873318808,-8.1975214507));
#231 = CARTESIAN_POINT('',(45.026635500385,-8.167091062328));
#232 = CARTESIAN_POINT('',(45.586164385623,-8.133239399575));
#233 = CARTESIAN_POINT('',(46.145519221764,-8.095812805008));
#234 = CARTESIAN_POINT('',(46.70458479186,-8.054563763804));
#235 = CARTESIAN_POINT('',(47.682358537275,-7.975325272925));
#236 = CARTESIAN_POINT('',(48.101219515041,-7.93909779838));
#237 = CARTESIAN_POINT('',(48.519870202619,-7.900510681334));
#238 = CARTESIAN_POINT('',(48.938287124567,-7.859472246492));
#239 = CARTESIAN_POINT('',(49.35644680544,-7.815890818557));
#240 = CARTESIAN_POINT('',(49.774325769795,-7.769674722236));
#241 = CARTESIAN_POINT('',(50.191900542188,-7.720732282231));
#242 = CARTESIAN_POINT('',(51.211848102085,-7.594205451468));
#243 = CARTESIAN_POINT('',(51.813843874879,-7.513563064915));
#244 = CARTESIAN_POINT('',(52.41501335887,-7.426756335076));
#245 = CARTESIAN_POINT('',(53.015227416979,-7.333496519728));
#246 = CARTESIAN_POINT('',(53.614349560592,-7.233495169081));
#247 = CARTESIAN_POINT('',(54.212236128413,-7.126464831931));
#248 = CARTESIAN_POINT('',(54.808736465321,-7.012119761798));
#249 = CARTESIAN_POINT('',(55.724068455996,-6.824512045236));
#250 = CARTESIAN_POINT('',(56.04399787688,-6.756643940153));
#251 = CARTESIAN_POINT('',(56.363455104031,-6.686528561387));
#252 = CARTESIAN_POINT('',(56.682411389364,-6.614122537824));
#253 = CARTESIAN_POINT('',(57.00083549656,-6.539382873682));
#254 = CARTESIAN_POINT('',(57.318693701063,-6.46226694851));
#255 = CARTESIAN_POINT('',(57.635949790083,-6.382732517186));
#256 = CARTESIAN_POINT('',(58.269186951901,-6.218741189079));
#257 = CARTESIAN_POINT('',(58.585168249638,-6.134284307254));
#258 = CARTESIAN_POINT('',(58.900472225458,-6.047325036109));
#259 = CARTESIAN_POINT('',(59.215062149013,-5.957821347307));
#260 = CARTESIAN_POINT('',(59.528901289955,-5.865731212512));
#261 = CARTESIAN_POINT('',(59.841952917936,-5.771012603389));
#262 = CARTESIAN_POINT('',(60.154180302608,-5.673623491602));
#263 = CARTESIAN_POINT('',(60.776927802185,-5.473415487323));
#264 = CARTESIAN_POINT('',(61.087445210533,-5.370594586998));
#265 = CARTESIAN_POINT('',(61.397055000698,-5.265024030346));
#266 = CARTESIAN_POINT('',(61.705711760492,-5.156669679139));
#267 = CARTESIAN_POINT('',(62.013368603509,-5.045498374412));
#268 = CARTESIAN_POINT('',(62.319977169127,-4.931477936464));
#269 = CARTESIAN_POINT('',(62.625487622505,-4.814577164861));
#270 = CARTESIAN_POINT('',(63.24327363913,-4.571386498847));
#271 = CARTESIAN_POINT('',(63.55548051846,-4.444921774252));
#272 = CARTESIAN_POINT('',(63.866414545112,-4.315334050406));
#273 = CARTESIAN_POINT('',(64.176019889811,-4.182587904634));
#274 = CARTESIAN_POINT('',(64.484239641465,-4.046650105831));
#275 = CARTESIAN_POINT('',(64.791015807166,-3.907489614456));
#276 = CARTESIAN_POINT('',(65.09628931219,-3.76507758254));
#277 = CARTESIAN_POINT('',(65.4,-3.619387353679));
#278 = ( GEOMETRIC_REPRESENTATION_CONTEXT(2) 
PARAMETRIC_REPRESENTATION_CONTEXT() REPRESENTATION_CONTEXT('2D SPACE',''
  ) );
#279 = PCURVE('',#280,#415);
#280 = B_SPLINE_SURFACE_WITH_KNOTS('',3,1,(
    (#281,#282)
    ,(#283,#284)
    ,(#285,#286)
    ,(#287,#288)
    ,(#289,#290)
    ,(#291,#292)
    ,(#293,#294)
    ,(#295,#296)
    ,(#297,#298)
    ,(#299,#300)
    ,(#301,#302)
    ,(#303,#304)
    ,(#305,#306)
    ,(#307,#308)
    ,(#309,#310)
    ,(#311,#312)
    ,(#313,#314)
    ,(#315,#316)
    ,(#317,#318)
    ,(#319,#320)
    ,(#321,#322)
    ,(#323,#324)
    ,(#325,#326)
    ,(#327,#328)
    ,(#329,#330)
    ,(#331,#332)
    ,(#333,#334)
    ,(#335,#336)
    ,(#337,#338)
    ,(#339,#340)
    ,(#341,#342)
    ,(#343,#344)
    ,(#345,#346)
    ,(#347,#348)
    ,(#349,#350)
    ,(#351,#352)
    ,(#353,#354)
    ,(#355,#356)
    ,(#357,#358)
    ,(#359,#360)
    ,(#361,#362)
    ,(#363,#364)
    ,(#365,#366)
    ,(#367,#368)
    ,(#369,#370)
    ,(#371,#372)
    ,(#373,#374)
    ,(#375,#376)
    ,(#377,#378)
    ,(#379,#380)
    ,(#381,#382)
    ,(#383,#384)
    ,(#385,#386)
    ,(#387,#388)
    ,(#389,#390)
    ,(#391,#392)
    ,(#393,#394)
    ,(#395,#396)
    ,(#397,#398)
    ,(#399,#400)
    ,(#401,#402)
    ,(#403,#404)
    ,(#405,#406)
    ,(#407,#408)
    ,(#409,#410)
    ,(#411,#412)
    ,(#413,#414
    )),.UNSPECIFIED.,.T.,.F.,.F.,(1,1,2,1,1,1,1,1,1,1,1,1,1,1,1,1,1,1,1,
    1,1,1,1,1,1,1,1,1,1,1,1,1,1,1,1,1,1,1,1,1,1,1,1,1,1,1,1,1,1,1,1,1,1,
    1,1,1,1,1,1,1,1,1,1,1,1,1,2,1,1),(2,2),(-19.327752381,
    -12.20364308224,0.,12.203643082242,19.327752381003,25.247184928115,
    30.477696204822,35.246714906724,39.693370600803,43.922672573243,
    48.026123646343,52.091160079228,56.206457580815,60.466742615058,
    64.98079915192,69.889623777788,75.415892831622,82.049340456291,
    93.402931279485,104.75652210433,111.389969729,116.91623878284,
    121.8250634087,126.33911994557,130.59940497981,134.7147024814,
    138.77973891428,142.88318998738,147.11249195982,151.5591476539,
    156.3281663558,161.55867763251,167.47811017962,174.60221947838,
    186.80586255921,199.00950564287,206.13361494163,212.05304748874,
    217.28355876545,222.05257746735,226.49923316143,230.72853513387,
    234.83198620697,238.89702263985,243.01232014144,247.27260517568,
    251.78666171254,256.69548633841,262.22175539225,268.85520301692,
    280.20879383921,291.56238466496,298.19583228963,303.72210134346,
    308.63092596933,313.14498250619,317.40526754044,321.52056504202,
    325.58560147491,329.68905254801,333.91835452045,338.36501021453,
    343.13402891643,348.36454019314,354.28397274025,361.40808203901,
    373.61172512125,385.81536820349,392.93947750226),(0.,1.),
  .UNSPECIFIED.);
#281 = CARTESIAN_POINT('',(-130.,53.405080695882,-33.0557339425));
#282 = CARTESIAN_POINT('',(225.,53.405080695882,-33.0557339425));
#283 = CARTESIAN_POINT('',(-130.,53.394919304118,-24.94426605749));
#284 = CARTESIAN_POINT('',(225.,53.394919304118,-24.94426605749));
#285 = CARTESIAN_POINT('',(-130.,53.402059628984,-18.48319633018));
#286 = CARTESIAN_POINT('',(225.,53.402059628984,-18.48319633018));
#287 = CARTESIAN_POINT('',(-130.,52.836361496414,-10.08395886665));
#288 = CARTESIAN_POINT('',(225.,52.836361496414,-10.08395886665));
#289 = CARTESIAN_POINT('',(-130.,51.977819710632,-4.04626467683));
#290 = CARTESIAN_POINT('',(225.,51.977819710632,-4.04626467683));
#291 = CARTESIAN_POINT('',(-130.,50.776077860581,1.129802398226));
#292 = CARTESIAN_POINT('',(225.,50.776077860581,1.129802398226));
#293 = CARTESIAN_POINT('',(-130.,49.227598254842,5.698630116324));
#294 = CARTESIAN_POINT('',(225.,49.227598254842,5.698630116324));
#295 = CARTESIAN_POINT('',(-130.,47.328598865524,9.768898782505));
#296 = CARTESIAN_POINT('',(225.,47.328598865524,9.768898782505));
#297 = CARTESIAN_POINT('',(-130.,45.074312816366,13.39609057095));
#298 = CARTESIAN_POINT('',(225.,45.074312816366,13.39609057095));
#299 = CARTESIAN_POINT('',(-130.,42.45812110738,16.610087958833));
#300 = CARTESIAN_POINT('',(225.,42.45812110738,16.610087958833));
#301 = CARTESIAN_POINT('',(-130.,39.470267227745,19.427238150553));
#302 = CARTESIAN_POINT('',(225.,39.470267227745,19.427238150553));
#303 = CARTESIAN_POINT('',(-130.,36.095002220459,21.856690357345));
#304 = CARTESIAN_POINT('',(225.,36.095002220459,21.856690357345));
#305 = CARTESIAN_POINT('',(-130.,32.304864350507,23.904081414012));
#306 = CARTESIAN_POINT('',(225.,32.304864350507,23.904081414012));
#307 = CARTESIAN_POINT('',(-130.,28.049248803427,25.573523860694));
#308 = CARTESIAN_POINT('',(225.,28.049248803427,25.573523860694));
#309 = CARTESIAN_POINT('',(-130.,23.227901961614,26.868584011815));
#310 = CARTESIAN_POINT('',(225.,23.227901961614,26.868584011815));
#311 = CARTESIAN_POINT('',(-130.,17.606077889696,27.793608853874));
#312 = CARTESIAN_POINT('',(225.,17.606077889696,27.793608853874));
#313 = CARTESIAN_POINT('',(-130.,9.783690218147,28.400726125326));
#314 = CARTESIAN_POINT('',(225.,9.783690218147,28.400726125326));
#315 = CARTESIAN_POINT('',(-130.,2.713871318266E-10,28.399541662745));
#316 = CARTESIAN_POINT('',(225.,2.713871318266E-10,28.399541662745));
#317 = CARTESIAN_POINT('',(-130.,-9.783690217578,28.400726125325));
#318 = CARTESIAN_POINT('',(225.,-9.783690217578,28.400726125325));
#319 = CARTESIAN_POINT('',(-130.,-17.60607788972,27.793608853954));
#320 = CARTESIAN_POINT('',(225.,-17.60607788972,27.793608853954));
#321 = CARTESIAN_POINT('',(-130.,-23.22790196152,26.868584011579));
#322 = CARTESIAN_POINT('',(225.,-23.22790196152,26.868584011579));
#323 = CARTESIAN_POINT('',(-130.,-28.04924880371,25.573523861442));
#324 = CARTESIAN_POINT('',(225.,-28.04924880371,25.573523861442));
#325 = CARTESIAN_POINT('',(-130.,-32.30486434955,23.904081411518));
#326 = CARTESIAN_POINT('',(225.,-32.30486434955,23.904081411518));
#327 = CARTESIAN_POINT('',(-130.,-36.09500222377,21.856690365972));
#328 = CARTESIAN_POINT('',(225.,-36.09500222377,21.856690365972));
#329 = CARTESIAN_POINT('',(-130.,-39.47026721588,19.427238119667));
#330 = CARTESIAN_POINT('',(225.,-39.47026721588,19.427238119667));
#331 = CARTESIAN_POINT('',(-130.,-42.45812115127,16.610088073136));
#332 = CARTESIAN_POINT('',(225.,-42.45812115127,16.610088073136));
#333 = CARTESIAN_POINT('',(-130.,-45.07431264859,13.396090134059));
#334 = CARTESIAN_POINT('',(225.,-45.07431264859,13.396090134059));
#335 = CARTESIAN_POINT('',(-130.,-47.328599527,9.768900505022));
#336 = CARTESIAN_POINT('',(225.,-47.328599527,9.768900505022));
#337 = CARTESIAN_POINT('',(-130.,-49.22759556696,5.698623117023));
#338 = CARTESIAN_POINT('',(225.,-49.22759556696,5.698623117023));
#339 = CARTESIAN_POINT('',(-130.,-50.77608913091,1.129831746412));
#340 = CARTESIAN_POINT('',(225.,-50.77608913091,1.129831746412));
#341 = CARTESIAN_POINT('',(-130.,-51.97777060197,-4.046392556805));
#342 = CARTESIAN_POINT('',(225.,-51.97777060197,-4.046392556805));
#343 = CARTESIAN_POINT('',(-130.,-52.83658935949,-10.08336550642));
#344 = CARTESIAN_POINT('',(225.,-52.83658935949,-10.08336550642));
#345 = CARTESIAN_POINT('',(-130.,-53.40070023244,-18.48673622667));
#346 = CARTESIAN_POINT('',(225.,-53.40070023244,-18.48673622667));
#347 = CARTESIAN_POINT('',(-130.,-53.39955786958,-28.99999999952));
#348 = CARTESIAN_POINT('',(225.,-53.39955786958,-28.99999999952));
#349 = CARTESIAN_POINT('',(-130.,-53.4007002325,-39.51326377237));
#350 = CARTESIAN_POINT('',(225.,-53.4007002325,-39.51326377237));
#351 = CARTESIAN_POINT('',(-130.,-52.83658935949,-47.91663449357));
#352 = CARTESIAN_POINT('',(225.,-52.83658935949,-47.91663449357));
#353 = CARTESIAN_POINT('',(-130.,-51.97777060197,-53.95360744319));
#354 = CARTESIAN_POINT('',(225.,-51.97777060197,-53.95360744319));
#355 = CARTESIAN_POINT('',(-130.,-50.77608913091,-59.12983174641));
#356 = CARTESIAN_POINT('',(225.,-50.77608913091,-59.12983174641));
#357 = CARTESIAN_POINT('',(-130.,-49.22759556696,-63.69862311702));
#358 = CARTESIAN_POINT('',(225.,-49.22759556696,-63.69862311702));
#359 = CARTESIAN_POINT('',(-130.,-47.328599527,-67.76890050502));
#360 = CARTESIAN_POINT('',(225.,-47.328599527,-67.76890050502));
#361 = CARTESIAN_POINT('',(-130.,-45.07431264859,-71.39609013405));
#362 = CARTESIAN_POINT('',(225.,-45.07431264859,-71.39609013405));
#363 = CARTESIAN_POINT('',(-130.,-42.45812115127,-74.61008807313));
#364 = CARTESIAN_POINT('',(225.,-42.45812115127,-74.61008807313));
#365 = CARTESIAN_POINT('',(-130.,-39.47026721588,-77.42723811966));
#366 = CARTESIAN_POINT('',(225.,-39.47026721588,-77.42723811966));
#367 = CARTESIAN_POINT('',(-130.,-36.09500222377,-79.85669036597));
#368 = CARTESIAN_POINT('',(225.,-36.09500222377,-79.85669036597));
#369 = CARTESIAN_POINT('',(-130.,-32.30486434955,-81.90408141151));
#370 = CARTESIAN_POINT('',(225.,-32.30486434955,-81.90408141151));
#371 = CARTESIAN_POINT('',(-130.,-28.04924880371,-83.57352386144));
#372 = CARTESIAN_POINT('',(225.,-28.04924880371,-83.57352386144));
#373 = CARTESIAN_POINT('',(-130.,-23.22790196152,-84.86858401158));
#374 = CARTESIAN_POINT('',(225.,-23.22790196152,-84.86858401158));
#375 = CARTESIAN_POINT('',(-130.,-17.60607788972,-85.79360885395));
#376 = CARTESIAN_POINT('',(225.,-17.60607788972,-85.79360885395));
#377 = CARTESIAN_POINT('',(-130.,-9.78369021843,-86.40072612526));
#378 = CARTESIAN_POINT('',(225.,-9.78369021843,-86.40072612526));
#379 = CARTESIAN_POINT('',(-130.,-5.702006677227E-10,-86.39954166274));
#380 = CARTESIAN_POINT('',(225.,-5.702006677227E-10,-86.39954166274));
#381 = CARTESIAN_POINT('',(-130.,9.783690217265,-86.40072612538));
#382 = CARTESIAN_POINT('',(225.,9.783690217265,-86.40072612538));
#383 = CARTESIAN_POINT('',(-130.,17.606077889757,-85.79360885387));
#384 = CARTESIAN_POINT('',(225.,17.606077889757,-85.79360885387));
#385 = CARTESIAN_POINT('',(-130.,23.227901961434,-84.86858401181));
#386 = CARTESIAN_POINT('',(225.,23.227901961434,-84.86858401181));
#387 = CARTESIAN_POINT('',(-130.,28.049248804001,-83.57352386069));
#388 = CARTESIAN_POINT('',(225.,28.049248804001,-83.57352386069));
#389 = CARTESIAN_POINT('',(-130.,32.304864348592,-81.90408141401));
#390 = CARTESIAN_POINT('',(225.,32.304864348592,-81.90408141401));
#391 = CARTESIAN_POINT('',(-130.,36.095002227085,-79.85669035734));
#392 = CARTESIAN_POINT('',(225.,36.095002227085,-79.85669035734));
#393 = CARTESIAN_POINT('',(-130.,39.470267204023,-77.42723815055));
#394 = CARTESIAN_POINT('',(225.,39.470267204023,-77.42723815055));
#395 = CARTESIAN_POINT('',(-130.,42.45812119517,-74.61008795883));
#396 = CARTESIAN_POINT('',(225.,42.45812119517,-74.61008795883));
#397 = CARTESIAN_POINT('',(-130.,45.074312480815,-71.39609057095));
#398 = CARTESIAN_POINT('',(225.,45.074312480815,-71.39609057095));
#399 = CARTESIAN_POINT('',(-130.,47.328600188492,-67.7688987825));
#400 = CARTESIAN_POINT('',(225.,47.328600188492,-67.7688987825));
#401 = CARTESIAN_POINT('',(-130.,49.227592879078,-63.69863011632));
#402 = CARTESIAN_POINT('',(225.,49.227592879078,-63.69863011632));
#403 = CARTESIAN_POINT('',(-130.,50.776100401249,-59.12980239822));
#404 = CARTESIAN_POINT('',(225.,50.776100401249,-59.12980239822));
#405 = CARTESIAN_POINT('',(-130.,51.977721493314,-53.95373532317));
#406 = CARTESIAN_POINT('',(225.,51.977721493314,-53.95373532317));
#407 = CARTESIAN_POINT('',(-130.,52.836817222576,-47.91604113334));
#408 = CARTESIAN_POINT('',(225.,52.836817222576,-47.91604113334));
#409 = CARTESIAN_POINT('',(-130.,53.399340835959,-39.51680366981));
#410 = CARTESIAN_POINT('',(225.,53.399340835959,-39.51680366981));
#411 = CARTESIAN_POINT('',(-130.,53.405080695882,-33.0557339425));
#412 = CARTESIAN_POINT('',(225.,53.405080695882,-33.0557339425));
#413 = CARTESIAN_POINT('',(-130.,53.394919304118,-24.94426605749));
#414 = CARTESIAN_POINT('',(225.,53.394919304118,-24.94426605749));
#415 = DEFINITIONAL_REPRESENTATION('',(#416),#538);
#416 = B_SPLINE_CURVE_WITH_KNOTS('',8,(#417,#418,#419,#420,#421,#422,
    #423,#424,#425,#426,#427,#428,#429,#430,#431,#432,#433,#434,#435,
    #436,#437,#438,#439,#440,#441,#442,#443,#444,#445,#446,#447,#448,
    #449,#450,#451,#452,#453,#454,#455,#456,#457,#458,#459,#460,#461,
    #462,#463,#464,#465,#466,#467,#468,#469,#470,#471,#472,#473,#474,
    #475,#476,#477,#478,#479,#480,#481,#482,#483,#484,#485,#486,#487,
    #488,#489,#490,#491,#492,#493,#494,#495,#496,#497,#498,#499,#500,
    #501,#502,#503,#504,#505,#506,#507,#508,#509,#510,#511,#512,#513,
    #514,#515,#516,#517,#518,#519,#520,#521,#522,#523,#524,#525,#526,
    #527,#528,#529,#530,#531,#532,#533,#534,#535,#536,#537),
  .UNSPECIFIED.,.F.,.F.,(9,7,7,7,7,7,7,7,7,7,7,7,7,7,7,7,7,9),(0.,
    3.479767607048E-02,0.102054739073,0.152497939272,0.191729633133,
    0.253378823458,0.320632781642,0.359864429316,0.483175968674,
    0.522416140624,0.651331146292,0.718585570158,0.769026788631,
    0.841887558561,0.88112200626,0.920357273901,0.959594391059,1.),
  .UNSPECIFIED.);
#417 = CARTESIAN_POINT('',(126.73225859583,0.564225352113));
#418 = CARTESIAN_POINT('',(126.44232580005,0.564225352113));
#419 = CARTESIAN_POINT('',(126.15238670271,0.564225352113));
#420 = CARTESIAN_POINT('',(125.86244284176,0.564225352113));
#421 = CARTESIAN_POINT('',(125.57249573448,0.564225352113));
#422 = CARTESIAN_POINT('',(125.28254687752,0.564225352113));
#423 = CARTESIAN_POINT('',(124.99259774688,0.564225352113));
#424 = CARTESIAN_POINT('',(124.70264979793,0.564225352113));
#425 = CARTESIAN_POINT('',(123.85229717095,0.564225352113));
#426 = CARTESIAN_POINT('',(123.29187097439,0.564225352113));
#427 = CARTESIAN_POINT('',(122.73141669028,0.564225352113));
#428 = CARTESIAN_POINT('',(122.17106338367,0.564225352113));
#429 = CARTESIAN_POINT('',(121.61062082726,0.564225352113));
#430 = CARTESIAN_POINT('',(121.05018962189,0.564225352113));
#431 = CARTESIAN_POINT('',(120.48978144029,0.564225352113));
#432 = CARTESIAN_POINT('',(119.5090471491,0.564225352113));
#433 = CARTESIAN_POINT('',(119.08873283628,0.564225352113));
#434 = CARTESIAN_POINT('',(118.66842493669,0.564225352113));
#435 = CARTESIAN_POINT('',(118.24812212056,0.564225352113));
#436 = CARTESIAN_POINT('',(117.82781964531,0.564225352113));
#437 = CARTESIAN_POINT('',(117.40751138367,0.564225352113));
#438 = CARTESIAN_POINT('',(116.98719185188,0.564225352113));
#439 = CARTESIAN_POINT('',(116.23994797835,0.564225352113));
#440 = CARTESIAN_POINT('',(115.91303771887,0.564225352113));
#441 = CARTESIAN_POINT('',(115.58612745939,0.564225352113));
#442 = CARTESIAN_POINT('',(115.25921719991,0.564225352113));
#443 = CARTESIAN_POINT('',(114.93230694043,0.564225352113));
#444 = CARTESIAN_POINT('',(114.60539668094,0.564225352113));
#445 = CARTESIAN_POINT('',(114.27848642146,0.564225352113));
#446 = CARTESIAN_POINT('',(113.43786515891,0.564225352113));
#447 = CARTESIAN_POINT('',(112.92414442242,0.564225352113));
#448 = CARTESIAN_POINT('',(112.41041509236,0.564225352113));
#449 = CARTESIAN_POINT('',(111.89671416595,0.564225352113));
#450 = CARTESIAN_POINT('',(111.38300834485,0.564225352113));
#451 = CARTESIAN_POINT('',(110.86927369059,0.564225352113));
#452 = CARTESIAN_POINT('',(110.35556104663,0.564225352113));
#453 = CARTESIAN_POINT('',(109.28142959797,0.564225352113));
#454 = CARTESIAN_POINT('',(108.72101201028,0.564225352113));
#455 = CARTESIAN_POINT('',(108.1605944226,0.564225352113));
#456 = CARTESIAN_POINT('',(107.60017683492,0.564225352113));
#457 = CARTESIAN_POINT('',(107.03975924724,0.564225352113));
#458 = CARTESIAN_POINT('',(106.47934165956,0.564225352113));
#459 = CARTESIAN_POINT('',(105.91892407188,0.564225352113));
#460 = CARTESIAN_POINT('',(105.0315947909,0.564225352113));
#461 = CARTESIAN_POINT('',(104.70468461531,0.564225352113));
#462 = CARTESIAN_POINT('',(104.37777514372,0.564225352113));
#463 = CARTESIAN_POINT('',(104.05086577016,0.564225352113));
#464 = CARTESIAN_POINT('',(103.72395609642,0.564225352113));
#465 = CARTESIAN_POINT('',(103.39704593205,0.564225352113));
#466 = CARTESIAN_POINT('',(103.07013529434,0.564225352113));
#467 = CARTESIAN_POINT('',(101.71568957424,0.564225352113));
#468 = CARTESIAN_POINT('',(100.68814864352,0.564225352113));
#469 = CARTESIAN_POINT('',(99.66063470443,0.564225352113));
#470 = CARTESIAN_POINT('',(98.633168537427,0.564225352113));
#471 = CARTESIAN_POINT('',(97.605758615708,0.564225352113));
#472 = CARTESIAN_POINT('',(96.578401105699,0.564225352113));
#473 = CARTESIAN_POINT('',(95.551079867559,0.564225352113));
#474 = CARTESIAN_POINT('',(94.19685499923,0.564225352113));
#475 = CARTESIAN_POINT('',(93.869945077372,0.564225352113));
#476 = CARTESIAN_POINT('',(93.543036097006,0.564225352113));
#477 = CARTESIAN_POINT('',(93.216127462474,0.564225352113));
#478 = CARTESIAN_POINT('',(92.889218575553,0.564225352113));
#479 = CARTESIAN_POINT('',(92.562308835462,0.564225352113));
#480 = CARTESIAN_POINT('',(92.235397638856,0.564225352113));
#481 = CARTESIAN_POINT('',(90.834482341982,0.564225352113));
#482 = CARTESIAN_POINT('',(89.760467640271,0.564225352113));
#483 = CARTESIAN_POINT('',(88.686407440255,0.564225352113));
#484 = CARTESIAN_POINT('',(87.612285192162,0.564225352113));
#485 = CARTESIAN_POINT('',(86.538100631154,0.564225352113));
#486 = CARTESIAN_POINT('',(85.463869777606,0.564225352113));
#487 = CARTESIAN_POINT('',(84.389624937369,0.564225352113));
#488 = CARTESIAN_POINT('',(82.755003676867,0.564225352113));
#489 = CARTESIAN_POINT('',(82.194582437057,0.564225352113));
#490 = CARTESIAN_POINT('',(81.634135554221,0.564225352113));
#491 = CARTESIAN_POINT('',(81.073767512131,0.564225352113));
#492 = CARTESIAN_POINT('',(80.513322667455,0.564225352113));
#493 = CARTESIAN_POINT('',(79.952911928041,0.564225352113));
#494 = CARTESIAN_POINT('',(79.392487137765,0.564225352113));
#495 = CARTESIAN_POINT('',(78.411760809828,0.564225352113));
#496 = CARTESIAN_POINT('',(77.991447619066,0.564225352113));
#497 = CARTESIAN_POINT('',(77.571134428305,0.564225352113));
#498 = CARTESIAN_POINT('',(77.150821237544,0.564225352113));
#499 = CARTESIAN_POINT('',(76.730508046782,0.564225352113));
#500 = CARTESIAN_POINT('',(76.310194856021,0.564225352113));
#501 = CARTESIAN_POINT('',(75.889881665259,0.564225352113));
#502 = CARTESIAN_POINT('',(74.862439154131,0.564225352113));
#503 = CARTESIAN_POINT('',(74.255335387975,0.564225352113));
#504 = CARTESIAN_POINT('',(73.648236970716,0.564225352113));
#505 = CARTESIAN_POINT('',(73.041130761072,0.564225352113));
#506 = CARTESIAN_POINT('',(72.43401074668,0.564225352113));
#507 = CARTESIAN_POINT('',(71.82687810899,0.564225352113));
#508 = CARTESIAN_POINT('',(71.219741288154,0.564225352113));
#509 = CARTESIAN_POINT('',(70.285688079582,0.564225352113));
#510 = CARTESIAN_POINT('',(69.958765760257,0.564225352113));
#511 = CARTESIAN_POINT('',(69.631850054471,0.564225352113));
#512 = CARTESIAN_POINT('',(69.304940919393,0.564225352113));
#513 = CARTESIAN_POINT('',(68.978037304836,0.564225352113));
#514 = CARTESIAN_POINT('',(68.651137153256,0.564225352113));
#515 = CARTESIAN_POINT('',(68.324237399754,0.564225352113));
#516 = CARTESIAN_POINT('',(67.670423712592,0.564225352113));
#517 = CARTESIAN_POINT('',(67.343513453111,0.564225352113));
#518 = CARTESIAN_POINT('',(67.01660319363,0.564225352113));
#519 = CARTESIAN_POINT('',(66.689692934149,0.564225352113));
#520 = CARTESIAN_POINT('',(66.362782674668,0.564225352113));
#521 = CARTESIAN_POINT('',(66.035872415186,0.564225352113));
#522 = CARTESIAN_POINT('',(65.708962155705,0.564225352113));
#523 = CARTESIAN_POINT('',(65.055126226471,0.564225352113));
#524 = CARTESIAN_POINT('',(64.728209314176,0.564225352113));
#525 = CARTESIAN_POINT('',(64.401298827271,0.564225352113));
#526 = CARTESIAN_POINT('',(64.074392557535,0.564225352113));
#527 = CARTESIAN_POINT('',(63.747488420588,0.564225352113));
#528 = CARTESIAN_POINT('',(63.420584455897,0.564225352113));
#529 = CARTESIAN_POINT('',(63.093678826774,0.564225352113));
#530 = CARTESIAN_POINT('',(62.430125376841,0.564225352113));
#531 = CARTESIAN_POINT('',(62.093477341707,0.564225352113));
#532 = CARTESIAN_POINT('',(61.756826862796,0.564225352113));
#533 = CARTESIAN_POINT('',(61.420175459063,0.564225352113));
#534 = CARTESIAN_POINT('',(61.083525020592,0.564225352113));
#535 = CARTESIAN_POINT('',(60.746877808604,0.564225352113));
#536 = CARTESIAN_POINT('',(60.410236455448,0.564225352113));
#537 = CARTESIAN_POINT('',(60.073603964607,0.564225352113));
#538 = ( GEOMETRIC_REPRESENTATION_CONTEXT(2) 
PARAMETRIC_REPRESENTATION_CONTEXT() REPRESENTATION_CONTEXT('2D SPACE',''
  ) );
#539 = ORIENTED_EDGE('',*,*,#540,.T.);
#540 = EDGE_CURVE('',#22,#541,#543,.T.);
#541 = VERTEX_POINT('',#542);
#542 = CARTESIAN_POINT('',(70.3,-32.7,25.537836964522));
#543 = SURFACE_CURVE('',#544,(#548,#555),.PCURVE_S1.);
#544 = LINE('',#545,#546);
#545 = CARTESIAN_POINT('',(70.3,-32.7,20.));
#546 = VECTOR('',#547,1.);
#547 = DIRECTION('',(0.,0.,1.));
#548 = PCURVE('',#150,#549);
#549 = DEFINITIONAL_REPRESENTATION('',(#550),#554);
#550 = LINE('',#551,#552);
#551 = CARTESIAN_POINT('',(0.,0.));
#552 = VECTOR('',#553,1.);
#553 = DIRECTION('',(0.,-1.));
#554 = ( GEOMETRIC_REPRESENTATION_CONTEXT(2) 
PARAMETRIC_REPRESENTATION_CONTEXT() REPRESENTATION_CONTEXT('2D SPACE',''
  ) );
#555 = PCURVE('',#556,#561);
#556 = PLANE('',#557);
#557 = AXIS2_PLACEMENT_3D('',#558,#559,#560);
#558 = CARTESIAN_POINT('',(181.87573593128,-32.7,20.));
#559 = DIRECTION('',(0.,-1.,0.));
#560 = DIRECTION('',(-1.,0.,0.));
#561 = DEFINITIONAL_REPRESENTATION('',(#562),#566);
#562 = LINE('',#563,#564);
#563 = CARTESIAN_POINT('',(111.57573593128,0.));
#564 = VECTOR('',#565,1.);
#565 = DIRECTION('',(0.,-1.));
#566 = ( GEOMETRIC_REPRESENTATION_CONTEXT(2) 
PARAMETRIC_REPRESENTATION_CONTEXT() REPRESENTATION_CONTEXT('2D SPACE',''
  ) );
#567 = ORIENTED_EDGE('',*,*,#568,.T.);
#568 = EDGE_CURVE('',#541,#569,#571,.T.);
#569 = VERTEX_POINT('',#570);
#570 = CARTESIAN_POINT('',(70.3,32.7,25.53783696512));
#571 = SURFACE_CURVE('',#572,(#687,#805),.PCURVE_S1.);
#572 = B_SPLINE_CURVE_WITH_KNOTS('',8,(#573,#574,#575,#576,#577,#578,
    #579,#580,#581,#582,#583,#584,#585,#586,#587,#588,#589,#590,#591,
    #592,#593,#594,#595,#596,#597,#598,#599,#600,#601,#602,#603,#604,
    #605,#606,#607,#608,#609,#610,#611,#612,#613,#614,#615,#616,#617,
    #618,#619,#620,#621,#622,#623,#624,#625,#626,#627,#628,#629,#630,
    #631,#632,#633,#634,#635,#636,#637,#638,#639,#640,#641,#642,#643,
    #644,#645,#646,#647,#648,#649,#650,#651,#652,#653,#654,#655,#656,
    #657,#658,#659,#660,#661,#662,#663,#664,#665,#666,#667,#668,#669,
    #670,#671,#672,#673,#674,#675,#676,#677,#678,#679,#680,#681,#682,
    #683,#684,#685,#686),.UNSPECIFIED.,.F.,.F.,(9,7,7,7,7,7,7,7,7,7,7,7,
    7,7,7,7,9),(0.,3.75296529311E-02,0.106909047603,0.158940971432,
    0.199408227481,0.257216065822,0.320802801197,0.361264192614,
    0.482657051666,0.523125971762,0.656077843755,0.696541512647,
    0.760131757113,0.829501974681,0.869968621397,0.933562287545,1.),
  .UNSPECIFIED.);
#573 = CARTESIAN_POINT('',(70.3,-32.7,25.537836964522));
#574 = CARTESIAN_POINT('',(70.3,-32.41474389205,25.664420287618));
#575 = CARTESIAN_POINT('',(70.3,-32.12830304249,25.788329142068));
#576 = CARTESIAN_POINT('',(70.3,-31.84072110641,25.909588339222));
#577 = CARTESIAN_POINT('',(70.3,-31.55204096295,26.028223032128));
#578 = CARTESIAN_POINT('',(70.3,-31.2623047153,26.144258715537));
#579 = CARTESIAN_POINT('',(70.3,-30.97155369066,26.2577212259));
#580 = CARTESIAN_POINT('',(70.3,-30.67982844026,26.368636741369));
#581 = CARTESIAN_POINT('',(70.3,-29.84614180982,26.677416856082));
#582 = CARTESIAN_POINT('',(70.3,-29.30193980546,26.86917587374));
#583 = CARTESIAN_POINT('',(70.3,-28.75477910904,27.052528302633));
#584 = CARTESIAN_POINT('',(70.3,-28.205036242,27.227470098899));
#585 = CARTESIAN_POINT('',(70.3,-27.65273874368,27.394435199957));
#586 = CARTESIAN_POINT('',(70.3,-27.0981878382,27.553508546036));
#587 = CARTESIAN_POINT('',(70.3,-26.54151877455,27.704962829952));
#588 = CARTESIAN_POINT('',(70.3,-25.56397565774,27.957036464213));
#589 = CARTESIAN_POINT('',(70.3,-25.14396101187,28.060895153162));
#590 = CARTESIAN_POINT('',(70.3,-24.72294739115,28.160676462245));
#591 = CARTESIAN_POINT('',(70.3,-24.30101252475,28.256472722988));
#592 = CARTESIAN_POINT('',(70.3,-23.87822869083,28.348376889298));
#593 = CARTESIAN_POINT('',(70.3,-23.45466022148,28.436483206091));
#594 = CARTESIAN_POINT('',(70.3,-23.03036100774,28.520887877918));
#595 = CARTESIAN_POINT('',(70.3,-22.27484148524,28.664532494591));
#596 = CARTESIAN_POINT('',(70.3,-21.94389623592,28.725195592253));
#597 = CARTESIAN_POINT('',(70.3,-21.61255897616,28.783724973357));
#598 = CARTESIAN_POINT('',(70.3,-21.28085242546,28.84016658067));
#599 = CARTESIAN_POINT('',(70.3,-20.94879930331,28.894566356963));
#600 = CARTESIAN_POINT('',(70.3,-20.6164223292,28.946970245005));
#601 = CARTESIAN_POINT('',(70.3,-20.28374422264,28.997424187565));
#602 = CARTESIAN_POINT('',(70.3,-19.47515632767,29.115328152077));
#603 = CARTESIAN_POINT('',(70.3,-18.99895600413,29.180795759847));
#604 = CARTESIAN_POINT('',(70.3,-18.52225261519,29.242513837079));
#605 = CARTESIAN_POINT('',(70.3,-18.04510959258,29.300618264784));
#606 = CARTESIAN_POINT('',(70.3,-17.5675746404,29.355239582262));
#607 = CARTESIAN_POINT('',(70.3,-17.08967883191,29.406503109166));
#608 = CARTESIAN_POINT('',(70.3,-16.61144807995,29.454533525981));
#609 = CARTESIAN_POINT('',(70.3,-15.60656939054,29.548885872056));
#610 = CARTESIAN_POINT('',(70.3,-15.07985538786,29.594555780143));
#611 = CARTESIAN_POINT('',(70.3,-14.55282880407,29.636645179622));
#612 = CARTESIAN_POINT('',(70.3,-14.02553347034,29.675325612938));
#613 = CARTESIAN_POINT('',(70.3,-13.49801321785,29.710768622535));
#614 = CARTESIAN_POINT('',(70.3,-12.97031187777,29.743145750857));
#615 = CARTESIAN_POINT('',(70.3,-12.44247328127,29.772628540349));
#616 = CARTESIAN_POINT('',(70.3,-11.57860855207,29.816416401751));
#617 = CARTESIAN_POINT('',(70.3,-11.24263075875,29.83234323596));
#618 = CARTESIAN_POINT('',(70.3,-10.90661212599,29.847210631262));
#619 = CARTESIAN_POINT('',(70.3,-10.57055648242,29.861060134916));
#620 = CARTESIAN_POINT('',(70.3,-10.23446723887,29.873933246252));
#621 = CARTESIAN_POINT('',(70.3,-9.898347388391,29.885871416679));
#622 = CARTESIAN_POINT('',(70.3,-9.562199506236,29.896916049679));
#623 = CARTESIAN_POINT('',(70.3,-8.217432323078,29.937688041948));
#624 = CARTESIAN_POINT('',(70.3,-7.208614140368,29.960597554682));
#625 = CARTESIAN_POINT('',(70.3,-6.199630389644,29.976958931539));
#626 = CARTESIAN_POINT('',(70.3,-5.19053022155,29.987894671795));
#627 = CARTESIAN_POINT('',(70.3,-4.181352738352,29.994527490701));
#628 = CARTESIAN_POINT('',(70.3,-3.172126982805,29.997979928714));
#629 = CARTESIAN_POINT('',(70.3,-2.162871927029,29.999373960719));
#630 = CARTESIAN_POINT('',(70.3,-0.817132780616,29.999982837533));
#631 = CARTESIAN_POINT('',(70.3,-0.480667491429,30.000024710771));
#632 = CARTESIAN_POINT('',(70.3,-0.144201223061,30.000023350251));
#633 = CARTESIAN_POINT('',(70.3,0.19226539785,30.000015494051));
#634 = CARTESIAN_POINT('',(70.3,0.528731747261,30.000007493038));
#635 = CARTESIAN_POINT('',(70.3,0.865197203732,29.999975310878));
#636 = CARTESIAN_POINT('',(70.3,1.201661148423,29.999864524026));
#637 = CARTESIAN_POINT('',(70.3,2.643495391002,29.998689489488));
#638 = CARTESIAN_POINT('',(70.3,3.748835045861,29.996279760543));
#639 = CARTESIAN_POINT('',(70.3,4.854131687309,29.990888648222));
#640 = CARTESIAN_POINT('',(70.3,5.959358394499,29.981041775757));
#641 = CARTESIAN_POINT('',(70.3,7.064471597789,29.9652638803));
#642 = CARTESIAN_POINT('',(70.3,8.169411108429,29.942079816943));
#643 = CARTESIAN_POINT('',(70.3,9.274100148246,29.910015562738));
#644 = CARTESIAN_POINT('',(70.3,10.71455091214,29.854689881462));
#645 = CARTESIAN_POINT('',(70.3,11.050622737649,29.840821133788));
#646 = CARTESIAN_POINT('',(70.3,11.386660131895,29.82595284671));
#647 = CARTESIAN_POINT('',(70.3,11.722660132121,29.810043801682));
#648 = CARTESIAN_POINT('',(70.3,12.058617536782,29.793051692599));
#649 = CARTESIAN_POINT('',(70.3,12.394524905542,29.774933125792));
#650 = CARTESIAN_POINT('',(70.3,12.730372559276,29.75564362003));
#651 = CARTESIAN_POINT('',(70.3,13.593833780959,29.702911601117));
#652 = CARTESIAN_POINT('',(70.3,14.121353832867,29.667682093512));
#653 = CARTESIAN_POINT('',(70.3,14.64866490462,29.629277541259));
#654 = CARTESIAN_POINT('',(70.3,15.175723165044,29.587526401915));
#655 = CARTESIAN_POINT('',(70.3,15.702484782964,29.542257133035));
#656 = CARTESIAN_POINT('',(70.3,16.228905927206,29.493298192175));
#657 = CARTESIAN_POINT('',(70.3,16.754942766596,29.440478036893));
#658 = CARTESIAN_POINT('',(70.3,17.85393486256,29.321604622724));
#659 = CARTESIAN_POINT('',(70.3,18.426826431575,29.254783973399));
#660 = CARTESIAN_POINT('',(70.3,18.999138891127,29.182932492818));
#661 = CARTESIAN_POINT('',(70.3,19.570891562194,29.10586906074));
#662 = CARTESIAN_POINT('',(70.3,20.141803134133,29.023290537135));
#663 = CARTESIAN_POINT('',(70.3,20.711895288151,28.935020183905));
#664 = CARTESIAN_POINT('',(70.3,21.280980982065,28.840799796746));
#665 = CARTESIAN_POINT('',(70.3,22.180279422983,28.681845526495));
#666 = CARTESIAN_POINT('',(70.3,22.511228978546,28.621181647731));
#667 = CARTESIAN_POINT('',(70.3,22.841781859963,28.558370479521));
#668 = CARTESIAN_POINT('',(70.3,23.171914550309,28.493366207626));
#669 = CARTESIAN_POINT('',(70.3,23.501602217411,28.42612334126));
#670 = CARTESIAN_POINT('',(70.3,23.830818713849,28.356596713086));
#671 = CARTESIAN_POINT('',(70.3,24.159536576952,28.284741479223));
#672 = CARTESIAN_POINT('',(70.3,25.00348100699,28.093862644668));
#673 = CARTESIAN_POINT('',(70.3,25.517938927897,27.971349349921));
#674 = CARTESIAN_POINT('',(70.3,26.030954853435,27.842805635906));
#675 = CARTESIAN_POINT('',(70.3,26.542382845514,27.708063903533));
#676 = CARTESIAN_POINT('',(70.3,27.052076966048,27.566956553714));
#677 = CARTESIAN_POINT('',(70.3,27.559891276947,27.419315987358));
#678 = CARTESIAN_POINT('',(70.3,28.065679840124,27.264974605376));
#679 = CARTESIAN_POINT('',(70.3,29.095436430968,26.935345361165));
#680 = CARTESIAN_POINT('',(70.3,29.619190095309,26.759435825762));
#681 = CARTESIAN_POINT('',(70.3,30.140398401304,26.575823652926));
#682 = CARTESIAN_POINT('',(70.3,30.658783704786,26.384448426864));
#683 = CARTESIAN_POINT('',(70.3,31.174188539394,26.185076122359));
#684 = CARTESIAN_POINT('',(70.3,31.686340169816,25.977624170525));
#685 = CARTESIAN_POINT('',(70.3,32.195026219776,25.761920718268));
#686 = CARTESIAN_POINT('',(70.3,32.7,25.53783696512));
#687 = PCURVE('',#150,#688);
#688 = DEFINITIONAL_REPRESENTATION('',(#689),#804);
#689 = B_SPLINE_CURVE_WITH_KNOTS('',8,(#690,#691,#692,#693,#694,#695,
    #696,#697,#698,#699,#700,#701,#702,#703,#704,#705,#706,#707,#708,
    #709,#710,#711,#712,#713,#714,#715,#716,#717,#718,#719,#720,#721,
    #722,#723,#724,#725,#726,#727,#728,#729,#730,#731,#732,#733,#734,
    #735,#736,#737,#738,#739,#740,#741,#742,#743,#744,#745,#746,#747,
    #748,#749,#750,#751,#752,#753,#754,#755,#756,#757,#758,#759,#760,
    #761,#762,#763,#764,#765,#766,#767,#768,#769,#770,#771,#772,#773,
    #774,#775,#776,#777,#778,#779,#780,#781,#782,#783,#784,#785,#786,
    #787,#788,#789,#790,#791,#792,#793,#794,#795,#796,#797,#798,#799,
    #800,#801,#802,#803),.UNSPECIFIED.,.F.,.F.,(9,7,7,7,7,7,7,7,7,7,7,7,
    7,7,7,7,9),(0.,3.75296529311E-02,0.106909047603,0.158940971432,
    0.199408227481,0.257216065822,0.320802801197,0.361264192614,
    0.482657051666,0.523125971762,0.656077843755,0.696541512647,
    0.760131757113,0.829501974681,0.869968621397,0.933562287545,1.),
  .UNSPECIFIED.);
#690 = CARTESIAN_POINT('',(0.,-5.537836964522));
#691 = CARTESIAN_POINT('',(0.285256107941,-5.664420287618));
#692 = CARTESIAN_POINT('',(0.571696957508,-5.788329142068));
#693 = CARTESIAN_POINT('',(0.85927889359,-5.909588339222));
#694 = CARTESIAN_POINT('',(1.147959037042,-6.028223032128));
#695 = CARTESIAN_POINT('',(1.437695284692,-6.144258715537));
#696 = CARTESIAN_POINT('',(1.728446309333,-6.2577212259));
#697 = CARTESIAN_POINT('',(2.020171559732,-6.368636741369));
#698 = CARTESIAN_POINT('',(2.853858190177,-6.677416856082));
#699 = CARTESIAN_POINT('',(3.398060194531,-6.86917587374));
#700 = CARTESIAN_POINT('',(3.945220890957,-7.052528302633));
#701 = CARTESIAN_POINT('',(4.494963757996,-7.227470098899));
#702 = CARTESIAN_POINT('',(5.04726125632,-7.394435199957));
#703 = CARTESIAN_POINT('',(5.601812161793,-7.553508546036));
#704 = CARTESIAN_POINT('',(6.158481225442,-7.704962829952));
#705 = CARTESIAN_POINT('',(7.136024342253,-7.957036464213));
#706 = CARTESIAN_POINT('',(7.556038988125,-8.060895153162));
#707 = CARTESIAN_POINT('',(7.977052608848,-8.160676462245));
#708 = CARTESIAN_POINT('',(8.398987475243,-8.256472722988));
#709 = CARTESIAN_POINT('',(8.821771309166,-8.348376889298));
#710 = CARTESIAN_POINT('',(9.24533977852,-8.436483206091));
#711 = CARTESIAN_POINT('',(9.669638992255,-8.520887877918));
#712 = CARTESIAN_POINT('',(10.425158514758,-8.664532494591));
#713 = CARTESIAN_POINT('',(10.756103764075,-8.725195592253));
#714 = CARTESIAN_POINT('',(11.087441023832,-8.783724973357));
#715 = CARTESIAN_POINT('',(11.419147574535,-8.84016658067));
#716 = CARTESIAN_POINT('',(11.751200696687,-8.894566356963));
#717 = CARTESIAN_POINT('',(12.083577670793,-8.946970245005));
#718 = CARTESIAN_POINT('',(12.416255777357,-8.997424187565));
#719 = CARTESIAN_POINT('',(13.224843672328,-9.115328152077));
#720 = CARTESIAN_POINT('',(13.701043995864,-9.180795759847));
#721 = CARTESIAN_POINT('',(14.177747384808,-9.242513837079));
#722 = CARTESIAN_POINT('',(14.654890407412,-9.300618264784));
#723 = CARTESIAN_POINT('',(15.132425359594,-9.355239582262));
#724 = CARTESIAN_POINT('',(15.610321168089,-9.406503109166));
#725 = CARTESIAN_POINT('',(16.088551920049,-9.454533525981));
#726 = CARTESIAN_POINT('',(17.093430609457,-9.548885872056));
#727 = CARTESIAN_POINT('',(17.620144612134,-9.594555780143));
#728 = CARTESIAN_POINT('',(18.147171195924,-9.636645179622));
#729 = CARTESIAN_POINT('',(18.674466529652,-9.675325612938));
#730 = CARTESIAN_POINT('',(19.201986782145,-9.710768622535));
#731 = CARTESIAN_POINT('',(19.729688122226,-9.743145750857));
#732 = CARTESIAN_POINT('',(20.257526718723,-9.772628540349));
#733 = CARTESIAN_POINT('',(21.121391447924,-9.816416401751));
#734 = CARTESIAN_POINT('',(21.457369241244,-9.83234323596));
#735 = CARTESIAN_POINT('',(21.793387874003,-9.847210631262));
#736 = CARTESIAN_POINT('',(22.129443517576,-9.861060134916));
#737 = CARTESIAN_POINT('',(22.465532761127,-9.873933246252));
#738 = CARTESIAN_POINT('',(22.801652611609,-9.885871416679));
#739 = CARTESIAN_POINT('',(23.137800493764,-9.896916049679));
#740 = CARTESIAN_POINT('',(24.482567676922,-9.937688041948));
#741 = CARTESIAN_POINT('',(25.491385859632,-9.960597554682));
#742 = CARTESIAN_POINT('',(26.500369610356,-9.976958931539));
#743 = CARTESIAN_POINT('',(27.50946977845,-9.987894671795));
#744 = CARTESIAN_POINT('',(28.518647261648,-9.994527490701));
#745 = CARTESIAN_POINT('',(29.527873017195,-9.997979928714));
#746 = CARTESIAN_POINT('',(30.537128072971,-9.999373960719));
#747 = CARTESIAN_POINT('',(31.882867219384,-9.999982837533));
#748 = CARTESIAN_POINT('',(32.219332508571,-10.00002471077));
#749 = CARTESIAN_POINT('',(32.555798776939,-10.00002335025));
#750 = CARTESIAN_POINT('',(32.89226539785,-10.00001549405));
#751 = CARTESIAN_POINT('',(33.228731747261,-10.00000749303));
#752 = CARTESIAN_POINT('',(33.565197203732,-9.999975310878));
#753 = CARTESIAN_POINT('',(33.901661148423,-9.999864524026));
#754 = CARTESIAN_POINT('',(35.343495391002,-9.998689489488));
#755 = CARTESIAN_POINT('',(36.448835045861,-9.996279760543));
#756 = CARTESIAN_POINT('',(37.554131687309,-9.990888648222));
#757 = CARTESIAN_POINT('',(38.659358394499,-9.981041775757));
#758 = CARTESIAN_POINT('',(39.764471597789,-9.9652638803));
#759 = CARTESIAN_POINT('',(40.869411108429,-9.942079816943));
#760 = CARTESIAN_POINT('',(41.974100148246,-9.910015562738));
#761 = CARTESIAN_POINT('',(43.41455091214,-9.854689881462));
#762 = CARTESIAN_POINT('',(43.750622737649,-9.840821133788));
#763 = CARTESIAN_POINT('',(44.086660131895,-9.82595284671));
#764 = CARTESIAN_POINT('',(44.422660132121,-9.810043801682));
#765 = CARTESIAN_POINT('',(44.758617536782,-9.793051692599));
#766 = CARTESIAN_POINT('',(45.094524905542,-9.774933125792));
#767 = CARTESIAN_POINT('',(45.430372559276,-9.75564362003));
#768 = CARTESIAN_POINT('',(46.293833780959,-9.702911601117));
#769 = CARTESIAN_POINT('',(46.821353832867,-9.667682093512));
#770 = CARTESIAN_POINT('',(47.34866490462,-9.629277541259));
#771 = CARTESIAN_POINT('',(47.875723165044,-9.587526401915));
#772 = CARTESIAN_POINT('',(48.402484782964,-9.542257133035));
#773 = CARTESIAN_POINT('',(48.928905927206,-9.493298192175));
#774 = CARTESIAN_POINT('',(49.454942766596,-9.440478036893));
#775 = CARTESIAN_POINT('',(50.55393486256,-9.321604622724));
#776 = CARTESIAN_POINT('',(51.126826431575,-9.254783973399));
#777 = CARTESIAN_POINT('',(51.699138891127,-9.182932492818));
#778 = CARTESIAN_POINT('',(52.270891562194,-9.10586906074));
#779 = CARTESIAN_POINT('',(52.841803134133,-9.023290537135));
#780 = CARTESIAN_POINT('',(53.411895288151,-8.935020183905));
#781 = CARTESIAN_POINT('',(53.980980982065,-8.840799796746));
#782 = CARTESIAN_POINT('',(54.880279422983,-8.681845526495));
#783 = CARTESIAN_POINT('',(55.211228978546,-8.621181647731));
#784 = CARTESIAN_POINT('',(55.541781859963,-8.558370479521));
#785 = CARTESIAN_POINT('',(55.871914550309,-8.493366207626));
#786 = CARTESIAN_POINT('',(56.201602217411,-8.42612334126));
#787 = CARTESIAN_POINT('',(56.530818713849,-8.356596713086));
#788 = CARTESIAN_POINT('',(56.859536576952,-8.284741479223));
#789 = CARTESIAN_POINT('',(57.70348100699,-8.093862644668));
#790 = CARTESIAN_POINT('',(58.217938927897,-7.971349349921));
#791 = CARTESIAN_POINT('',(58.730954853435,-7.842805635906));
#792 = CARTESIAN_POINT('',(59.242382845514,-7.708063903533));
#793 = CARTESIAN_POINT('',(59.752076966048,-7.566956553714));
#794 = CARTESIAN_POINT('',(60.259891276947,-7.419315987358));
#795 = CARTESIAN_POINT('',(60.765679840124,-7.264974605376));
#796 = CARTESIAN_POINT('',(61.795436430968,-6.935345361165));
#797 = CARTESIAN_POINT('',(62.319190095309,-6.759435825762));
#798 = CARTESIAN_POINT('',(62.840398401304,-6.575823652926));
#799 = CARTESIAN_POINT('',(63.358783704786,-6.384448426864));
#800 = CARTESIAN_POINT('',(63.874188539394,-6.185076122359));
#801 = CARTESIAN_POINT('',(64.386340169816,-5.977624170525));
#802 = CARTESIAN_POINT('',(64.895026219776,-5.761920718268));
#803 = CARTESIAN_POINT('',(65.4,-5.53783696512));
#804 = ( GEOMETRIC_REPRESENTATION_CONTEXT(2) 
PARAMETRIC_REPRESENTATION_CONTEXT() REPRESENTATION_CONTEXT('2D SPACE',''
  ) );
#805 = PCURVE('',#806,#941);
#806 = B_SPLINE_SURFACE_WITH_KNOTS('',3,1,(
    (#807,#808)
    ,(#809,#810)
    ,(#811,#812)
    ,(#813,#814)
    ,(#815,#816)
    ,(#817,#818)
    ,(#819,#820)
    ,(#821,#822)
    ,(#823,#824)
    ,(#825,#826)
    ,(#827,#828)
    ,(#829,#830)
    ,(#831,#832)
    ,(#833,#834)
    ,(#835,#836)
    ,(#837,#838)
    ,(#839,#840)
    ,(#841,#842)
    ,(#843,#844)
    ,(#845,#846)
    ,(#847,#848)
    ,(#849,#850)
    ,(#851,#852)
    ,(#853,#854)
    ,(#855,#856)
    ,(#857,#858)
    ,(#859,#860)
    ,(#861,#862)
    ,(#863,#864)
    ,(#865,#866)
    ,(#867,#868)
    ,(#869,#870)
    ,(#871,#872)
    ,(#873,#874)
    ,(#875,#876)
    ,(#877,#878)
    ,(#879,#880)
    ,(#881,#882)
    ,(#883,#884)
    ,(#885,#886)
    ,(#887,#888)
    ,(#889,#890)
    ,(#891,#892)
    ,(#893,#894)
    ,(#895,#896)
    ,(#897,#898)
    ,(#899,#900)
    ,(#901,#902)
    ,(#903,#904)
    ,(#905,#906)
    ,(#907,#908)
    ,(#909,#910)
    ,(#911,#912)
    ,(#913,#914)
    ,(#915,#916)
    ,(#917,#918)
    ,(#919,#920)
    ,(#921,#922)
    ,(#923,#924)
    ,(#925,#926)
    ,(#927,#928)
    ,(#929,#930)
    ,(#931,#932)
    ,(#933,#934)
    ,(#935,#936)
    ,(#937,#938)
    ,(#939,#940
    )),.UNSPECIFIED.,.T.,.F.,.F.,(1,1,2,1,1,1,1,1,1,1,1,1,1,1,1,1,1,1,1,
    1,1,1,1,1,1,1,1,1,1,1,1,1,1,1,1,1,1,1,1,1,1,1,1,1,1,1,1,1,1,1,1,1,1,
    1,1,1,1,1,1,1,1,1,1,1,1,1,2,1,1),(2,2),(-19.86658782105,
    -12.543819359,0.,12.543819359003,19.866587821058,25.951281832135,
    31.328168013365,36.231167766714,40.803452957058,45.153123802104,
    49.374383240351,53.55722667795,57.792889532723,62.178799707703,
    66.826833424625,71.882030314271,77.573559490177,84.405665853083,
    96.099432924941,107.7931999985,114.62530636141,120.31683553732,
    125.37203242696,130.02006614388,134.40597631886,138.64163917364,
    142.82448261124,147.04574204948,151.39541289453,155.96769808487,
    160.87069783822,166.24758401945,172.33227803053,179.65504649258,
    192.19886585013,204.74268521059,212.06545367265,218.15014768372,
    223.52703386495,228.4300336183,233.00231880864,237.35198965369,
    241.57324909194,245.75609252954,249.99175538431,254.37766555929,
    259.02569927621,264.08089616586,269.77242534176,276.60453170467,
    288.29829877561,299.9920658501,306.824172213,312.51570138891,
    317.57089827855,322.21893199548,326.60484217046,330.84050502523,
    335.02334846283,339.24460790107,343.59427874612,348.16656393646,
    353.06956368981,358.44644987104,364.53114388212,371.85391234418,
    384.39773170318,396.94155106218,404.26431952424),(0.,1.),
  .UNSPECIFIED.);
#807 = CARTESIAN_POINT('',(-130.,55.00521490047,-33.16873909291));
#808 = CARTESIAN_POINT('',(225.,55.00521490047,-33.16873909291));
#809 = CARTESIAN_POINT('',(-130.,54.99478509953,-24.83126090708));
#810 = CARTESIAN_POINT('',(225.,54.99478509953,-24.83126090708));
#811 = CARTESIAN_POINT('',(-130.,55.002116221386,-18.18998981242));
#812 = CARTESIAN_POINT('',(225.,55.002116221386,-18.18998981242));
#813 = CARTESIAN_POINT('',(-130.,54.419465193175,-9.556581637765));
#814 = CARTESIAN_POINT('',(225.,54.419465193175,-9.556581637765));
#815 = CARTESIAN_POINT('',(-130.,53.535176295659,-3.350510546843));
#816 = CARTESIAN_POINT('',(225.,53.535176295659,-3.350510546843));
#817 = CARTESIAN_POINT('',(-130.,52.297387037062,1.969918974896));
#818 = CARTESIAN_POINT('',(225.,52.297387037062,1.969918974896));
#819 = CARTESIAN_POINT('',(-130.,50.702449486188,6.666179306242));
#820 = CARTESIAN_POINT('',(225.,50.702449486188,6.666179306242));
#821 = CARTESIAN_POINT('',(-130.,48.746470944603,10.849965044806));
#822 = CARTESIAN_POINT('',(225.,48.746470944603,10.849965044806));
#823 = CARTESIAN_POINT('',(-130.,46.424552071915,14.578289795393));
#824 = CARTESIAN_POINT('',(225.,46.424552071915,14.578289795393));
#825 = CARTESIAN_POINT('',(-130.,43.729894099075,17.881858884662));
#826 = CARTESIAN_POINT('',(225.,43.729894099075,17.881858884662));
#827 = CARTESIAN_POINT('',(-130.,40.652469244997,20.777477089628));
#828 = CARTESIAN_POINT('',(225.,40.652469244997,20.777477089628));
#829 = CARTESIAN_POINT('',(-130.,37.176070723009,23.274563729804));
#830 = CARTESIAN_POINT('',(225.,37.176070723009,23.274563729804));
#831 = CARTESIAN_POINT('',(-130.,33.272414202181,25.378934432911));
#832 = CARTESIAN_POINT('',(225.,33.272414202181,25.378934432911));
#833 = CARTESIAN_POINT('',(-130.,28.889366153973,27.094834851844));
#834 = CARTESIAN_POINT('',(225.,28.889366153973,27.094834851844));
#835 = CARTESIAN_POINT('',(-130.,23.923651405286,28.425940114462));
#836 = CARTESIAN_POINT('',(225.,23.923651405286,28.425940114462));
#837 = CARTESIAN_POINT('',(-130.,18.133473548716,29.376718846708));
#838 = CARTESIAN_POINT('',(225.,18.133473548716,29.376718846708));
#839 = CARTESIAN_POINT('',(-130.,10.076783649969,30.000746807143));
#840 = CARTESIAN_POINT('',(225.,10.076783649969,30.000746807143));
#841 = CARTESIAN_POINT('',(-130.,2.795067578815E-10,29.999528605828));
#842 = CARTESIAN_POINT('',(225.,2.795067578815E-10,29.999528605828));
#843 = CARTESIAN_POINT('',(-130.,-10.07678364938,30.000746807142));
#844 = CARTESIAN_POINT('',(225.,-10.07678364938,30.000746807142));
#845 = CARTESIAN_POINT('',(-130.,-18.13347354874,29.376718846791));
#846 = CARTESIAN_POINT('',(225.,-18.13347354874,29.376718846791));
#847 = CARTESIAN_POINT('',(-130.,-23.92365140519,28.425940114219));
#848 = CARTESIAN_POINT('',(225.,-23.92365140519,28.425940114219));
#849 = CARTESIAN_POINT('',(-130.,-28.88936615426,27.094834852618));
#850 = CARTESIAN_POINT('',(225.,-28.88936615426,27.094834852618));
#851 = CARTESIAN_POINT('',(-130.,-33.27241420119,25.378934430331));
#852 = CARTESIAN_POINT('',(225.,-33.27241420119,25.378934430331));
#853 = CARTESIAN_POINT('',(-130.,-37.17607072641,23.274563738727));
#854 = CARTESIAN_POINT('',(225.,-37.17607072641,23.274563738727));
#855 = CARTESIAN_POINT('',(-130.,-40.6524692328,20.777477057697));
#856 = CARTESIAN_POINT('',(225.,-40.6524692328,20.777477057697));
#857 = CARTESIAN_POINT('',(-130.,-43.72989414419,17.881859002787));
#858 = CARTESIAN_POINT('',(225.,-43.72989414419,17.881859002787));
#859 = CARTESIAN_POINT('',(-130.,-46.42455189951,14.578289344073));
#860 = CARTESIAN_POINT('',(225.,-46.42455189951,14.578289344073));
#861 = CARTESIAN_POINT('',(-130.,-48.74647162408,10.849966823594));
#862 = CARTESIAN_POINT('',(225.,-48.74647162408,10.849966823594));
#863 = CARTESIAN_POINT('',(-130.,-50.70244672596,6.666172080348));
#864 = CARTESIAN_POINT('',(225.,-50.70244672596,6.666172080348));
#865 = CARTESIAN_POINT('',(-130.,-52.29739860826,1.969949266762));
#866 = CARTESIAN_POINT('',(225.,-52.29739860826,1.969949266762));
#867 = CARTESIAN_POINT('',(-130.,-53.53512588319,-3.35064251998));
#868 = CARTESIAN_POINT('',(225.,-53.53512588319,-3.35064251998));
#869 = CARTESIAN_POINT('',(-130.,-54.41969908643,-9.555969336304));
#870 = CARTESIAN_POINT('',(225.,-54.41969908643,-9.555969336304));
#871 = CARTESIAN_POINT('',(-130.,-55.00072090478,-18.19364256519));
#872 = CARTESIAN_POINT('',(225.,-55.00072090478,-18.19364256519));
#873 = CARTESIAN_POINT('',(-130.,-54.99954481867,-28.99999999951));
#874 = CARTESIAN_POINT('',(225.,-54.99954481867,-28.99999999951));
#875 = CARTESIAN_POINT('',(-130.,-55.00072090484,-39.80635743383));
#876 = CARTESIAN_POINT('',(225.,-55.00072090484,-39.80635743383));
#877 = CARTESIAN_POINT('',(-130.,-54.41969908643,-48.44403066369));
#878 = CARTESIAN_POINT('',(225.,-54.41969908643,-48.44403066369));
#879 = CARTESIAN_POINT('',(-130.,-53.53512588319,-54.64935748002));
#880 = CARTESIAN_POINT('',(225.,-53.53512588319,-54.64935748002));
#881 = CARTESIAN_POINT('',(-130.,-52.29739860826,-59.96994926676));
#882 = CARTESIAN_POINT('',(225.,-52.29739860826,-59.96994926676));
#883 = CARTESIAN_POINT('',(-130.,-50.70244672596,-64.66617208034));
#884 = CARTESIAN_POINT('',(225.,-50.70244672596,-64.66617208034));
#885 = CARTESIAN_POINT('',(-130.,-48.74647162408,-68.84996682359));
#886 = CARTESIAN_POINT('',(225.,-48.74647162408,-68.84996682359));
#887 = CARTESIAN_POINT('',(-130.,-46.42455189951,-72.57828934407));
#888 = CARTESIAN_POINT('',(225.,-46.42455189951,-72.57828934407));
#889 = CARTESIAN_POINT('',(-130.,-43.72989414419,-75.88185900278));
#890 = CARTESIAN_POINT('',(225.,-43.72989414419,-75.88185900278));
#891 = CARTESIAN_POINT('',(-130.,-40.6524692328,-78.77747705769));
#892 = CARTESIAN_POINT('',(225.,-40.6524692328,-78.77747705769));
#893 = CARTESIAN_POINT('',(-130.,-37.17607072641,-81.27456373872));
#894 = CARTESIAN_POINT('',(225.,-37.17607072641,-81.27456373872));
#895 = CARTESIAN_POINT('',(-130.,-33.27241420119,-83.37893443033));
#896 = CARTESIAN_POINT('',(225.,-33.27241420119,-83.37893443033));
#897 = CARTESIAN_POINT('',(-130.,-28.88936615426,-85.09483485261));
#898 = CARTESIAN_POINT('',(225.,-28.88936615426,-85.09483485261));
#899 = CARTESIAN_POINT('',(-130.,-23.92365140519,-86.42594011421));
#900 = CARTESIAN_POINT('',(225.,-23.92365140519,-86.42594011421));
#901 = CARTESIAN_POINT('',(-130.,-18.13347354874,-87.37671884679));
#902 = CARTESIAN_POINT('',(225.,-18.13347354874,-87.37671884679));
#903 = CARTESIAN_POINT('',(-130.,-10.07678365026,-88.00074680708));
#904 = CARTESIAN_POINT('',(225.,-10.07678365026,-88.00074680708));
#905 = CARTESIAN_POINT('',(-130.,-5.872821341796E-10,-87.99952860582));
#906 = CARTESIAN_POINT('',(225.,-5.872821341796E-10,-87.99952860582));
#907 = CARTESIAN_POINT('',(-130.,10.07678364906,-88.0007468072));
#908 = CARTESIAN_POINT('',(225.,10.07678364906,-88.0007468072));
#909 = CARTESIAN_POINT('',(-130.,18.133473548779,-87.3767188467));
#910 = CARTESIAN_POINT('',(225.,18.133473548779,-87.3767188467));
#911 = CARTESIAN_POINT('',(-130.,23.9236514051,-86.42594011446));
#912 = CARTESIAN_POINT('',(225.,23.9236514051,-86.42594011446));
#913 = CARTESIAN_POINT('',(-130.,28.889366154564,-85.09483485184));
#914 = CARTESIAN_POINT('',(225.,28.889366154564,-85.09483485184));
#915 = CARTESIAN_POINT('',(-130.,33.27241420021,-83.37893443291));
#916 = CARTESIAN_POINT('',(225.,33.27241420021,-83.37893443291));
#917 = CARTESIAN_POINT('',(-130.,37.176070729825,-81.2745637298));
#918 = CARTESIAN_POINT('',(225.,37.176070729825,-81.2745637298));
#919 = CARTESIAN_POINT('',(-130.,40.652469220602,-78.77747708962));
#920 = CARTESIAN_POINT('',(225.,40.652469220602,-78.77747708962));
#921 = CARTESIAN_POINT('',(-130.,43.72989418932,-75.88185888466));
#922 = CARTESIAN_POINT('',(225.,43.72989418932,-75.88185888466));
#923 = CARTESIAN_POINT('',(-130.,46.424551727115,-72.57828979539));
#924 = CARTESIAN_POINT('',(225.,46.424551727115,-72.57828979539));
#925 = CARTESIAN_POINT('',(-130.,48.746472303563,-68.8499650448));
#926 = CARTESIAN_POINT('',(225.,48.746472303563,-68.8499650448));
#927 = CARTESIAN_POINT('',(-130.,50.702443965744,-64.66617930624));
#928 = CARTESIAN_POINT('',(225.,50.702443965744,-64.66617930624));
#929 = CARTESIAN_POINT('',(-130.,52.297410179464,-59.96991897489));
#930 = CARTESIAN_POINT('',(225.,52.297410179464,-59.96991897489));
#931 = CARTESIAN_POINT('',(-130.,53.535075470723,-54.64948945315));
#932 = CARTESIAN_POINT('',(225.,53.535075470723,-54.64948945315));
#933 = CARTESIAN_POINT('',(-130.,54.4199329797,-48.44341836223));
#934 = CARTESIAN_POINT('',(225.,54.4199329797,-48.44341836223));
#935 = CARTESIAN_POINT('',(-130.,54.999325588236,-39.81001018757));
#936 = CARTESIAN_POINT('',(225.,54.999325588236,-39.81001018757));
#937 = CARTESIAN_POINT('',(-130.,55.00521490047,-33.16873909291));
#938 = CARTESIAN_POINT('',(225.,55.00521490047,-33.16873909291));
#939 = CARTESIAN_POINT('',(-130.,54.99478509953,-24.83126090708));
#940 = CARTESIAN_POINT('',(225.,54.99478509953,-24.83126090708));
#941 = DEFINITIONAL_REPRESENTATION('',(#942),#1057);
#942 = B_SPLINE_CURVE_WITH_KNOTS('',8,(#943,#944,#945,#946,#947,#948,
    #949,#950,#951,#952,#953,#954,#955,#956,#957,#958,#959,#960,#961,
    #962,#963,#964,#965,#966,#967,#968,#969,#970,#971,#972,#973,#974,
    #975,#976,#977,#978,#979,#980,#981,#982,#983,#984,#985,#986,#987,
    #988,#989,#990,#991,#992,#993,#994,#995,#996,#997,#998,#999,#1000,
    #1001,#1002,#1003,#1004,#1005,#1006,#1007,#1008,#1009,#1010,#1011,
    #1012,#1013,#1014,#1015,#1016,#1017,#1018,#1019,#1020,#1021,#1022,
    #1023,#1024,#1025,#1026,#1027,#1028,#1029,#1030,#1031,#1032,#1033,
    #1034,#1035,#1036,#1037,#1038,#1039,#1040,#1041,#1042,#1043,#1044,
    #1045,#1046,#1047,#1048,#1049,#1050,#1051,#1052,#1053,#1054,#1055,
    #1056),.UNSPECIFIED.,.F.,.F.,(9,7,7,7,7,7,7,7,7,7,7,7,7,7,7,7,9),(0.
    ,3.75296529311E-02,0.106909047603,0.158940971432,0.199408227481,
    0.257216065822,0.320802801197,0.361264192614,0.482657051666,
    0.523125971762,0.656077843755,0.696541512647,0.760131757113,
    0.829501974681,0.869968621397,0.933562287545,1.),.UNSPECIFIED.);
#943 = CARTESIAN_POINT('',(129.34653789759,0.564225352113));
#944 = CARTESIAN_POINT('',(129.03462550687,0.564225352113));
#945 = CARTESIAN_POINT('',(128.72271042845,0.564225352113));
#946 = CARTESIAN_POINT('',(128.41079529075,0.564225352113));
#947 = CARTESIAN_POINT('',(128.09888187584,0.564225352113));
#948 = CARTESIAN_POINT('',(127.78697111941,0.564225352113));
#949 = CARTESIAN_POINT('',(127.47506311074,0.564225352113));
#950 = CARTESIAN_POINT('',(127.16315709277,0.564225352113));
#951 = CARTESIAN_POINT('',(126.27464544081,0.564225352113));
#952 = CARTESIAN_POINT('',(125.69804755373,0.564225352113));
#953 = CARTESIAN_POINT('',(125.12150855786,0.564225352113));
#954 = CARTESIAN_POINT('',(124.54483433808,0.564225352113));
#955 = CARTESIAN_POINT('',(123.96826631606,0.564225352113));
#956 = CARTESIAN_POINT('',(123.39166854796,0.564225352113));
#957 = CARTESIAN_POINT('',(122.81508403951,0.564225352113));
#958 = CARTESIAN_POINT('',(121.80604645582,0.564225352113));
#959 = CARTESIAN_POINT('',(121.37361894587,0.564225352113));
#960 = CARTESIAN_POINT('',(120.94119054997,0.564225352113));
#961 = CARTESIAN_POINT('',(120.50875447601,0.564225352113));
#962 = CARTESIAN_POINT('',(120.0763052987,0.564225352113));
#963 = CARTESIAN_POINT('',(119.64384151675,0.564225352113));
#964 = CARTESIAN_POINT('',(119.21136810993,0.564225352113));
#965 = CARTESIAN_POINT('',(118.44255108103,0.564225352113));
#966 = CARTESIAN_POINT('',(118.10620306579,0.564225352113));
#967 = CARTESIAN_POINT('',(117.76985505055,0.564225352113));
#968 = CARTESIAN_POINT('',(117.43350703531,0.564225352113));
#969 = CARTESIAN_POINT('',(117.09715902007,0.564225352113));
#970 = CARTESIAN_POINT('',(116.76081100483,0.564225352113));
#971 = CARTESIAN_POINT('',(116.42446298959,0.564225352113));
#972 = CARTESIAN_POINT('',(115.60763881685,0.564225352113));
#973 = CARTESIAN_POINT('',(115.12716565887,0.564225352113));
#974 = CARTESIAN_POINT('',(114.6466861431,0.564225352113));
#975 = CARTESIAN_POINT('',(114.16618979877,0.564225352113));
#976 = CARTESIAN_POINT('',(113.68567692993,0.564225352113));
#977 = CARTESIAN_POINT('',(113.20515922384,0.564225352113));
#978 = CARTESIAN_POINT('',(112.72464907967,0.564225352113));
#979 = CARTESIAN_POINT('',(111.71559077623,0.564225352113));
#980 = CARTESIAN_POINT('',(111.18704389514,0.564225352113));
#981 = CARTESIAN_POINT('',(110.65849701405,0.564225352113));
#982 = CARTESIAN_POINT('',(110.12995013295,0.564225352113));
#983 = CARTESIAN_POINT('',(109.60140325186,0.564225352113));
#984 = CARTESIAN_POINT('',(109.07285637077,0.564225352113));
#985 = CARTESIAN_POINT('',(108.54430948968,0.564225352113));
#986 = CARTESIAN_POINT('',(107.67943865498,0.564225352113));
#987 = CARTESIAN_POINT('',(107.34310404169,0.564225352113));
#988 = CARTESIAN_POINT('',(107.00676077967,0.564225352113));
#989 = CARTESIAN_POINT('',(106.67041078506,0.564225352113));
#990 = CARTESIAN_POINT('',(106.33405587925,0.564225352113));
#991 = CARTESIAN_POINT('',(105.99769778883,0.564225352113));
#992 = CARTESIAN_POINT('',(105.66133814562,0.564225352113));
#993 = CARTESIAN_POINT('',(104.31582731218,0.564225352113));
#994 = CARTESIAN_POINT('',(103.30668026506,0.564225352113));
#995 = CARTESIAN_POINT('',(102.29756315003,0.564225352113));
#996 = CARTESIAN_POINT('',(101.28849171996,0.564225352113));
#997 = CARTESIAN_POINT('',(100.27947167634,0.564225352113));
#998 = CARTESIAN_POINT('',(99.270498669905,0.564225352113));
#999 = CARTESIAN_POINT('',(98.261558301144,0.564225352113));
#1000 = CARTESIAN_POINT('',(96.916276881712,0.564225352113));
#1001 = CARTESIAN_POINT('',(96.579929211714,0.564225352113));
#1002 = CARTESIAN_POINT('',(96.243582504427,0.564225352113));
#1003 = CARTESIAN_POINT('',(95.907236150759,0.564225352113));
#1004 = CARTESIAN_POINT('',(95.570889539005,0.564225352113));
#1005 = CARTESIAN_POINT('',(95.234542054846,0.564225352113));
#1006 = CARTESIAN_POINT('',(94.898193081352,0.564225352113));
#1007 = CARTESIAN_POINT('',(93.456833366627,0.564225352113));
#1008 = CARTESIAN_POINT('',(92.351811764499,0.564225352113));
#1009 = CARTESIAN_POINT('',(91.246743643137,0.564225352113));
#1010 = CARTESIAN_POINT('',(90.141612069321,0.564225352113));
#1011 = CARTESIAN_POINT('',(89.03641672636,0.564225352113));
#1012 = CARTESIAN_POINT('',(87.931173914386,0.564225352113));
#1013 = CARTESIAN_POINT('',(86.825916550648,0.564225352113));
#1014 = CARTESIAN_POINT('',(85.384321678013,0.564225352113));
#1015 = CARTESIAN_POINT('',(85.047952404858,0.564225352113));
#1016 = CARTESIAN_POINT('',(84.711590237207,0.564225352113));
#1017 = CARTESIAN_POINT('',(84.3752374623,0.564225352113));
#1018 = CARTESIAN_POINT('',(84.038894767748,0.564225352113));
#1019 = CARTESIAN_POINT('',(83.702561241532,0.564225352113));
#1020 = CARTESIAN_POINT('',(83.366234372003,0.564225352113));
#1021 = CARTESIAN_POINT('',(82.501363166791,0.564225352113));
#1022 = CARTESIAN_POINT('',(81.972816285699,0.564225352113));
#1023 = CARTESIAN_POINT('',(81.444269404607,0.564225352113));
#1024 = CARTESIAN_POINT('',(80.915722523516,0.564225352113));
#1025 = CARTESIAN_POINT('',(80.387175642424,0.564225352113));
#1026 = CARTESIAN_POINT('',(79.858628761332,0.564225352113));
#1027 = CARTESIAN_POINT('',(79.33008188024,0.564225352113));
#1028 = CARTESIAN_POINT('',(78.224946366027,0.564225352113));
#1029 = CARTESIAN_POINT('',(77.648343241312,0.564225352113));
#1030 = CARTESIAN_POINT('',(77.071717331544,0.564225352113));
#1031 = CARTESIAN_POINT('',(76.495175056136,0.564225352113));
#1032 = CARTESIAN_POINT('',(75.918545900716,0.564225352113));
#1033 = CARTESIAN_POINT('',(75.341958752038,0.564225352113));
#1034 = CARTESIAN_POINT('',(74.765354249676,0.564225352113));
#1035 = CARTESIAN_POINT('',(73.85241116152,0.564225352113));
#1036 = CARTESIAN_POINT('',(73.516057116849,0.564225352113));
#1037 = CARTESIAN_POINT('',(73.179701941936,0.564225352113));
#1038 = CARTESIAN_POINT('',(72.843347550869,0.564225352113));
#1039 = CARTESIAN_POINT('',(72.506995914595,0.564225352113));
#1040 = CARTESIAN_POINT('',(72.170649060912,0.564225352113));
#1041 = CARTESIAN_POINT('',(71.834309074474,0.564225352113));
#1042 = CARTESIAN_POINT('',(70.969431215696,0.564225352113));
#1043 = CARTESIAN_POINT('',(70.440884334604,0.564225352113));
#1044 = CARTESIAN_POINT('',(69.912337453512,0.564225352113));
#1045 = CARTESIAN_POINT('',(69.38379057242,0.564225352113));
#1046 = CARTESIAN_POINT('',(68.855243691328,0.564225352113));
#1047 = CARTESIAN_POINT('',(68.326696810236,0.564225352113));
#1048 = CARTESIAN_POINT('',(67.798149929144,0.564225352113));
#1049 = CARTESIAN_POINT('',(66.717418407157,0.564225352113));
#1050 = CARTESIAN_POINT('',(66.165246894469,0.564225352113));
#1051 = CARTESIAN_POINT('',(65.613130003861,0.564225352113));
#1052 = CARTESIAN_POINT('',(65.060963604488,0.564225352113));
#1053 = CARTESIAN_POINT('',(64.508827627931,0.564225352113));
#1054 = CARTESIAN_POINT('',(63.956657731109,0.564225352113));
#1055 = CARTESIAN_POINT('',(63.404489940195,0.564225352113));
#1056 = CARTESIAN_POINT('',(62.852327954211,0.564225352113));
#1057 = ( GEOMETRIC_REPRESENTATION_CONTEXT(2) 
PARAMETRIC_REPRESENTATION_CONTEXT() REPRESENTATION_CONTEXT('2D SPACE',''
  ) );
#1058 = ORIENTED_EDGE('',*,*,#1059,.F.);
#1059 = EDGE_CURVE('',#24,#569,#1060,.T.);
#1060 = SURFACE_CURVE('',#1061,(#1065,#1072),.PCURVE_S1.);
#1061 = LINE('',#1062,#1063);
#1062 = CARTESIAN_POINT('',(70.3,32.7,20.));
#1063 = VECTOR('',#1064,1.);
#1064 = DIRECTION('',(0.,0.,1.));
#1065 = PCURVE('',#150,#1066);
#1066 = DEFINITIONAL_REPRESENTATION('',(#1067),#1071);
#1067 = LINE('',#1068,#1069);
#1068 = CARTESIAN_POINT('',(65.4,0.));
#1069 = VECTOR('',#1070,1.);
#1070 = DIRECTION('',(0.,-1.));
#1071 = ( GEOMETRIC_REPRESENTATION_CONTEXT(2) 
PARAMETRIC_REPRESENTATION_CONTEXT() REPRESENTATION_CONTEXT('2D SPACE',''
  ) );
#1072 = PCURVE('',#1073,#1078);
#1073 = PLANE('',#1074);
#1074 = AXIS2_PLACEMENT_3D('',#1075,#1076,#1077);
#1075 = CARTESIAN_POINT('',(70.3,32.7,20.));
#1076 = DIRECTION('',(0.,1.,0.));
#1077 = DIRECTION('',(1.,0.,0.));
#1078 = DEFINITIONAL_REPRESENTATION('',(#1079),#1083);
#1079 = LINE('',#1080,#1081);
#1080 = CARTESIAN_POINT('',(0.,0.));
#1081 = VECTOR('',#1082,1.);
#1082 = DIRECTION('',(0.,-1.));
#1083 = ( GEOMETRIC_REPRESENTATION_CONTEXT(2) 
PARAMETRIC_REPRESENTATION_CONTEXT() REPRESENTATION_CONTEXT('2D SPACE',''
  ) );
#1084 = ADVANCED_FACE('',(#1085,#1506,#1839,#2172),#280,.F.);
#1085 = FACE_BOUND('',#1086,.F.);
#1086 = EDGE_LOOP('',(#1087,#1088,#1117,#1310,#1479));
#1087 = ORIENTED_EDGE('',*,*,#21,.F.);
#1088 = ORIENTED_EDGE('',*,*,#1089,.T.);
#1089 = EDGE_CURVE('',#22,#1090,#1092,.T.);
#1090 = VERTEX_POINT('',#1091);
#1091 = CARTESIAN_POINT('',(181.87573593128,-32.7,23.619387354197));
#1092 = SURFACE_CURVE('',#1093,(#1099,#1108),.PCURVE_S1.);
#1093 = B_SPLINE_CURVE_WITH_KNOTS('',4,(#1094,#1095,#1096,#1097,#1098),
  .UNSPECIFIED.,.F.,.F.,(5,5),(0.,1.),.PIECEWISE_BEZIER_KNOTS.);
#1094 = CARTESIAN_POINT('',(70.3,-32.7,23.619387354197));
#1095 = CARTESIAN_POINT('',(98.193933982822,-32.7,23.619387354197));
#1096 = CARTESIAN_POINT('',(126.08786796564,-32.7,23.619387354197));
#1097 = CARTESIAN_POINT('',(153.98180194846,-32.7,23.619387354197));
#1098 = CARTESIAN_POINT('',(181.87573593128,-32.7,23.619387354197));
#1099 = PCURVE('',#280,#1100);
#1100 = DEFINITIONAL_REPRESENTATION('',(#1101),#1107);
#1101 = B_SPLINE_CURVE_WITH_KNOTS('',4,(#1102,#1103,#1104,#1105,#1106),
  .UNSPECIFIED.,.F.,.F.,(5,5),(0.,1.),.PIECEWISE_BEZIER_KNOTS.);
#1102 = CARTESIAN_POINT('',(126.73225859583,0.564225352113));
#1103 = CARTESIAN_POINT('',(126.73225859583,0.642799814036));
#1104 = CARTESIAN_POINT('',(126.73225859583,0.72137427596));
#1105 = CARTESIAN_POINT('',(126.73225859583,0.799948737883));
#1106 = CARTESIAN_POINT('',(126.73225859583,0.878523199806));
#1107 = ( GEOMETRIC_REPRESENTATION_CONTEXT(2) 
PARAMETRIC_REPRESENTATION_CONTEXT() REPRESENTATION_CONTEXT('2D SPACE',''
  ) );
#1108 = PCURVE('',#556,#1109);
#1109 = DEFINITIONAL_REPRESENTATION('',(#1110),#1116);
#1110 = B_SPLINE_CURVE_WITH_KNOTS('',4,(#1111,#1112,#1113,#1114,#1115),
  .UNSPECIFIED.,.F.,.F.,(5,5),(0.,1.),.PIECEWISE_BEZIER_KNOTS.);
#1111 = CARTESIAN_POINT('',(111.57573593128,-3.619387354197));
#1112 = CARTESIAN_POINT('',(83.681801948466,-3.619387354197));
#1113 = CARTESIAN_POINT('',(55.787867965644,-3.619387354197));
#1114 = CARTESIAN_POINT('',(27.893933982822,-3.619387354197));
#1115 = CARTESIAN_POINT('',(0.,-3.619387354197));
#1116 = ( GEOMETRIC_REPRESENTATION_CONTEXT(2) 
PARAMETRIC_REPRESENTATION_CONTEXT() REPRESENTATION_CONTEXT('2D SPACE',''
  ) );
#1117 = ORIENTED_EDGE('',*,*,#1118,.T.);
#1118 = EDGE_CURVE('',#1090,#1119,#1121,.T.);
#1119 = VERTEX_POINT('',#1120);
#1120 = CARTESIAN_POINT('',(214.57573593128,0.,28.4));
#1121 = SURFACE_CURVE('',#1122,(#1181,#1243),.PCURVE_S1.);
#1122 = B_SPLINE_CURVE_WITH_KNOTS('',8,(#1123,#1124,#1125,#1126,#1127,
    #1128,#1129,#1130,#1131,#1132,#1133,#1134,#1135,#1136,#1137,#1138,
    #1139,#1140,#1141,#1142,#1143,#1144,#1145,#1146,#1147,#1148,#1149,
    #1150,#1151,#1152,#1153,#1154,#1155,#1156,#1157,#1158,#1159,#1160,
    #1161,#1162,#1163,#1164,#1165,#1166,#1167,#1168,#1169,#1170,#1171,
    #1172,#1173,#1174,#1175,#1176,#1177,#1178,#1179,#1180),
  .UNSPECIFIED.,.F.,.F.,(9,7,7,7,7,7,7,7,9),(0.,6.379676325009E-02,
    0.196399047227,0.294873809669,0.446339196209,0.521630677552,
    0.596831552285,0.693461482499,1.),.UNSPECIFIED.);
#1123 = CARTESIAN_POINT('',(181.87573593128,-32.7,23.619387354197));
#1124 = CARTESIAN_POINT('',(182.12194864334,-32.45378728794,
    23.737495763573));
#1125 = CARTESIAN_POINT('',(182.36889157322,-32.20684435806,
    23.853308337224));
#1126 = CARTESIAN_POINT('',(182.61653780326,-31.95919812802,
    23.966851686144));
#1127 = CARTESIAN_POINT('',(182.8648612291,-31.71087470218,
    24.078153224431));
#1128 = CARTESIAN_POINT('',(183.11383655975,-31.46189937153,
    24.187241169287));
#1129 = CARTESIAN_POINT('',(183.36343931757,-31.21229661371,
    24.294144541017));
#1130 = CARTESIAN_POINT('',(183.61364583824,-30.96209009304,
    24.398893163031));
#1131 = CARTESIAN_POINT('',(184.38569774654,-30.19003818474,
    24.714823827244));
#1132 = CARTESIAN_POINT('',(184.90947311366,-29.66626281762,
    24.918950332519));
#1133 = CARTESIAN_POINT('',(185.43553944445,-29.14019648682,
    25.114129433033));
#1134 = CARTESIAN_POINT('',(185.96374048276,-28.61199544852,
    25.300668578183));
#1135 = CARTESIAN_POINT('',(186.49384388133,-28.08189204995,
    25.478735571937));
#1136 = CARTESIAN_POINT('',(187.02568534175,-27.55005058953,
    25.648551442014));
#1137 = CARTESIAN_POINT('',(187.55915570504,-27.01658022624,
    25.810454517665));
#1138 = CARTESIAN_POINT('',(188.49137413737,-26.08436179391,
    26.079193644996));
#1139 = CARTESIAN_POINT('',(188.88945984222,-25.68627608906,
    26.18948071146));
#1140 = CARTESIAN_POINT('',(189.28830598088,-25.2874299504,
    26.295635471693));
#1141 = CARTESIAN_POINT('',(189.68785905034,-24.88787688094,
    26.397761459757));
#1142 = CARTESIAN_POINT('',(190.08806746916,-24.48766846212,
    26.495960512264));
#1143 = CARTESIAN_POINT('',(190.48888177615,-24.08685415513,
    26.590332830868));
#1144 = CARTESIAN_POINT('',(190.89025482912,-23.68548110216,
    26.680977044754));
#1145 = CARTESIAN_POINT('',(191.9102901941,-22.66544573718,
    26.901826516485));
#1146 = CARTESIAN_POINT('',(192.5296572926,-22.04607863867,
    27.027072861331));
#1147 = CARTESIAN_POINT('',(193.15011452747,-21.42562140381,
    27.144088100919));
#1148 = CARTESIAN_POINT('',(193.77154020959,-20.80419572169,
    27.253226683151));
#1149 = CARTESIAN_POINT('',(194.39381973239,-20.18191619889,
    27.354838710581));
#1150 = CARTESIAN_POINT('',(195.01684557173,-19.55889035955,
    27.449269940416));
#1151 = CARTESIAN_POINT('',(195.64051728599,-18.93521864529,
    27.536861784513));
#1152 = CARTESIAN_POINT('',(196.57503529367,-18.00070063761,
    27.658259861646));
#1153 = CARTESIAN_POINT('',(196.88546392391,-17.69027200736,
    27.696962658353));
#1154 = CARTESIAN_POINT('',(197.19601829596,-17.37971763532,
    27.734099332831));
#1155 = CARTESIAN_POINT('',(197.50668986219,-17.06904606909,
    27.769709244401));
#1156 = CARTESIAN_POINT('',(197.81747063823,-16.75826529305,
    27.803831478383));
#1157 = CARTESIAN_POINT('',(198.12835320292,-16.44738272836,
    27.836504846094));
#1158 = CARTESIAN_POINT('',(198.43933069831,-16.13640523296,
    27.867767884847));
#1159 = CARTESIAN_POINT('',(199.06108862059,-15.51464731069,
    27.927513859931));
#1160 = CARTESIAN_POINT('',(199.37177623799,-15.20395969329,
    27.955991500031));
#1161 = CARTESIAN_POINT('',(199.68245969539,-14.89327623588,
    27.983132277993));
#1162 = CARTESIAN_POINT('',(199.99313900535,-14.58259692593,
    28.008976362153));
#1163 = CARTESIAN_POINT('',(200.30381417941,-14.27192175187,
    28.033563589445));
#1164 = CARTESIAN_POINT('',(200.61448522815,-13.96125070312,
    28.056933465398));
#1165 = CARTESIAN_POINT('',(200.9251521612,-13.65058377008,
    28.07912516414));
#1166 = CARTESIAN_POINT('',(201.63500352451,-12.94073240677,
    28.127228922361));
#1167 = CARTESIAN_POINT('',(202.034275193,-12.54146073828,
    28.152405290557));
#1168 = CARTESIAN_POINT('',(202.43361876929,-12.14211716199,
    28.175786396761));
#1169 = CARTESIAN_POINT('',(202.83302169934,-11.74271423194,
    28.197453134819));
#1170 = CARTESIAN_POINT('',(203.23247201105,-11.34326392023,
    28.217486000042));
#1171 = CARTESIAN_POINT('',(203.63196022688,-10.9437757044,
    28.235963560604));
#1172 = CARTESIAN_POINT('',(204.03148127645,-10.54425465483,
    28.252960928927));
#1173 = CARTESIAN_POINT('',(205.69854263389,-8.877193297396,
    28.317995739649));
#1174 = CARTESIAN_POINT('',(206.96636038788,-7.609375543404,
    28.353267246723));
#1175 = CARTESIAN_POINT('',(208.23439381866,-6.341342112628,
    28.376735399089));
#1176 = CARTESIAN_POINT('',(209.50256553716,-5.07317039412,
    28.390773369884));
#1177 = CARTESIAN_POINT('',(210.77081667516,-3.804919256123,
    28.397752074685));
#1178 = CARTESIAN_POINT('',(212.03910690654,-2.536629024747,
    28.400039193404));
#1179 = CARTESIAN_POINT('',(213.3074144326,-1.268321498688,28.4));
#1180 = CARTESIAN_POINT('',(214.57573593128,0.,28.4));
#1181 = PCURVE('',#280,#1182);
#1182 = DEFINITIONAL_REPRESENTATION('',(#1183),#1242);
#1183 = B_SPLINE_CURVE_WITH_KNOTS('',8,(#1184,#1185,#1186,#1187,#1188,
    #1189,#1190,#1191,#1192,#1193,#1194,#1195,#1196,#1197,#1198,#1199,
    #1200,#1201,#1202,#1203,#1204,#1205,#1206,#1207,#1208,#1209,#1210,
    #1211,#1212,#1213,#1214,#1215,#1216,#1217,#1218,#1219,#1220,#1221,
    #1222,#1223,#1224,#1225,#1226,#1227,#1228,#1229,#1230,#1231,#1232,
    #1233,#1234,#1235,#1236,#1237,#1238,#1239,#1240,#1241),
  .UNSPECIFIED.,.F.,.F.,(9,7,7,7,7,7,7,7,9),(0.,6.379676325009E-02,
    0.196399047227,0.294873809669,0.446339196209,0.521630677552,
    0.596831552285,0.693461482499,1.),.UNSPECIFIED.);
#1184 = CARTESIAN_POINT('',(126.73225859583,0.878523199806));
#1185 = CARTESIAN_POINT('',(126.45935677901,0.879216756742));
#1186 = CARTESIAN_POINT('',(126.1867786764,0.879912370629));
#1187 = CARTESIAN_POINT('',(125.91451488345,0.880609965643));
#1188 = CARTESIAN_POINT('',(125.64255623904,0.881309468251));
#1189 = CARTESIAN_POINT('',(125.37089382557,0.882010807211));
#1190 = CARTESIAN_POINT('',(125.0995189689,0.882713913571));
#1191 = CARTESIAN_POINT('',(124.82842323839,0.883418720671));
#1192 = CARTESIAN_POINT('',(123.99468609702,0.885593514779));
#1193 = CARTESIAN_POINT('',(123.43294671496,0.887068938348));
#1194 = CARTESIAN_POINT('',(122.87226468806,0.888550815337));
#1195 = CARTESIAN_POINT('',(122.31263555332,0.890038705585));
#1196 = CARTESIAN_POINT('',(121.75386608461,0.891531954595));
#1197 = CARTESIAN_POINT('',(121.19585902234,0.893030099554));
#1198 = CARTESIAN_POINT('',(120.63866120998,0.894532832972));
#1199 = CARTESIAN_POINT('',(119.66890226109,0.897158800387));
#1200 = CARTESIAN_POINT('',(119.25602863089,0.89828016857));
#1201 = CARTESIAN_POINT('',(118.84352653703,0.899403678819));
#1202 = CARTESIAN_POINT('',(118.43137109475,0.900529180424));
#1203 = CARTESIAN_POINT('',(118.01953591893,0.901656528082));
#1204 = CARTESIAN_POINT('',(117.60799353092,0.902785582468));
#1205 = CARTESIAN_POINT('',(117.19671576535,0.903916210786));
#1206 = CARTESIAN_POINT('',(116.15344545655,0.906789549843));
#1207 = CARTESIAN_POINT('',(115.52178496232,0.908534245895));
#1208 = CARTESIAN_POINT('',(114.89065471154,0.910282012753));
#1209 = CARTESIAN_POINT('',(114.26001106333,0.912032507633));
#1210 = CARTESIAN_POINT('',(113.62980471878,0.913785407697));
#1211 = CARTESIAN_POINT('',(112.99998072091,0.915540410061));
#1212 = CARTESIAN_POINT('',(112.37047845469,0.917297231792));
#1213 = CARTESIAN_POINT('',(111.42844121114,0.919929676884));
#1214 = CARTESIAN_POINT('',(111.11571144763,0.920804123729));
#1215 = CARTESIAN_POINT('',(110.80303908355,0.921678924777));
#1216 = CARTESIAN_POINT('',(110.49042111956,0.92255405595));
#1217 = CARTESIAN_POINT('',(110.17785482995,0.923429494756));
#1218 = CARTESIAN_POINT('',(109.86533776264,0.92430522029));
#1219 = CARTESIAN_POINT('',(109.55286773921,0.925181213235));
#1220 = CARTESIAN_POINT('',(108.92839394606,0.926932644002));
#1221 = CARTESIAN_POINT('',(108.61648201548,0.927807820389));
#1222 = CARTESIAN_POINT('',(108.30469721019,0.928682985057));
#1223 = CARTESIAN_POINT('',(107.99302972429,0.929558138043));
#1224 = CARTESIAN_POINT('',(107.68146979887,0.930433279379));
#1225 = CARTESIAN_POINT('',(107.370007722,0.931308409093));
#1226 = CARTESIAN_POINT('',(107.05863382879,0.932183527215));
#1227 = CARTESIAN_POINT('',(106.34733722633,0.93418310852));
#1228 = CARTESIAN_POINT('',(105.94737541854,0.935307817445));
#1229 = CARTESIAN_POINT('',(105.54744596406,0.936432728928));
#1230 = CARTESIAN_POINT('',(105.14753787255,0.937557807604));
#1231 = CARTESIAN_POINT('',(104.74763999211,0.938683019749));
#1232 = CARTESIAN_POINT('',(104.34774472417,0.939808338667));
#1233 = CARTESIAN_POINT('',(103.94785173841,0.940933750075));
#1234 = CARTESIAN_POINT('',(102.2794347274,0.94562969756));
#1235 = CARTESIAN_POINT('',(101.01100993566,0.949201015177));
#1236 = CARTESIAN_POINT('',(99.742722449757,0.952772940334));
#1237 = CARTESIAN_POINT('',(98.474578893411,0.956345255034));
#1238 = CARTESIAN_POINT('',(97.206567455339,0.959917793451));
#1239 = CARTESIAN_POINT('',(95.938657911539,0.96349044199));
#1240 = CARTESIAN_POINT('',(94.670801591251,0.967063139247));
#1241 = CARTESIAN_POINT('',(93.402931286592,0.970635875863));
#1242 = ( GEOMETRIC_REPRESENTATION_CONTEXT(2) 
PARAMETRIC_REPRESENTATION_CONTEXT() REPRESENTATION_CONTEXT('2D SPACE',''
  ) );
#1243 = PCURVE('',#1244,#1249);
#1244 = PLANE('',#1245);
#1245 = AXIS2_PLACEMENT_3D('',#1246,#1247,#1248);
#1246 = CARTESIAN_POINT('',(214.57573593128,0.,20.));
#1247 = DIRECTION('',(0.707106781187,-0.707106781187,0.));
#1248 = DIRECTION('',(-0.707106781187,-0.707106781187,0.));
#1249 = DEFINITIONAL_REPRESENTATION('',(#1250),#1309);
#1250 = B_SPLINE_CURVE_WITH_KNOTS('',8,(#1251,#1252,#1253,#1254,#1255,
    #1256,#1257,#1258,#1259,#1260,#1261,#1262,#1263,#1264,#1265,#1266,
    #1267,#1268,#1269,#1270,#1271,#1272,#1273,#1274,#1275,#1276,#1277,
    #1278,#1279,#1280,#1281,#1282,#1283,#1284,#1285,#1286,#1287,#1288,
    #1289,#1290,#1291,#1292,#1293,#1294,#1295,#1296,#1297,#1298,#1299,
    #1300,#1301,#1302,#1303,#1304,#1305,#1306,#1307,#1308),
  .UNSPECIFIED.,.F.,.F.,(9,7,7,7,7,7,7,7,9),(0.,6.379676325009E-02,
    0.196399047227,0.294873809669,0.446339196209,0.521630677552,
    0.596831552285,0.693461482499,1.),.UNSPECIFIED.);
#1251 = CARTESIAN_POINT('',(46.2447834896,-3.619387354197));
#1252 = CARTESIAN_POINT('',(45.896586132985,-3.737495763573));
#1253 = CARTESIAN_POINT('',(45.547356092409,-3.853308337224));
#1254 = CARTESIAN_POINT('',(45.197131435224,-3.966851686144));
#1255 = CARTESIAN_POINT('',(44.845949078544,-4.078153224431));
#1256 = CARTESIAN_POINT('',(44.493844789236,-4.187241169287));
#1257 = CARTESIAN_POINT('',(44.140853183928,-4.294144541017));
#1258 = CARTESIAN_POINT('',(43.787007729006,-4.398893163031));
#1259 = CARTESIAN_POINT('',(42.695161449432,-4.714823827244));
#1260 = CARTESIAN_POINT('',(41.954431221611,-4.918950332519));
#1261 = CARTESIAN_POINT('',(41.210461081891,-5.114129433033));
#1262 = CARTESIAN_POINT('',(40.46347200986,-5.300668578183));
#1263 = CARTESIAN_POINT('',(39.71379259414,-5.478735571937));
#1264 = CARTESIAN_POINT('',(38.961655187784,-5.648551442014));
#1265 = CARTESIAN_POINT('',(38.207214164894,-5.810454517665));
#1266 = CARTESIAN_POINT('',(36.888858214796,-6.079193644996));
#1267 = CARTESIAN_POINT('',(36.325880012014,-6.18948071146));
#1268 = CARTESIAN_POINT('',(35.761826393421,-6.295635471693));
#1269 = CARTESIAN_POINT('',(35.1967730237,-6.397761459757));
#1270 = CARTESIAN_POINT('',(34.630792850033,-6.495960512264));
#1271 = CARTESIAN_POINT('',(34.063955821091,-6.590332830868));
#1272 = CARTESIAN_POINT('',(33.496328606013,-6.680977044754));
#1273 = CARTESIAN_POINT('',(32.053780758752,-6.901826516485));
#1274 = CARTESIAN_POINT('',(31.177863407964,-7.027072861331));
#1275 = CARTESIAN_POINT('',(30.300404371551,-7.144088100919));
#1276 = CARTESIAN_POINT('',(29.421575743878,-7.253226683151));
#1277 = CARTESIAN_POINT('',(28.541539603159,-7.354838710581));
#1278 = CARTESIAN_POINT('',(27.660448011456,-7.449269940416));
#1279 = CARTESIAN_POINT('',(26.778443014679,-7.536861784513));
#1280 = CARTESIAN_POINT('',(25.456834973937,-7.658259861646));
#1281 = CARTESIAN_POINT('',(25.01782259489,-7.696962658353));
#1282 = CARTESIAN_POINT('',(24.578632390094,-7.734099332831));
#1283 = CARTESIAN_POINT('',(24.139276447682,-7.769709244401));
#1284 = CARTESIAN_POINT('',(23.699766059277,-7.803831478383));
#1285 = CARTESIAN_POINT('',(23.260111719988,-7.836504846094));
#1286 = CARTESIAN_POINT('',(22.820323128413,-7.867767884847));
#1287 = CARTESIAN_POINT('',(21.941024642213,-7.927513859931));
#1288 = CARTESIAN_POINT('',(21.501646000029,-7.955991500031));
#1289 = CARTESIAN_POINT('',(21.062273240963,-7.983132277993));
#1290 = CARTESIAN_POINT('',(20.622906347281,-8.008976362153));
#1291 = CARTESIAN_POINT('',(20.183545302634,-8.033563589445));
#1292 = CARTESIAN_POINT('',(19.744190092056,-8.056933465398));
#1293 = CARTESIAN_POINT('',(19.304840701967,-8.07912516414));
#1294 = CARTESIAN_POINT('',(18.300959276695,-8.127228922361));
#1295 = CARTESIAN_POINT('',(17.736303868046,-8.152405290557));
#1296 = CARTESIAN_POINT('',(17.171546766419,-8.175786396761));
#1297 = CARTESIAN_POINT('',(16.606705725892,-8.197453134819));
#1298 = CARTESIAN_POINT('',(16.041797677571,-8.217486000042));
#1299 = CARTESIAN_POINT('',(15.476836024737,-8.235963560604));
#1300 = CARTESIAN_POINT('',(14.911827937988,-8.252960928927));
#1301 = CARTESIAN_POINT('',(12.554247156985,-8.317995739649));
#1302 = CARTESIAN_POINT('',(10.761282094672,-8.353267246723));
#1303 = CARTESIAN_POINT('',(8.968012019327,-8.376735399089));
#1304 = CARTESIAN_POINT('',(7.174546375595,-8.390773369884));
#1305 = CARTESIAN_POINT('',(5.380968415744,-8.397752074685));
#1306 = CARTESIAN_POINT('',(3.587335169506,-8.400039193404));
#1307 = CARTESIAN_POINT('',(1.793677464894,-8.4));
#1308 = CARTESIAN_POINT('',(0.,-8.4));
#1309 = ( GEOMETRIC_REPRESENTATION_CONTEXT(2) 
PARAMETRIC_REPRESENTATION_CONTEXT() REPRESENTATION_CONTEXT('2D SPACE',''
  ) );
#1310 = ORIENTED_EDGE('',*,*,#1311,.T.);
#1311 = EDGE_CURVE('',#1119,#1312,#1314,.T.);
#1312 = VERTEX_POINT('',#1313);
#1313 = CARTESIAN_POINT('',(181.87573593128,32.7,23.619387353679));
#1314 = SURFACE_CURVE('',#1315,(#1366,#1420),.PCURVE_S1.);
#1315 = B_SPLINE_CURVE_WITH_KNOTS('',7,(#1316,#1317,#1318,#1319,#1320,
    #1321,#1322,#1323,#1324,#1325,#1326,#1327,#1328,#1329,#1330,#1331,
    #1332,#1333,#1334,#1335,#1336,#1337,#1338,#1339,#1340,#1341,#1342,
    #1343,#1344,#1345,#1346,#1347,#1348,#1349,#1350,#1351,#1352,#1353,
    #1354,#1355,#1356,#1357,#1358,#1359,#1360,#1361,#1362,#1363,#1364,
    #1365),.UNSPECIFIED.,.F.,.F.,(8,6,6,6,6,6,6,6,8),(0.,0.287193906016,
    0.40588489827,0.492254332265,0.557095713766,0.665285099737,
    0.773473353586,0.882455529008,1.),.UNSPECIFIED.);
#1316 = CARTESIAN_POINT('',(214.57573593128,-7.105427357601E-15,28.4));
#1317 = CARTESIAN_POINT('',(213.22470220431,1.351033726976,28.4));
#1318 = CARTESIAN_POINT('',(211.87368158632,2.702054344963,
    28.400045064114));
#1319 = CARTESIAN_POINT('',(210.52268178928,4.053054142006,
    28.397071842839));
#1320 = CARTESIAN_POINT('',(209.17173656498,5.403999366304,
    28.388014423104));
#1321 = CARTESIAN_POINT('',(207.82090570258,6.754830228708,
    28.369803991374));
#1322 = CARTESIAN_POINT('',(206.47027502607,8.105460905212,
    28.339368496758));
#1323 = CARTESIAN_POINT('',(204.56189908212,10.013836849161,
    28.274730545005));
#1324 = CARTESIAN_POINT('',(204.00389518071,10.571840750578,
    28.253217610959));
#1325 = CARTESIAN_POINT('',(203.44596779913,11.129768132151,
    28.228864775415));
#1326 = CARTESIAN_POINT('',(202.88809626867,11.68763966261,
    28.201481377311));
#1327 = CARTESIAN_POINT('',(202.33031612422,12.245419807063,
    28.170833845124));
#1328 = CARTESIAN_POINT('',(201.77267459143,12.803061339857,
    28.1366749299));
#1329 = CARTESIAN_POINT('',(200.80953156291,13.766204368369,
    28.071201384692));
#1330 = CARTESIAN_POINT('',(200.4038723363,14.171863594984,
    28.041638957522));
#1331 = CARTESIAN_POINT('',(199.99822026759,14.57751566369,
    28.009998478747));
#1332 = CARTESIAN_POINT('',(199.59257537956,14.983160551723,
    27.976186384867));
#1333 = CARTESIAN_POINT('',(199.18693770068,15.388798230605,
    27.940107986382));
#1334 = CARTESIAN_POINT('',(198.78130726513,15.79442866615,
    27.901667467788));
#1335 = CARTESIAN_POINT('',(198.07116474356,16.504571187728,
    27.830062750812));
#1336 = CARTESIAN_POINT('',(197.76673834899,16.80899758229,
    27.797980243122));
#1337 = CARTESIAN_POINT('',(197.46241125572,17.113324675562,
    27.764481924345));
#1338 = CARTESIAN_POINT('',(197.15819060196,17.417545329326,
    27.729528926521));
#1339 = CARTESIAN_POINT('',(196.85408433756,17.721651593727,
    27.693081953896));
#1340 = CARTESIAN_POINT('',(196.55010122401,18.025634707276,
    27.655101282921));
#1341 = CARTESIAN_POINT('',(195.73926923852,18.836466692767,
    27.549549104521));
#1342 = CARTESIAN_POINT('',(195.23231056245,19.343425368838,
    27.479122100321));
#1343 = CARTESIAN_POINT('',(194.72537527627,19.850360655014,
    27.404054056475));
#1344 = CARTESIAN_POINT('',(194.21846357021,20.357272361075,
    27.324126645199));
#1345 = CARTESIAN_POINT('',(193.71157558061,20.864160350673,
    27.239113726121));
#1346 = CARTESIAN_POINT('',(193.2047116159,21.37102431538,
    27.148780168302));
#1347 = CARTESIAN_POINT('',(192.1910384529,22.384697478379,
    26.956982179709));
#1348 = CARTESIAN_POINT('',(191.68421376092,22.891522170362,
    26.855515164113));
#1349 = CARTESIAN_POINT('',(191.17742468908,23.398311242204,
    26.748237163209));
#1350 = CARTESIAN_POINT('',(190.67066001716,23.905075914123,
    26.634893803442));
#1351 = CARTESIAN_POINT('',(190.16393030108,24.411805630206,
    26.515219505207));
#1352 = CARTESIAN_POINT('',(189.6572624674,24.918473463882,
    26.38893072466));
#1353 = CARTESIAN_POINT('',(188.64027893858,25.935456992702,
    26.121515134046));
#1354 = CARTESIAN_POINT('',(188.13111258428,26.444623347007,
    25.980588761667));
#1355 = CARTESIAN_POINT('',(187.62324278047,26.952493150809,
    25.832696953723));
#1356 = CARTESIAN_POINT('',(187.11680189172,27.458934039559,
    25.677618305938));
#1357 = CARTESIAN_POINT('',(186.61191475496,27.963821176323,
    25.515101721341));
#1358 = CARTESIAN_POINT('',(186.10871036319,28.46702556809,
    25.344886289707));
#1359 = CARTESIAN_POINT('',(185.06664735954,29.509088571748,
    24.974690993033));
#1360 = CARTESIAN_POINT('',(184.52809196232,30.047643968959,
    24.773413798039));
#1361 = CARTESIAN_POINT('',(183.9919158377,30.583820093584,
    24.562702850552));
#1362 = CARTESIAN_POINT('',(183.45834111714,31.117394814147,
    24.342201698544));
#1363 = CARTESIAN_POINT('',(182.92761376441,31.648122166876,
    24.111741638543));
#1364 = CARTESIAN_POINT('',(182.3999858036,32.175750127681,
    23.870870383232));
#1365 = CARTESIAN_POINT('',(181.87573593128,32.7,23.619387353679));
#1366 = PCURVE('',#280,#1367);
#1367 = DEFINITIONAL_REPRESENTATION('',(#1368),#1419);
#1368 = B_SPLINE_CURVE_WITH_KNOTS('',7,(#1369,#1370,#1371,#1372,#1373,
    #1374,#1375,#1376,#1377,#1378,#1379,#1380,#1381,#1382,#1383,#1384,
    #1385,#1386,#1387,#1388,#1389,#1390,#1391,#1392,#1393,#1394,#1395,
    #1396,#1397,#1398,#1399,#1400,#1401,#1402,#1403,#1404,#1405,#1406,
    #1407,#1408,#1409,#1410,#1411,#1412,#1413,#1414,#1415,#1416,#1417,
    #1418),.UNSPECIFIED.,.F.,.F.,(8,6,6,6,6,6,6,6,8),(0.,0.287193906016,
    0.40588489827,0.492254332265,0.557095713766,0.665285099737,
    0.773473353586,0.882455529008,1.),.UNSPECIFIED.);
#1369 = CARTESIAN_POINT('',(93.402931269636,0.970635875863));
#1370 = CARTESIAN_POINT('',(92.052378160824,0.966830147054));
#1371 = CARTESIAN_POINT('',(90.701838164433,0.963024455173));
#1372 = CARTESIAN_POINT('',(89.351227672833,0.959218821942));
#1373 = CARTESIAN_POINT('',(88.000489068853,0.955413342437));
#1374 = CARTESIAN_POINT('',(86.649590691132,0.951608185078));
#1375 = CARTESIAN_POINT('',(85.298526799465,0.947803591623));
#1376 = CARTESIAN_POINT('',(83.388892154479,0.942427884738));
#1377 = CARTESIAN_POINT('',(82.830449071537,0.940856042763));
#1378 = CARTESIAN_POINT('',(82.27196393221,0.939284416336));
#1379 = CARTESIAN_POINT('',(81.713502028126,0.937712947236));
#1380 = CARTESIAN_POINT('',(81.155027553219,0.936141735561));
#1381 = CARTESIAN_POINT('',(80.596484334469,0.934570914342));
#1382 = CARTESIAN_POINT('',(79.631366926206,0.931857835389));
#1383 = CARTESIAN_POINT('',(79.224745693278,0.930715133342));
#1384 = CARTESIAN_POINT('',(78.817978290197,0.929572451458));
#1385 = CARTESIAN_POINT('',(78.411041672385,0.928429789802));
#1386 = CARTESIAN_POINT('',(78.003912644702,0.927287148453));
#1387 = CARTESIAN_POINT('',(77.596567861447,0.926144527507));
#1388 = CARTESIAN_POINT('',(76.882992335038,0.924144126038));
#1389 = CARTESIAN_POINT('',(76.576954074048,0.923286586899));
#1390 = CARTESIAN_POINT('',(76.270867706887,0.922429327481));
#1391 = CARTESIAN_POINT('',(75.964731231199,0.921572367893));
#1392 = CARTESIAN_POINT('',(75.658541978779,0.920715730528));
#1393 = CARTESIAN_POINT('',(75.352296615567,0.919859440068));
#1394 = CARTESIAN_POINT('',(74.534913179163,0.917575406306));
#1395 = CARTESIAN_POINT('',(74.023308950661,0.916147353697));
#1396 = CARTESIAN_POINT('',(73.511085191322,0.914719366975));
#1397 = CARTESIAN_POINT('',(72.998146929919,0.913291446677));
#1398 = CARTESIAN_POINT('',(72.48439722824,0.911863593185));
#1399 = CARTESIAN_POINT('',(71.969736920516,0.910435807369));
#1400 = CARTESIAN_POINT('',(70.938397181301,0.907580390008));
#1401 = CARTESIAN_POINT('',(70.421702369086,0.90615271482));
#1402 = CARTESIAN_POINT('',(69.903891530593,0.904725139969));
#1403 = CARTESIAN_POINT('',(69.384902965356,0.903297633851));
#1404 = CARTESIAN_POINT('',(68.864584673594,0.9018702262));
#1405 = CARTESIAN_POINT('',(68.342706221002,0.900442992866));
#1406 = CARTESIAN_POINT('',(67.291650283053,0.897578250531));
#1407 = CARTESIAN_POINT('',(66.763622321941,0.896143979111));
#1408 = CARTESIAN_POINT('',(66.234966292258,0.894713359945));
#1409 = CARTESIAN_POINT('',(65.705609131461,0.893286765892));
#1410 = CARTESIAN_POINT('',(65.175518949578,0.891864548606));
#1411 = CARTESIAN_POINT('',(64.644676469008,0.890447071446));
#1412 = CARTESIAN_POINT('',(63.539454023481,0.887511682703));
#1413 = CARTESIAN_POINT('',(62.964942799015,0.885994625246));
#1414 = CARTESIAN_POINT('',(62.389297070178,0.884484269965));
#1415 = CARTESIAN_POINT('',(61.812452843496,0.882981242583));
#1416 = CARTESIAN_POINT('',(61.234251457966,0.881486235956));
#1417 = CARTESIAN_POINT('',(60.654681771299,0.87999996001));
#1418 = CARTESIAN_POINT('',(60.073603964607,0.878523199806));
#1419 = ( GEOMETRIC_REPRESENTATION_CONTEXT(2) 
PARAMETRIC_REPRESENTATION_CONTEXT() REPRESENTATION_CONTEXT('2D SPACE',''
  ) );
#1420 = PCURVE('',#1421,#1426);
#1421 = PLANE('',#1422);
#1422 = AXIS2_PLACEMENT_3D('',#1423,#1424,#1425);
#1423 = CARTESIAN_POINT('',(181.87573593128,32.7,20.));
#1424 = DIRECTION('',(0.707106781187,0.707106781187,-0.));
#1425 = DIRECTION('',(0.707106781187,-0.707106781187,0.));
#1426 = DEFINITIONAL_REPRESENTATION('',(#1427),#1478);
#1427 = B_SPLINE_CURVE_WITH_KNOTS('',7,(#1428,#1429,#1430,#1431,#1432,
    #1433,#1434,#1435,#1436,#1437,#1438,#1439,#1440,#1441,#1442,#1443,
    #1444,#1445,#1446,#1447,#1448,#1449,#1450,#1451,#1452,#1453,#1454,
    #1455,#1456,#1457,#1458,#1459,#1460,#1461,#1462,#1463,#1464,#1465,
    #1466,#1467,#1468,#1469,#1470,#1471,#1472,#1473,#1474,#1475,#1476,
    #1477),.UNSPECIFIED.,.F.,.F.,(8,6,6,6,6,6,6,6,8),(0.,0.287193906016,
    0.40588489827,0.492254332265,0.557095713766,0.665285099737,
    0.773473353586,0.882455529008,1.),.UNSPECIFIED.);
#1428 = CARTESIAN_POINT('',(46.2447834896,-8.4));
#1429 = CARTESIAN_POINT('',(44.334133269687,-8.4));
#1430 = CARTESIAN_POINT('',(42.423501588684,-8.400045064114));
#1431 = CARTESIAN_POINT('',(40.512899352943,-8.397071842839));
#1432 = CARTESIAN_POINT('',(38.602374294717,-8.388014423104));
#1433 = CARTESIAN_POINT('',(36.692010968633,-8.369803991374));
#1434 = CARTESIAN_POINT('',(34.781930748165,-8.339368496758));
#1435 = CARTESIAN_POINT('',(32.083079606126,-8.274730545005));
#1436 = CARTESIAN_POINT('',(31.293942920884,-8.253217610959));
#1437 = CARTESIAN_POINT('',(30.504914451044,-8.228864775415));
#1438 = CARTESIAN_POINT('',(29.715964966608,-8.201481377311));
#1439 = CARTESIAN_POINT('',(28.927144721499,-8.170833845124));
#1440 = CARTESIAN_POINT('',(28.13852050288,-8.1366749299));
#1441 = CARTESIAN_POINT('',(26.776430569453,-8.071201384692));
#1442 = CARTESIAN_POINT('',(26.202741789472,-8.041638957522));
#1443 = CARTESIAN_POINT('',(25.629063132303,-8.009998478747));
#1444 = CARTESIAN_POINT('',(25.05539463014,-7.976186384867));
#1445 = CARTESIAN_POINT('',(24.481736323255,-7.940107986382));
#1446 = CARTESIAN_POINT('',(23.908088259996,-7.901667467788));
#1447 = CARTESIAN_POINT('',(22.903795074763,-7.830062750812));
#1448 = CARTESIAN_POINT('',(22.473271138828,-7.797980243122));
#1449 = CARTESIAN_POINT('',(22.042887636126,-7.764481924345));
#1450 = CARTESIAN_POINT('',(21.612654661619,-7.729528926521));
#1451 = CARTESIAN_POINT('',(21.1825834581,-7.693081953896));
#1452 = CARTESIAN_POINT('',(20.752686416187,-7.655101282921));
#1453 = CARTESIAN_POINT('',(19.6059968255,-7.549549104521));
#1454 = CARTESIAN_POINT('',(18.889048990238,-7.479122100321));
#1455 = CARTESIAN_POINT('',(18.172134233283,-7.404054056475));
#1456 = CARTESIAN_POINT('',(17.455252823646,-7.324126645199));
#1457 = CARTESIAN_POINT('',(16.738404954151,-7.239113726121));
#1458 = CARTESIAN_POINT('',(16.021591060984,-7.148780168302));
#1459 = CARTESIAN_POINT('',(14.588040726057,-6.956982179709));
#1460 = CARTESIAN_POINT('',(13.87128237291,-6.855515164113));
#1461 = CARTESIAN_POINT('',(13.154574394249,-6.748237163209));
#1462 = CARTESIAN_POINT('',(12.437900922289,-6.634893803442));
#1463 = CARTESIAN_POINT('',(11.721276885348,-6.515219505207));
#1464 = CARTESIAN_POINT('',(11.004740363344,-6.38893072466));
#1465 = CARTESIAN_POINT('',(9.566508464176,-6.121515134046));
#1466 = CARTESIAN_POINT('',(8.846438500415,-5.980588761667));
#1467 = CARTESIAN_POINT('',(8.128202135958,-5.832696953723));
#1468 = CARTESIAN_POINT('',(7.411986562548,-5.677618305938));
#1469 = CARTESIAN_POINT('',(6.697968326268,-5.515101721341));
#1470 = CARTESIAN_POINT('',(5.986329850785,-5.344886289707));
#1471 = CARTESIAN_POINT('',(4.512630218166,-4.974690993033));
#1472 = CARTESIAN_POINT('',(3.75099787134,-4.773413798039));
#1473 = CARTESIAN_POINT('',(2.992730324075,-4.562702850552));
#1474 = CARTESIAN_POINT('',(2.238141717715,-4.342201698544));
#1475 = CARTESIAN_POINT('',(1.487579897564,-4.111741638543));
#1476 = CARTESIAN_POINT('',(0.741401279505,-3.870870383232));
#1477 = CARTESIAN_POINT('',(0.,-3.619387353679));
#1478 = ( GEOMETRIC_REPRESENTATION_CONTEXT(2) 
PARAMETRIC_REPRESENTATION_CONTEXT() REPRESENTATION_CONTEXT('2D SPACE',''
  ) );
#1479 = ORIENTED_EDGE('',*,*,#1480,.F.);
#1480 = EDGE_CURVE('',#24,#1312,#1481,.T.);
#1481 = SURFACE_CURVE('',#1482,(#1488,#1497),.PCURVE_S1.);
#1482 = B_SPLINE_CURVE_WITH_KNOTS('',4,(#1483,#1484,#1485,#1486,#1487),
  .UNSPECIFIED.,.F.,.F.,(5,5),(0.,1.),.PIECEWISE_BEZIER_KNOTS.);
#1483 = CARTESIAN_POINT('',(70.3,32.7,23.619387353679));
#1484 = CARTESIAN_POINT('',(98.193933982822,32.7,23.619387353679));
#1485 = CARTESIAN_POINT('',(126.08786796564,32.7,23.619387353679));
#1486 = CARTESIAN_POINT('',(153.98180194846,32.7,23.619387353679));
#1487 = CARTESIAN_POINT('',(181.87573593128,32.7,23.619387353679));
#1488 = PCURVE('',#280,#1489);
#1489 = DEFINITIONAL_REPRESENTATION('',(#1490),#1496);
#1490 = B_SPLINE_CURVE_WITH_KNOTS('',4,(#1491,#1492,#1493,#1494,#1495),
  .UNSPECIFIED.,.F.,.F.,(5,5),(0.,1.),.PIECEWISE_BEZIER_KNOTS.);
#1491 = CARTESIAN_POINT('',(60.073603964607,0.564225352113));
#1492 = CARTESIAN_POINT('',(60.073603964607,0.642799814036));
#1493 = CARTESIAN_POINT('',(60.073603964607,0.72137427596));
#1494 = CARTESIAN_POINT('',(60.073603964607,0.799948737883));
#1495 = CARTESIAN_POINT('',(60.073603964607,0.878523199806));
#1496 = ( GEOMETRIC_REPRESENTATION_CONTEXT(2) 
PARAMETRIC_REPRESENTATION_CONTEXT() REPRESENTATION_CONTEXT('2D SPACE',''
  ) );
#1497 = PCURVE('',#1073,#1498);
#1498 = DEFINITIONAL_REPRESENTATION('',(#1499),#1505);
#1499 = B_SPLINE_CURVE_WITH_KNOTS('',4,(#1500,#1501,#1502,#1503,#1504),
  .UNSPECIFIED.,.F.,.F.,(5,5),(0.,1.),.PIECEWISE_BEZIER_KNOTS.);
#1500 = CARTESIAN_POINT('',(0.,-3.619387353679));
#1501 = CARTESIAN_POINT('',(27.893933982822,-3.619387353679));
#1502 = CARTESIAN_POINT('',(55.787867965644,-3.619387353679));
#1503 = CARTESIAN_POINT('',(83.681801948466,-3.619387353679));
#1504 = CARTESIAN_POINT('',(111.57573593128,-3.619387353679));
#1505 = ( GEOMETRIC_REPRESENTATION_CONTEXT(2) 
PARAMETRIC_REPRESENTATION_CONTEXT() REPRESENTATION_CONTEXT('2D SPACE',''
  ) );
#1506 = FACE_BOUND('',#1507,.F.);
#1507 = EDGE_LOOP('',(#1508));
#1508 = ORIENTED_EDGE('',*,*,#1509,.F.);
#1509 = EDGE_CURVE('',#1510,#1510,#1512,.T.);
#1510 = VERTEX_POINT('',#1511);
#1511 = CARTESIAN_POINT('',(133.1,0.,28.4));
#1512 = SURFACE_CURVE('',#1513,(#1600,#1717),.PCURVE_S1.);
#1513 = B_SPLINE_CURVE_WITH_KNOTS('',8,(#1514,#1515,#1516,#1517,#1518,
    #1519,#1520,#1521,#1522,#1523,#1524,#1525,#1526,#1527,#1528,#1529,
    #1530,#1531,#1532,#1533,#1534,#1535,#1536,#1537,#1538,#1539,#1540,
    #1541,#1542,#1543,#1544,#1545,#1546,#1547,#1548,#1549,#1550,#1551,
    #1552,#1553,#1554,#1555,#1556,#1557,#1558,#1559,#1560,#1561,#1562,
    #1563,#1564,#1565,#1566,#1567,#1568,#1569,#1570,#1571,#1572,#1573,
    #1574,#1575,#1576,#1577,#1578,#1579,#1580,#1581,#1582,#1583,#1584,
    #1585,#1586,#1587,#1588,#1589,#1590,#1591,#1592,#1593,#1594,#1595,
    #1596,#1597,#1598,#1599),.UNSPECIFIED.,.T.,.F.,(9,7,7,7,7,7,7,7,7,7,
    7,7,9),(0.,0.313100895031,0.680521418254,1.,1.321282443577,
    1.613775963844,2.000305982696,2.284668094699,2.797573242986,
    3.003917551416,3.237185748189,3.492979060124,4.003997569543),
  .UNSPECIFIED.);
#1514 = CARTESIAN_POINT('',(133.1,1.791819669549E-15,28.4));
#1515 = CARTESIAN_POINT('',(133.1,0.186140400036,28.4));
#1516 = CARTESIAN_POINT('',(133.08868611813,0.372247082488,
    28.400000842882));
#1517 = CARTESIAN_POINT('',(133.06606618536,0.557950483261,
    28.399995056517));
#1518 = CARTESIAN_POINT('',(133.03206771209,0.742838305677,
    28.399975154976));
#1519 = CARTESIAN_POINT('',(132.98656221988,0.926457154308,
    28.399933978933));
#1520 = CARTESIAN_POINT('',(132.92937098788,1.108311518158,
    28.399865081651));
#1521 = CARTESIAN_POINT('',(132.8602522142,1.287860103187,
    28.399763160575));
#1522 = CARTESIAN_POINT('',(132.68336796261,1.671805692641,28.3994618583
    ));
#1523 = CARTESIAN_POINT('',(132.57108712206,1.87487279932,
    28.399248821643));
#1524 = CARTESIAN_POINT('',(132.44145555044,2.072962579092,
    28.398979505779));
#1525 = CARTESIAN_POINT('',(132.29380413936,2.264856392102,
    28.398651139496));
#1526 = CARTESIAN_POINT('',(132.12748680893,2.44889817064,
    28.398265565554));
#1527 = CARTESIAN_POINT('',(131.94198895082,2.62303658161,
    28.397831673414));
#1528 = CARTESIAN_POINT('',(131.73697686712,2.784838851688,
    28.397367018009));
#1529 = CARTESIAN_POINT('',(131.31682992759,3.058909859222,
    28.396488019988));
#1530 = CARTESIAN_POINT('',(131.10625786742,3.175048784628,
    28.396074504146));
#1531 = CARTESIAN_POINT('',(130.88105243952,3.277439078515,
    28.395674407909));
#1532 = CARTESIAN_POINT('',(130.64236866476,3.36347296688,
    28.395311035741));
#1533 = CARTESIAN_POINT('',(130.39210912329,3.43057104737,
    28.395011213793));
#1534 = CARTESIAN_POINT('',(130.13304675646,3.47649137316,
    28.394800680434));
#1535 = CARTESIAN_POINT('',(129.86895146043,3.499623019065,
    28.394694582894));
#1536 = CARTESIAN_POINT('',(129.33946075382,3.500372084976,
    28.394691147147));
#1537 = CARTESIAN_POINT('',(129.07387842134,3.477731966567,
    28.394794989526));
#1538 = CARTESIAN_POINT('',(128.8134063348,3.432052069004,
    28.395004604905));
#1539 = CARTESIAN_POINT('',(128.56179845852,3.364982469702,
    28.395304655441));
#1540 = CARTESIAN_POINT('',(128.32181400867,3.278766849707,
    28.395669236543));
#1541 = CARTESIAN_POINT('',(128.09537209709,3.175986948797,
    28.396071231375));
#1542 = CARTESIAN_POINT('',(127.88368284697,3.059282457425,
    28.396486898695));
#1543 = CARTESIAN_POINT('',(127.508627287,2.814552671629,28.397271652878
    ));
#1544 = CARTESIAN_POINT('',(127.34227975089,2.6882500288,28.397642323362
    ));
#1545 = CARTESIAN_POINT('',(127.18831237168,2.553746543734,
    28.397996758793));
#1546 = CARTESIAN_POINT('',(127.04660360551,2.412348570916,
    28.398325304366));
#1547 = CARTESIAN_POINT('',(126.91692874125,2.265189345573,
    28.398621670543));
#1548 = CARTESIAN_POINT('',(126.79898536703,2.113220050388,
    28.398882686277));
#1549 = CARTESIAN_POINT('',(126.69243009565,1.957195037178,
    28.399107718138));
#1550 = CARTESIAN_POINT('',(126.47071866765,1.5868141191,28.399548889369
    ));
#1551 = CARTESIAN_POINT('',(126.36394592979,1.370058371048,
    28.399738662363));
#1552 = CARTESIAN_POINT('',(126.27580003965,1.148709027654,
    28.399869643462));
#1553 = CARTESIAN_POINT('',(126.20574750806,0.923918866102,
    28.399949316109));
#1554 = CARTESIAN_POINT('',(126.15338043598,0.696706021183,
    28.399988708889));
#1555 = CARTESIAN_POINT('',(126.11838660448,0.46796316065,
    28.400000954061));
#1556 = CARTESIAN_POINT('',(126.1005897762,0.238454843273,
    28.400000037124));
#1557 = CARTESIAN_POINT('',(126.09958540162,-0.160118081341,
    28.399999973977));
#1558 = CARTESIAN_POINT('',(126.10847905283,-0.329048009243,
    28.40000083198));
#1559 = CARTESIAN_POINT('',(126.1266864258,-0.497686621834,
    28.399997039685));
#1560 = CARTESIAN_POINT('',(126.15425394981,-0.665725206158,
    28.399982978613));
#1561 = CARTESIAN_POINT('',(126.19126697506,-0.832830385379,
    28.399953224613));
#1562 = CARTESIAN_POINT('',(126.2378467477,-0.99864345791,
    28.399902808713));
#1563 = CARTESIAN_POINT('',(126.29415750841,-1.162778472799,
    28.399827461075));
#1564 = CARTESIAN_POINT('',(126.47994835248,-1.617092302592,
    28.399536932778));
#1565 = CARTESIAN_POINT('',(126.63147954325,-1.901615439526,
    28.399258658051));
#1566 = CARTESIAN_POINT('',(126.8164942754,-2.177294625596,
    28.398869640999));
#1567 = CARTESIAN_POINT('',(127.03716196781,-2.440814537114,
    28.398360344993));
#1568 = CARTESIAN_POINT('',(127.29524374539,-2.6870943683,
    28.397737446549));
#1569 = CARTESIAN_POINT('',(127.59174092962,-2.909361558762,
    28.397040978833));
#1570 = CARTESIAN_POINT('',(127.92611907165,-3.099558345118,
    28.396352461419));
#1571 = CARTESIAN_POINT('',(128.44527625036,-3.307925278571,
    28.395530400579));
#1572 = CARTESIAN_POINT('',(128.59968775533,-3.360837293232,
    28.395311650499));
#1573 = CARTESIAN_POINT('',(128.75900851981,-3.406157742156,
    28.395116580303));
#1574 = CARTESIAN_POINT('',(128.92254431238,-3.443230115103,
    28.394951901001));
#1575 = CARTESIAN_POINT('',(129.08946160595,-3.471487722721,
    28.394823647949));
#1576 = CARTESIAN_POINT('',(129.2587782464,-3.490492740719,
    28.394736452767));
#1577 = CARTESIAN_POINT('',(129.42935193982,-3.499993496388,
    28.394692883617));
#1578 = CARTESIAN_POINT('',(129.79262999304,-3.500007346786,
    28.394692820089));
#1579 = CARTESIAN_POINT('',(129.98551112918,-3.487881496917,
    28.394748436506));
#1580 = CARTESIAN_POINT('',(130.17654202795,-3.463596937755,
    28.394859829759));
#1581 = CARTESIAN_POINT('',(130.36408729378,-3.427584810163,
    28.395022821337));
#1582 = CARTESIAN_POINT('',(130.54680237324,-3.380553214256,
    28.395229816061));
#1583 = CARTESIAN_POINT('',(130.72360491167,-3.323383350651,
    28.395471357022));
#1584 = CARTESIAN_POINT('',(130.89365367832,-3.257063814227,
    28.395737669339));
#1585 = CARTESIAN_POINT('',(131.23471396174,-3.100998893,28.39632857701)
  );
#1586 = CARTESIAN_POINT('',(131.40431052527,-3.009573721741,
    28.396656463956));
#1587 = CARTESIAN_POINT('',(131.56463850712,-2.909537736567,
    28.396991590885));
#1588 = CARTESIAN_POINT('',(131.71545666682,-2.802023716016,
    28.397323510057));
#1589 = CARTESIAN_POINT('',(131.85670793363,-2.688068226314,
    28.397643718444));
#1590 = CARTESIAN_POINT('',(131.98847143546,-2.568578292793,
    28.397945998108));
#1591 = CARTESIAN_POINT('',(132.11092190075,-2.44430584318,
    28.398226289636));
#1592 = CARTESIAN_POINT('',(132.45079369405,-2.059163425732,
    28.398993148564));
#1593 = CARTESIAN_POINT('',(132.64049200941,-1.786371693964,
    28.399405222204));
#1594 = CARTESIAN_POINT('',(132.79598731011,-1.501746462161,
    28.399700576895));
#1595 = CARTESIAN_POINT('',(132.91856638112,-1.208654528436,
    28.399883346348));
#1596 = CARTESIAN_POINT('',(133.00953070759,-0.909952814732,
    28.399974110831));
#1597 = CARTESIAN_POINT('',(133.06978417815,-0.607888399377,
    28.400002255531));
#1598 = CARTESIAN_POINT('',(133.1,-0.304194263432,28.4));
#1599 = CARTESIAN_POINT('',(133.1,1.7763568394E-15,28.4));
#1600 = PCURVE('',#280,#1601);
#1601 = DEFINITIONAL_REPRESENTATION('',(#1602),#1716);
#1602 = B_SPLINE_CURVE_WITH_KNOTS('',3,(#1603,#1604,#1605,#1606,#1607,
    #1608,#1609,#1610,#1611,#1612,#1613,#1614,#1615,#1616,#1617,#1618,
    #1619,#1620,#1621,#1622,#1623,#1624,#1625,#1626,#1627,#1628,#1629,
    #1630,#1631,#1632,#1633,#1634,#1635,#1636,#1637,#1638,#1639,#1640,
    #1641,#1642,#1643,#1644,#1645,#1646,#1647,#1648,#1649,#1650,#1651,
    #1652,#1653,#1654,#1655,#1656,#1657,#1658,#1659,#1660,#1661,#1662,
    #1663,#1664,#1665,#1666,#1667,#1668,#1669,#1670,#1671,#1672,#1673,
    #1674,#1675,#1676,#1677,#1678,#1679,#1680,#1681,#1682,#1683,#1684,
    #1685,#1686,#1687,#1688,#1689,#1690,#1691,#1692,#1693,#1694,#1695,
    #1696,#1697,#1698,#1699,#1700,#1701,#1702,#1703,#1704,#1705,#1706,
    #1707,#1708,#1709,#1710,#1711,#1712,#1713,#1714,#1715),
  .UNSPECIFIED.,.T.,.F.,(4,1,1,1,1,1,1,1,1,1,1,1,1,1,1,1,1,1,1,1,1,1,1,1
    ,1,1,1,1,1,1,1,1,1,1,1,1,1,1,1,1,1,1,1,1,1,1,1,1,1,1,1,1,1,1,1,1,1,1
    ,1,1,1,1,1,1,1,1,1,1,1,1,1,1,1,1,1,1,1,1,1,1,1,1,1,1,1,1,1,1,1,1,1,1
    ,1,1,1,1,1,1,1,1,1,1,1,1,1,1,1,1,1,1,4),(0.,3.639997790493E-02,
    7.279995580987E-02,0.109199933715,0.14559991162,0.181999889525,
    0.21839986743,0.254799845335,0.291199823239,0.327599801144,
    0.363999779049,0.400399756954,0.436799734859,0.473199712764,
    0.509599690669,0.545999668574,0.582399646479,0.618799624384,
    0.655199602289,0.691599580194,0.727999558099,0.764399536004,
    0.800799513909,0.837199491813,0.873599469718,0.909999447623,
    0.946399425528,0.982799403433,1.019199381338,1.055599359243,
    1.091999337148,1.128399315053,1.164799292958,1.201199270863,
    1.237599248768,1.273999226673,1.310399204578,1.346799182483,
    1.383199160388,1.419599138292,1.455999116197,1.492399094102,
    1.528799072007,1.565199049912,1.601599027817,1.637999005722,
    1.674398983627,1.710798961532,1.747198939437,1.783598917342,
    1.819998895247,1.856398873152,1.892798851057,1.929198828962,
    1.965598806866,2.001998784771,2.038398762676,2.074798740581,
    2.111198718486,2.147598696391,2.183998674296,2.220398652201,
    2.256798630106,2.293198608011,2.329598585916,2.365998563821,
    2.402398541726,2.438798519631,2.475198497536,2.51159847544,
    2.547998453345,2.58439843125,2.620798409155,2.65719838706,
    2.693598364965,2.72999834287,2.766398320775,2.80279829868,
    2.839198276585,2.87559825449,2.911998232395,2.9483982103,
    2.984798188205,3.02119816611,3.057598144015,3.093998121919,
    3.130398099824,3.166798077729,3.203198055634,3.239598033539,
    3.275998011444,3.312397989349,3.348797967254,3.385197945159,
    3.421597923064,3.457997900969,3.494397878874,3.530797856779,
    3.567197834684,3.603597812589,3.639997790493,3.676397768398,
    3.712797746303,3.749197724208,3.785597702113,3.821997680018,
    3.858397657923,3.894797635828,3.931197613733,3.967597591638,
    4.003997569543),.QUASI_UNIFORM_KNOTS.);
#1603 = CARTESIAN_POINT('',(93.402931280314,0.741126760563));
#1604 = CARTESIAN_POINT('',(93.345246194501,0.741126755574));
#1605 = CARTESIAN_POINT('',(93.229880427821,0.74111872423));
#1606 = CARTESIAN_POINT('',(93.057060658211,0.741082525363));
#1607 = CARTESIAN_POINT('',(92.884680358005,0.741022108972));
#1608 = CARTESIAN_POINT('',(92.712967884214,0.7409373321));
#1609 = CARTESIAN_POINT('',(92.542163190074,0.740828005746));
#1610 = CARTESIAN_POINT('',(92.372520257034,0.740693888857));
#1611 = CARTESIAN_POINT('',(92.204304919849,0.740534685103));
#1612 = CARTESIAN_POINT('',(92.037803307213,0.740350050113));
#1613 = CARTESIAN_POINT('',(91.87329321874,0.740139538447));
#1614 = CARTESIAN_POINT('',(91.711211860133,0.739902844528));
#1615 = CARTESIAN_POINT('',(91.551859791676,0.739639403131));
#1616 = CARTESIAN_POINT('',(91.395625015999,0.739348643171));
#1617 = CARTESIAN_POINT('',(91.242962557033,0.739029995916));
#1618 = CARTESIAN_POINT('',(91.094397314271,0.738682915714));
#1619 = CARTESIAN_POINT('',(90.95052111018,0.738306895049));
#1620 = CARTESIAN_POINT('',(90.811991526313,0.737901475708));
#1621 = CARTESIAN_POINT('',(90.679532077327,0.737466264094));
#1622 = CARTESIAN_POINT('',(90.553928779747,0.7370009138));
#1623 = CARTESIAN_POINT('',(90.436044187976,0.736505211933));
#1624 = CARTESIAN_POINT('',(90.326745153399,0.735978642933));
#1625 = CARTESIAN_POINT('',(90.227284794578,0.735422394179));
#1626 = CARTESIAN_POINT('',(90.138908792607,0.734838167385));
#1627 = CARTESIAN_POINT('',(90.062848048154,0.734228278672));
#1628 = CARTESIAN_POINT('',(90.000272484307,0.733595691852));
#1629 = CARTESIAN_POINT('',(89.952248425554,0.732944072266));
#1630 = CARTESIAN_POINT('',(89.919684930993,0.732277853292));
#1631 = CARTESIAN_POINT('',(89.903269591896,0.731602276825));
#1632 = CARTESIAN_POINT('',(89.903385080591,0.730923591896));
#1633 = CARTESIAN_POINT('',(89.920018158212,0.730248376266));
#1634 = CARTESIAN_POINT('',(89.952766662103,0.729582773857));
#1635 = CARTESIAN_POINT('',(90.00093447987,0.728931916905));
#1636 = CARTESIAN_POINT('',(90.063612931539,0.728300141656));
#1637 = CARTESIAN_POINT('',(90.139742195608,0.727691040028));
#1638 = CARTESIAN_POINT('',(90.228160640913,0.727107535603));
#1639 = CARTESIAN_POINT('',(90.327643469012,0.726551937181));
#1640 = CARTESIAN_POINT('',(90.436940461821,0.726025993299));
#1641 = CARTESIAN_POINT('',(90.554789086197,0.725530920651));
#1642 = CARTESIAN_POINT('',(90.680388668919,0.725065968661));
#1643 = CARTESIAN_POINT('',(90.812840405752,0.724631112267));
#1644 = CARTESIAN_POINT('',(90.951348221913,0.724226037145));
#1645 = CARTESIAN_POINT('',(91.095179116384,0.723850372538));
#1646 = CARTESIAN_POINT('',(91.243676278611,0.723503647764));
#1647 = CARTESIAN_POINT('',(91.396258384809,0.723185327148));
#1648 = CARTESIAN_POINT('',(91.552424023796,0.722894821799));
#1649 = CARTESIAN_POINT('',(91.711752046911,0.722631529862));
#1650 = CARTESIAN_POINT('',(91.873756017247,0.72239504773));
#1651 = CARTESIAN_POINT('',(92.038111550801,0.722184802308));
#1652 = CARTESIAN_POINT('',(92.204486731099,0.722000346266));
#1653 = CARTESIAN_POINT('',(92.372576130821,0.721841280475));
#1654 = CARTESIAN_POINT('',(92.542090538656,0.721707263881));
#1655 = CARTESIAN_POINT('',(92.712759000128,0.721598004331));
#1656 = CARTESIAN_POINT('',(92.884327329095,0.721513258446));
#1657 = CARTESIAN_POINT('',(93.056559589937,0.721452832491));
#1658 = CARTESIAN_POINT('',(93.229232129256,0.721416586066));
#1659 = CARTESIAN_POINT('',(93.40215507732,0.721404437247));
#1660 = CARTESIAN_POINT('',(93.575091337698,0.721416370621));
#1661 = CARTESIAN_POINT('',(93.747798526334,0.721452410382));
#1662 = CARTESIAN_POINT('',(93.920069296364,0.721512639046));
#1663 = CARTESIAN_POINT('',(94.091672854224,0.721597193556));
#1664 = CARTESIAN_POINT('',(94.262368971729,0.72170626104));
#1665 = CARTESIAN_POINT('',(94.431909535311,0.721840087002));
#1666 = CARTESIAN_POINT('',(94.600016777924,0.72199894929));
#1667 = CARTESIAN_POINT('',(94.766466570559,0.722183271699));
#1668 = CARTESIAN_POINT('',(94.930732654776,0.722393179137));
#1669 = CARTESIAN_POINT('',(95.092582314764,0.722629169342));
#1670 = CARTESIAN_POINT('',(95.251736390953,0.722891849893));
#1671 = CARTESIAN_POINT('',(95.407820100972,0.723181820634));
#1672 = CARTESIAN_POINT('',(95.560380989991,0.723499670595));
#1673 = CARTESIAN_POINT('',(95.708888393548,0.723845947571));
#1674 = CARTESIAN_POINT('',(95.852737480204,0.72422113751));
#1675 = CARTESIAN_POINT('',(95.991251832533,0.724625643613));
#1676 = CARTESIAN_POINT('',(96.123686019621,0.72505976614));
#1677 = CARTESIAN_POINT('',(96.249228487981,0.725523687813));
#1678 = CARTESIAN_POINT('',(96.367001851607,0.726017444091));
#1679 = CARTESIAN_POINT('',(96.476071516394,0.726540957266));
#1680 = CARTESIAN_POINT('',(96.575421145634,0.727093841197));
#1681 = CARTESIAN_POINT('',(96.664049076243,0.727676073507));
#1682 = CARTESIAN_POINT('',(96.740594806719,0.728285338658));
#1683 = CARTESIAN_POINT('',(96.803695278688,0.728917625284));
#1684 = CARTESIAN_POINT('',(96.852262685313,0.729569173484));
#1685 = CARTESIAN_POINT('',(96.885364002257,0.730235314324));
#1686 = CARTESIAN_POINT('',(96.902316366823,0.730910777547));
#1687 = CARTESIAN_POINT('',(96.902745114246,0.731589423292));
#1688 = CARTESIAN_POINT('',(96.886636768633,0.7322652853));
#1689 = CARTESIAN_POINT('',(96.854351578161,0.732932044666));
#1690 = CARTESIAN_POINT('',(96.806567678428,0.733584373018));
#1691 = CARTESIAN_POINT('',(96.74419980236,0.734217676802));
#1692 = CARTESIAN_POINT('',(96.668335883299,0.734828129265));
#1693 = CARTESIAN_POINT('',(96.580200395504,0.735412512055));
#1694 = CARTESIAN_POINT('',(96.481053316331,0.735968569184));
#1695 = CARTESIAN_POINT('',(96.371999254441,0.736495410081));
#1696 = CARTESIAN_POINT('',(96.254116194516,0.73699233737));
#1697 = CARTESIAN_POINT('',(96.128406933813,0.737459053543));
#1698 = CARTESIAN_POINT('',(95.995791918832,0.737895547294));
#1699 = CARTESIAN_POINT('',(95.857109800948,0.73830202824));
#1700 = CARTESIAN_POINT('',(95.713053534762,0.738679009313));
#1701 = CARTESIAN_POINT('',(95.564365243861,0.739026768844));
#1702 = CARTESIAN_POINT('',(95.411641829109,0.739345880895));
#1703 = CARTESIAN_POINT('',(95.255321929154,0.739637096269));
#1704 = CARTESIAN_POINT('',(95.095845058081,0.739900997422));
#1705 = CARTESIAN_POINT('',(94.933612318991,0.74013811914));
#1706 = CARTESIAN_POINT('',(94.76899936755,0.740348935403));
#1707 = CARTESIAN_POINT('',(94.602354674214,0.740533875012));
#1708 = CARTESIAN_POINT('',(94.434001196055,0.740693323992));
#1709 = CARTESIAN_POINT('',(94.264236770782,0.740827627324));
#1710 = CARTESIAN_POINT('',(94.093334501614,0.740937087223));
#1711 = CARTESIAN_POINT('',(93.921543200859,0.741021960353));
#1712 = CARTESIAN_POINT('',(93.749086632292,0.741082449358));
#1713 = CARTESIAN_POINT('',(93.576166629348,0.74111870524));
#1714 = CARTESIAN_POINT('',(93.460689523996,0.741126753716));
#1715 = CARTESIAN_POINT('',(93.402931280314,0.741126760563));
#1716 = ( GEOMETRIC_REPRESENTATION_CONTEXT(2) 
PARAMETRIC_REPRESENTATION_CONTEXT() REPRESENTATION_CONTEXT('2D SPACE',''
  ) );
#1717 = PCURVE('',#1718,#1723);
#1718 = CYLINDRICAL_SURFACE('',#1719,3.5);
#1719 = AXIS2_PLACEMENT_3D('',#1720,#1721,#1722);
#1720 = CARTESIAN_POINT('',(129.6,0.,25.390411587189));
#1721 = DIRECTION('',(-0.,-0.,-1.));
#1722 = DIRECTION('',(1.,0.,0.));
#1723 = DEFINITIONAL_REPRESENTATION('',(#1724),#1838);
#1724 = B_SPLINE_CURVE_WITH_KNOTS('',3,(#1725,#1726,#1727,#1728,#1729,
    #1730,#1731,#1732,#1733,#1734,#1735,#1736,#1737,#1738,#1739,#1740,
    #1741,#1742,#1743,#1744,#1745,#1746,#1747,#1748,#1749,#1750,#1751,
    #1752,#1753,#1754,#1755,#1756,#1757,#1758,#1759,#1760,#1761,#1762,
    #1763,#1764,#1765,#1766,#1767,#1768,#1769,#1770,#1771,#1772,#1773,
    #1774,#1775,#1776,#1777,#1778,#1779,#1780,#1781,#1782,#1783,#1784,
    #1785,#1786,#1787,#1788,#1789,#1790,#1791,#1792,#1793,#1794,#1795,
    #1796,#1797,#1798,#1799,#1800,#1801,#1802,#1803,#1804,#1805,#1806,
    #1807,#1808,#1809,#1810,#1811,#1812,#1813,#1814,#1815,#1816,#1817,
    #1818,#1819,#1820,#1821,#1822,#1823,#1824,#1825,#1826,#1827,#1828,
    #1829,#1830,#1831,#1832,#1833,#1834,#1835,#1836,#1837),
  .UNSPECIFIED.,.F.,.F.,(4,1,1,1,1,1,1,1,1,1,1,1,1,1,1,1,1,1,1,1,1,1,1,1
    ,1,1,1,1,1,1,1,1,1,1,1,1,1,1,1,1,1,1,1,1,1,1,1,1,1,1,1,1,1,1,1,1,1,1
    ,1,1,1,1,1,1,1,1,1,1,1,1,1,1,1,1,1,1,1,1,1,1,1,1,1,1,1,1,1,1,1,1,1,1
    ,1,1,1,1,1,1,1,1,1,1,1,1,1,1,1,1,1,1,4),(0.,3.639997790493E-02,
    7.279995580987E-02,0.109199933715,0.14559991162,0.181999889525,
    0.21839986743,0.254799845335,0.291199823239,0.327599801144,
    0.363999779049,0.400399756954,0.436799734859,0.473199712764,
    0.509599690669,0.545999668574,0.582399646479,0.618799624384,
    0.655199602289,0.691599580194,0.727999558099,0.764399536004,
    0.800799513909,0.837199491813,0.873599469718,0.909999447623,
    0.946399425528,0.982799403433,1.019199381338,1.055599359243,
    1.091999337148,1.128399315053,1.164799292958,1.201199270863,
    1.237599248768,1.273999226673,1.310399204578,1.346799182483,
    1.383199160388,1.419599138292,1.455999116197,1.492399094102,
    1.528799072007,1.565199049912,1.601599027817,1.637999005722,
    1.674398983627,1.710798961532,1.747198939437,1.783598917342,
    1.819998895247,1.856398873152,1.892798851057,1.929198828962,
    1.965598806866,2.001998784771,2.038398762676,2.074798740581,
    2.111198718486,2.147598696391,2.183998674296,2.220398652201,
    2.256798630106,2.293198608011,2.329598585916,2.365998563821,
    2.402398541726,2.438798519631,2.475198497536,2.51159847544,
    2.547998453345,2.58439843125,2.620798409155,2.65719838706,
    2.693598364965,2.72999834287,2.766398320775,2.80279829868,
    2.839198276585,2.87559825449,2.911998232395,2.9483982103,
    2.984798188205,3.02119816611,3.057598144015,3.093998121919,
    3.130398099824,3.166798077729,3.203198055634,3.239598033539,
    3.275998011444,3.312397989349,3.348797967254,3.385197945159,
    3.421597923064,3.457997900969,3.494397878874,3.530797856779,
    3.567197834684,3.603597812589,3.639997790493,3.676397768398,
    3.712797746303,3.749197724208,3.785597702113,3.821997680018,
    3.858397657923,3.894797635828,3.931197613733,3.967597591638,
    4.003997569543),.QUASI_UNIFORM_KNOTS.);
#1725 = CARTESIAN_POINT('',(-5.119484770139E-16,-3.009588412811));
#1726 = CARTESIAN_POINT('',(-1.648743211466E-02,-3.009588417473));
#1727 = CARTESIAN_POINT('',(-4.946063799446E-02,-3.009588623105));
#1728 = CARTESIAN_POINT('',(-9.897639673058E-02,-3.009585640149));
#1729 = CARTESIAN_POINT('',(-0.148609674666,-3.009575451528));
#1730 = CARTESIAN_POINT('',(-0.198419785971,-3.009554261751));
#1731 = CARTESIAN_POINT('',(-0.248466041409,-3.009518421214));
#1732 = CARTESIAN_POINT('',(-0.298808390308,-3.009464490542));
#1733 = CARTESIAN_POINT('',(-0.349509374963,-3.009389295215));
#1734 = CARTESIAN_POINT('',(-0.400632884752,-3.00928999547));
#1735 = CARTESIAN_POINT('',(-0.4522552424,-3.009164118426));
#1736 = CARTESIAN_POINT('',(-0.504412988544,-3.009009788789));
#1737 = CARTESIAN_POINT('',(-0.557198182354,-3.008825564658));
#1738 = CARTESIAN_POINT('',(-0.610691546746,-3.008610661589));
#1739 = CARTESIAN_POINT('',(-0.664969458289,-3.00836506713));
#1740 = CARTESIAN_POINT('',(-0.720104246666,-3.008089660213));
#1741 = CARTESIAN_POINT('',(-0.776166200223,-3.007786325751));
#1742 = CARTESIAN_POINT('',(-0.833225393248,-3.007458056969));
#1743 = CARTESIAN_POINT('',(-0.891352974135,-3.007109044692));
#1744 = CARTESIAN_POINT('',(-0.950625906793,-3.006744723806));
#1745 = CARTESIAN_POINT('',(-1.011120364702,-3.006371856464));
#1746 = CARTESIAN_POINT('',(-1.072963548045,-3.005998239996));
#1747 = CARTESIAN_POINT('',(-1.136107182318,-3.005634025093));
#1748 = CARTESIAN_POINT('',(-1.200488928254,-3.005290390572));
#1749 = CARTESIAN_POINT('',(-1.266021709215,-3.00497913226));
#1750 = CARTESIAN_POINT('',(-1.332592647761,-3.004712041559));
#1751 = CARTESIAN_POINT('',(-1.40005696034,-3.004500183638));
#1752 = CARTESIAN_POINT('',(-1.468228720796,-3.004353081055));
#1753 = CARTESIAN_POINT('',(-1.536871391571,-3.004277858679));
#1754 = CARTESIAN_POINT('',(-1.605668682406,-3.004278390371));
#1755 = CARTESIAN_POINT('',(-1.674279177346,-3.004354600353));
#1756 = CARTESIAN_POINT('',(-1.742396322461,-3.004502501006));
#1757 = CARTESIAN_POINT('',(-1.80979338957,-3.004714917567));
#1758 = CARTESIAN_POINT('',(-1.876293066661,-3.004982331281));
#1759 = CARTESIAN_POINT('',(-1.941757147414,-3.005293716128));
#1760 = CARTESIAN_POINT('',(-2.006076358094,-3.005637330018));
#1761 = CARTESIAN_POINT('',(-2.069164063448,-3.006001417503));
#1762 = CARTESIAN_POINT('',(-2.130952316036,-3.006374799311));
#1763 = CARTESIAN_POINT('',(-2.191388111238,-3.006747327908));
#1764 = CARTESIAN_POINT('',(-2.250628303632,-3.007111413215));
#1765 = CARTESIAN_POINT('',(-2.308727134296,-3.007460174825));
#1766 = CARTESIAN_POINT('',(-2.365756904441,-3.007788170645));
#1767 = CARTESIAN_POINT('',(-2.421784847823,-3.008091202185));
#1768 = CARTESIAN_POINT('',(-2.476881694669,-3.008366294523));
#1769 = CARTESIAN_POINT('',(-2.531121480024,-3.008611595728));
#1770 = CARTESIAN_POINT('',(-2.584584154448,-3.00882627366));
#1771 = CARTESIAN_POINT('',(-2.63735576751,-3.009010353682));
#1772 = CARTESIAN_POINT('',(-2.689484023993,-3.009164506004));
#1773 = CARTESIAN_POINT('',(-2.741055043699,-3.009290195648));
#1774 = CARTESIAN_POINT('',(-2.792138328029,-3.009389383263));
#1775 = CARTESIAN_POINT('',(-2.842800769688,-3.009464506281));
#1776 = CARTESIAN_POINT('',(-2.893105038544,-3.009518397745));
#1777 = CARTESIAN_POINT('',(-2.943111859413,-3.009554223531));
#1778 = CARTESIAN_POINT('',(-2.992880885518,-3.009575417529));
#1779 = CARTESIAN_POINT('',(-3.042472343451,-3.009585620037));
#1780 = CARTESIAN_POINT('',(-3.091946485195,-3.009588622951));
#1781 = CARTESIAN_POINT('',(-3.141370893006,-3.009588306327));
#1782 = CARTESIAN_POINT('',(-3.190798561948,-3.009588630286));
#1783 = CARTESIAN_POINT('',(-3.24028102117,-3.009585671134));
#1784 = CARTESIAN_POINT('',(-3.289880924751,-3.009575545659));
#1785 = CARTESIAN_POINT('',(-3.339656517528,-3.009554457743));
#1786 = CARTESIAN_POINT('',(-3.389666729095,-3.009518763971));
#1787 = CARTESIAN_POINT('',(-3.439972986171,-3.009465026568));
#1788 = CARTESIAN_POINT('',(-3.490633683132,-3.009390089015));
#1789 = CARTESIAN_POINT('',(-3.541731855775,-3.009291064654));
#1790 = CARTESIAN_POINT('',(-3.593265452693,-3.009165670855));
#1791 = CARTESIAN_POINT('',(-3.645331684201,-3.0090119445));
#1792 = CARTESIAN_POINT('',(-3.698029121822,-3.008828408646));
#1793 = CARTESIAN_POINT('',(-3.75144245158,-3.00861424606));
#1794 = CARTESIAN_POINT('',(-3.805649004296,-3.008369408139));
#1795 = CARTESIAN_POINT('',(-3.860719170929,-3.008094747324));
#1796 = CARTESIAN_POINT('',(-3.91671825023,-3.007792139373));
#1797 = CARTESIAN_POINT('',(-3.973707812852,-3.007464593921));
#1798 = CARTESIAN_POINT('',(-4.031746999191,-3.007116343935));
#1799 = CARTESIAN_POINT('',(-4.090894270399,-3.006752902712));
#1800 = CARTESIAN_POINT('',(-4.151207418205,-3.006381091429));
#1801 = CARTESIAN_POINT('',(-4.212750477362,-3.006008983556));
#1802 = CARTESIAN_POINT('',(-4.275575684914,-3.005645923634));
#1803 = CARTESIAN_POINT('',(-4.339799975658,-3.005301988578));
#1804 = CARTESIAN_POINT('',(-4.405319238539,-3.004989264433));
#1805 = CARTESIAN_POINT('',(-4.471901251449,-3.00472027679));
#1806 = CARTESIAN_POINT('',(-4.539390194198,-3.00450622987));
#1807 = CARTESIAN_POINT('',(-4.607575204858,-3.004356791785));
#1808 = CARTESIAN_POINT('',(-4.676217092284,-3.004279130891));
#1809 = CARTESIAN_POINT('',(-4.745010501735,-3.004277158301));
#1810 = CARTESIAN_POINT('',(-4.81367610979,-3.004350986954));
#1811 = CARTESIAN_POINT('',(-4.881891286149,-3.004496884137));
#1812 = CARTESIAN_POINT('',(-4.949411989272,-3.004707790345));
#1813 = CARTESIAN_POINT('',(-5.016036991171,-3.004974168437));
#1814 = CARTESIAN_POINT('',(-5.081605052789,-3.005284863805));
#1815 = CARTESIAN_POINT('',(-5.145974463284,-3.005627880088));
#1816 = CARTESIAN_POINT('',(-5.209060592753,-3.005991364665));
#1817 = CARTESIAN_POINT('',(-5.270892286819,-3.006364670583));
#1818 = CARTESIAN_POINT('',(-5.331489668062,-3.006738114651));
#1819 = CARTESIAN_POINT('',(-5.390891039726,-3.007103313271));
#1820 = CARTESIAN_POINT('',(-5.449146151847,-3.007453267447));
#1821 = CARTESIAN_POINT('',(-5.506313016209,-3.007782382746));
#1822 = CARTESIAN_POINT('',(-5.562478838439,-3.008086531299));
#1823 = CARTESIAN_POINT('',(-5.617684600984,-3.008362540068));
#1824 = CARTESIAN_POINT('',(-5.672004529162,-3.008608574616));
#1825 = CARTESIAN_POINT('',(-5.725543610935,-3.008823906122));
#1826 = CARTESIAN_POINT('',(-5.778383107596,-3.009008543232));
#1827 = CARTESIAN_POINT('',(-5.830599183329,-3.009163233753));
#1828 = CARTESIAN_POINT('',(-5.88226103559,-3.009289364809));
#1829 = CARTESIAN_POINT('',(-5.93343387346,-3.009388889378));
#1830 = CARTESIAN_POINT('',(-5.98418015755,-3.009464246515));
#1831 = CARTESIAN_POINT('',(-6.034561012915,-3.009518285444));
#1832 = CARTESIAN_POINT('',(-6.084637435888,-3.00955419244));
#1833 = CARTESIAN_POINT('',(-6.134471400592,-3.009575421305));
#1834 = CARTESIAN_POINT('',(-6.184127204517,-3.009585631658));
#1835 = CARTESIAN_POINT('',(-6.233671922217,-3.009588623334));
#1836 = CARTESIAN_POINT('',(-6.266676974076,-3.009588417965));
#1837 = CARTESIAN_POINT('',(-6.28318530718,-3.009588412811));
#1838 = ( GEOMETRIC_REPRESENTATION_CONTEXT(2) 
PARAMETRIC_REPRESENTATION_CONTEXT() REPRESENTATION_CONTEXT('2D SPACE',''
  ) );
#1839 = FACE_BOUND('',#1840,.F.);
#1840 = EDGE_LOOP('',(#1841));
#1841 = ORIENTED_EDGE('',*,*,#1842,.F.);
#1842 = EDGE_CURVE('',#1843,#1843,#1845,.T.);
#1843 = VERTEX_POINT('',#1844);
#1844 = CARTESIAN_POINT('',(178.9,0.,28.4));
#1845 = SURFACE_CURVE('',#1846,(#1933,#2050),.PCURVE_S1.);
#1846 = B_SPLINE_CURVE_WITH_KNOTS('',8,(#1847,#1848,#1849,#1850,#1851,
    #1852,#1853,#1854,#1855,#1856,#1857,#1858,#1859,#1860,#1861,#1862,
    #1863,#1864,#1865,#1866,#1867,#1868,#1869,#1870,#1871,#1872,#1873,
    #1874,#1875,#1876,#1877,#1878,#1879,#1880,#1881,#1882,#1883,#1884,
    #1885,#1886,#1887,#1888,#1889,#1890,#1891,#1892,#1893,#1894,#1895,
    #1896,#1897,#1898,#1899,#1900,#1901,#1902,#1903,#1904,#1905,#1906,
    #1907,#1908,#1909,#1910,#1911,#1912,#1913,#1914,#1915,#1916,#1917,
    #1918,#1919,#1920,#1921,#1922,#1923,#1924,#1925,#1926,#1927,#1928,
    #1929,#1930,#1931,#1932),.UNSPECIFIED.,.T.,.F.,(9,7,7,7,7,7,7,7,7,7,
    7,7,9),(0.,0.356120153416,0.79387073644,1.,1.321066089779,
    1.612827713427,1.998284260288,2.282262155791,2.79464897627,
    3.00024244664,3.253231845101,3.485301329495,3.999296045179),
  .UNSPECIFIED.);
#1847 = CARTESIAN_POINT('',(178.9,1.791819669549E-15,28.4));
#1848 = CARTESIAN_POINT('',(178.9,0.211979748054,28.4));
#1849 = CARTESIAN_POINT('',(178.8853274102,0.423892120313,
    28.400001094915));
#1850 = CARTESIAN_POINT('',(178.85599735148,0.635214835211,
    28.399992239075));
#1851 = CARTESIAN_POINT('',(178.81188729352,0.845343808071,
    28.399962403856));
#1852 = CARTESIAN_POINT('',(178.7527760521,1.05359209917,28.399901136343
    ));
#1853 = CARTESIAN_POINT('',(178.67836605221,1.25919051378,
    28.399799364855));
#1854 = CARTESIAN_POINT('',(178.588263443,1.461281781674,28.399650315272
    ));
#1855 = CARTESIAN_POINT('',(178.35113491695,1.901817124449,
    28.399204664454));
#1856 = CARTESIAN_POINT('',(178.19607054282,2.137463571056,
    28.398882595024));
#1857 = CARTESIAN_POINT('',(178.01552005854,2.364619387377,
    28.398477538427));
#1858 = CARTESIAN_POINT('',(177.80815110428,2.580739380796,
    28.397990487928));
#1859 = CARTESIAN_POINT('',(177.57296855561,2.782179160503,
    28.397434246308));
#1860 = CARTESIAN_POINT('',(177.30963279828,2.964343084875,
    28.396841209956));
#1861 = CARTESIAN_POINT('',(177.01875597341,3.121833833376,
    28.396264745191));
#1862 = CARTESIAN_POINT('',(176.55332749875,3.308414218806,
    28.39552839278));
#1863 = CARTESIAN_POINT('',(176.3988568671,3.361273357377,
    28.395309795962));
#1864 = CARTESIAN_POINT('',(176.23947980058,3.406534544871,
    28.395114929703));
#1865 = CARTESIAN_POINT('',(176.07589215123,3.443541261649,
    28.394950506306));
#1866 = CARTESIAN_POINT('',(175.90892901332,3.471727269667,
    28.394822557451));
#1867 = CARTESIAN_POINT('',(175.73957391633,3.490655638479,
    28.394735705603));
#1868 = CARTESIAN_POINT('',(175.56897013898,3.500075945387,
    28.394692505452));
#1869 = CARTESIAN_POINT('',(175.13280798282,3.499880811924,
    28.394693400474));
#1870 = CARTESIAN_POINT('',(174.86714892044,3.476722702833,
    28.394799619422));
#1871 = CARTESIAN_POINT('',(174.6066583371,3.430515636099,
    28.395011532873));
#1872 = CARTESIAN_POINT('',(174.35510985351,3.362921220793,
    28.395313617514));
#1873 = CARTESIAN_POINT('',(174.11526618151,3.276207901736,
    28.395679747133));
#1874 = CARTESIAN_POINT('',(173.88903162038,3.172972878548,
    28.396082751402));
#1875 = CARTESIAN_POINT('',(173.67758704456,3.055855779485,
    28.396498956525));
#1876 = CARTESIAN_POINT('',(173.30332329383,2.810575164182,
    28.397283404189));
#1877 = CARTESIAN_POINT('',(173.13750043514,2.684181403021,
    28.397653255293));
#1878 = CARTESIAN_POINT('',(172.98402854389,2.549636805889,
    28.398006668135));
#1879 = CARTESIAN_POINT('',(172.84278318755,2.408239063201,
    28.398334089455));
#1880 = CARTESIAN_POINT('',(172.71353874367,2.261113741215,
    28.398629310664));
#1881 = CARTESIAN_POINT('',(172.59599328686,2.109205663646,
    28.398889217293));
#1882 = CARTESIAN_POINT('',(172.48980481466,1.953264403525,
    28.399113211022));
#1883 = CARTESIAN_POINT('',(172.26891165813,1.583181406704,
    28.399552122086));
#1884 = CARTESIAN_POINT('',(172.16255659287,1.366656187996,
    28.399740779698));
#1885 = CARTESIAN_POINT('',(172.07477043332,1.145564664021,
    28.399870894679));
#1886 = CARTESIAN_POINT('',(172.00502291583,0.921052740293,
    28.399949956265));
#1887 = CARTESIAN_POINT('',(171.9529088981,0.69413294858,28.399988967254
    ));
#1888 = CARTESIAN_POINT('',(171.91811862522,0.465693529962,
    28.400001014956));
#1889 = CARTESIAN_POINT('',(171.90047756995,0.236495859972,
    28.400000031094));
#1890 = CARTESIAN_POINT('',(171.89966093766,-0.161770019422,
    28.399999977964));
#1891 = CARTESIAN_POINT('',(171.90863482774,-0.330706506951,
    28.400000809201));
#1892 = CARTESIAN_POINT('',(171.92692365454,-0.499349365635,
    28.399996940699));
#1893 = CARTESIAN_POINT('',(171.95457412238,-0.66738978161,
    28.399982759833));
#1894 = CARTESIAN_POINT('',(171.99167185633,-0.834494201129,
    28.399952850074));
#1895 = CARTESIAN_POINT('',(172.03833837748,-1.000303669869,
    28.399902242735));
#1896 = CARTESIAN_POINT('',(172.09473821069,-1.164431904139,
    28.399826665256));
#1897 = CARTESIAN_POINT('',(172.2808269951,-1.618816305829,
    28.399535354678));
#1898 = CARTESIAN_POINT('',(172.43259409124,-1.903402953543,
    28.399256402199));
#1899 = CARTESIAN_POINT('',(172.61787895621,-2.179126438912,
    28.398866568036));
#1900 = CARTESIAN_POINT('',(172.83885560333,-2.442662520247,
    28.398356360788));
#1901 = CARTESIAN_POINT('',(173.0972868062,-2.688915777914,
    28.397732556279));
#1902 = CARTESIAN_POINT('',(173.39416897331,-2.911095956696,
    28.397035408635));
#1903 = CARTESIAN_POINT('',(173.72895618082,-3.101124273671,
    28.396346753666));
#1904 = CARTESIAN_POINT('',(174.2482874218,-3.308959773679,
    28.395526127653));
#1905 = CARTESIAN_POINT('',(174.40243726603,-3.36162705478,
    28.395308259606));
#1906 = CARTESIAN_POINT('',(174.56146568592,-3.406727510087,
    28.395114058372));
#1907 = CARTESIAN_POINT('',(174.72468083158,-3.443609682877,
    28.394950184967));
#1908 = CARTESIAN_POINT('',(174.8912528995,-3.471711758866,
    28.394822623335));
#1909 = CARTESIAN_POINT('',(175.06020501574,-3.490600155363,
    28.394735960226));
#1910 = CARTESIAN_POINT('',(175.23040200819,-3.500026065678,
    28.394692734231));
#1911 = CARTESIAN_POINT('',(175.60989374821,-3.499967833431,
    28.394693001326));
#1912 = CARTESIAN_POINT('',(175.81931995462,-3.48562361558,
    28.394758790786));
#1913 = CARTESIAN_POINT('',(176.02631496013,-3.456951562803,
    28.394890309898));
#1914 = CARTESIAN_POINT('',(176.22885618381,-3.414561678135,
    28.395081671973));
#1915 = CARTESIAN_POINT('',(176.42531840242,-3.359413893526,
    28.395322464284));
#1916 = CARTESIAN_POINT('',(176.61442242654,-3.292674342862,
    28.395600097727));
#1917 = CARTESIAN_POINT('',(176.79520039156,-3.21563600093,
    28.395902025272));
#1918 = CARTESIAN_POINT('',(177.12452588675,-3.050747346405,
    28.396505538996));
#1919 = CARTESIAN_POINT('',(177.27465182605,-2.964242901669,
    28.396805369804));
#1920 = CARTESIAN_POINT('',(177.4170630645,-2.870993327661,
    28.397107979281));
#1921 = CARTESIAN_POINT('',(177.55162551856,-2.77182067302,
    28.397406018516));
#1922 = CARTESIAN_POINT('',(177.67831953136,-2.667476568669,
    28.39769349927));
#1923 = CARTESIAN_POINT('',(177.79721227087,-2.558623941667,
    28.397965949912));
#1924 = CARTESIAN_POINT('',(177.90843358365,-2.445822212056,
    28.398220327346));
#1925 = CARTESIAN_POINT('',(178.24188139832,-2.07191729449,
    28.398973747367));
#1926 = CARTESIAN_POINT('',(178.43423474647,-1.797781984607,
    28.399393303756));
#1927 = CARTESIAN_POINT('',(178.59188125006,-1.511533267925,
    28.399694439009));
#1928 = CARTESIAN_POINT('',(178.71613010431,-1.216628739659,
    28.399880907253));
#1929 = CARTESIAN_POINT('',(178.80831966376,-0.916000599625,
    28.399973540075));
#1930 = CARTESIAN_POINT('',(178.86937763952,-0.61194681704,
    28.400002285941));
#1931 = CARTESIAN_POINT('',(178.9,-0.306233662386,28.4));
#1932 = CARTESIAN_POINT('',(178.9,1.7763568394E-15,28.4));
#1933 = PCURVE('',#280,#1934);
#1934 = DEFINITIONAL_REPRESENTATION('',(#1935),#2049);
#1935 = B_SPLINE_CURVE_WITH_KNOTS('',3,(#1936,#1937,#1938,#1939,#1940,
    #1941,#1942,#1943,#1944,#1945,#1946,#1947,#1948,#1949,#1950,#1951,
    #1952,#1953,#1954,#1955,#1956,#1957,#1958,#1959,#1960,#1961,#1962,
    #1963,#1964,#1965,#1966,#1967,#1968,#1969,#1970,#1971,#1972,#1973,
    #1974,#1975,#1976,#1977,#1978,#1979,#1980,#1981,#1982,#1983,#1984,
    #1985,#1986,#1987,#1988,#1989,#1990,#1991,#1992,#1993,#1994,#1995,
    #1996,#1997,#1998,#1999,#2000,#2001,#2002,#2003,#2004,#2005,#2006,
    #2007,#2008,#2009,#2010,#2011,#2012,#2013,#2014,#2015,#2016,#2017,
    #2018,#2019,#2020,#2021,#2022,#2023,#2024,#2025,#2026,#2027,#2028,
    #2029,#2030,#2031,#2032,#2033,#2034,#2035,#2036,#2037,#2038,#2039,
    #2040,#2041,#2042,#2043,#2044,#2045,#2046,#2047,#2048),
  .UNSPECIFIED.,.F.,.F.,(4,1,1,1,1,1,1,1,1,1,1,1,1,1,1,1,1,1,1,1,1,1,1,1
    ,1,1,1,1,1,1,1,1,1,1,1,1,1,1,1,1,1,1,1,1,1,1,1,1,1,1,1,1,1,1,1,1,1,1
    ,1,1,1,1,1,1,1,1,1,1,1,1,1,1,1,1,1,1,1,1,1,1,1,1,1,1,1,1,1,1,1,1,1,1
    ,1,1,1,1,1,1,1,1,1,1,1,1,1,1,1,1,1,1,4),(0.,3.635723677435E-02,
    7.27144735487E-02,0.109071710323,0.145428947097,0.181786183872,
    0.218143420646,0.25450065742,0.290857894195,0.327215130969,
    0.363572367744,0.399929604518,0.436286841292,0.472644078067,
    0.509001314841,0.545358551615,0.58171578839,0.618073025164,
    0.654430261938,0.690787498713,0.727144735487,0.763501972261,
    0.799859209036,0.83621644581,0.872573682584,0.908930919359,
    0.945288156133,0.981645392908,1.018002629682,1.054359866456,
    1.090717103231,1.127074340005,1.163431576779,1.199788813554,
    1.236146050328,1.272503287102,1.308860523877,1.345217760651,
    1.381574997425,1.4179322342,1.454289470974,1.490646707748,
    1.527003944523,1.563361181297,1.599718418071,1.636075654846,
    1.67243289162,1.708790128395,1.745147365169,1.781504601943,
    1.817861838718,1.854219075492,1.890576312266,1.926933549041,
    1.963290785815,1.999648022589,2.036005259364,2.072362496138,
    2.108719732912,2.145076969687,2.181434206461,2.217791443235,
    2.25414868001,2.290505916784,2.326863153559,2.363220390333,
    2.399577627107,2.435934863882,2.472292100656,2.50864933743,
    2.545006574205,2.581363810979,2.617721047753,2.654078284528,
    2.690435521302,2.726792758076,2.763149994851,2.799507231625,
    2.835864468399,2.872221705174,2.908578941948,2.944936178723,
    2.981293415497,3.017650652271,3.054007889046,3.09036512582,
    3.126722362594,3.163079599369,3.199436836143,3.235794072917,
    3.272151309692,3.308508546466,3.34486578324,3.381223020015,
    3.417580256789,3.453937493563,3.490294730338,3.526651967112,
    3.563009203887,3.599366440661,3.635723677435,3.67208091421,
    3.708438150984,3.744795387758,3.781152624533,3.817509861307,
    3.853867098081,3.890224334856,3.92658157163,3.962938808404,
    3.999296045179),.QUASI_UNIFORM_KNOTS.);
#1936 = CARTESIAN_POINT('',(93.402931280314,0.87014084507));
#1937 = CARTESIAN_POINT('',(93.345242217537,0.870140839905));
#1938 = CARTESIAN_POINT('',(93.229872449462,0.87013280794));
#1939 = CARTESIAN_POINT('',(93.057053367356,0.870096607752));
#1940 = CARTESIAN_POINT('',(92.88467445609,0.870036190868));
#1941 = CARTESIAN_POINT('',(92.712960955091,0.869951412754));
#1942 = CARTESIAN_POINT('',(92.54215183817,0.86984208262));
#1943 = CARTESIAN_POINT('',(92.372501561696,0.869707957405));
#1944 = CARTESIAN_POINT('',(92.204281094315,0.869548745867));
#1945 = CARTESIAN_POINT('',(92.037773845156,0.869364097601));
#1946 = CARTESIAN_POINT('',(91.87329361921,0.869153625814));
#1947 = CARTESIAN_POINT('',(91.711120693721,0.868916791654));
#1948 = CARTESIAN_POINT('',(91.551768749584,0.868653325386));
#1949 = CARTESIAN_POINT('',(91.395580547278,0.868362636668));
#1950 = CARTESIAN_POINT('',(91.242954058755,0.868044059739));
#1951 = CARTESIAN_POINT('',(91.094392784045,0.867696990246));
#1952 = CARTESIAN_POINT('',(90.950485949284,0.867320886988));
#1953 = CARTESIAN_POINT('',(90.811907786491,0.866915307329));
#1954 = CARTESIAN_POINT('',(90.67941201335,0.866479932596));
#1955 = CARTESIAN_POINT('',(90.55382731378,0.866014592305));
#1956 = CARTESIAN_POINT('',(90.436053972052,0.865519298312));
#1957 = CARTESIAN_POINT('',(90.327054722604,0.864994238492));
#1958 = CARTESIAN_POINT('',(90.227866888174,0.864439923282));
#1959 = CARTESIAN_POINT('',(90.139533927681,0.863856764906));
#1960 = CARTESIAN_POINT('',(90.063348161922,0.863246865898));
#1961 = CARTESIAN_POINT('',(90.000632103931,0.862613986002));
#1962 = CARTESIAN_POINT('',(89.952479285164,0.861961978983));
#1963 = CARTESIAN_POINT('',(89.919814306299,0.861295510077));
#1964 = CARTESIAN_POINT('',(89.903312429088,0.860619888258));
#1965 = CARTESIAN_POINT('',(89.903341220134,0.859941214802));
#1966 = CARTESIAN_POINT('',(89.919890956853,0.859265889359));
#1967 = CARTESIAN_POINT('',(89.952565153542,0.858600117341));
#1968 = CARTESIAN_POINT('',(90.000669237237,0.857949054722));
#1969 = CARTESIAN_POINT('',(90.06329408722,0.857317064419));
#1970 = CARTESIAN_POINT('',(90.13937830144,0.856707752583));
#1971 = CARTESIAN_POINT('',(90.227759399297,0.85612404504));
#1972 = CARTESIAN_POINT('',(90.327212940797,0.855568244683));
#1973 = CARTESIAN_POINT('',(90.436495757631,0.855042068348));
#1974 = CARTESIAN_POINT('',(90.554345966533,0.854546745629));
#1975 = CARTESIAN_POINT('',(90.679948239564,0.854081583481));
#1976 = CARTESIAN_POINT('',(90.812409313209,0.853646528153));
#1977 = CARTESIAN_POINT('',(90.95093126417,0.85324127035));
#1978 = CARTESIAN_POINT('',(91.094781115668,0.852865436681));
#1979 = CARTESIAN_POINT('',(91.243301292516,0.852518557037));
#1980 = CARTESIAN_POINT('',(91.395909925463,0.852200095656));
#1981 = CARTESIAN_POINT('',(91.552103571346,0.851909465958));
#1982 = CARTESIAN_POINT('',(91.711463083783,0.851646061088));
#1983 = CARTESIAN_POINT('',(91.873500741976,0.851409479172));
#1984 = CARTESIAN_POINT('',(92.037890969529,0.851199147748));
#1985 = CARTESIAN_POINT('',(92.204302130294,0.851014618187));
#1986 = CARTESIAN_POINT('',(92.37242862873,0.850855490948));
#1987 = CARTESIAN_POINT('',(92.541981149751,0.850721424603));
#1988 = CARTESIAN_POINT('',(92.712688556232,0.850612126814));
#1989 = CARTESIAN_POINT('',(92.884296447395,0.850527354085));
#1990 = CARTESIAN_POINT('',(93.056568583521,0.850466912602));
#1991 = CARTESIAN_POINT('',(93.229281088404,0.850430661885));
#1992 = CARTESIAN_POINT('',(93.402243314909,0.850418519869));
#1993 = CARTESIAN_POINT('',(93.575219361243,0.850430471042));
#1994 = CARTESIAN_POINT('',(93.747965768614,0.850466539693));
#1995 = CARTESIAN_POINT('',(93.920275380314,0.850526808409));
#1996 = CARTESIAN_POINT('',(94.091917202444,0.85061141431));
#1997 = CARTESIAN_POINT('',(94.262650849428,0.850720544733));
#1998 = CARTESIAN_POINT('',(94.432228020224,0.850854445454));
#1999 = CARTESIAN_POINT('',(94.600370591245,0.851013394485));
#2000 = CARTESIAN_POINT('',(94.766854536106,0.851197816252));
#2001 = CARTESIAN_POINT('',(94.931154340381,0.851407837609));
#2002 = CARTESIAN_POINT('',(95.093034337768,0.85164395331));
#2003 = CARTESIAN_POINT('',(95.252216370678,0.85190677286));
#2004 = CARTESIAN_POINT('',(95.408325294631,0.852196896728));
#2005 = CARTESIAN_POINT('',(95.560908381039,0.852514914802));
#2006 = CARTESIAN_POINT('',(95.709434418234,0.852861375431));
#2007 = CARTESIAN_POINT('',(95.8532978782,0.853236764836));
#2008 = CARTESIAN_POINT('',(95.991821491238,0.853641486083));
#2009 = CARTESIAN_POINT('',(96.124258850245,0.854075838802));
#2010 = CARTESIAN_POINT('',(96.249797319817,0.854540004439));
#2011 = CARTESIAN_POINT('',(96.367558377816,0.855034016572));
#2012 = CARTESIAN_POINT('',(96.476606199846,0.855557794186));
#2013 = CARTESIAN_POINT('',(96.575923459394,0.85611094868));
#2014 = CARTESIAN_POINT('',(96.664506730166,0.856693446576));
#2015 = CARTESIAN_POINT('',(96.740999013083,0.857303000761));
#2016 = CARTESIAN_POINT('',(96.804032280559,0.857935565116));
#2017 = CARTESIAN_POINT('',(96.852519511153,0.858587376465));
#2018 = CARTESIAN_POINT('',(96.885527843591,0.859253756568));
#2019 = CARTESIAN_POINT('',(96.902376199778,0.85992942086));
#2020 = CARTESIAN_POINT('',(96.902690490831,0.860608245972));
#2021 = CARTESIAN_POINT('',(96.886466790875,0.861284042055));
#2022 = CARTESIAN_POINT('',(96.854078366428,0.861950593435));
#2023 = CARTESIAN_POINT('',(96.806206432812,0.86260264722));
#2024 = CARTESIAN_POINT('',(96.743760498783,0.863235694816));
#2025 = CARTESIAN_POINT('',(96.667824151401,0.863845938098));
#2026 = CARTESIAN_POINT('',(96.579592783584,0.864430292701));
#2027 = CARTESIAN_POINT('',(96.480386684631,0.86498610805));
#2028 = CARTESIAN_POINT('',(96.371304097104,0.865512617896));
#2029 = CARTESIAN_POINT('',(96.253406801856,0.86600921721));
#2030 = CARTESIAN_POINT('',(96.127696283429,0.866475613515));
#2031 = CARTESIAN_POINT('',(95.995087656689,0.866911811991));
#2032 = CARTESIAN_POINT('',(95.85641837036,0.867318022288));
#2033 = CARTESIAN_POINT('',(95.712375460717,0.867694765854));
#2034 = CARTESIAN_POINT('',(95.563730325467,0.868042251485));
#2035 = CARTESIAN_POINT('',(95.411042698293,0.86836114368));
#2036 = CARTESIAN_POINT('',(95.254762087144,0.868652160299));
#2037 = CARTESIAN_POINT('',(95.095325844998,0.868915886557));
#2038 = CARTESIAN_POINT('',(94.933136227756,0.869152852452));
#2039 = CARTESIAN_POINT('',(94.768568960574,0.869363530703));
#2040 = CARTESIAN_POINT('',(94.601972662355,0.869548348998));
#2041 = CARTESIAN_POINT('',(94.433670192389,0.869707692972));
#2042 = CARTESIAN_POINT('',(94.263959120209,0.869841907523));
#2043 = CARTESIAN_POINT('',(94.09311207986,0.86995129498));
#2044 = CARTESIAN_POINT('',(93.921377214834,0.870036112161));
#2045 = CARTESIAN_POINT('',(93.748977402286,0.870096561755));
#2046 = CARTESIAN_POINT('',(93.57611339331,0.870132794622));
#2047 = CARTESIAN_POINT('',(93.460672166917,0.870140838176));
#2048 = CARTESIAN_POINT('',(93.402931280314,0.87014084507));
#2049 = ( GEOMETRIC_REPRESENTATION_CONTEXT(2) 
PARAMETRIC_REPRESENTATION_CONTEXT() REPRESENTATION_CONTEXT('2D SPACE',''
  ) );
#2050 = PCURVE('',#2051,#2056);
#2051 = CYLINDRICAL_SURFACE('',#2052,3.5);
#2052 = AXIS2_PLACEMENT_3D('',#2053,#2054,#2055);
#2053 = CARTESIAN_POINT('',(175.4,0.,25.390411587189));
#2054 = DIRECTION('',(-0.,-0.,-1.));
#2055 = DIRECTION('',(1.,0.,0.));
#2056 = DEFINITIONAL_REPRESENTATION('',(#2057),#2171);
#2057 = B_SPLINE_CURVE_WITH_KNOTS('',3,(#2058,#2059,#2060,#2061,#2062,
    #2063,#2064,#2065,#2066,#2067,#2068,#2069,#2070,#2071,#2072,#2073,
    #2074,#2075,#2076,#2077,#2078,#2079,#2080,#2081,#2082,#2083,#2084,
    #2085,#2086,#2087,#2088,#2089,#2090,#2091,#2092,#2093,#2094,#2095,
    #2096,#2097,#2098,#2099,#2100,#2101,#2102,#2103,#2104,#2105,#2106,
    #2107,#2108,#2109,#2110,#2111,#2112,#2113,#2114,#2115,#2116,#2117,
    #2118,#2119,#2120,#2121,#2122,#2123,#2124,#2125,#2126,#2127,#2128,
    #2129,#2130,#2131,#2132,#2133,#2134,#2135,#2136,#2137,#2138,#2139,
    #2140,#2141,#2142,#2143,#2144,#2145,#2146,#2147,#2148,#2149,#2150,
    #2151,#2152,#2153,#2154,#2155,#2156,#2157,#2158,#2159,#2160,#2161,
    #2162,#2163,#2164,#2165,#2166,#2167,#2168,#2169,#2170),
  .UNSPECIFIED.,.F.,.F.,(4,1,1,1,1,1,1,1,1,1,1,1,1,1,1,1,1,1,1,1,1,1,1,1
    ,1,1,1,1,1,1,1,1,1,1,1,1,1,1,1,1,1,1,1,1,1,1,1,1,1,1,1,1,1,1,1,1,1,1
    ,1,1,1,1,1,1,1,1,1,1,1,1,1,1,1,1,1,1,1,1,1,1,1,1,1,1,1,1,1,1,1,1,1,1
    ,1,1,1,1,1,1,1,1,1,1,1,1,1,1,1,1,1,1,4),(0.,3.635723677435E-02,
    7.27144735487E-02,0.109071710323,0.145428947097,0.181786183872,
    0.218143420646,0.25450065742,0.290857894195,0.327215130969,
    0.363572367744,0.399929604518,0.436286841292,0.472644078067,
    0.509001314841,0.545358551615,0.58171578839,0.618073025164,
    0.654430261938,0.690787498713,0.727144735487,0.763501972261,
    0.799859209036,0.83621644581,0.872573682584,0.908930919359,
    0.945288156133,0.981645392908,1.018002629682,1.054359866456,
    1.090717103231,1.127074340005,1.163431576779,1.199788813554,
    1.236146050328,1.272503287102,1.308860523877,1.345217760651,
    1.381574997425,1.4179322342,1.454289470974,1.490646707748,
    1.527003944523,1.563361181297,1.599718418071,1.636075654846,
    1.67243289162,1.708790128395,1.745147365169,1.781504601943,
    1.817861838718,1.854219075492,1.890576312266,1.926933549041,
    1.963290785815,1.999648022589,2.036005259364,2.072362496138,
    2.108719732912,2.145076969687,2.181434206461,2.217791443235,
    2.25414868001,2.290505916784,2.326863153559,2.363220390333,
    2.399577627107,2.435934863882,2.472292100656,2.50864933743,
    2.545006574205,2.581363810979,2.617721047753,2.654078284528,
    2.690435521302,2.726792758076,2.763149994851,2.799507231625,
    2.835864468399,2.872221705174,2.908578941948,2.944936178723,
    2.981293415497,3.017650652271,3.054007889046,3.09036512582,
    3.126722362594,3.163079599369,3.199436836143,3.235794072917,
    3.272151309692,3.308508546466,3.34486578324,3.381223020015,
    3.417580256789,3.453937493563,3.490294730338,3.526651967112,
    3.563009203887,3.599366440661,3.635723677435,3.67208091421,
    3.708438150984,3.744795387758,3.781152624533,3.817509861307,
    3.853867098081,3.890224334856,3.92658157163,3.962938808404,
    3.999296045179),.QUASI_UNIFORM_KNOTS.);
#2058 = CARTESIAN_POINT('',(-5.119484770139E-16,-3.009588412811));
#2059 = CARTESIAN_POINT('',(-1.648856817228E-02,-3.009588417602));
#2060 = CARTESIAN_POINT('',(-4.946291918485E-02,-3.009588623266));
#2061 = CARTESIAN_POINT('',(-9.897849008581E-02,-3.009585639937));
#2062 = CARTESIAN_POINT('',(-0.148611381491,-3.00957545084));
#2063 = CARTESIAN_POINT('',(-0.198421804418,-3.009554260616));
#2064 = CARTESIAN_POINT('',(-0.24846937472,-3.00951841868));
#2065 = CARTESIAN_POINT('',(-0.298813972773,-3.009464483686));
#2066 = CARTESIAN_POINT('',(-0.349516589758,-3.009389283529));
#2067 = CARTESIAN_POINT('',(-0.400642105345,-3.009289973546));
#2068 = CARTESIAN_POINT('',(-0.452255008859,-3.009164121152));
#2069 = CARTESIAN_POINT('',(-0.504442523894,-3.009009697512));
#2070 = CARTESIAN_POINT('',(-0.557228948653,-3.00882544727));
#2071 = CARTESIAN_POINT('',(-0.610707245947,-3.008610591763));
#2072 = CARTESIAN_POINT('',(-0.66497266395,-3.008365050372));
#2073 = CARTESIAN_POINT('',(-0.72010588863,-3.008089652422));
#2074 = CARTESIAN_POINT('',(-0.776179944161,-3.007786251129));
#2075 = CARTESIAN_POINT('',(-0.833260449296,-3.007457852235));
#2076 = CARTESIAN_POINT('',(-0.891407328339,-3.007108713688));
#2077 = CARTESIAN_POINT('',(-0.950676223322,-3.006744412121));
#2078 = CARTESIAN_POINT('',(-1.011118701682,-3.006371870606));
#2079 = CARTESIAN_POINT('',(-1.072786743989,-3.005999307867));
#2080 = CARTESIAN_POINT('',(-1.135720520374,-3.005636207605));
#2081 = CARTESIAN_POINT('',(-1.199997921036,-3.005292886947));
#2082 = CARTESIAN_POINT('',(-1.265543527053,-3.004981231716));
#2083 = CARTESIAN_POINT('',(-1.332153801663,-3.004713604963));
#2084 = CARTESIAN_POINT('',(-1.399664007682,-3.004501218239));
#2085 = CARTESIAN_POINT('',(-1.467864785612,-3.004353672003));
#2086 = CARTESIAN_POINT('',(-1.536513732414,-3.004278054676));
#2087 = CARTESIAN_POINT('',(-1.605309852697,-3.004278188774));
#2088 = CARTESIAN_POINT('',(-1.673929801569,-3.004354020307));
#2089 = CARTESIAN_POINT('',(-1.742061047392,-3.004501599882));
#2090 = CARTESIAN_POINT('',(-1.80947479395,-3.004713764928));
#2091 = CARTESIAN_POINT('',(-1.875991329043,-3.004980997125));
#2092 = CARTESIAN_POINT('',(-1.941471221162,-3.005292263118));
#2093 = CARTESIAN_POINT('',(-2.005805168076,-3.005635814718));
#2094 = CARTESIAN_POINT('',(-2.068907370322,-3.005999893598));
#2095 = CARTESIAN_POINT('',(-2.130713896469,-3.006373337747));
#2096 = CARTESIAN_POINT('',(-2.191170981977,-3.006745986627));
#2097 = CARTESIAN_POINT('',(-2.250428577626,-3.007110196828));
#2098 = CARTESIAN_POINT('',(-2.3085444381,-3.007459099221));
#2099 = CARTESIAN_POINT('',(-2.365590334448,-3.007787240345));
#2100 = CARTESIAN_POINT('',(-2.421633890514,-3.008090417215));
#2101 = CARTESIAN_POINT('',(-2.476745807124,-3.008365649038));
#2102 = CARTESIAN_POINT('',(-2.531000165407,-3.008611079431));
#2103 = CARTESIAN_POINT('',(-2.584476453635,-3.008825871414));
#2104 = CARTESIAN_POINT('',(-2.637261610499,-3.00901005252));
#2105 = CARTESIAN_POINT('',(-2.689403057921,-3.009164289952));
#2106 = CARTESIAN_POINT('',(-2.740986699653,-3.00929004832));
#2107 = CARTESIAN_POINT('',(-2.79208227158,-3.00938928947));
#2108 = CARTESIAN_POINT('',(-2.842756737322,-3.009464452032));
#2109 = CARTESIAN_POINT('',(-2.893072846251,-3.009518370669));
#2110 = CARTESIAN_POINT('',(-2.943091369758,-3.009554213184));
#2111 = CARTESIAN_POINT('',(-2.992871992823,-3.009575415669));
#2112 = CARTESIAN_POINT('',(-3.042474944346,-3.009585620933));
#2113 = CARTESIAN_POINT('',(-3.09196049929,-3.009588623297));
#2114 = CARTESIAN_POINT('',(-3.141396102467,-3.009588306326));
#2115 = CARTESIAN_POINT('',(-3.190835173336,-3.009588629182));
#2116 = CARTESIAN_POINT('',(-3.240329017155,-3.009585666454));
#2117 = CARTESIAN_POINT('',(-3.289940427414,-3.009575528769));
#2118 = CARTESIAN_POINT('',(-3.339727680171,-3.009554418929));
#2119 = CARTESIAN_POINT('',(-3.389749753138,-3.009518691952));
#2120 = CARTESIAN_POINT('',(-3.440068118937,-3.00946490805));
#2121 = CARTESIAN_POINT('',(-3.490741174719,-3.009389908109));
#2122 = CARTESIAN_POINT('',(-3.541852105298,-3.009290804365));
#2123 = CARTESIAN_POINT('',(-3.593399238027,-3.009165313095));
#2124 = CARTESIAN_POINT('',(-3.645479006041,-3.009011472647));
#2125 = CARTESIAN_POINT('',(-3.698190449229,-3.008827806077));
#2126 = CARTESIAN_POINT('',(-3.751618328737,-3.008613497495));
#2127 = CARTESIAN_POINT('',(-3.805840103396,-3.008368500509));
#2128 = CARTESIAN_POINT('',(-3.860926230699,-3.008093671084));
#2129 = CARTESIAN_POINT('',(-3.916942048631,-3.007790889986));
#2130 = CARTESIAN_POINT('',(-3.973949131938,-3.007463173539));
#2131 = CARTESIAN_POINT('',(-4.032006593068,-3.007114763142));
#2132 = CARTESIAN_POINT('',(-4.09117282502,-3.006751182258));
#2133 = CARTESIAN_POINT('',(-4.151505525144,-3.006379263658));
#2134 = CARTESIAN_POINT('',(-4.213068528114,-3.006007093762));
#2135 = CARTESIAN_POINT('',(-4.275914014862,-3.005644029587));
#2136 = CARTESIAN_POINT('',(-4.340158003215,-3.00530016361));
#2137 = CARTESIAN_POINT('',(-4.405699774477,-3.004987574872));
#2138 = CARTESIAN_POINT('',(-4.472303674588,-3.00471881337));
#2139 = CARTESIAN_POINT('',(-4.539813996839,-3.004505081891));
#2140 = CARTESIAN_POINT('',(-4.608019331563,-3.004356045004));
#2141 = CARTESIAN_POINT('',(-4.676679432578,-3.004278855518));
#2142 = CARTESIAN_POINT('',(-4.745490960466,-3.004277409688));
#2143 = CARTESIAN_POINT('',(-4.814152113753,-3.004351762212));
#2144 = CARTESIAN_POINT('',(-4.882350420219,-3.004498106856));
#2145 = CARTESIAN_POINT('',(-4.949848973399,-3.004709361444));
#2146 = CARTESIAN_POINT('',(-5.016454950014,-3.004976008431));
#2147 = CARTESIAN_POINT('',(-5.082009838396,-3.005286911555));
#2148 = CARTESIAN_POINT('',(-5.146387342307,-3.00563018013));
#2149 = CARTESIAN_POINT('',(-5.209459144671,-3.005993727008));
#2150 = CARTESIAN_POINT('',(-5.271265987168,-3.006366961262));
#2151 = CARTESIAN_POINT('',(-5.331838013255,-3.006740266701));
#2152 = CARTESIAN_POINT('',(-5.391213795115,-3.0071052795));
#2153 = CARTESIAN_POINT('',(-5.449445004212,-3.007455028357));
#2154 = CARTESIAN_POINT('',(-5.506589564835,-3.00778393025));
#2155 = CARTESIAN_POINT('',(-5.562736227582,-3.008087871066));
#2156 = CARTESIAN_POINT('',(-5.61791478431,-3.008363634786));
#2157 = CARTESIAN_POINT('',(-5.672213244546,-3.008609464758));
#2158 = CARTESIAN_POINT('',(-5.725731863028,-3.008824610617));
#2159 = CARTESIAN_POINT('',(-5.778552386194,-3.009009086476));
#2160 = CARTESIAN_POINT('',(-5.83075026375,-3.009163638492));
#2161 = CARTESIAN_POINT('',(-5.882394456102,-3.009289653911));
#2162 = CARTESIAN_POINT('',(-5.933549933174,-3.009389084994));
#2163 = CARTESIAN_POINT('',(-5.984279022343,-3.009464369755));
#2164 = CARTESIAN_POINT('',(-6.034642779083,-3.009518355774));
#2165 = CARTESIAN_POINT('',(-6.084702197268,-3.00955422708));
#2166 = CARTESIAN_POINT('',(-6.134519309965,-3.00957543462));
#2167 = CARTESIAN_POINT('',(-6.184158538247,-3.009585634637));
#2168 = CARTESIAN_POINT('',(-6.23368713725,-3.009588623195));
#2169 = CARTESIAN_POINT('',(-6.266681935626,-3.009588417974));
#2170 = CARTESIAN_POINT('',(-6.28318530718,-3.009588412811));
#2171 = ( GEOMETRIC_REPRESENTATION_CONTEXT(2) 
PARAMETRIC_REPRESENTATION_CONTEXT() REPRESENTATION_CONTEXT('2D SPACE',''
  ) );
#2172 = FACE_BOUND('',#2173,.F.);
#2173 = EDGE_LOOP('',(#2174));
#2174 = ORIENTED_EDGE('',*,*,#2175,.F.);
#2175 = EDGE_CURVE('',#2176,#2176,#2178,.T.);
#2176 = VERTEX_POINT('',#2177);
#2177 = CARTESIAN_POINT('',(211.7,0.,28.4));
#2178 = SURFACE_CURVE('',#2179,(#2238,#2333),.PCURVE_S1.);
#2179 = B_SPLINE_CURVE_WITH_KNOTS('',8,(#2180,#2181,#2182,#2183,#2184,
    #2185,#2186,#2187,#2188,#2189,#2190,#2191,#2192,#2193,#2194,#2195,
    #2196,#2197,#2198,#2199,#2200,#2201,#2202,#2203,#2204,#2205,#2206,
    #2207,#2208,#2209,#2210,#2211,#2212,#2213,#2214,#2215,#2216,#2217,
    #2218,#2219,#2220,#2221,#2222,#2223,#2224,#2225,#2226,#2227,#2228,
    #2229,#2230,#2231,#2232,#2233,#2234,#2235,#2236,#2237),
  .UNSPECIFIED.,.T.,.F.,(9,7,7,7,7,7,7,7,9),(0.,0.107145917494,
    0.24324901385,0.333375597266,0.540996571541,0.702924224176,
    0.845913873207,1.,1.12805519881),.UNSPECIFIED.);
#2180 = CARTESIAN_POINT('',(211.7,1.998401444325E-15,28.4));
#2181 = CARTESIAN_POINT('',(211.7,8.063616207825E-02,28.4));
#2182 = CARTESIAN_POINT('',(211.693807407,0.161250037845,28.400000158059
    ));
#2183 = CARTESIAN_POINT('',(211.68142824874,0.241526536336,
    28.399999867762));
#2184 = CARTESIAN_POINT('',(211.66282543729,0.321118596151,
    28.399998516399));
#2185 = CARTESIAN_POINT('',(211.63793882165,0.399644814426,
    28.399995542161));
#2186 = CARTESIAN_POINT('',(211.60669516104,0.476684623848,
    28.39999049345));
#2187 = CARTESIAN_POINT('',(211.56900801891,0.55177101771,
    28.399983090295));
#2188 = CARTESIAN_POINT('',(211.46857074606,0.716614102243,
    28.399960836277));
#2189 = CARTESIAN_POINT('',(211.40183094797,0.804810575658,
    28.399944505047));
#2190 = CARTESIAN_POINT('',(211.3242997582,0.887920190426,
    28.399924266273));
#2191 = CARTESIAN_POINT('',(211.2358690907,0.964480938264,
    28.399900534722));
#2192 = CARTESIAN_POINT('',(211.13673402753,1.032612177447,
    28.399874843076));
#2193 = CARTESIAN_POINT('',(211.02760249886,1.090155664616,
    28.399849856698));
#2194 = CARTESIAN_POINT('',(210.90995181388,1.134964296407,
    28.399828727924));
#2195 = CARTESIAN_POINT('',(210.70447183547,1.18545220085,
    28.399803898043));
#2196 = CARTESIAN_POINT('',(210.62002983888,1.199231637635,
    28.399796720943));
#2197 = CARTESIAN_POINT('',(210.53399581665,1.20614554864,
    28.399792952392));
#2198 = CARTESIAN_POINT('',(210.44740114227,1.205931125709,
    28.399793043292));
#2199 = CARTESIAN_POINT('',(210.36128117399,1.198567225992,
    28.399797050883));
#2200 = CARTESIAN_POINT('',(210.27664137969,1.184258340472,
    28.399804610566));
#2201 = CARTESIAN_POINT('',(210.19442721113,1.163429380151,
    28.399815030332));
#2202 = CARTESIAN_POINT('',(209.9336710613,1.07522794339,28.399856251597
    ));
#2203 = CARTESIAN_POINT('',(209.77124032663,0.983242304087,
    28.399895588609));
#2204 = CARTESIAN_POINT('',(209.63246668207,0.868035551727,
    28.399936116203));
#2205 = CARTESIAN_POINT('',(209.518863344,0.736351311061,28.399967574043
    ));
#2206 = CARTESIAN_POINT('',(209.43045771327,0.593716778319,
    28.399986930346));
#2207 = CARTESIAN_POINT('',(209.36641177128,0.444493869789,
    28.399996323351));
#2208 = CARTESIAN_POINT('',(209.32554622938,0.291594131115,
    28.399999228037));
#2209 = CARTESIAN_POINT('',(209.29393974966,1.554314895176E-02,
    28.400000381504));
#2210 = CARTESIAN_POINT('',(209.29420427349,-0.106250739072,
    28.399998910609));
#2211 = CARTESIAN_POINT('',(209.308375263,-0.227919628124,
    28.400002219823));
#2212 = CARTESIAN_POINT('',(209.33659364295,-0.348352955692,
    28.399999422534));
#2213 = CARTESIAN_POINT('',(209.37907794642,-0.466249266777,
    28.39999486875));
#2214 = CARTESIAN_POINT('',(209.43611821953,-0.58007126977,
    28.399983561226));
#2215 = CARTESIAN_POINT('',(209.50795625315,-0.688056617284,
    28.399966502029));
#2216 = CARTESIAN_POINT('',(209.6718799021,-0.876310328106,
    28.399925190439));
#2217 = CARTESIAN_POINT('',(209.76078685255,-0.958540608497,
    28.39990199538));
#2218 = CARTESIAN_POINT('',(209.8617440068,-1.032751435771,
    28.399875842457));
#2219 = CARTESIAN_POINT('',(209.97427245649,-1.096522551588,
    28.399848706929));
#2220 = CARTESIAN_POINT('',(210.09711595842,-1.147210511806,
    28.39982378577));
#2221 = CARTESIAN_POINT('',(210.22808345156,-1.182347091272,
    28.399805437349));
#2222 = CARTESIAN_POINT('',(210.363802213,-1.199952300215,
    28.399796243241));
#2223 = CARTESIAN_POINT('',(210.64589268932,-1.200051248076,
    28.399796191565));
#2224 = CARTESIAN_POINT('',(210.79229040124,-1.179713897654,
    28.399806811417));
#2225 = CARTESIAN_POINT('',(210.93265688664,-1.138951972745,
    28.399828111221));
#2226 = CARTESIAN_POINT('',(211.06287905734,-1.080543133152,
    28.399856529773));
#2227 = CARTESIAN_POINT('',(211.18051412378,-1.007705910084,
    28.399886287775));
#2228 = CARTESIAN_POINT('',(211.28437496566,-0.923733603796,
    28.399913840723));
#2229 = CARTESIAN_POINT('',(211.3742235443,-0.831414956271,
    28.399937218826));
#2230 = CARTESIAN_POINT('',(211.5135073407,-0.650784415373,
    28.399971295009));
#2231 = CARTESIAN_POINT('',(211.56728908323,-0.564322309522,
    28.399983487409));
#2232 = CARTESIAN_POINT('',(211.61181219705,-0.474401019704,
    28.399992064037));
#2233 = CARTESIAN_POINT('',(211.64721772788,-0.381894902436,
    28.399997233192));
#2234 = CARTESIAN_POINT('',(211.67364141595,-0.287572097729,
    28.399999645607));
#2235 = CARTESIAN_POINT('',(211.69120839384,-0.192106194565,
    28.400000225013));
#2236 = CARTESIAN_POINT('',(211.7,-9.607980031279E-02,28.4));
#2237 = CARTESIAN_POINT('',(211.7,2.109423746788E-15,28.4));
#2238 = PCURVE('',#280,#2239);
#2239 = DEFINITIONAL_REPRESENTATION('',(#2240),#2332);
#2240 = B_SPLINE_CURVE_WITH_KNOTS('',3,(#2241,#2242,#2243,#2244,#2245,
    #2246,#2247,#2248,#2249,#2250,#2251,#2252,#2253,#2254,#2255,#2256,
    #2257,#2258,#2259,#2260,#2261,#2262,#2263,#2264,#2265,#2266,#2267,
    #2268,#2269,#2270,#2271,#2272,#2273,#2274,#2275,#2276,#2277,#2278,
    #2279,#2280,#2281,#2282,#2283,#2284,#2285,#2286,#2287,#2288,#2289,
    #2290,#2291,#2292,#2293,#2294,#2295,#2296,#2297,#2298,#2299,#2300,
    #2301,#2302,#2303,#2304,#2305,#2306,#2307,#2308,#2309,#2310,#2311,
    #2312,#2313,#2314,#2315,#2316,#2317,#2318,#2319,#2320,#2321,#2322,
    #2323,#2324,#2325,#2326,#2327,#2328,#2329,#2330,#2331),
  .UNSPECIFIED.,.T.,.F.,(4,1,1,1,1,1,1,1,1,1,1,1,1,1,1,1,1,1,1,1,1,1,1,1
    ,1,1,1,1,1,1,1,1,1,1,1,1,1,1,1,1,1,1,1,1,1,1,1,1,1,1,1,1,1,1,1,1,1,1
    ,1,1,1,1,1,1,1,1,1,1,1,1,1,1,1,1,1,1,1,1,1,1,1,1,1,1,1,1,1,1,4),(0.,
    1.281880907739E-02,2.563761815478E-02,3.845642723216E-02,
    5.127523630955E-02,6.409404538694E-02,7.691285446433E-02,
    8.973166354172E-02,0.102550472619,0.115369281696,0.128188090774,
    0.141006899851,0.153825708929,0.166644518006,0.179463327083,
    0.192282136161,0.205100945238,0.217919754316,0.230738563393,
    0.24355737247,0.256376181548,0.269194990625,0.282013799703,
    0.29483260878,0.307651417857,0.320470226935,0.333289036012,
    0.346107845089,0.358926654167,0.371745463244,0.384564272322,
    0.397383081399,0.410201890476,0.423020699554,0.435839508631,
    0.448658317709,0.461477126786,0.474295935863,0.487114744941,
    0.499933554018,0.512752363096,0.525571172173,0.53838998125,
    0.551208790328,0.564027599405,0.576846408482,0.58966521756,
    0.602484026637,0.615302835715,0.628121644792,0.640940453869,
    0.653759262947,0.666578072024,0.679396881102,0.692215690179,
    0.705034499256,0.717853308334,0.730672117411,0.743490926489,
    0.756309735566,0.769128544643,0.781947353721,0.794766162798,
    0.807584971875,0.820403780953,0.83322259003,0.846041399108,
    0.858860208185,0.871679017262,0.88449782634,0.897316635417,
    0.910135444495,0.922954253572,0.935773062649,0.948591871727,
    0.961410680804,0.974229489882,0.987048298959,0.999867108036,
    1.012685917114,1.025504726191,1.038323535268,1.051142344346,
    1.063961153423,1.076779962501,1.089598771578,1.102417580655,
    1.115236389733,1.12805519881),.QUASI_UNIFORM_KNOTS.);
#2241 = CARTESIAN_POINT('',(93.402931280314,0.962535211268));
#2242 = CARTESIAN_POINT('',(93.377215494587,0.962535208598));
#2243 = CARTESIAN_POINT('',(93.325786222033,0.962530552865));
#2244 = CARTESIAN_POINT('',(93.248848700542,0.962509572775));
#2245 = CARTESIAN_POINT('',(93.172312371993,0.962474561868));
#2246 = CARTESIAN_POINT('',(93.09638843962,0.962425447385));
#2247 = CARTESIAN_POINT('',(93.021299772838,0.962362138317));
#2248 = CARTESIAN_POINT('',(92.947283268089,0.962284524755));
#2249 = CARTESIAN_POINT('',(92.874590524105,0.962192480864));
#2250 = CARTESIAN_POINT('',(92.803489036648,0.962085864157));
#2251 = CARTESIAN_POINT('',(92.734263870363,0.961964515854));
#2252 = CARTESIAN_POINT('',(92.667242544649,0.961828302821));
#2253 = CARTESIAN_POINT('',(92.602777127988,0.961677092205));
#2254 = CARTESIAN_POINT('',(92.541277628856,0.961510856562));
#2255 = CARTESIAN_POINT('',(92.483200586917,0.961329683993));
#2256 = CARTESIAN_POINT('',(92.429044837463,0.961133811356));
#2257 = CARTESIAN_POINT('',(92.379342691626,0.960923653367));
#2258 = CARTESIAN_POINT('',(92.33464981155,0.960699836194));
#2259 = CARTESIAN_POINT('',(92.295532420908,0.960463228329));
#2260 = CARTESIAN_POINT('',(92.262554009859,0.960214989006));
#2261 = CARTESIAN_POINT('',(92.236254257563,0.959956560312));
#2262 = CARTESIAN_POINT('',(92.217147130645,0.959689878308));
#2263 = CARTESIAN_POINT('',(92.205660991492,0.959417768975));
#2264 = CARTESIAN_POINT('',(92.202036175966,0.959142979387));
#2265 = CARTESIAN_POINT('',(92.206348989879,0.958868292988));
#2266 = CARTESIAN_POINT('',(92.218516081053,0.958596430125));
#2267 = CARTESIAN_POINT('',(92.238288609984,0.958330108603));
#2268 = CARTESIAN_POINT('',(92.26529602539,0.958071689469));
#2269 = CARTESIAN_POINT('',(92.298890796131,0.957824332439));
#2270 = CARTESIAN_POINT('',(92.338404457992,0.957589669387));
#2271 = CARTESIAN_POINT('',(92.383313023571,0.957368182012));
#2272 = CARTESIAN_POINT('',(92.433077752107,0.957160465001));
#2273 = CARTESIAN_POINT('',(92.487191204976,0.956966909716));
#2274 = CARTESIAN_POINT('',(92.545167691164,0.956787809297));
#2275 = CARTESIAN_POINT('',(92.606548132712,0.956623349411));
#2276 = CARTESIAN_POINT('',(92.670900696186,0.956473628535));
#2277 = CARTESIAN_POINT('',(92.73782227732,0.956338669566));
#2278 = CARTESIAN_POINT('',(92.806939557153,0.956218433343));
#2279 = CARTESIAN_POINT('',(92.87790999387,0.956112831649));
#2280 = CARTESIAN_POINT('',(92.950422811319,0.956021740649));
#2281 = CARTESIAN_POINT('',(93.024199523962,0.955945015189));
#2282 = CARTESIAN_POINT('',(93.098995837547,0.955882503251));
#2283 = CARTESIAN_POINT('',(93.174597999618,0.955834064923));
#2284 = CARTESIAN_POINT('',(93.250839346586,0.955799581244));
#2285 = CARTESIAN_POINT('',(93.327540780483,0.955779009198));
#2286 = CARTESIAN_POINT('',(93.404375083331,0.955772340114));
#2287 = CARTESIAN_POINT('',(93.481207082067,0.955779532373));
#2288 = CARTESIAN_POINT('',(93.557841571039,0.955800606674));
#2289 = CARTESIAN_POINT('',(93.6340841013,0.95583561005));
#2290 = CARTESIAN_POINT('',(93.709723702447,0.955884615578));
#2291 = CARTESIAN_POINT('',(93.784536532607,0.955947714597));
#2292 = CARTESIAN_POINT('',(93.858283944722,0.956025012863));
#2293 = CARTESIAN_POINT('',(93.930711800905,0.956116626876));
#2294 = CARTESIAN_POINT('',(94.001549881998,0.956222683588));
#2295 = CARTESIAN_POINT('',(94.070508716708,0.956343314966));
#2296 = CARTESIAN_POINT('',(94.137285112704,0.956478679681));
#2297 = CARTESIAN_POINT('',(94.20153324508,0.956628893585));
#2298 = CARTESIAN_POINT('',(94.262968496687,0.956794330112));
#2299 = CARTESIAN_POINT('',(94.321103317474,0.956974955041));
#2300 = CARTESIAN_POINT('',(94.37538745859,0.957170471206));
#2301 = CARTESIAN_POINT('',(94.425251259265,0.957380391162));
#2302 = CARTESIAN_POINT('',(94.470109810978,0.957603986008));
#2303 = CARTESIAN_POINT('',(94.509379510351,0.957840268943));
#2304 = CARTESIAN_POINT('',(94.542493687655,0.958087970598));
#2305 = CARTESIAN_POINT('',(94.56892169673,0.958345516889));
#2306 = CARTESIAN_POINT('',(94.588191387776,0.958611007989));
#2307 = CARTESIAN_POINT('',(94.599916549649,0.958882193083));
#2308 = CARTESIAN_POINT('',(94.603830218617,0.959156464657));
#2309 = CARTESIAN_POINT('',(94.599827350699,0.9594307848));
#2310 = CARTESIAN_POINT('',(94.588008598901,0.959702015042));
#2311 = CARTESIAN_POINT('',(94.568646064153,0.959967489315));
#2312 = CARTESIAN_POINT('',(94.542133678268,0.960224930746));
#2313 = CARTESIAN_POINT('',(94.508951115434,0.96047243941));
#2314 = CARTESIAN_POINT('',(94.469633642136,0.960708460558));
#2315 = CARTESIAN_POINT('',(94.424747838053,0.960931757892));
#2316 = CARTESIAN_POINT('',(94.374871589878,0.961141385099));
#2317 = CARTESIAN_POINT('',(94.320576882547,0.961336658463));
#2318 = CARTESIAN_POINT('',(94.262416475876,0.961517125585));
#2319 = CARTESIAN_POINT('',(94.200906700929,0.96168254605));
#2320 = CARTESIAN_POINT('',(94.136532984814,0.961832823705));
#2321 = CARTESIAN_POINT('',(94.069677591709,0.961968113318));
#2322 = CARTESIAN_POINT('',(94.000631103862,0.962088667827));
#2323 = CARTESIAN_POINT('',(93.92971430337,0.962194609738));
#2324 = CARTESIAN_POINT('',(93.857213629956,0.962286083981));
#2325 = CARTESIAN_POINT('',(93.783400516483,0.962363218675));
#2326 = CARTESIAN_POINT('',(93.708527778805,0.962426134995));
#2327 = CARTESIAN_POINT('',(93.632831968859,0.962474942106));
#2328 = CARTESIAN_POINT('',(93.556533346043,0.962509732664));
#2329 = CARTESIAN_POINT('',(93.479838424622,0.96253058143));
#2330 = CARTESIAN_POINT('',(93.428568873516,0.962535208342));
#2331 = CARTESIAN_POINT('',(93.402931280314,0.962535211268));
#2332 = ( GEOMETRIC_REPRESENTATION_CONTEXT(2) 
PARAMETRIC_REPRESENTATION_CONTEXT() REPRESENTATION_CONTEXT('2D SPACE',''
  ) );
#2333 = PCURVE('',#2334,#2339);
#2334 = CYLINDRICAL_SURFACE('',#2335,1.2);
#2335 = AXIS2_PLACEMENT_3D('',#2336,#2337,#2338);
#2336 = CARTESIAN_POINT('',(210.5,0.,15.));
#2337 = DIRECTION('',(-0.,-0.,-1.));
#2338 = DIRECTION('',(1.,0.,0.));
#2339 = DEFINITIONAL_REPRESENTATION('',(#2340),#2432);
#2340 = B_SPLINE_CURVE_WITH_KNOTS('',3,(#2341,#2342,#2343,#2344,#2345,
    #2346,#2347,#2348,#2349,#2350,#2351,#2352,#2353,#2354,#2355,#2356,
    #2357,#2358,#2359,#2360,#2361,#2362,#2363,#2364,#2365,#2366,#2367,
    #2368,#2369,#2370,#2371,#2372,#2373,#2374,#2375,#2376,#2377,#2378,
    #2379,#2380,#2381,#2382,#2383,#2384,#2385,#2386,#2387,#2388,#2389,
    #2390,#2391,#2392,#2393,#2394,#2395,#2396,#2397,#2398,#2399,#2400,
    #2401,#2402,#2403,#2404,#2405,#2406,#2407,#2408,#2409,#2410,#2411,
    #2412,#2413,#2414,#2415,#2416,#2417,#2418,#2419,#2420,#2421,#2422,
    #2423,#2424,#2425,#2426,#2427,#2428,#2429,#2430,#2431),
  .UNSPECIFIED.,.F.,.F.,(4,1,1,1,1,1,1,1,1,1,1,1,1,1,1,1,1,1,1,1,1,1,1,1
    ,1,1,1,1,1,1,1,1,1,1,1,1,1,1,1,1,1,1,1,1,1,1,1,1,1,1,1,1,1,1,1,1,1,1
    ,1,1,1,1,1,1,1,1,1,1,1,1,1,1,1,1,1,1,1,1,1,1,1,1,1,1,1,1,1,1,4),(0.,
    1.281880907739E-02,2.563761815478E-02,3.845642723216E-02,
    5.127523630955E-02,6.409404538694E-02,7.691285446433E-02,
    8.973166354172E-02,0.102550472619,0.115369281696,0.128188090774,
    0.141006899851,0.153825708929,0.166644518006,0.179463327083,
    0.192282136161,0.205100945238,0.217919754316,0.230738563393,
    0.24355737247,0.256376181548,0.269194990625,0.282013799703,
    0.29483260878,0.307651417857,0.320470226935,0.333289036012,
    0.346107845089,0.358926654167,0.371745463244,0.384564272322,
    0.397383081399,0.410201890476,0.423020699554,0.435839508631,
    0.448658317709,0.461477126786,0.474295935863,0.487114744941,
    0.499933554018,0.512752363096,0.525571172173,0.53838998125,
    0.551208790328,0.564027599405,0.576846408482,0.58966521756,
    0.602484026637,0.615302835715,0.628121644792,0.640940453869,
    0.653759262947,0.666578072024,0.679396881102,0.692215690179,
    0.705034499256,0.717853308334,0.730672117411,0.743490926489,
    0.756309735566,0.769128544643,0.781947353721,0.794766162798,
    0.807584971875,0.820403780953,0.83322259003,0.846041399108,
    0.858860208185,0.871679017262,0.88449782634,0.897316635417,
    0.910135444495,0.922954253572,0.935773062649,0.948591871727,
    0.961410680804,0.974229489882,0.987048298959,0.999867108036,
    1.012685917114,1.025504726191,1.038323535268,1.051142344346,
    1.063961153423,1.076779962501,1.089598771578,1.102417580655,
    1.115236389733,1.12805519881),.QUASI_UNIFORM_KNOTS.);
#2341 = CARTESIAN_POINT('',(-1.665334536938E-15,-13.4));
#2342 = CARTESIAN_POINT('',(-2.143775007282E-02,-13.40000000077));
#2343 = CARTESIAN_POINT('',(-6.431027284528E-02,-13.40000004187));
#2344 = CARTESIAN_POINT('',(-0.128714037682,-13.39999988337));
#2345 = CARTESIAN_POINT('',(-0.193318466224,-13.39999916004));
#2346 = CARTESIAN_POINT('',(-0.258223045692,-13.39999754765));
#2347 = CARTESIAN_POINT('',(-0.323526139475,-13.39999474767));
#2348 = CARTESIAN_POINT('',(-0.389326391757,-13.39999049838));
#2349 = CARTESIAN_POINT('',(-0.455725138003,-13.39998458437));
#2350 = CARTESIAN_POINT('',(-0.522829040122,-13.39997684731));
#2351 = CARTESIAN_POINT('',(-0.590752607493,-13.39996719396));
#2352 = CARTESIAN_POINT('',(-0.65959810734,-13.39995561364));
#2353 = CARTESIAN_POINT('',(-0.72947704601,-13.39994218601));
#2354 = CARTESIAN_POINT('',(-0.800473377059,-13.39992708934));
#2355 = CARTESIAN_POINT('',(-0.872652273441,-13.39991061751));
#2356 = CARTESIAN_POINT('',(-0.946058981947,-13.3998931836));
#2357 = CARTESIAN_POINT('',(-1.020719648596,-13.39987531522));
#2358 = CARTESIAN_POINT('',(-1.096639719349,-13.39985764032));
#2359 = CARTESIAN_POINT('',(-1.173801800669,-13.39984086366));
#2360 = CARTESIAN_POINT('',(-1.252156278677,-13.39982573447));
#2361 = CARTESIAN_POINT('',(-1.331626730045,-13.3998130029));
#2362 = CARTESIAN_POINT('',(-1.412046902506,-13.39980337418));
#2363 = CARTESIAN_POINT('',(-1.493046829183,-13.39979742945));
#2364 = CARTESIAN_POINT('',(-1.574327715103,-13.39979552879));
#2365 = CARTESIAN_POINT('',(-1.655601376375,-13.39979778875));
#2366 = CARTESIAN_POINT('',(-1.736598084444,-13.39980407488));
#2367 = CARTESIAN_POINT('',(-1.817025328747,-13.39981401003));
#2368 = CARTESIAN_POINT('',(-1.896657410775,-13.39982702753));
#2369 = CARTESIAN_POINT('',(-1.974949638935,-13.39984235163));
#2370 = CARTESIAN_POINT('',(-2.05173245472,-13.39985918354));
#2371 = CARTESIAN_POINT('',(-2.127142864617,-13.39987680843));
#2372 = CARTESIAN_POINT('',(-2.201234107379,-13.39989455013));
#2373 = CARTESIAN_POINT('',(-2.274080539887,-13.39991181622));
#2374 = CARTESIAN_POINT('',(-2.34575012515,-13.39992810844));
#2375 = CARTESIAN_POINT('',(-2.416312646971,-13.39994303334));
#2376 = CARTESIAN_POINT('',(-2.48583857472,-13.39995630503));
#2377 = CARTESIAN_POINT('',(-2.55440063607,-13.3999677436));
#2378 = CARTESIAN_POINT('',(-2.622074870206,-13.39997726937));
#2379 = CARTESIAN_POINT('',(-2.688942011241,-13.39998489415));
#2380 = CARTESIAN_POINT('',(-2.755089109331,-13.39999071063));
#2381 = CARTESIAN_POINT('',(-2.820611075766,-13.3999948797));
#2382 = CARTESIAN_POINT('',(-2.885613755183,-13.39999762037));
#2383 = CARTESIAN_POINT('',(-2.950212772608,-13.39999918937));
#2384 = CARTESIAN_POINT('',(-3.014549999331,-13.399999902));
#2385 = CARTESIAN_POINT('',(-3.078746542757,-13.40000000601));
#2386 = CARTESIAN_POINT('',(-3.142795416185,-13.40000000251));
#2387 = CARTESIAN_POINT('',(-3.206847379112,-13.40000004217));
#2388 = CARTESIAN_POINT('',(-3.271002644167,-13.39999987033));
#2389 = CARTESIAN_POINT('',(-3.335365380914,-13.39999915089));
#2390 = CARTESIAN_POINT('',(-3.400032102946,-13.39999754312));
#2391 = CARTESIAN_POINT('',(-3.465097468015,-13.3999947483));
#2392 = CARTESIAN_POINT('',(-3.530655342669,-13.39999051415));
#2393 = CARTESIAN_POINT('',(-3.596800965307,-13.39998463337));
#2394 = CARTESIAN_POINT('',(-3.66363367963,-13.39997694755));
#2395 = CARTESIAN_POINT('',(-3.731257211266,-13.39996736187));
#2396 = CARTESIAN_POINT('',(-3.79979100492,-13.39995586374));
#2397 = CARTESIAN_POINT('',(-3.869342788042,-13.39994253493));
#2398 = CARTESIAN_POINT('',(-3.940137326638,-13.39992751395));
#2399 = CARTESIAN_POINT('',(-4.012228524659,-13.39991108826));
#2400 = CARTESIAN_POINT('',(-4.085617994075,-13.39989367178));
#2401 = CARTESIAN_POINT('',(-4.160294962739,-13.39987579584));
#2402 = CARTESIAN_POINT('',(-4.236225634477,-13.39985809582));
#2403 = CARTESIAN_POINT('',(-4.313354417025,-13.39984128518));
#2404 = CARTESIAN_POINT('',(-4.391599909488,-13.39982611828));
#2405 = CARTESIAN_POINT('',(-4.47084964096,-13.39981334255));
#2406 = CARTESIAN_POINT('',(-4.550952315485,-13.39980364238));
#2407 = CARTESIAN_POINT('',(-4.63170523513,-13.39979757833));
#2408 = CARTESIAN_POINT('',(-4.712842611445,-13.39979552678));
#2409 = CARTESIAN_POINT('',(-4.793997336383,-13.39979762487));
#2410 = CARTESIAN_POINT('',(-4.87477291831,-13.399803736));
#2411 = CARTESIAN_POINT('',(-4.954886235444,-13.39981347904));
#2412 = CARTESIAN_POINT('',(-5.034125762393,-13.39982628816));
#2413 = CARTESIAN_POINT('',(-5.11233803619,-13.39984147518));
#2414 = CARTESIAN_POINT('',(-5.1894137256,-13.39985829168));
#2415 = CARTESIAN_POINT('',(-5.265279130155,-13.39987598525));
#2416 = CARTESIAN_POINT('',(-5.339890059773,-13.39989384677));
#2417 = CARTESIAN_POINT('',(-5.413228509388,-13.39991124677));
#2418 = CARTESIAN_POINT('',(-5.485299521312,-13.39992765957));
#2419 = CARTESIAN_POINT('',(-5.556135598817,-13.39994267705));
#2420 = CARTESIAN_POINT('',(-5.625779881675,-13.39995600871));
#2421 = CARTESIAN_POINT('',(-5.694354067634,-13.39996749037));
#2422 = CARTESIAN_POINT('',(-5.762027657394,-13.39997705969));
#2423 = CARTESIAN_POINT('',(-5.82890232791,-13.39998472918));
#2424 = CARTESIAN_POINT('',(-5.895086373266,-13.39999059029));
#2425 = CARTESIAN_POINT('',(-5.960678685579,-13.39999480033));
#2426 = CARTESIAN_POINT('',(-6.025776378685,-13.39999757335));
#2427 = CARTESIAN_POINT('',(-6.090475604681,-13.39999916952));
#2428 = CARTESIAN_POINT('',(-6.154874323504,-13.39999988519));
#2429 = CARTESIAN_POINT('',(-6.219073360428,-13.40000004167));
#2430 = CARTESIAN_POINT('',(-6.261812744954,-13.40000000079));
#2431 = CARTESIAN_POINT('',(-6.28318530718,-13.4));
#2432 = ( GEOMETRIC_REPRESENTATION_CONTEXT(2) 
PARAMETRIC_REPRESENTATION_CONTEXT() REPRESENTATION_CONTEXT('2D SPACE',''
  ) );
#2433 = ADVANCED_FACE('',(#2434),#1073,.T.);
#2434 = FACE_BOUND('',#2435,.T.);
#2435 = EDGE_LOOP('',(#2436,#2437,#2438,#2467));
#2436 = ORIENTED_EDGE('',*,*,#1480,.F.);
#2437 = ORIENTED_EDGE('',*,*,#1059,.T.);
#2438 = ORIENTED_EDGE('',*,*,#2439,.T.);
#2439 = EDGE_CURVE('',#569,#2440,#2442,.T.);
#2440 = VERTEX_POINT('',#2441);
#2441 = CARTESIAN_POINT('',(181.87573593128,32.7,25.53783696512));
#2442 = SURFACE_CURVE('',#2443,(#2449,#2458),.PCURVE_S1.);
#2443 = B_SPLINE_CURVE_WITH_KNOTS('',4,(#2444,#2445,#2446,#2447,#2448),
  .UNSPECIFIED.,.F.,.F.,(5,5),(0.,1.),.PIECEWISE_BEZIER_KNOTS.);
#2444 = CARTESIAN_POINT('',(70.3,32.7,25.53783696512));
#2445 = CARTESIAN_POINT('',(98.193933982822,32.7,25.53783696512));
#2446 = CARTESIAN_POINT('',(126.08786796564,32.7,25.53783696512));
#2447 = CARTESIAN_POINT('',(153.98180194846,32.7,25.53783696512));
#2448 = CARTESIAN_POINT('',(181.87573593128,32.7,25.53783696512));
#2449 = PCURVE('',#1073,#2450);
#2450 = DEFINITIONAL_REPRESENTATION('',(#2451),#2457);
#2451 = B_SPLINE_CURVE_WITH_KNOTS('',4,(#2452,#2453,#2454,#2455,#2456),
  .UNSPECIFIED.,.F.,.F.,(5,5),(0.,1.),.PIECEWISE_BEZIER_KNOTS.);
#2452 = CARTESIAN_POINT('',(0.,-5.53783696512));
#2453 = CARTESIAN_POINT('',(27.893933982822,-5.53783696512));
#2454 = CARTESIAN_POINT('',(55.787867965644,-5.53783696512));
#2455 = CARTESIAN_POINT('',(83.681801948466,-5.53783696512));
#2456 = CARTESIAN_POINT('',(111.57573593128,-5.53783696512));
#2457 = ( GEOMETRIC_REPRESENTATION_CONTEXT(2) 
PARAMETRIC_REPRESENTATION_CONTEXT() REPRESENTATION_CONTEXT('2D SPACE',''
  ) );
#2458 = PCURVE('',#806,#2459);
#2459 = DEFINITIONAL_REPRESENTATION('',(#2460),#2466);
#2460 = B_SPLINE_CURVE_WITH_KNOTS('',4,(#2461,#2462,#2463,#2464,#2465),
  .UNSPECIFIED.,.F.,.F.,(5,5),(0.,1.),.PIECEWISE_BEZIER_KNOTS.);
#2461 = CARTESIAN_POINT('',(62.852327954211,0.564225352113));
#2462 = CARTESIAN_POINT('',(62.852327954211,0.642799814036));
#2463 = CARTESIAN_POINT('',(62.852327954211,0.72137427596));
#2464 = CARTESIAN_POINT('',(62.852327954211,0.799948737883));
#2465 = CARTESIAN_POINT('',(62.852327954211,0.878523199806));
#2466 = ( GEOMETRIC_REPRESENTATION_CONTEXT(2) 
PARAMETRIC_REPRESENTATION_CONTEXT() REPRESENTATION_CONTEXT('2D SPACE',''
  ) );
#2467 = ORIENTED_EDGE('',*,*,#2468,.F.);
#2468 = EDGE_CURVE('',#1312,#2440,#2469,.T.);
#2469 = SURFACE_CURVE('',#2470,(#2474,#2481),.PCURVE_S1.);
#2470 = LINE('',#2471,#2472);
#2471 = CARTESIAN_POINT('',(181.87573593128,32.7,20.));
#2472 = VECTOR('',#2473,1.);
#2473 = DIRECTION('',(0.,0.,1.));
#2474 = PCURVE('',#1073,#2475);
#2475 = DEFINITIONAL_REPRESENTATION('',(#2476),#2480);
#2476 = LINE('',#2477,#2478);
#2477 = CARTESIAN_POINT('',(111.57573593128,0.));
#2478 = VECTOR('',#2479,1.);
#2479 = DIRECTION('',(0.,-1.));
#2480 = ( GEOMETRIC_REPRESENTATION_CONTEXT(2) 
PARAMETRIC_REPRESENTATION_CONTEXT() REPRESENTATION_CONTEXT('2D SPACE',''
  ) );
#2481 = PCURVE('',#1421,#2482);
#2482 = DEFINITIONAL_REPRESENTATION('',(#2483),#2487);
#2483 = LINE('',#2484,#2485);
#2484 = CARTESIAN_POINT('',(0.,0.));
#2485 = VECTOR('',#2486,1.);
#2486 = DIRECTION('',(0.,-1.));
#2487 = ( GEOMETRIC_REPRESENTATION_CONTEXT(2) 
PARAMETRIC_REPRESENTATION_CONTEXT() REPRESENTATION_CONTEXT('2D SPACE',''
  ) );
#2488 = ADVANCED_FACE('',(#2489,#2848),#806,.T.);
#2489 = FACE_BOUND('',#2490,.T.);
#2490 = EDGE_LOOP('',(#2491,#2492,#2521,#2685,#2847));
#2491 = ORIENTED_EDGE('',*,*,#568,.F.);
#2492 = ORIENTED_EDGE('',*,*,#2493,.T.);
#2493 = EDGE_CURVE('',#541,#2494,#2496,.T.);
#2494 = VERTEX_POINT('',#2495);
#2495 = CARTESIAN_POINT('',(181.87573593128,-32.7,25.537836964522));
#2496 = SURFACE_CURVE('',#2497,(#2503,#2512),.PCURVE_S1.);
#2497 = B_SPLINE_CURVE_WITH_KNOTS('',4,(#2498,#2499,#2500,#2501,#2502),
  .UNSPECIFIED.,.F.,.F.,(5,5),(0.,1.),.PIECEWISE_BEZIER_KNOTS.);
#2498 = CARTESIAN_POINT('',(70.3,-32.7,25.537836964522));
#2499 = CARTESIAN_POINT('',(98.193933982822,-32.7,25.537836964522));
#2500 = CARTESIAN_POINT('',(126.08786796564,-32.7,25.537836964522));
#2501 = CARTESIAN_POINT('',(153.98180194846,-32.7,25.537836964522));
#2502 = CARTESIAN_POINT('',(181.87573593128,-32.7,25.537836964522));
#2503 = PCURVE('',#806,#2504);
#2504 = DEFINITIONAL_REPRESENTATION('',(#2505),#2511);
#2505 = B_SPLINE_CURVE_WITH_KNOTS('',4,(#2506,#2507,#2508,#2509,#2510),
  .UNSPECIFIED.,.F.,.F.,(5,5),(0.,1.),.PIECEWISE_BEZIER_KNOTS.);
#2506 = CARTESIAN_POINT('',(129.34653789759,0.564225352113));
#2507 = CARTESIAN_POINT('',(129.34653789759,0.642799814036));
#2508 = CARTESIAN_POINT('',(129.34653789759,0.72137427596));
#2509 = CARTESIAN_POINT('',(129.34653789759,0.799948737883));
#2510 = CARTESIAN_POINT('',(129.34653789759,0.878523199806));
#2511 = ( GEOMETRIC_REPRESENTATION_CONTEXT(2) 
PARAMETRIC_REPRESENTATION_CONTEXT() REPRESENTATION_CONTEXT('2D SPACE',''
  ) );
#2512 = PCURVE('',#556,#2513);
#2513 = DEFINITIONAL_REPRESENTATION('',(#2514),#2520);
#2514 = B_SPLINE_CURVE_WITH_KNOTS('',4,(#2515,#2516,#2517,#2518,#2519),
  .UNSPECIFIED.,.F.,.F.,(5,5),(0.,1.),.PIECEWISE_BEZIER_KNOTS.);
#2515 = CARTESIAN_POINT('',(111.57573593128,-5.537836964522));
#2516 = CARTESIAN_POINT('',(83.681801948466,-5.537836964522));
#2517 = CARTESIAN_POINT('',(55.787867965644,-5.537836964522));
#2518 = CARTESIAN_POINT('',(27.893933982822,-5.537836964522));
#2519 = CARTESIAN_POINT('',(0.,-5.537836964522));
#2520 = ( GEOMETRIC_REPRESENTATION_CONTEXT(2) 
PARAMETRIC_REPRESENTATION_CONTEXT() REPRESENTATION_CONTEXT('2D SPACE',''
  ) );
#2521 = ORIENTED_EDGE('',*,*,#2522,.T.);
#2522 = EDGE_CURVE('',#2494,#2523,#2525,.T.);
#2523 = VERTEX_POINT('',#2524);
#2524 = CARTESIAN_POINT('',(214.57573593128,0.,30.));
#2525 = SURFACE_CURVE('',#2526,(#2577,#2631),.PCURVE_S1.);
#2526 = B_SPLINE_CURVE_WITH_KNOTS('',7,(#2527,#2528,#2529,#2530,#2531,
    #2532,#2533,#2534,#2535,#2536,#2537,#2538,#2539,#2540,#2541,#2542,
    #2543,#2544,#2545,#2546,#2547,#2548,#2549,#2550,#2551,#2552,#2553,
    #2554,#2555,#2556,#2557,#2558,#2559,#2560,#2561,#2562,#2563,#2564,
    #2565,#2566,#2567,#2568,#2569,#2570,#2571,#2572,#2573,#2574,#2575,
    #2576),.UNSPECIFIED.,.F.,.F.,(8,6,6,6,6,6,6,6,8),(0.,
    6.889907508063E-02,0.201149371531,0.298791652298,0.374384493164,
    0.482374874883,0.601163463235,0.698354658644,1.),.UNSPECIFIED.);
#2527 = CARTESIAN_POINT('',(181.87573593128,-32.7,25.537836964522));
#2528 = CARTESIAN_POINT('',(182.18413571307,-32.39160021821,
    25.674690367951));
#2529 = CARTESIAN_POINT('',(182.49353217007,-32.08220376121,
    25.808167660162));
#2530 = CARTESIAN_POINT('',(182.8038774221,-31.77185850918,
    25.938325818138));
#2531 = CARTESIAN_POINT('',(183.1151253632,-31.46061056808,
    26.065220747286));
#2532 = CARTESIAN_POINT('',(183.42723166166,-31.14850426962,
    26.188907281443));
#2533 = CARTESIAN_POINT('',(183.74015375999,-30.83558217129,
    26.309439182871));
#2534 = CARTESIAN_POINT('',(184.65598575707,-29.91975017421,
    26.652273429961));
#2535 = CARTESIAN_POINT('',(185.26097204187,-29.31476388941,
    26.86624309581));
#2536 = CARTESIAN_POINT('',(185.8685435623,-28.70719236897,
    27.069194874711));
#2537 = CARTESIAN_POINT('',(186.47834588391,-28.09739004737,
    27.261325903645));
#2538 = CARTESIAN_POINT('',(187.09027806099,-27.48545787029,
    27.443247280928));
#2539 = CARTESIAN_POINT('',(187.70406526413,-26.87167066715,
    27.615234241875));
#2540 = CARTESIAN_POINT('',(188.7739487763,-25.80178715498,
    27.897657677262));
#2541 = CARTESIAN_POINT('',(189.22927549101,-25.34646044027,
    28.012420220446));
#2542 = CARTESIAN_POINT('',(189.68544385008,-24.8902920812,
    28.122145927849));
#2543 = CARTESIAN_POINT('',(190.14237549944,-24.43336043184,
    28.22698408159));
#2544 = CARTESIAN_POINT('',(190.59999619075,-23.97573974053,
    28.327080964419));
#2545 = CARTESIAN_POINT('',(191.05824482506,-23.51749110622,
    28.422581912886));
#2546 = CARTESIAN_POINT('',(191.87230610244,-22.70342982884,
    28.584123718493));
#2547 = CARTESIAN_POINT('',(192.22751820886,-22.34821772242,
    28.651875205786));
#2548 = CARTESIAN_POINT('',(192.58271894596,-21.99301698532,
    28.716969733461));
#2549 = CARTESIAN_POINT('',(192.93790843525,-21.63782749603,
    28.779487048453));
#2550 = CARTESIAN_POINT('',(193.29308678954,-21.28264914174,
    28.839504743579));
#2551 = CARTESIAN_POINT('',(193.64825411289,-20.92748181839,
    28.897098257537));
#2552 = CARTESIAN_POINT('',(194.51077963028,-20.064956301,
    29.031259344805));
#2553 = CARTESIAN_POINT('',(195.01811742883,-19.55761850245,
    29.105380712251));
#2554 = CARTESIAN_POINT('',(195.52544289695,-19.05029303433,
    29.174913528627));
#2555 = CARTESIAN_POINT('',(196.03274275947,-18.54299317181,
    29.240076359926));
#2556 = CARTESIAN_POINT('',(196.54001717629,-18.03571875498,
    29.301067656779));
#2557 = CARTESIAN_POINT('',(197.04728521306,-17.52845071822,
    29.358064117483));
#2558 = CARTESIAN_POINT('',(198.11253750971,-16.46319842157,
    29.469748903732));
#2559 = CARTESIAN_POINT('',(198.6705120147,-15.90522391658,
    29.523635834562));
#2560 = CARTESIAN_POINT('',(199.22847358771,-15.34726234357,
    29.573148454263));
#2561 = CARTESIAN_POINT('',(199.786422318,-14.78931361328,
    29.618522265801));
#2562 = CARTESIAN_POINT('',(200.34435831727,-14.23137761401,
    29.659988766738));
#2563 = CARTESIAN_POINT('',(200.90228165412,-13.67345427715,
    29.6977760586));
#2564 = CARTESIAN_POINT('',(201.91666712523,-12.65906880605,
    29.760200571775));
#2565 = CARTESIAN_POINT('',(202.37312877297,-12.20260715831,
    29.785977365766));
#2566 = CARTESIAN_POINT('',(202.82958035788,-11.7461555734,
    29.809569258234));
#2567 = CARTESIAN_POINT('',(203.28602695402,-11.28970897726,
    29.831096785447));
#2568 = CARTESIAN_POINT('',(203.7424731899,-10.83326274138,
    29.850674427139));
#2569 = CARTESIAN_POINT('',(204.19892085508,-10.3768150762,
    29.868413433728));
#2570 = CARTESIAN_POINT('',(206.07200413376,-8.503731797523,
    29.934117527889));
#2571 = CARTESIAN_POINT('',(207.48898661989,-7.086749311396,
    29.967186867565));
#2572 = CARTESIAN_POINT('',(208.90618936403,-5.669546567251,
    29.986973947703));
#2573 = CARTESIAN_POINT('',(210.32351704646,-4.25221888482,
    29.996816319881));
#2574 = CARTESIAN_POINT('',(211.74090363762,-2.834832293665,
    30.000048057306));
#2575 = CARTESIAN_POINT('',(213.15831240687,-1.417423524412,30.));
#2576 = CARTESIAN_POINT('',(214.57573593128,0.,30.));
#2577 = PCURVE('',#806,#2578);
#2578 = DEFINITIONAL_REPRESENTATION('',(#2579),#2630);
#2579 = B_SPLINE_CURVE_WITH_KNOTS('',7,(#2580,#2581,#2582,#2583,#2584,
    #2585,#2586,#2587,#2588,#2589,#2590,#2591,#2592,#2593,#2594,#2595,
    #2596,#2597,#2598,#2599,#2600,#2601,#2602,#2603,#2604,#2605,#2606,
    #2607,#2608,#2609,#2610,#2611,#2612,#2613,#2614,#2615,#2616,#2617,
    #2618,#2619,#2620,#2621,#2622,#2623,#2624,#2625,#2626,#2627,#2628,
    #2629),.UNSPECIFIED.,.F.,.F.,(8,6,6,6,6,6,6,6,8),(0.,
    6.889907508063E-02,0.201149371531,0.298791652298,0.374384493164,
    0.482374874883,0.601163463235,0.698354658644,1.),.UNSPECIFIED.);
#2580 = CARTESIAN_POINT('',(129.34653789759,0.878523199806));
#2581 = CARTESIAN_POINT('',(129.00931912977,0.879391931586));
#2582 = CARTESIAN_POINT('',(128.67255301419,0.880263470902));
#2583 = CARTESIAN_POINT('',(128.33622344775,0.881137682879));
#2584 = CARTESIAN_POINT('',(128.00031350883,0.882014437643));
#2585 = CARTESIAN_POINT('',(127.66480545732,0.882893610315));
#2586 = CARTESIAN_POINT('',(127.3296807346,0.883775081014));
#2587 = CARTESIAN_POINT('',(126.35235384548,0.886354889457));
#2588 = CARTESIAN_POINT('',(125.71112328992,0.888059076174));
#2589 = CARTESIAN_POINT('',(125.07114939431,0.889770545246));
#2590 = CARTESIAN_POINT('',(124.43207489562,0.891488298265));
#2591 = CARTESIAN_POINT('',(123.79412079427,0.893212050876));
#2592 = CARTESIAN_POINT('',(123.15703777525,0.894941028913));
#2593 = CARTESIAN_POINT('',(122.0510255297,0.897954785285));
#2594 = CARTESIAN_POINT('',(121.58171456122,0.899237395749));
#2595 = CARTESIAN_POINT('',(121.11281893372,0.900522377042));
#2596 = CARTESIAN_POINT('',(120.64428976287,0.901809508449));
#2597 = CARTESIAN_POINT('',(120.17607764879,0.903098580819));
#2598 = CARTESIAN_POINT('',(119.70815074223,0.904389422042));
#2599 = CARTESIAN_POINT('',(118.87847620678,0.906682552401));
#2600 = CARTESIAN_POINT('',(118.51697938875,0.907683149884));
#2601 = CARTESIAN_POINT('',(118.15598853576,0.908683715341));
#2602 = CARTESIAN_POINT('',(117.79547042912,0.909684249113));
#2603 = CARTESIAN_POINT('',(117.43539245234,0.91068475152));
#2604 = CARTESIAN_POINT('',(117.07572259114,0.911685222853));
#2605 = CARTESIAN_POINT('',(116.20315059907,0.914114872198));
#2606 = CARTESIAN_POINT('',(115.69064284241,0.915543992757));
#2607 = CARTESIAN_POINT('',(115.17882702434,0.916973078583));
#2608 = CARTESIAN_POINT('',(114.66757695781,0.91840209228));
#2609 = CARTESIAN_POINT('',(114.15680754889,0.919831034299));
#2610 = CARTESIAN_POINT('',(113.64648522441,0.921259958347));
#2611 = CARTESIAN_POINT('',(112.57564753662,0.924260669041));
#2612 = CARTESIAN_POINT('',(112.01522348586,0.92583242821));
#2613 = CARTESIAN_POINT('',(111.45523055423,0.927404150951));
#2614 = CARTESIAN_POINT('',(110.89561144885,0.928975837515));
#2615 = CARTESIAN_POINT('',(110.33630944272,0.930547488218));
#2616 = CARTESIAN_POINT('',(109.77726829376,0.932119103251));
#2617 = CARTESIAN_POINT('',(108.76120009936,0.934976527113));
#2618 = CARTESIAN_POINT('',(108.30411598022,0.936262334572));
#2619 = CARTESIAN_POINT('',(107.84712809744,0.937548113684));
#2620 = CARTESIAN_POINT('',(107.39020617393,0.938833878744));
#2621 = CARTESIAN_POINT('',(106.93333660001,0.940119642788));
#2622 = CARTESIAN_POINT('',(106.47651766885,0.941405410859));
#2623 = CARTESIAN_POINT('',(104.60213269791,0.946681701785));
#2624 = CARTESIAN_POINT('',(103.18466163805,0.950673201746));
#2625 = CARTESIAN_POINT('',(101.76736681298,0.954665322152));
#2626 = CARTESIAN_POINT('',(100.35024426387,0.958657794497));
#2627 = CARTESIAN_POINT('',(98.933260861018,0.962650432782));
#2628 = CARTESIAN_POINT('',(97.51635427258,0.96664313354));
#2629 = CARTESIAN_POINT('',(96.099432933228,0.970635875863));
#2630 = ( GEOMETRIC_REPRESENTATION_CONTEXT(2) 
PARAMETRIC_REPRESENTATION_CONTEXT() REPRESENTATION_CONTEXT('2D SPACE',''
  ) );
#2631 = PCURVE('',#1244,#2632);
#2632 = DEFINITIONAL_REPRESENTATION('',(#2633),#2684);
#2633 = B_SPLINE_CURVE_WITH_KNOTS('',7,(#2634,#2635,#2636,#2637,#2638,
    #2639,#2640,#2641,#2642,#2643,#2644,#2645,#2646,#2647,#2648,#2649,
    #2650,#2651,#2652,#2653,#2654,#2655,#2656,#2657,#2658,#2659,#2660,
    #2661,#2662,#2663,#2664,#2665,#2666,#2667,#2668,#2669,#2670,#2671,
    #2672,#2673,#2674,#2675,#2676,#2677,#2678,#2679,#2680,#2681,#2682,
    #2683),.UNSPECIFIED.,.F.,.F.,(8,6,6,6,6,6,6,6,8),(0.,
    6.889907508063E-02,0.201149371531,0.298791652298,0.374384493164,
    0.482374874883,0.601163463235,0.698354658644,1.),.UNSPECIFIED.);
#2634 = CARTESIAN_POINT('',(46.2447834896,-5.537836964522));
#2635 = CARTESIAN_POINT('',(45.808640335565,-5.674690367951));
#2636 = CARTESIAN_POINT('',(45.37108766992,-5.808167660162));
#2637 = CARTESIAN_POINT('',(44.932193205483,-5.938325818138));
#2638 = CARTESIAN_POINT('',(44.49202214592,-6.065220747286));
#2639 = CARTESIAN_POINT('',(44.050637185744,-6.188907281443));
#2640 = CARTESIAN_POINT('',(43.608098510314,-6.309439182871));
#2641 = CARTESIAN_POINT('',(42.312916479188,-6.652273429961));
#2642 = CARTESIAN_POINT('',(41.457336670179,-6.86624309581));
#2643 = CARTESIAN_POINT('',(40.598100785863,-7.069194874711));
#2644 = CARTESIAN_POINT('',(39.73571007228,-7.261325903645));
#2645 = CARTESIAN_POINT('',(38.870307288208,-7.443247280928));
#2646 = CARTESIAN_POINT('',(38.002281101116,-7.615234241875));
#2647 = CARTESIAN_POINT('',(36.48923732804,-7.897657677262));
#2648 = CARTESIAN_POINT('',(35.845308112795,-8.012420220446));
#2649 = CARTESIAN_POINT('',(35.200188632663,-8.122145927849));
#2650 = CARTESIAN_POINT('',(34.553989697059,-8.22698408159));
#2651 = CARTESIAN_POINT('',(33.906816308987,-8.327080964419));
#2652 = CARTESIAN_POINT('',(33.258754875416,-8.422581912886));
#2653 = CARTESIAN_POINT('',(32.107498376336,-8.584123718493));
#2654 = CARTESIAN_POINT('',(31.605152597913,-8.651875205786));
#2655 = CARTESIAN_POINT('',(31.102822898151,-8.716969733461));
#2656 = CARTESIAN_POINT('',(30.600509105177,-8.779487048453));
#2657 = CARTESIAN_POINT('',(30.098211059477,-8.839504743579));
#2658 = CARTESIAN_POINT('',(29.595928613891,-8.897098257537));
#2659 = CARTESIAN_POINT('',(28.376133329304,-9.031259344805));
#2660 = CARTESIAN_POINT('',(27.658649333884,-9.105380712251));
#2661 = CARTESIAN_POINT('',(26.941182776338,-9.174913528627));
#2662 = CARTESIAN_POINT('',(26.223752430576,-9.240076359926));
#2663 = CARTESIAN_POINT('',(25.506358070452,-9.301067656779));
#2664 = CARTESIAN_POINT('',(24.788972733107,-9.358064117483));
#2665 = CARTESIAN_POINT('',(23.282478487834,-9.469748903732));
#2666 = CARTESIAN_POINT('',(22.493383375413,-9.523635834562));
#2667 = CARTESIAN_POINT('',(21.704306551584,-9.573148454263));
#2668 = CARTESIAN_POINT('',(20.915247890101,-9.618522265801));
#2669 = CARTESIAN_POINT('',(20.126207232985,-9.659988766738));
#2670 = CARTESIAN_POINT('',(19.337184483246,-9.6977760586));
#2671 = CARTESIAN_POINT('',(17.90262679253,-9.760200571775));
#2672 = CARTESIAN_POINT('',(17.257092539597,-9.785977365766));
#2673 = CARTESIAN_POINT('',(16.611572517651,-9.809569258234));
#2674 = CARTESIAN_POINT('',(15.96605955089,-9.831096785447));
#2675 = CARTESIAN_POINT('',(15.32054709362,-9.850674427139));
#2676 = CARTESIAN_POINT('',(14.67503261501,-9.868413433728));
#2677 = CARTESIAN_POINT('',(12.02609283884,-9.934117527889));
#2678 = CARTESIAN_POINT('',(10.022176989315,-9.967186867565));
#2679 = CARTESIAN_POINT('',(8.017949647912,-9.986973947703));
#2680 = CARTESIAN_POINT('',(6.013545617092,-9.996816319881));
#2681 = CARTESIAN_POINT('',(4.009058276754,-10.0000480573));
#2682 = CARTESIAN_POINT('',(2.00453957185,-10.));
#2683 = CARTESIAN_POINT('',(0.,-10.));
#2684 = ( GEOMETRIC_REPRESENTATION_CONTEXT(2) 
PARAMETRIC_REPRESENTATION_CONTEXT() REPRESENTATION_CONTEXT('2D SPACE',''
  ) );
#2685 = ORIENTED_EDGE('',*,*,#2686,.T.);
#2686 = EDGE_CURVE('',#2523,#2440,#2687,.T.);
#2687 = SURFACE_CURVE('',#2688,(#2739,#2793),.PCURVE_S1.);
#2688 = B_SPLINE_CURVE_WITH_KNOTS('',7,(#2689,#2690,#2691,#2692,#2693,
    #2694,#2695,#2696,#2697,#2698,#2699,#2700,#2701,#2702,#2703,#2704,
    #2705,#2706,#2707,#2708,#2709,#2710,#2711,#2712,#2713,#2714,#2715,
    #2716,#2717,#2718,#2719,#2720,#2721,#2722,#2723,#2724,#2725,#2726,
    #2727,#2728,#2729,#2730,#2731,#2732,#2733,#2734,#2735,#2736,#2737,
    #2738),.UNSPECIFIED.,.F.,.F.,(8,6,6,6,6,6,6,6,8),(0.,0.287866950281,
    0.406784798954,0.49327106495,0.558135765028,0.666244281803,
    0.774798521245,0.883880645949,1.),.UNSPECIFIED.);
#2689 = CARTESIAN_POINT('',(214.57573593128,-7.105427357601E-15,30.));
#2690 = CARTESIAN_POINT('',(213.22471835169,1.35101757959,30.));
#2691 = CARTESIAN_POINT('',(211.87371237051,2.702023560772,
    30.000043735532));
#2692 = CARTESIAN_POINT('',(210.52272645676,4.053009474523,
    29.997249284249));
#2693 = CARTESIAN_POINT('',(209.17179211313,5.403943818152,
    29.988732591552));
#2694 = CARTESIAN_POINT('',(207.82096387744,6.754772053839,
    29.971607013767));
#2695 = CARTESIAN_POINT('',(206.47031932412,8.105416607166,
    29.942982861318));
#2696 = CARTESIAN_POINT('',(204.56212518886,10.013610742426,
    29.882197063869));
#2697 = CARTESIAN_POINT('',(204.00428458301,10.571451348273,
    29.861969290877));
#2698 = CARTESIAN_POINT('',(203.44644455804,11.129291373246,
    29.839081863478));
#2699 = CARTESIAN_POINT('',(202.88862524403,11.687110687254,
    29.81331445071));
#2700 = CARTESIAN_POINT('',(202.33077905295,12.244956878337,
    29.784503360219));
#2701 = CARTESIAN_POINT('',(201.77296463934,12.802771291941,
    29.752382771193));
#2702 = CARTESIAN_POINT('',(200.80949346179,13.766242469497,
    29.690823680569));
#2703 = CARTESIAN_POINT('',(200.40382656574,14.171909365542,
    29.663041228427));
#2704 = CARTESIAN_POINT('',(199.99816637696,14.577569554326,
    29.633309513476));
#2705 = CARTESIAN_POINT('',(199.59251291393,14.983223017352,
    29.601541043999));
#2706 = CARTESIAN_POINT('',(199.18686620007,15.38886973121,
    29.567647361133));
#2707 = CARTESIAN_POINT('',(198.78122626371,15.794509667578,
    29.531539038864));
#2708 = CARTESIAN_POINT('',(198.07136829111,16.504367640176,
    29.464315667649));
#2709 = CARTESIAN_POINT('',(197.76714727176,16.808588659523,
    29.434209019574));
#2710 = CARTESIAN_POINT('',(197.46293009239,17.112805838891,
    29.402767580318));
#2711 = CARTESIAN_POINT('',(197.15871676693,17.41701916435,
    29.369952777981));
#2712 = CARTESIAN_POINT('',(196.85450731087,17.721228620413,
    29.33572562825));
#2713 = CARTESIAN_POINT('',(196.55030174125,18.025434190033,
    29.300046734402));
#2714 = CARTESIAN_POINT('',(195.7390940978,18.836641833485,
    29.200925150571));
#2715 = CARTESIAN_POINT('',(195.23210952833,19.34362640295,
    29.134833581838));
#2716 = CARTESIAN_POINT('',(194.72514467053,19.850591260751,
    29.064408294213));
#2717 = CARTESIAN_POINT('',(194.21820239555,20.357533535738,
    28.989446723221));
#2718 = CARTESIAN_POINT('',(193.71128354276,20.86445238852,
    28.909740691991));
#2719 = CARTESIAN_POINT('',(193.20438629103,21.371349640255,
    28.825075929371));
#2720 = CARTESIAN_POINT('',(192.18854690866,22.387189022627,
    28.645008514498));
#2721 = CARTESIAN_POINT('',(191.68018882254,22.895547108743,
    28.549666831901));
#2722 = CARTESIAN_POINT('',(191.17251115315,23.403224778131,
    28.449009818919));
#2723 = CARTESIAN_POINT('',(190.66556482895,23.910171102335,
    28.34283854491));
#2724 = CARTESIAN_POINT('',(190.15941800213,24.416317929158,
    28.230955399908));
#2725 = CARTESIAN_POINT('',(189.65416709385,24.92156883743,
    28.11316386385));
#2726 = CARTESIAN_POINT('',(188.64321817058,25.932517760705,
    27.864754345411));
#2727 = CARTESIAN_POINT('',(188.13655711176,26.439178819526,
    27.73383824784));
#2728 = CARTESIAN_POINT('',(187.62993759794,26.945798333341,
    27.596236882952));
#2729 = CARTESIAN_POINT('',(187.1233604811,27.452375450182,
    27.45165711339));
#2730 = CARTESIAN_POINT('',(186.61682634896,27.958909582321,
    27.299784473786));
#2731 = CARTESIAN_POINT('',(186.11033650351,28.465399427772,
    27.140279787771));
#2732 = CARTESIAN_POINT('',(185.06477918024,29.510956751043,
    26.794465574621));
#2733 = CARTESIAN_POINT('',(184.52751464073,30.048221290557,
    26.607684040487));
#2734 = CARTESIAN_POINT('',(183.99228106576,30.583454865526,
    26.4121870972));
#2735 = CARTESIAN_POINT('',(183.45927229805,31.116463633229,
    26.207721396606));
#2736 = CARTESIAN_POINT('',(182.92869557334,31.647040357942,
    25.994024215272));
#2737 = CARTESIAN_POINT('',(182.40077181542,32.174964115859,
    25.770823341964));
#2738 = CARTESIAN_POINT('',(181.87573593128,32.7,25.53783696512));
#2739 = PCURVE('',#806,#2740);
#2740 = DEFINITIONAL_REPRESENTATION('',(#2741),#2792);
#2741 = B_SPLINE_CURVE_WITH_KNOTS('',7,(#2742,#2743,#2744,#2745,#2746,
    #2747,#2748,#2749,#2750,#2751,#2752,#2753,#2754,#2755,#2756,#2757,
    #2758,#2759,#2760,#2761,#2762,#2763,#2764,#2765,#2766,#2767,#2768,
    #2769,#2770,#2771,#2772,#2773,#2774,#2775,#2776,#2777,#2778,#2779,
    #2780,#2781,#2782,#2783,#2784,#2785,#2786,#2787,#2788,#2789,#2790,
    #2791),.UNSPECIFIED.,.F.,.F.,(8,6,6,6,6,6,6,6,8),(0.,0.287866950281,
    0.406784798954,0.49327106495,0.558135765028,0.666244281803,
    0.774798521245,0.883880645949,1.),.UNSPECIFIED.);
#2742 = CARTESIAN_POINT('',(96.099432915773,0.970635875863));
#2743 = CARTESIAN_POINT('',(94.748893993996,0.96683019254));
#2744 = CARTESIAN_POINT('',(93.398366675192,0.963024541889));
#2745 = CARTESIAN_POINT('',(92.047773692364,0.959218947766));
#2746 = CARTESIAN_POINT('',(90.697060774676,0.95541349891));
#2747 = CARTESIAN_POINT('',(89.346196614552,0.951608348951));
#2748 = CARTESIAN_POINT('',(87.995172834774,0.947803716406));
#2749 = CARTESIAN_POINT('',(86.085836037558,0.942428521659));
#2750 = CARTESIAN_POINT('',(85.527587587185,0.94085713967));
#2751 = CARTESIAN_POINT('',(84.969268463637,0.939285759318));
#2752 = CARTESIAN_POINT('',(84.410844420314,0.937714437307));
#2753 = CARTESIAN_POINT('',(83.852397855221,0.936143039586));
#2754 = CARTESIAN_POINT('',(83.293784178064,0.934571731378));
#2755 = CARTESIAN_POINT('',(82.328584028714,0.931857728061));
#2756 = CARTESIAN_POINT('',(81.922078197602,0.930715004411));
#2757 = CARTESIAN_POINT('',(81.515446666674,0.929572299653));
#2758 = CARTESIAN_POINT('',(81.108667863426,0.928429613842));
#2759 = CARTESIAN_POINT('',(80.701720092116,0.927286947042));
#2760 = CARTESIAN_POINT('',(80.294581533767,0.926144299334));
#2761 = CARTESIAN_POINT('',(79.581716777733,0.924144699412));
#2762 = CARTESIAN_POINT('',(79.276083633617,0.923287738794));
#2763 = CARTESIAN_POINT('',(78.970321549197,0.922430788993));
#2764 = CARTESIAN_POINT('',(78.664421195625,0.921573850048));
#2765 = CARTESIAN_POINT('',(78.358373179832,0.920716922002));
#2766 = CARTESIAN_POINT('',(78.052168044523,0.919860004905));
#2767 = CARTESIAN_POINT('',(77.235173413498,0.917574912952));
#2768 = CARTESIAN_POINT('',(76.724104133696,0.916146787404));
#2769 = CARTESIAN_POINT('',(76.212508968682,0.914718717382));
#2770 = CARTESIAN_POINT('',(75.700296402478,0.913290710973));
#2771 = CARTESIAN_POINT('',(75.187375722959,0.911862770543));
#2772 = CARTESIAN_POINT('',(74.673658373137,0.910434890961));
#2773 = CARTESIAN_POINT('',(73.642315517021,0.907573371574));
#2774 = CARTESIAN_POINT('',(73.125283767014,0.906141376965));
#2775 = CARTESIAN_POINT('',(72.607902186892,0.904711299023));
#2776 = CARTESIAN_POINT('',(72.090177016879,0.903283281208));
#2777 = CARTESIAN_POINT('',(71.572091787282,0.901857515499));
#2778 = CARTESIAN_POINT('',(71.053585690193,0.900434273504));
#2779 = CARTESIAN_POINT('',(70.013069759053,0.897586530058));
#2780 = CARTESIAN_POINT('',(69.490060657891,0.896159315808));
#2781 = CARTESIAN_POINT('',(68.965393977759,0.894732218586));
#2782 = CARTESIAN_POINT('',(68.438893328322,0.893305240792));
#2783 = CARTESIAN_POINT('',(67.910373342088,0.891878384082));
#2784 = CARTESIAN_POINT('',(67.379638738781,0.890451652123));
#2785 = CARTESIAN_POINT('',(66.278932520002,0.887506420226));
#2786 = CARTESIAN_POINT('',(65.7105316744,0.885992998988));
#2787 = CARTESIAN_POINT('',(65.141175896578,0.884485298777));
#2788 = CARTESIAN_POINT('',(64.570766927633,0.882983865628));
#2789 = CARTESIAN_POINT('',(63.99921269217,0.881489283305));
#2790 = CARTESIAN_POINT('',(63.426426784395,0.880002174128));
#2791 = CARTESIAN_POINT('',(62.852327954211,0.878523199806));
#2792 = ( GEOMETRIC_REPRESENTATION_CONTEXT(2) 
PARAMETRIC_REPRESENTATION_CONTEXT() REPRESENTATION_CONTEXT('2D SPACE',''
  ) );
#2793 = PCURVE('',#1421,#2794);
#2794 = DEFINITIONAL_REPRESENTATION('',(#2795),#2846);
#2795 = B_SPLINE_CURVE_WITH_KNOTS('',7,(#2796,#2797,#2798,#2799,#2800,
    #2801,#2802,#2803,#2804,#2805,#2806,#2807,#2808,#2809,#2810,#2811,
    #2812,#2813,#2814,#2815,#2816,#2817,#2818,#2819,#2820,#2821,#2822,
    #2823,#2824,#2825,#2826,#2827,#2828,#2829,#2830,#2831,#2832,#2833,
    #2834,#2835,#2836,#2837,#2838,#2839,#2840,#2841,#2842,#2843,#2844,
    #2845),.UNSPECIFIED.,.F.,.F.,(8,6,6,6,6,6,6,6,8),(0.,0.287866950281,
    0.406784798954,0.49327106495,0.558135765028,0.666244281803,
    0.774798521245,0.883880645949,1.),.UNSPECIFIED.);
#2796 = CARTESIAN_POINT('',(46.2447834896,-10.));
#2797 = CARTESIAN_POINT('',(44.33415610554,-10.));
#2798 = CARTESIAN_POINT('',(42.423545124104,-10.00004373553));
#2799 = CARTESIAN_POINT('',(40.512962522304,-9.997249284249));
#2800 = CARTESIAN_POINT('',(38.602452851668,-9.988732591552));
#2801 = CARTESIAN_POINT('',(36.692093240322,-9.971607013767));
#2802 = CARTESIAN_POINT('',(34.781993395062,-9.942982861318));
#2803 = CARTESIAN_POINT('',(32.083399369336,-9.882197063869));
#2804 = CARTESIAN_POINT('',(31.294493618906,-9.861969290877));
#2805 = CARTESIAN_POINT('',(30.505588689954,-9.839081863478));
#2806 = CARTESIAN_POINT('',(29.716713050729,-9.81331445071));
#2807 = CARTESIAN_POINT('',(28.927799401583,-9.784503360219));
#2808 = CARTESIAN_POINT('',(28.138930692576,-9.752382771193));
#2809 = CARTESIAN_POINT('',(26.776376686322,-9.690823680569));
#2810 = CARTESIAN_POINT('',(26.202677060128,-9.663041228427));
#2811 = CARTESIAN_POINT('',(25.628986919435,-9.633309513476));
#2812 = CARTESIAN_POINT('',(25.055306290401,-9.601541043999));
#2813 = CARTESIAN_POINT('',(24.48163520613,-9.567647361133));
#2814 = CARTESIAN_POINT('',(23.907973706678,-9.531539038864));
#2815 = CARTESIAN_POINT('',(22.904082934472,-9.464315667649));
#2816 = CARTESIAN_POINT('',(22.473849442953,-9.434209019574));
#2817 = CARTESIAN_POINT('',(22.043621381984,-9.402767580318));
#2818 = CARTESIAN_POINT('',(21.613398771265,-9.369952777981));
#2819 = CARTESIAN_POINT('',(21.183181632699,-9.33572562825));
#2820 = CARTESIAN_POINT('',(20.752969990392,-9.300046734402));
#2821 = CARTESIAN_POINT('',(19.605749139121,-9.200925150571));
#2822 = CARTESIAN_POINT('',(18.88876468507,-9.134833581838));
#2823 = CARTESIAN_POINT('',(18.171808107521,-9.064408294213));
#2824 = CARTESIAN_POINT('',(17.454883466894,-8.989446723221));
#2825 = CARTESIAN_POINT('',(16.737991950267,-8.909740691991));
#2826 = CARTESIAN_POINT('',(16.021130982134,-8.825075929371));
#2827 = CARTESIAN_POINT('',(14.584517150391,-8.645008514498));
#2828 = CARTESIAN_POINT('',(13.865590250464,-8.549666831901));
#2829 = CARTESIAN_POINT('',(13.147625605101,-8.449009818919));
#2830 = CARTESIAN_POINT('',(12.430695238017,-8.34283854491));
#2831 = CARTESIAN_POINT('',(11.714895530971,-8.230955399908));
#2832 = CARTESIAN_POINT('',(11.000362844092,-8.11316386385));
#2833 = CARTESIAN_POINT('',(9.570665165931,-7.864754345411));
#2834 = CARTESIAN_POINT('',(8.854138225019,-7.73383824784));
#2835 = CARTESIAN_POINT('',(8.137670037619,-7.596236882952));
#2836 = CARTESIAN_POINT('',(7.421261808594,-7.45165711339));
#2837 = CARTESIAN_POINT('',(6.704914369118,-7.299784473786));
#2838 = CARTESIAN_POINT('',(5.988629560478,-7.140279787771));
#2839 = CARTESIAN_POINT('',(4.50998821367,-6.794465574621));
#2840 = CARTESIAN_POINT('',(3.750181415307,-6.607684040487));
#2841 = CARTESIAN_POINT('',(2.993246834547,-6.4121870972));
#2842 = CARTESIAN_POINT('',(2.239458606399,-6.207721396606));
#2843 = CARTESIAN_POINT('',(1.48910980643,-5.994024215272));
#2844 = CARTESIAN_POINT('',(0.742512868085,-5.770823341964));
#2845 = CARTESIAN_POINT('',(0.,-5.53783696512));
#2846 = ( GEOMETRIC_REPRESENTATION_CONTEXT(2) 
PARAMETRIC_REPRESENTATION_CONTEXT() REPRESENTATION_CONTEXT('2D SPACE',''
  ) );
#2847 = ORIENTED_EDGE('',*,*,#2439,.F.);
#2848 = FACE_BOUND('',#2849,.T.);
#2849 = EDGE_LOOP('',(#2850));
#2850 = ORIENTED_EDGE('',*,*,#2851,.T.);
#2851 = EDGE_CURVE('',#2852,#2852,#2854,.T.);
#2852 = VERTEX_POINT('',#2853);
#2853 = CARTESIAN_POINT('',(211.7,0.,30.));
#2854 = SURFACE_CURVE('',#2855,(#2921,#3016),.PCURVE_S1.);
#2855 = B_SPLINE_CURVE_WITH_KNOTS('',8,(#2856,#2857,#2858,#2859,#2860,
    #2861,#2862,#2863,#2864,#2865,#2866,#2867,#2868,#2869,#2870,#2871,
    #2872,#2873,#2874,#2875,#2876,#2877,#2878,#2879,#2880,#2881,#2882,
    #2883,#2884,#2885,#2886,#2887,#2888,#2889,#2890,#2891,#2892,#2893,
    #2894,#2895,#2896,#2897,#2898,#2899,#2900,#2901,#2902,#2903,#2904,
    #2905,#2906,#2907,#2908,#2909,#2910,#2911,#2912,#2913,#2914,#2915,
    #2916,#2917,#2918,#2919,#2920),.UNSPECIFIED.,.T.,.F.,(9,7,7,7,7,7,7,
    7,7,9),(0.,1.,2.208393894246,2.72591588779,4.177147883253,
    5.430645564853,6.627506694858,6.870388527524,7.892249636154,
    8.832482519101),.UNSPECIFIED.);
#2856 = CARTESIAN_POINT('',(211.7,-1.887379141863E-15,30.));
#2857 = CARTESIAN_POINT('',(211.7,-9.581331296769E-02,30.));
#2858 = CARTESIAN_POINT('',(211.69125708814,-0.191575755095,
    30.000000216938));
#2859 = CARTESIAN_POINT('',(211.67378667996,-0.286782546639,
    29.999999690433));
#2860 = CARTESIAN_POINT('',(211.6475085868,-0.380855107771,
    29.999997460397));
#2861 = CARTESIAN_POINT('',(211.61229939042,-0.473125677379,
    29.999992664119));
#2862 = CARTESIAN_POINT('',(211.5680248441,-0.56283366847,
    29.999984691854));
#2863 = CARTESIAN_POINT('',(211.51454473743,-0.64911408818,
    29.999973343562));
#2864 = CARTESIAN_POINT('',(211.37572051483,-0.82985845713,
    29.999941511464));
#2865 = CARTESIAN_POINT('',(211.28592671078,-0.92245240227,
    29.999919587859));
#2866 = CARTESIAN_POINT('',(211.18207204266,-1.006699645974,
    29.999893703759));
#2867 = CARTESIAN_POINT('',(211.06439515472,-1.079804015824,
    29.999865704524));
#2868 = CARTESIAN_POINT('',(210.93408247445,-1.138458853729,
    29.999838925066));
#2869 = CARTESIAN_POINT('',(210.79357377659,-1.179441672561,
    29.999818815486));
#2870 = CARTESIAN_POINT('',(210.64697510832,-1.199947085253,
    29.999808757304));
#2871 = CARTESIAN_POINT('',(210.43767255493,-1.20002255053,
    29.999808720282));
#2872 = CARTESIAN_POINT('',(210.37489792441,-1.196293886733,
    29.999810549161));
#2873 = CARTESIAN_POINT('',(210.31255221087,-1.188811167308,
    29.999814221306));
#2874 = CARTESIAN_POINT('',(210.25104128217,-1.177653938124,
    29.999819628787));
#2875 = CARTESIAN_POINT('',(210.1907289588,-1.162965329856,29.9998265712
    ));
#2876 = CARTESIAN_POINT('',(210.13193432968,-1.144936621995,
    29.999834781207));
#2877 = CARTESIAN_POINT('',(210.07493086358,-1.123795095227,
    29.99984395689));
#2878 = CARTESIAN_POINT('',(209.86576279029,-1.032494735407,
    29.999881405422));
#2879 = CARTESIAN_POINT('',(209.72851149395,-0.943174576329,
    29.999914074646));
#2880 = CARTESIAN_POINT('',(209.61049869031,-0.836951199072,
    29.999945495663));
#2881 = CARTESIAN_POINT('',(209.51252373672,-0.718406176208,
    29.999970085674));
#2882 = CARTESIAN_POINT('',(209.43452002554,-0.591380735408,
    29.999986127391));
#2883 = CARTESIAN_POINT('',(209.37588903431,-0.458879180871,
    29.999994862023));
#2884 = CARTESIAN_POINT('',(209.33587664473,-0.323018278144,
    29.999998436137));
#2885 = CARTESIAN_POINT('',(209.29573757561,-6.571203699873E-02,
    30.000000602833));
#2886 = CARTESIAN_POINT('',(209.29098870218,5.472740758633E-02,
    29.999999094265));
#2887 = CARTESIAN_POINT('',(209.29986035415,0.175385559802,
    30.000000907845));
#2888 = CARTESIAN_POINT('',(209.32242473763,0.295198927125,
    30.00000128394));
#2889 = CARTESIAN_POINT('',(209.35888216536,0.412937717195,
    29.999997601192));
#2890 = CARTESIAN_POINT('',(209.40946070903,0.527202174223,
    29.99998954773));
#2891 = CARTESIAN_POINT('',(209.47442309655,0.636394389975,
    29.999975962011));
#2892 = CARTESIAN_POINT('',(209.63039470783,0.836126833735,
    29.99994001774));
#2893 = CARTESIAN_POINT('',(209.72016876649,0.927380714486,
    29.999918071266));
#2894 = CARTESIAN_POINT('',(209.82373719833,1.010312233655,
    29.999892323511));
#2895 = CARTESIAN_POINT('',(209.9408278058,1.082173726102,29.99986463083
    ));
#2896 = CARTESIAN_POINT('',(210.07025389181,1.139763519123,
    29.999838289811));
#2897 = CARTESIAN_POINT('',(210.20962148114,1.179945560283,
    29.999818568301));
#2898 = CARTESIAN_POINT('',(210.35491080782,1.200019466452,
    29.999808721796));
#2899 = CARTESIAN_POINT('',(210.52963685756,1.199996036649,
    29.99980873329));
#2900 = CARTESIAN_POINT('',(210.55911314562,1.199164620089,
    29.999809141129));
#2901 = CARTESIAN_POINT('',(210.58854587257,1.197505720516,
    29.999809954993));
#2902 = CARTESIAN_POINT('',(210.61789214977,1.195022987082,
    29.999811169749));
#2903 = CARTESIAN_POINT('',(210.64711022388,1.19172353736,
    29.999812775413));
#2904 = CARTESIAN_POINT('',(210.6761595959,1.187617757591,29.99981475755
    ));
#2905 = CARTESIAN_POINT('',(210.70500114018,1.182719102938,
    29.999817097676));
#2906 = CARTESIAN_POINT('',(210.85390768467,1.153166972037,
    29.999831032162));
#2907 = CARTESIAN_POINT('',(210.96966041457,1.115578960579,
    29.999848218133));
#2908 = CARTESIAN_POINT('',(211.07827597065,1.065581670242,
    29.999869673604));
#2909 = CARTESIAN_POINT('',(211.17815650169,1.005030999427,
    29.999892769372));
#2910 = CARTESIAN_POINT('',(211.2684348527,0.935891311864,29.99991507117
    ));
#2911 = CARTESIAN_POINT('',(211.34875936274,0.859937623921,
    29.999934969298));
#2912 = CARTESIAN_POINT('',(211.4191143557,0.778605605423,
    29.999951771727));
#2913 = CARTESIAN_POINT('',(211.5354004861,0.614212369756,
    29.999977672089));
#2914 = CARTESIAN_POINT('',(211.582826544,0.531811137337,29.999987283045
    ));
#2915 = CARTESIAN_POINT('',(211.62210764962,0.446588883876,
    29.999993956999));
#2916 = CARTESIAN_POINT('',(211.65336425721,0.359243402403,
    29.999997938988));
#2917 = CARTESIAN_POINT('',(211.67670661776,0.270393931702,
    29.999999773986));
#2918 = CARTESIAN_POINT('',(211.69223161792,0.180590074127,
    30.000000192743));
#2919 = CARTESIAN_POINT('',(211.7,9.031560658824E-02,30.));
#2920 = CARTESIAN_POINT('',(211.7,-1.998401444325E-15,30.));
#2921 = PCURVE('',#806,#2922);
#2922 = DEFINITIONAL_REPRESENTATION('',(#2923),#3015);
#2923 = B_SPLINE_CURVE_WITH_KNOTS('',3,(#2924,#2925,#2926,#2927,#2928,
    #2929,#2930,#2931,#2932,#2933,#2934,#2935,#2936,#2937,#2938,#2939,
    #2940,#2941,#2942,#2943,#2944,#2945,#2946,#2947,#2948,#2949,#2950,
    #2951,#2952,#2953,#2954,#2955,#2956,#2957,#2958,#2959,#2960,#2961,
    #2962,#2963,#2964,#2965,#2966,#2967,#2968,#2969,#2970,#2971,#2972,
    #2973,#2974,#2975,#2976,#2977,#2978,#2979,#2980,#2981,#2982,#2983,
    #2984,#2985,#2986,#2987,#2988,#2989,#2990,#2991,#2992,#2993,#2994,
    #2995,#2996,#2997,#2998,#2999,#3000,#3001,#3002,#3003,#3004,#3005,
    #3006,#3007,#3008,#3009,#3010,#3011,#3012,#3013,#3014),
  .UNSPECIFIED.,.T.,.F.,(4,1,1,1,1,1,1,1,1,1,1,1,1,1,1,1,1,1,1,1,1,1,1,1
    ,1,1,1,1,1,1,1,1,1,1,1,1,1,1,1,1,1,1,1,1,1,1,1,1,1,1,1,1,1,1,1,1,1,1
    ,1,1,1,1,1,1,1,1,1,1,1,1,1,1,1,1,1,1,1,1,1,1,1,1,1,1,1,1,1,1,4),(0.,
    0.100369119535,0.20073823907,0.301107358606,0.401476478141,
    0.501845597676,0.602214717211,0.702583836747,0.802952956282,
    0.903322075817,1.003691195352,1.104060314888,1.204429434423,
    1.304798553958,1.405167673493,1.505536793029,1.605905912564,
    1.706275032099,1.806644151634,1.90701327117,2.007382390705,
    2.10775151024,2.208120629775,2.308489749311,2.408858868846,
    2.509227988381,2.609597107916,2.709966227452,2.810335346987,
    2.910704466522,3.011073586057,3.111442705593,3.211811825128,
    3.312180944663,3.412550064198,3.512919183734,3.613288303269,
    3.713657422804,3.814026542339,3.914395661875,4.01476478141,
    4.115133900945,4.21550302048,4.315872140015,4.416241259551,
    4.516610379086,4.616979498621,4.717348618156,4.817717737692,
    4.918086857227,5.018455976762,5.118825096297,5.219194215833,
    5.319563335368,5.419932454903,5.520301574438,5.620670693974,
    5.721039813509,5.821408933044,5.921778052579,6.022147172115,
    6.12251629165,6.222885411185,6.32325453072,6.423623650256,
    6.523992769791,6.624361889326,6.724731008861,6.825100128397,
    6.925469247932,7.025838367467,7.126207487002,7.226576606538,
    7.326945726073,7.427314845608,7.527683965143,7.628053084679,
    7.728422204214,7.828791323749,7.929160443284,8.029529562819,
    8.129898682355,8.23026780189,8.330636921425,8.43100604096,
    8.531375160496,8.631744280031,8.732113399566,8.832482519101),
  .QUASI_UNIFORM_KNOTS.);
#2924 = CARTESIAN_POINT('',(96.099432925796,0.962535211268));
#2925 = CARTESIAN_POINT('',(96.125067228165,0.962535208368));
#2926 = CARTESIAN_POINT('',(96.176330574054,0.96253058261));
#2927 = CARTESIAN_POINT('',(96.253016977501,0.962509738772));
#2928 = CARTESIAN_POINT('',(96.329307476586,0.962474956128));
#2929 = CARTESIAN_POINT('',(96.404995357829,0.962426160034));
#2930 = CARTESIAN_POINT('',(96.479860285132,0.962363258015));
#2931 = CARTESIAN_POINT('',(96.553665750197,0.962286141124));
#2932 = CARTESIAN_POINT('',(96.626159138891,0.962194688202));
#2933 = CARTESIAN_POINT('',(96.697069183437,0.962088771279));
#2934 = CARTESIAN_POINT('',(96.766110265402,0.961968243936));
#2935 = CARTESIAN_POINT('',(96.832960451602,0.961832986536));
#2936 = CARTESIAN_POINT('',(96.897336047724,0.961682729787));
#2937 = CARTESIAN_POINT('',(96.958850235555,0.961517324852));
#2938 = CARTESIAN_POINT('',(97.017015908549,0.961336871382));
#2939 = CARTESIAN_POINT('',(97.071315660323,0.961141613171));
#2940 = CARTESIAN_POINT('',(97.12119650611,0.960932004863));
#2941 = CARTESIAN_POINT('',(97.166086718822,0.960708731258));
#2942 = CARTESIAN_POINT('',(97.205408973939,0.960472738352));
#2943 = CARTESIAN_POINT('',(97.238597335365,0.960225260933));
#2944 = CARTESIAN_POINT('',(97.265117067776,0.959967850508));
#2945 = CARTESIAN_POINT('',(97.284488727297,0.95970240527));
#2946 = CARTESIAN_POINT('',(97.296318281224,0.959431192372));
#2947 = CARTESIAN_POINT('',(97.300332963378,0.959156899983));
#2948 = CARTESIAN_POINT('',(97.296432066769,0.958882578599));
#2949 = CARTESIAN_POINT('',(97.284703985329,0.958611107615));
#2950 = CARTESIAN_POINT('',(97.265398236599,0.958345158911));
#2951 = CARTESIAN_POINT('',(97.238902473475,0.958087126219));
#2952 = CARTESIAN_POINT('',(97.205696241705,0.957839005768));
#2953 = CARTESIAN_POINT('',(97.166404692196,0.957602886028));
#2954 = CARTESIAN_POINT('',(97.12171376406,0.957380270187));
#2955 = CARTESIAN_POINT('',(97.072131840446,0.957171470011));
#2956 = CARTESIAN_POINT('',(97.018182171756,0.956976929288));
#2957 = CARTESIAN_POINT('',(96.9603516776,0.956796906296));
#2958 = CARTESIAN_POINT('',(96.899102727041,0.956631577549));
#2959 = CARTESIAN_POINT('',(96.834868258465,0.956481027636));
#2960 = CARTESIAN_POINT('',(96.768051561908,0.956345268922));
#2961 = CARTESIAN_POINT('',(96.699024955889,0.956224252973));
#2962 = CARTESIAN_POINT('',(96.628128992492,0.956117884323));
#2963 = CARTESIAN_POINT('',(96.555671308384,0.956026034022));
#2964 = CARTESIAN_POINT('',(96.481926902053,0.955948554393));
#2965 = CARTESIAN_POINT('',(96.407133483195,0.955885293626));
#2966 = CARTESIAN_POINT('',(96.33150541503,0.955836116118));
#2967 = CARTESIAN_POINT('',(96.255178405286,0.955800908012));
#2968 = CARTESIAN_POINT('',(96.178485490855,0.955779673027));
#2969 = CARTESIAN_POINT('',(96.101603304449,0.955772339391));
#2970 = CARTESIAN_POINT('',(96.024713163216,0.955778889726));
#2971 = CARTESIAN_POINT('',(95.948006671616,0.955799340702));
#2972 = CARTESIAN_POINT('',(95.871685432746,0.955833738739));
#2973 = CARTESIAN_POINT('',(95.795962186786,0.955882153142));
#2974 = CARTESIAN_POINT('',(95.721061501469,0.95594467181));
#2975 = CARTESIAN_POINT('',(95.647220689821,0.956021398053));
#2976 = CARTESIAN_POINT('',(95.574690622817,0.956112449615));
#2977 = CARTESIAN_POINT('',(95.503737584655,0.956217957492));
#2978 = CARTESIAN_POINT('',(95.434642405706,0.956338073471));
#2979 = CARTESIAN_POINT('',(95.367711278718,0.956472953582));
#2980 = CARTESIAN_POINT('',(95.303244894417,0.956622840171));
#2981 = CARTESIAN_POINT('',(95.241628382001,0.956787885771));
#2982 = CARTESIAN_POINT('',(95.183348083437,0.956967996206));
#2983 = CARTESIAN_POINT('',(95.128921191849,0.957162932472));
#2984 = CARTESIAN_POINT('',(95.078900642583,0.957372246021));
#2985 = CARTESIAN_POINT('',(95.033858449347,0.95759525915));
#2986 = CARTESIAN_POINT('',(94.994372674684,0.957831033982));
#2987 = CARTESIAN_POINT('',(94.961010600428,0.9580783448));
#2988 = CARTESIAN_POINT('',(94.934309049994,0.958335649439));
#2989 = CARTESIAN_POINT('',(94.914750442455,0.958601061263));
#2990 = CARTESIAN_POINT('',(94.90273280903,0.958872319832));
#2991 = CARTESIAN_POINT('',(94.898534321233,0.959146767114));
#2992 = CARTESIAN_POINT('',(94.902262504136,0.95942130529));
#2993 = CARTESIAN_POINT('',(94.913832362013,0.95969306804));
#2994 = CARTESIAN_POINT('',(94.933001023736,0.959959356035));
#2995 = CARTESIAN_POINT('',(94.959341193045,0.960217415325));
#2996 = CARTESIAN_POINT('',(94.992360999381,0.960465430954));
#2997 = CARTESIAN_POINT('',(95.031521376954,0.9607018705));
#2998 = CARTESIAN_POINT('',(95.07625764904,0.960925551859));
#2999 = CARTESIAN_POINT('',(95.1259988253,0.961135576577));
#3000 = CARTESIAN_POINT('',(95.180184107842,0.961331301529));
#3001 = CARTESIAN_POINT('',(95.238276798288,0.961512302578));
#3002 = CARTESIAN_POINT('',(95.299775341049,0.961678342876));
#3003 = CARTESIAN_POINT('',(95.364222369751,0.961829341551));
#3004 = CARTESIAN_POINT('',(95.431208554084,0.961965347122));
#3005 = CARTESIAN_POINT('',(95.50038330886,0.962086497752));
#3006 = CARTESIAN_POINT('',(95.571440558317,0.962192958519));
#3007 = CARTESIAN_POINT('',(95.644090525581,0.962284874975));
#3008 = CARTESIAN_POINT('',(95.718062814244,0.96236238225));
#3009 = CARTESIAN_POINT('',(95.793103864941,0.962425603258));
#3010 = CARTESIAN_POINT('',(95.868976131043,0.962474647892));
#3011 = CARTESIAN_POINT('',(95.945457560906,0.96250960843));
#3012 = CARTESIAN_POINT('',(96.022339203316,0.962530558991));
#3013 = CARTESIAN_POINT('',(96.0737334628,0.962535208426));
#3014 = CARTESIAN_POINT('',(96.099432925796,0.962535211268));
#3015 = ( GEOMETRIC_REPRESENTATION_CONTEXT(2) 
PARAMETRIC_REPRESENTATION_CONTEXT() REPRESENTATION_CONTEXT('2D SPACE',''
  ) );
#3016 = PCURVE('',#2334,#3017);
#3017 = DEFINITIONAL_REPRESENTATION('',(#3018),#3110);
#3018 = B_SPLINE_CURVE_WITH_KNOTS('',3,(#3019,#3020,#3021,#3022,#3023,
    #3024,#3025,#3026,#3027,#3028,#3029,#3030,#3031,#3032,#3033,#3034,
    #3035,#3036,#3037,#3038,#3039,#3040,#3041,#3042,#3043,#3044,#3045,
    #3046,#3047,#3048,#3049,#3050,#3051,#3052,#3053,#3054,#3055,#3056,
    #3057,#3058,#3059,#3060,#3061,#3062,#3063,#3064,#3065,#3066,#3067,
    #3068,#3069,#3070,#3071,#3072,#3073,#3074,#3075,#3076,#3077,#3078,
    #3079,#3080,#3081,#3082,#3083,#3084,#3085,#3086,#3087,#3088,#3089,
    #3090,#3091,#3092,#3093,#3094,#3095,#3096,#3097,#3098,#3099,#3100,
    #3101,#3102,#3103,#3104,#3105,#3106,#3107,#3108,#3109),
  .UNSPECIFIED.,.F.,.F.,(4,1,1,1,1,1,1,1,1,1,1,1,1,1,1,1,1,1,1,1,1,1,1,1
    ,1,1,1,1,1,1,1,1,1,1,1,1,1,1,1,1,1,1,1,1,1,1,1,1,1,1,1,1,1,1,1,1,1,1
    ,1,1,1,1,1,1,1,1,1,1,1,1,1,1,1,1,1,1,1,1,1,1,1,1,1,1,1,1,1,1,4),(0.,
    0.100369119535,0.20073823907,0.301107358606,0.401476478141,
    0.501845597676,0.602214717211,0.702583836747,0.802952956282,
    0.903322075817,1.003691195352,1.104060314888,1.204429434423,
    1.304798553958,1.405167673493,1.505536793029,1.605905912564,
    1.706275032099,1.806644151634,1.90701327117,2.007382390705,
    2.10775151024,2.208120629775,2.308489749311,2.408858868846,
    2.509227988381,2.609597107916,2.709966227452,2.810335346987,
    2.910704466522,3.011073586057,3.111442705593,3.211811825128,
    3.312180944663,3.412550064198,3.512919183734,3.613288303269,
    3.713657422804,3.814026542339,3.914395661875,4.01476478141,
    4.115133900945,4.21550302048,4.315872140015,4.416241259551,
    4.516610379086,4.616979498621,4.717348618156,4.817717737692,
    4.918086857227,5.018455976762,5.118825096297,5.219194215833,
    5.319563335368,5.419932454903,5.520301574438,5.620670693974,
    5.721039813509,5.821408933044,5.921778052579,6.022147172115,
    6.12251629165,6.222885411185,6.32325453072,6.423623650256,
    6.523992769791,6.624361889326,6.724731008861,6.825100128397,
    6.925469247932,7.025838367467,7.126207487002,7.226576606538,
    7.326945726073,7.427314845608,7.527683965143,7.628053084679,
    7.728422204214,7.828791323749,7.929160443284,8.029529562819,
    8.129898682355,8.23026780189,8.330636921425,8.43100604096,
    8.531375160496,8.631744280031,8.732113399566,8.832482519101),
  .QUASI_UNIFORM_KNOTS.);
#3019 = CARTESIAN_POINT('',(-6.28318530718,-15.));
#3020 = CARTESIAN_POINT('',(-6.261815518886,-15.00000000074));
#3021 = CARTESIAN_POINT('',(-6.219081370076,-15.0000000404));
#3022 = CARTESIAN_POINT('',(-6.154889620802,-14.99999989869));
#3023 = CARTESIAN_POINT('',(-6.090498039674,-14.99999923466));
#3024 = CARTESIAN_POINT('',(-6.025806058306,-14.99999774604));
#3025 = CARTESIAN_POINT('',(-5.960715883337,-14.99999515397));
#3026 = CARTESIAN_POINT('',(-5.895131444432,-14.9999912136));
#3027 = CARTESIAN_POINT('',(-5.828955575483,-14.99998572338));
#3028 = CARTESIAN_POINT('',(-5.762089394791,-14.99997853505));
#3029 = CARTESIAN_POINT('',(-5.694423908894,-14.99996956211));
#3030 = CARTESIAN_POINT('',(-5.625858844194,-14.99995879258));
#3031 = CARTESIAN_POINT('',(-5.556217334871,-14.99994628317));
#3032 = CARTESIAN_POINT('',(-5.485381804737,-14.99993218812));
#3033 = CARTESIAN_POINT('',(-5.41331085961,-14.99991678035));
#3034 = CARTESIAN_POINT('',(-5.339973366505,-14.99990044328));
#3035 = CARTESIAN_POINT('',(-5.265364958204,-14.99988367082));
#3036 = CARTESIAN_POINT('',(-5.189503853842,-14.99986705427));
#3037 = CARTESIAN_POINT('',(-5.112434028159,-14.99985125971));
#3038 = CARTESIAN_POINT('',(-5.03422868315,-14.99983699387));
#3039 = CARTESIAN_POINT('',(-4.954996241901,-14.99982495978));
#3040 = CARTESIAN_POINT('',(-4.874889796107,-14.99981580403));
#3041 = CARTESIAN_POINT('',(-4.794118195754,-14.99981005849));
#3042 = CARTESIAN_POINT('',(-4.712971242719,-14.99980808186));
#3043 = CARTESIAN_POINT('',(-4.631819607643,-14.9998100027));
#3044 = CARTESIAN_POINT('',(-4.550982644822,-14.99981570063));
#3045 = CARTESIAN_POINT('',(-4.470741645065,-14.99982482914));
#3046 = CARTESIAN_POINT('',(-4.391338390598,-14.99983685929));
#3047 = CARTESIAN_POINT('',(-4.312950254452,-14.99985114063));
#3048 = CARTESIAN_POINT('',(-4.235857355071,-14.99986693064));
#3049 = CARTESIAN_POINT('',(-4.160246933764,-14.99988348549));
#3050 = CARTESIAN_POINT('',(-4.085975064847,-14.99990017966));
#3051 = CARTESIAN_POINT('',(-4.012983909172,-14.99991644643));
#3052 = CARTESIAN_POINT('',(-3.941194425408,-14.99993181368));
#3053 = CARTESIAN_POINT('',(-3.870533966317,-14.99994590679));
#3054 = CARTESIAN_POINT('',(-3.800927537463,-14.99995845311));
#3055 = CARTESIAN_POINT('',(-3.732298625785,-14.99996927994));
#3056 = CARTESIAN_POINT('',(-3.664567284328,-14.99997830924));
#3057 = CARTESIAN_POINT('',(-3.597648856961,-14.99998554925));
#3058 = CARTESIAN_POINT('',(-3.531452046453,-14.9999910843));
#3059 = CARTESIAN_POINT('',(-3.465877908473,-14.99999506353));
#3060 = CARTESIAN_POINT('',(-3.400814356435,-14.99999768867));
#3061 = CARTESIAN_POINT('',(-3.336145711883,-14.99999920556));
#3062 = CARTESIAN_POINT('',(-3.271703885348,-14.99999988563));
#3063 = CARTESIAN_POINT('',(-3.207495712816,-14.99999997598));
#3064 = CARTESIAN_POINT('',(-3.143400704484,-15.00000002363));
#3065 = CARTESIAN_POINT('',(-3.079306504633,-15.00000005473));
#3066 = CARTESIAN_POINT('',(-3.015109269712,-14.99999989462));
#3067 = CARTESIAN_POINT('',(-2.950710447736,-14.99999925001));
#3068 = CARTESIAN_POINT('',(-2.886014818694,-14.99999780165));
#3069 = CARTESIAN_POINT('',(-2.820928372707,-14.9999952513));
#3070 = CARTESIAN_POINT('',(-2.755356352948,-14.99999134764));
#3071 = CARTESIAN_POINT('',(-2.689200947244,-14.99998589479));
#3072 = CARTESIAN_POINT('',(-2.622359608992,-14.99997875218));
#3073 = CARTESIAN_POINT('',(-2.554719725268,-14.99996983359));
#3074 = CARTESIAN_POINT('',(-2.486164801266,-14.99995911299));
#3075 = CARTESIAN_POINT('',(-2.416534716456,-14.99994664542));
#3076 = CARTESIAN_POINT('',(-2.345710706002,-14.9999325861));
#3077 = CARTESIAN_POINT('',(-2.273650480282,-14.99991720399));
#3078 = CARTESIAN_POINT('',(-2.200322422443,-14.99990088017));
#3079 = CARTESIAN_POINT('',(-2.125721418641,-14.99988410612));
#3080 = CARTESIAN_POINT('',(-2.049864752648,-14.99986747142));
#3081 = CARTESIAN_POINT('',(-1.972795241541,-14.99985164122));
#3082 = CARTESIAN_POINT('',(-1.894584671878,-14.99983732252));
#3083 = CARTESIAN_POINT('',(-1.815339909107,-14.99982522003));
#3084 = CARTESIAN_POINT('',(-1.73521165288,-14.99981598347));
#3085 = CARTESIAN_POINT('',(-1.654407455359,-14.99981014939));
#3086 = CARTESIAN_POINT('',(-1.573208391214,-14.99980808256));
#3087 = CARTESIAN_POINT('',(-1.491998438163,-14.99980991868));
#3088 = CARTESIAN_POINT('',(-1.411091819031,-14.99981554213));
#3089 = CARTESIAN_POINT('',(-1.330775439256,-14.99982461222));
#3090 = CARTESIAN_POINT('',(-1.251400464252,-14.99983658301));
#3091 = CARTESIAN_POINT('',(-1.173095768899,-14.99985080299));
#3092 = CARTESIAN_POINT('',(-1.095963697873,-14.99986656723));
#3093 = CARTESIAN_POINT('',(-1.020060845864,-14.99988317021));
#3094 = CARTESIAN_POINT('',(-0.945414860103,-14.99989994759));
#3095 = CARTESIAN_POINT('',(-0.872027414931,-14.99991630855));
#3096 = CARTESIAN_POINT('',(-0.799877409704,-14.99993175844));
#3097 = CARTESIAN_POINT('',(-0.728921678823,-14.99994591151));
#3098 = CARTESIAN_POINT('',(-0.659094573598,-14.99995849477));
#3099 = CARTESIAN_POINT('',(-0.590308607715,-14.99996933893));
#3100 = CARTESIAN_POINT('',(-0.522451559971,-14.99997837337));
#3101 = CARTESIAN_POINT('',(-0.455401852141,-14.99998561314));
#3102 = CARTESIAN_POINT('',(-0.389051071584,-14.99999114373));
#3103 = CARTESIAN_POINT('',(-0.323296333683,-14.99999511409));
#3104 = CARTESIAN_POINT('',(-0.25803874393,-14.9999977266));
#3105 = CARTESIAN_POINT('',(-0.193180777605,-14.99999922748));
#3106 = CARTESIAN_POINT('',(-0.128623922447,-14.99999989734));
#3107 = CARTESIAN_POINT('',(-6.426738830618E-02,-15.0000000406));
#3108 = CARTESIAN_POINT('',(-2.142411011902E-02,-15.00000000075));
#3109 = CARTESIAN_POINT('',(1.7763568394E-15,-15.));
#3110 = ( GEOMETRIC_REPRESENTATION_CONTEXT(2) 
PARAMETRIC_REPRESENTATION_CONTEXT() REPRESENTATION_CONTEXT('2D SPACE',''
  ) );
#3111 = ADVANCED_FACE('',(#3112),#556,.T.);
#3112 = FACE_BOUND('',#3113,.T.);
#3113 = EDGE_LOOP('',(#3114,#3115,#3136,#3137));
#3114 = ORIENTED_EDGE('',*,*,#1089,.T.);
#3115 = ORIENTED_EDGE('',*,*,#3116,.T.);
#3116 = EDGE_CURVE('',#1090,#2494,#3117,.T.);
#3117 = SURFACE_CURVE('',#3118,(#3122,#3129),.PCURVE_S1.);
#3118 = LINE('',#3119,#3120);
#3119 = CARTESIAN_POINT('',(181.87573593128,-32.7,20.));
#3120 = VECTOR('',#3121,1.);
#3121 = DIRECTION('',(0.,0.,1.));
#3122 = PCURVE('',#556,#3123);
#3123 = DEFINITIONAL_REPRESENTATION('',(#3124),#3128);
#3124 = LINE('',#3125,#3126);
#3125 = CARTESIAN_POINT('',(0.,-0.));
#3126 = VECTOR('',#3127,1.);
#3127 = DIRECTION('',(0.,-1.));
#3128 = ( GEOMETRIC_REPRESENTATION_CONTEXT(2) 
PARAMETRIC_REPRESENTATION_CONTEXT() REPRESENTATION_CONTEXT('2D SPACE',''
  ) );
#3129 = PCURVE('',#1244,#3130);
#3130 = DEFINITIONAL_REPRESENTATION('',(#3131),#3135);
#3131 = LINE('',#3132,#3133);
#3132 = CARTESIAN_POINT('',(46.2447834896,0.));
#3133 = VECTOR('',#3134,1.);
#3134 = DIRECTION('',(0.,-1.));
#3135 = ( GEOMETRIC_REPRESENTATION_CONTEXT(2) 
PARAMETRIC_REPRESENTATION_CONTEXT() REPRESENTATION_CONTEXT('2D SPACE',''
  ) );
#3136 = ORIENTED_EDGE('',*,*,#2493,.F.);
#3137 = ORIENTED_EDGE('',*,*,#540,.F.);
#3138 = ADVANCED_FACE('',(#3139),#1244,.T.);
#3139 = FACE_BOUND('',#3140,.T.);
#3140 = EDGE_LOOP('',(#3141,#3142,#3163,#3164));
#3141 = ORIENTED_EDGE('',*,*,#1118,.T.);
#3142 = ORIENTED_EDGE('',*,*,#3143,.T.);
#3143 = EDGE_CURVE('',#1119,#2523,#3144,.T.);
#3144 = SURFACE_CURVE('',#3145,(#3149,#3156),.PCURVE_S1.);
#3145 = LINE('',#3146,#3147);
#3146 = CARTESIAN_POINT('',(214.57573593128,0.,20.));
#3147 = VECTOR('',#3148,1.);
#3148 = DIRECTION('',(0.,0.,1.));
#3149 = PCURVE('',#1244,#3150);
#3150 = DEFINITIONAL_REPRESENTATION('',(#3151),#3155);
#3151 = LINE('',#3152,#3153);
#3152 = CARTESIAN_POINT('',(0.,0.));
#3153 = VECTOR('',#3154,1.);
#3154 = DIRECTION('',(0.,-1.));
#3155 = ( GEOMETRIC_REPRESENTATION_CONTEXT(2) 
PARAMETRIC_REPRESENTATION_CONTEXT() REPRESENTATION_CONTEXT('2D SPACE',''
  ) );
#3156 = PCURVE('',#1421,#3157);
#3157 = DEFINITIONAL_REPRESENTATION('',(#3158),#3162);
#3158 = LINE('',#3159,#3160);
#3159 = CARTESIAN_POINT('',(46.2447834896,0.));
#3160 = VECTOR('',#3161,1.);
#3161 = DIRECTION('',(0.,-1.));
#3162 = ( GEOMETRIC_REPRESENTATION_CONTEXT(2) 
PARAMETRIC_REPRESENTATION_CONTEXT() REPRESENTATION_CONTEXT('2D SPACE',''
  ) );
#3163 = ORIENTED_EDGE('',*,*,#2522,.F.);
#3164 = ORIENTED_EDGE('',*,*,#3116,.F.);
#3165 = ADVANCED_FACE('',(#3166),#1421,.T.);
#3166 = FACE_BOUND('',#3167,.T.);
#3167 = EDGE_LOOP('',(#3168,#3169,#3170,#3171));
#3168 = ORIENTED_EDGE('',*,*,#1311,.T.);
#3169 = ORIENTED_EDGE('',*,*,#2468,.T.);
#3170 = ORIENTED_EDGE('',*,*,#2686,.F.);
#3171 = ORIENTED_EDGE('',*,*,#3143,.F.);
#3172 = ADVANCED_FACE('',(#3173),#1718,.T.);
#3173 = FACE_BOUND('',#3174,.F.);
#3174 = EDGE_LOOP('',(#3175,#3204,#3225,#3226));
#3175 = ORIENTED_EDGE('',*,*,#3176,.F.);
#3176 = EDGE_CURVE('',#3177,#3177,#3179,.T.);
#3177 = VERTEX_POINT('',#3178);
#3178 = CARTESIAN_POINT('',(133.1,0.,25.390411587189));
#3179 = SURFACE_CURVE('',#3180,(#3185,#3192),.PCURVE_S1.);
#3180 = CIRCLE('',#3181,3.5);
#3181 = AXIS2_PLACEMENT_3D('',#3182,#3183,#3184);
#3182 = CARTESIAN_POINT('',(129.6,0.,25.390411587189));
#3183 = DIRECTION('',(0.,0.,1.));
#3184 = DIRECTION('',(1.,0.,0.));
#3185 = PCURVE('',#1718,#3186);
#3186 = DEFINITIONAL_REPRESENTATION('',(#3187),#3191);
#3187 = LINE('',#3188,#3189);
#3188 = CARTESIAN_POINT('',(-0.,0.));
#3189 = VECTOR('',#3190,1.);
#3190 = DIRECTION('',(-1.,0.));
#3191 = ( GEOMETRIC_REPRESENTATION_CONTEXT(2) 
PARAMETRIC_REPRESENTATION_CONTEXT() REPRESENTATION_CONTEXT('2D SPACE',''
  ) );
#3192 = PCURVE('',#3193,#3198);
#3193 = PLANE('',#3194);
#3194 = AXIS2_PLACEMENT_3D('',#3195,#3196,#3197);
#3195 = CARTESIAN_POINT('',(129.6,2.47821720825E-16,25.390411587189));
#3196 = DIRECTION('',(0.,0.,1.));
#3197 = DIRECTION('',(1.,0.,-0.));
#3198 = DEFINITIONAL_REPRESENTATION('',(#3199),#3203);
#3199 = CIRCLE('',#3200,3.5);
#3200 = AXIS2_PLACEMENT_2D('',#3201,#3202);
#3201 = CARTESIAN_POINT('',(-2.84217094304E-14,-2.47821720825E-16));
#3202 = DIRECTION('',(1.,0.));
#3203 = ( GEOMETRIC_REPRESENTATION_CONTEXT(2) 
PARAMETRIC_REPRESENTATION_CONTEXT() REPRESENTATION_CONTEXT('2D SPACE',''
  ) );
#3204 = ORIENTED_EDGE('',*,*,#3205,.T.);
#3205 = EDGE_CURVE('',#3177,#1510,#3206,.T.);
#3206 = SEAM_CURVE('',#3207,(#3211,#3218),.PCURVE_S1.);
#3207 = LINE('',#3208,#3209);
#3208 = CARTESIAN_POINT('',(133.1,0.,25.390411587189));
#3209 = VECTOR('',#3210,1.);
#3210 = DIRECTION('',(0.,0.,1.));
#3211 = PCURVE('',#1718,#3212);
#3212 = DEFINITIONAL_REPRESENTATION('',(#3213),#3217);
#3213 = LINE('',#3214,#3215);
#3214 = CARTESIAN_POINT('',(-0.,0.));
#3215 = VECTOR('',#3216,1.);
#3216 = DIRECTION('',(-0.,-1.));
#3217 = ( GEOMETRIC_REPRESENTATION_CONTEXT(2) 
PARAMETRIC_REPRESENTATION_CONTEXT() REPRESENTATION_CONTEXT('2D SPACE',''
  ) );
#3218 = PCURVE('',#1718,#3219);
#3219 = DEFINITIONAL_REPRESENTATION('',(#3220),#3224);
#3220 = LINE('',#3221,#3222);
#3221 = CARTESIAN_POINT('',(-6.28318530718,0.));
#3222 = VECTOR('',#3223,1.);
#3223 = DIRECTION('',(-0.,-1.));
#3224 = ( GEOMETRIC_REPRESENTATION_CONTEXT(2) 
PARAMETRIC_REPRESENTATION_CONTEXT() REPRESENTATION_CONTEXT('2D SPACE',''
  ) );
#3225 = ORIENTED_EDGE('',*,*,#1509,.T.);
#3226 = ORIENTED_EDGE('',*,*,#3205,.F.);
#3227 = ADVANCED_FACE('',(#3228),#2051,.T.);
#3228 = FACE_BOUND('',#3229,.F.);
#3229 = EDGE_LOOP('',(#3230,#3259,#3280,#3281));
#3230 = ORIENTED_EDGE('',*,*,#3231,.F.);
#3231 = EDGE_CURVE('',#3232,#3232,#3234,.T.);
#3232 = VERTEX_POINT('',#3233);
#3233 = CARTESIAN_POINT('',(178.9,0.,25.390411587189));
#3234 = SURFACE_CURVE('',#3235,(#3240,#3247),.PCURVE_S1.);
#3235 = CIRCLE('',#3236,3.5);
#3236 = AXIS2_PLACEMENT_3D('',#3237,#3238,#3239);
#3237 = CARTESIAN_POINT('',(175.4,0.,25.390411587189));
#3238 = DIRECTION('',(0.,0.,1.));
#3239 = DIRECTION('',(1.,0.,0.));
#3240 = PCURVE('',#2051,#3241);
#3241 = DEFINITIONAL_REPRESENTATION('',(#3242),#3246);
#3242 = LINE('',#3243,#3244);
#3243 = CARTESIAN_POINT('',(-0.,0.));
#3244 = VECTOR('',#3245,1.);
#3245 = DIRECTION('',(-1.,0.));
#3246 = ( GEOMETRIC_REPRESENTATION_CONTEXT(2) 
PARAMETRIC_REPRESENTATION_CONTEXT() REPRESENTATION_CONTEXT('2D SPACE',''
  ) );
#3247 = PCURVE('',#3248,#3253);
#3248 = PLANE('',#3249);
#3249 = AXIS2_PLACEMENT_3D('',#3250,#3251,#3252);
#3250 = CARTESIAN_POINT('',(175.4,2.47821720825E-16,25.390411587189));
#3251 = DIRECTION('',(0.,0.,1.));
#3252 = DIRECTION('',(1.,0.,-0.));
#3253 = DEFINITIONAL_REPRESENTATION('',(#3254),#3258);
#3254 = CIRCLE('',#3255,3.5);
#3255 = AXIS2_PLACEMENT_2D('',#3256,#3257);
#3256 = CARTESIAN_POINT('',(-2.84217094304E-14,-2.47821720825E-16));
#3257 = DIRECTION('',(1.,0.));
#3258 = ( GEOMETRIC_REPRESENTATION_CONTEXT(2) 
PARAMETRIC_REPRESENTATION_CONTEXT() REPRESENTATION_CONTEXT('2D SPACE',''
  ) );
#3259 = ORIENTED_EDGE('',*,*,#3260,.T.);
#3260 = EDGE_CURVE('',#3232,#1843,#3261,.T.);
#3261 = SEAM_CURVE('',#3262,(#3266,#3273),.PCURVE_S1.);
#3262 = LINE('',#3263,#3264);
#3263 = CARTESIAN_POINT('',(178.9,0.,25.390411587189));
#3264 = VECTOR('',#3265,1.);
#3265 = DIRECTION('',(0.,0.,1.));
#3266 = PCURVE('',#2051,#3267);
#3267 = DEFINITIONAL_REPRESENTATION('',(#3268),#3272);
#3268 = LINE('',#3269,#3270);
#3269 = CARTESIAN_POINT('',(-0.,0.));
#3270 = VECTOR('',#3271,1.);
#3271 = DIRECTION('',(-0.,-1.));
#3272 = ( GEOMETRIC_REPRESENTATION_CONTEXT(2) 
PARAMETRIC_REPRESENTATION_CONTEXT() REPRESENTATION_CONTEXT('2D SPACE',''
  ) );
#3273 = PCURVE('',#2051,#3274);
#3274 = DEFINITIONAL_REPRESENTATION('',(#3275),#3279);
#3275 = LINE('',#3276,#3277);
#3276 = CARTESIAN_POINT('',(-6.28318530718,0.));
#3277 = VECTOR('',#3278,1.);
#3278 = DIRECTION('',(-0.,-1.));
#3279 = ( GEOMETRIC_REPRESENTATION_CONTEXT(2) 
PARAMETRIC_REPRESENTATION_CONTEXT() REPRESENTATION_CONTEXT('2D SPACE',''
  ) );
#3280 = ORIENTED_EDGE('',*,*,#1842,.T.);
#3281 = ORIENTED_EDGE('',*,*,#3260,.F.);
#3282 = ADVANCED_FACE('',(#3283),#2334,.F.);
#3283 = FACE_BOUND('',#3284,.T.);
#3284 = EDGE_LOOP('',(#3285,#3286,#3307,#3308));
#3285 = ORIENTED_EDGE('',*,*,#2175,.F.);
#3286 = ORIENTED_EDGE('',*,*,#3287,.T.);
#3287 = EDGE_CURVE('',#2176,#2852,#3288,.T.);
#3288 = SEAM_CURVE('',#3289,(#3293,#3300),.PCURVE_S1.);
#3289 = LINE('',#3290,#3291);
#3290 = CARTESIAN_POINT('',(211.7,0.,15.));
#3291 = VECTOR('',#3292,1.);
#3292 = DIRECTION('',(0.,0.,1.));
#3293 = PCURVE('',#2334,#3294);
#3294 = DEFINITIONAL_REPRESENTATION('',(#3295),#3299);
#3295 = LINE('',#3296,#3297);
#3296 = CARTESIAN_POINT('',(-0.,0.));
#3297 = VECTOR('',#3298,1.);
#3298 = DIRECTION('',(-0.,-1.));
#3299 = ( GEOMETRIC_REPRESENTATION_CONTEXT(2) 
PARAMETRIC_REPRESENTATION_CONTEXT() REPRESENTATION_CONTEXT('2D SPACE',''
  ) );
#3300 = PCURVE('',#2334,#3301);
#3301 = DEFINITIONAL_REPRESENTATION('',(#3302),#3306);
#3302 = LINE('',#3303,#3304);
#3303 = CARTESIAN_POINT('',(-6.28318530718,0.));
#3304 = VECTOR('',#3305,1.);
#3305 = DIRECTION('',(-0.,-1.));
#3306 = ( GEOMETRIC_REPRESENTATION_CONTEXT(2) 
PARAMETRIC_REPRESENTATION_CONTEXT() REPRESENTATION_CONTEXT('2D SPACE',''
  ) );
#3307 = ORIENTED_EDGE('',*,*,#2851,.F.);
#3308 = ORIENTED_EDGE('',*,*,#3287,.F.);
#3309 = ADVANCED_FACE('',(#3310,#3313),#3193,.F.);
#3310 = FACE_BOUND('',#3311,.F.);
#3311 = EDGE_LOOP('',(#3312));
#3312 = ORIENTED_EDGE('',*,*,#3176,.T.);
#3313 = FACE_BOUND('',#3314,.F.);
#3314 = EDGE_LOOP('',(#3315));
#3315 = ORIENTED_EDGE('',*,*,#3316,.T.);
#3316 = EDGE_CURVE('',#3317,#3317,#3319,.T.);
#3317 = VERTEX_POINT('',#3318);
#3318 = CARTESIAN_POINT('',(130.4,0.,25.390411587189));
#3319 = SURFACE_CURVE('',#3320,(#3325,#3336),.PCURVE_S1.);
#3320 = CIRCLE('',#3321,0.8);
#3321 = AXIS2_PLACEMENT_3D('',#3322,#3323,#3324);
#3322 = CARTESIAN_POINT('',(129.6,0.,25.390411587189));
#3323 = DIRECTION('',(0.,0.,-1.));
#3324 = DIRECTION('',(1.,0.,0.));
#3325 = PCURVE('',#3193,#3326);
#3326 = DEFINITIONAL_REPRESENTATION('',(#3327),#3335);
#3327 = ( BOUNDED_CURVE() B_SPLINE_CURVE(2,(#3328,#3329,#3330,#3331,
#3332,#3333,#3334),.UNSPECIFIED.,.T.,.F.) B_SPLINE_CURVE_WITH_KNOTS((1,2
    ,2,2,2,1),(-2.094395102393,0.,2.094395102393,4.188790204786,
6.28318530718,8.377580409573),.UNSPECIFIED.) CURVE() 
GEOMETRIC_REPRESENTATION_ITEM() RATIONAL_B_SPLINE_CURVE((1.,0.5,1.,0.5,
1.,0.5,1.)) REPRESENTATION_ITEM('') );
#3328 = CARTESIAN_POINT('',(0.8,-2.47821720825E-16));
#3329 = CARTESIAN_POINT('',(0.8,-1.385640646055));
#3330 = CARTESIAN_POINT('',(-0.4,-0.692820323028));
#3331 = CARTESIAN_POINT('',(-1.6,-4.437652086886E-16));
#3332 = CARTESIAN_POINT('',(-0.4,0.692820323028));
#3333 = CARTESIAN_POINT('',(0.8,1.385640646055));
#3334 = CARTESIAN_POINT('',(0.8,-2.47821720825E-16));
#3335 = ( GEOMETRIC_REPRESENTATION_CONTEXT(2) 
PARAMETRIC_REPRESENTATION_CONTEXT() REPRESENTATION_CONTEXT('2D SPACE',''
  ) );
#3336 = PCURVE('',#3337,#3342);
#3337 = CYLINDRICAL_SURFACE('',#3338,0.8);
#3338 = AXIS2_PLACEMENT_3D('',#3339,#3340,#3341);
#3339 = CARTESIAN_POINT('',(129.6,0.,24.390411587189));
#3340 = DIRECTION('',(-0.,-0.,-1.));
#3341 = DIRECTION('',(1.,0.,0.));
#3342 = DEFINITIONAL_REPRESENTATION('',(#3343),#3347);
#3343 = LINE('',#3344,#3345);
#3344 = CARTESIAN_POINT('',(-6.28318530718,-1.));
#3345 = VECTOR('',#3346,1.);
#3346 = DIRECTION('',(1.,-0.));
#3347 = ( GEOMETRIC_REPRESENTATION_CONTEXT(2) 
PARAMETRIC_REPRESENTATION_CONTEXT() REPRESENTATION_CONTEXT('2D SPACE',''
  ) );
#3348 = ADVANCED_FACE('',(#3349,#3352),#3248,.F.);
#3349 = FACE_BOUND('',#3350,.F.);
#3350 = EDGE_LOOP('',(#3351));
#3351 = ORIENTED_EDGE('',*,*,#3231,.T.);
#3352 = FACE_BOUND('',#3353,.F.);
#3353 = EDGE_LOOP('',(#3354));
#3354 = ORIENTED_EDGE('',*,*,#3355,.T.);
#3355 = EDGE_CURVE('',#3356,#3356,#3358,.T.);
#3356 = VERTEX_POINT('',#3357);
#3357 = CARTESIAN_POINT('',(176.2,0.,25.390411587189));
#3358 = SURFACE_CURVE('',#3359,(#3364,#3375),.PCURVE_S1.);
#3359 = CIRCLE('',#3360,0.8);
#3360 = AXIS2_PLACEMENT_3D('',#3361,#3362,#3363);
#3361 = CARTESIAN_POINT('',(175.4,0.,25.390411587189));
#3362 = DIRECTION('',(0.,0.,-1.));
#3363 = DIRECTION('',(1.,0.,0.));
#3364 = PCURVE('',#3248,#3365);
#3365 = DEFINITIONAL_REPRESENTATION('',(#3366),#3374);
#3366 = ( BOUNDED_CURVE() B_SPLINE_CURVE(2,(#3367,#3368,#3369,#3370,
#3371,#3372,#3373),.UNSPECIFIED.,.T.,.F.) B_SPLINE_CURVE_WITH_KNOTS((1,2
    ,2,2,2,1),(-2.094395102393,0.,2.094395102393,4.188790204786,
6.28318530718,8.377580409573),.UNSPECIFIED.) CURVE() 
GEOMETRIC_REPRESENTATION_ITEM() RATIONAL_B_SPLINE_CURVE((1.,0.5,1.,0.5,
1.,0.5,1.)) REPRESENTATION_ITEM('') );
#3367 = CARTESIAN_POINT('',(0.8,-2.47821720825E-16));
#3368 = CARTESIAN_POINT('',(0.8,-1.385640646055));
#3369 = CARTESIAN_POINT('',(-0.4,-0.692820323028));
#3370 = CARTESIAN_POINT('',(-1.6,-4.437652086886E-16));
#3371 = CARTESIAN_POINT('',(-0.4,0.692820323028));
#3372 = CARTESIAN_POINT('',(0.8,1.385640646055));
#3373 = CARTESIAN_POINT('',(0.8,-2.47821720825E-16));
#3374 = ( GEOMETRIC_REPRESENTATION_CONTEXT(2) 
PARAMETRIC_REPRESENTATION_CONTEXT() REPRESENTATION_CONTEXT('2D SPACE',''
  ) );
#3375 = PCURVE('',#3376,#3381);
#3376 = CYLINDRICAL_SURFACE('',#3377,0.8);
#3377 = AXIS2_PLACEMENT_3D('',#3378,#3379,#3380);
#3378 = CARTESIAN_POINT('',(175.4,0.,24.390411587189));
#3379 = DIRECTION('',(-0.,-0.,-1.));
#3380 = DIRECTION('',(1.,0.,0.));
#3381 = DEFINITIONAL_REPRESENTATION('',(#3382),#3386);
#3382 = LINE('',#3383,#3384);
#3383 = CARTESIAN_POINT('',(-6.28318530718,-1.));
#3384 = VECTOR('',#3385,1.);
#3385 = DIRECTION('',(1.,-0.));
#3386 = ( GEOMETRIC_REPRESENTATION_CONTEXT(2) 
PARAMETRIC_REPRESENTATION_CONTEXT() REPRESENTATION_CONTEXT('2D SPACE',''
  ) );
#3387 = ADVANCED_FACE('',(#3388),#3337,.F.);
#3388 = FACE_BOUND('',#3389,.T.);
#3389 = EDGE_LOOP('',(#3390,#3391,#3414,#3441));
#3390 = ORIENTED_EDGE('',*,*,#3316,.T.);
#3391 = ORIENTED_EDGE('',*,*,#3392,.T.);
#3392 = EDGE_CURVE('',#3317,#3393,#3395,.T.);
#3393 = VERTEX_POINT('',#3394);
#3394 = CARTESIAN_POINT('',(130.4,0.,29.));
#3395 = SEAM_CURVE('',#3396,(#3400,#3407),.PCURVE_S1.);
#3396 = LINE('',#3397,#3398);
#3397 = CARTESIAN_POINT('',(130.4,0.,24.390411587189));
#3398 = VECTOR('',#3399,1.);
#3399 = DIRECTION('',(0.,0.,1.));
#3400 = PCURVE('',#3337,#3401);
#3401 = DEFINITIONAL_REPRESENTATION('',(#3402),#3406);
#3402 = LINE('',#3403,#3404);
#3403 = CARTESIAN_POINT('',(-6.28318530718,0.));
#3404 = VECTOR('',#3405,1.);
#3405 = DIRECTION('',(-0.,-1.));
#3406 = ( GEOMETRIC_REPRESENTATION_CONTEXT(2) 
PARAMETRIC_REPRESENTATION_CONTEXT() REPRESENTATION_CONTEXT('2D SPACE',''
  ) );
#3407 = PCURVE('',#3337,#3408);
#3408 = DEFINITIONAL_REPRESENTATION('',(#3409),#3413);
#3409 = LINE('',#3410,#3411);
#3410 = CARTESIAN_POINT('',(-0.,0.));
#3411 = VECTOR('',#3412,1.);
#3412 = DIRECTION('',(-0.,-1.));
#3413 = ( GEOMETRIC_REPRESENTATION_CONTEXT(2) 
PARAMETRIC_REPRESENTATION_CONTEXT() REPRESENTATION_CONTEXT('2D SPACE',''
  ) );
#3414 = ORIENTED_EDGE('',*,*,#3415,.T.);
#3415 = EDGE_CURVE('',#3393,#3393,#3416,.T.);
#3416 = SURFACE_CURVE('',#3417,(#3422,#3429),.PCURVE_S1.);
#3417 = CIRCLE('',#3418,0.8);
#3418 = AXIS2_PLACEMENT_3D('',#3419,#3420,#3421);
#3419 = CARTESIAN_POINT('',(129.6,0.,29.));
#3420 = DIRECTION('',(0.,0.,1.));
#3421 = DIRECTION('',(1.,0.,0.));
#3422 = PCURVE('',#3337,#3423);
#3423 = DEFINITIONAL_REPRESENTATION('',(#3424),#3428);
#3424 = LINE('',#3425,#3426);
#3425 = CARTESIAN_POINT('',(-0.,-4.609588412811));
#3426 = VECTOR('',#3427,1.);
#3427 = DIRECTION('',(-1.,0.));
#3428 = ( GEOMETRIC_REPRESENTATION_CONTEXT(2) 
PARAMETRIC_REPRESENTATION_CONTEXT() REPRESENTATION_CONTEXT('2D SPACE',''
  ) );
#3429 = PCURVE('',#3430,#3435);
#3430 = PLANE('',#3431);
#3431 = AXIS2_PLACEMENT_3D('',#3432,#3433,#3434);
#3432 = CARTESIAN_POINT('',(129.6,1.275896425547E-16,29.));
#3433 = DIRECTION('',(0.,0.,1.));
#3434 = DIRECTION('',(1.,0.,-0.));
#3435 = DEFINITIONAL_REPRESENTATION('',(#3436),#3440);
#3436 = CIRCLE('',#3437,0.8);
#3437 = AXIS2_PLACEMENT_2D('',#3438,#3439);
#3438 = CARTESIAN_POINT('',(0.,-1.275896425547E-16));
#3439 = DIRECTION('',(1.,0.));
#3440 = ( GEOMETRIC_REPRESENTATION_CONTEXT(2) 
PARAMETRIC_REPRESENTATION_CONTEXT() REPRESENTATION_CONTEXT('2D SPACE',''
  ) );
#3441 = ORIENTED_EDGE('',*,*,#3392,.F.);
#3442 = ADVANCED_FACE('',(#3443),#3376,.F.);
#3443 = FACE_BOUND('',#3444,.T.);
#3444 = EDGE_LOOP('',(#3445,#3446,#3469,#3496));
#3445 = ORIENTED_EDGE('',*,*,#3355,.T.);
#3446 = ORIENTED_EDGE('',*,*,#3447,.T.);
#3447 = EDGE_CURVE('',#3356,#3448,#3450,.T.);
#3448 = VERTEX_POINT('',#3449);
#3449 = CARTESIAN_POINT('',(176.2,0.,29.));
#3450 = SEAM_CURVE('',#3451,(#3455,#3462),.PCURVE_S1.);
#3451 = LINE('',#3452,#3453);
#3452 = CARTESIAN_POINT('',(176.2,0.,24.390411587189));
#3453 = VECTOR('',#3454,1.);
#3454 = DIRECTION('',(0.,0.,1.));
#3455 = PCURVE('',#3376,#3456);
#3456 = DEFINITIONAL_REPRESENTATION('',(#3457),#3461);
#3457 = LINE('',#3458,#3459);
#3458 = CARTESIAN_POINT('',(-6.28318530718,0.));
#3459 = VECTOR('',#3460,1.);
#3460 = DIRECTION('',(-0.,-1.));
#3461 = ( GEOMETRIC_REPRESENTATION_CONTEXT(2) 
PARAMETRIC_REPRESENTATION_CONTEXT() REPRESENTATION_CONTEXT('2D SPACE',''
  ) );
#3462 = PCURVE('',#3376,#3463);
#3463 = DEFINITIONAL_REPRESENTATION('',(#3464),#3468);
#3464 = LINE('',#3465,#3466);
#3465 = CARTESIAN_POINT('',(-0.,0.));
#3466 = VECTOR('',#3467,1.);
#3467 = DIRECTION('',(-0.,-1.));
#3468 = ( GEOMETRIC_REPRESENTATION_CONTEXT(2) 
PARAMETRIC_REPRESENTATION_CONTEXT() REPRESENTATION_CONTEXT('2D SPACE',''
  ) );
#3469 = ORIENTED_EDGE('',*,*,#3470,.T.);
#3470 = EDGE_CURVE('',#3448,#3448,#3471,.T.);
#3471 = SURFACE_CURVE('',#3472,(#3477,#3484),.PCURVE_S1.);
#3472 = CIRCLE('',#3473,0.8);
#3473 = AXIS2_PLACEMENT_3D('',#3474,#3475,#3476);
#3474 = CARTESIAN_POINT('',(175.4,0.,29.));
#3475 = DIRECTION('',(0.,0.,1.));
#3476 = DIRECTION('',(1.,0.,0.));
#3477 = PCURVE('',#3376,#3478);
#3478 = DEFINITIONAL_REPRESENTATION('',(#3479),#3483);
#3479 = LINE('',#3480,#3481);
#3480 = CARTESIAN_POINT('',(-0.,-4.609588412811));
#3481 = VECTOR('',#3482,1.);
#3482 = DIRECTION('',(-1.,0.));
#3483 = ( GEOMETRIC_REPRESENTATION_CONTEXT(2) 
PARAMETRIC_REPRESENTATION_CONTEXT() REPRESENTATION_CONTEXT('2D SPACE',''
  ) );
#3484 = PCURVE('',#3485,#3490);
#3485 = PLANE('',#3486);
#3486 = AXIS2_PLACEMENT_3D('',#3487,#3488,#3489);
#3487 = CARTESIAN_POINT('',(175.4,1.275896425547E-16,29.));
#3488 = DIRECTION('',(0.,0.,1.));
#3489 = DIRECTION('',(1.,0.,-0.));
#3490 = DEFINITIONAL_REPRESENTATION('',(#3491),#3495);
#3491 = CIRCLE('',#3492,0.8);
#3492 = AXIS2_PLACEMENT_2D('',#3493,#3494);
#3493 = CARTESIAN_POINT('',(-5.684341886081E-14,-1.275896425547E-16));
#3494 = DIRECTION('',(1.,0.));
#3495 = ( GEOMETRIC_REPRESENTATION_CONTEXT(2) 
PARAMETRIC_REPRESENTATION_CONTEXT() REPRESENTATION_CONTEXT('2D SPACE',''
  ) );
#3496 = ORIENTED_EDGE('',*,*,#3447,.F.);
#3497 = ADVANCED_FACE('',(#3498),#3430,.F.);
#3498 = FACE_BOUND('',#3499,.F.);
#3499 = EDGE_LOOP('',(#3500));
#3500 = ORIENTED_EDGE('',*,*,#3415,.T.);
#3501 = ADVANCED_FACE('',(#3502),#3485,.F.);
#3502 = FACE_BOUND('',#3503,.F.);
#3503 = EDGE_LOOP('',(#3504));
#3504 = ORIENTED_EDGE('',*,*,#3470,.T.);
#3505 = ( GEOMETRIC_REPRESENTATION_CONTEXT(3) 
GLOBAL_UNCERTAINTY_ASSIGNED_CONTEXT((#3509)) 
GLOBAL_UNIT_ASSIGNED_CONTEXT((#3506,#3507,#3508)) REPRESENTATION_CONTEXT
('Context #1','3D Context with UNIT and UNCERTAINTY') );
#3506 = ( LENGTH_UNIT() NAMED_UNIT(*) SI_UNIT(.MILLI.,.METRE.) );
#3507 = ( NAMED_UNIT(*) PLANE_ANGLE_UNIT() SI_UNIT($,.RADIAN.) );
#3508 = ( NAMED_UNIT(*) SI_UNIT($,.STERADIAN.) SOLID_ANGLE_UNIT() );
#3509 = UNCERTAINTY_MEASURE_WITH_UNIT(LENGTH_MEASURE(5.E-03),#3506,
  'distance_accuracy_value','confusion accuracy');
#3510 = PRODUCT_RELATED_PRODUCT_CATEGORY('part',$,(#7));
ENDSEC;
END-ISO-10303-21;
