ISO-10303-21;
HEADER;
FILE_DESCRIPTION(('Open CASCADE Model'),'2;1');
FILE_NAME('Open CASCADE Shape Model','2026-10-04T23:26:08',('Author'),(
    'Open CASCADE'),'Open CASCADE STEP processor 7.9','Open CASCADE 7.9'
  ,'Unknown');
FILE_SCHEMA(('AUTOMOTIVE_DESIGN { 1 0 10303 214 1 1 1 1 }'));
ENDSEC;
DATA;
#1 = APPLICATION_PROTOCOL_DEFINITION('international standard',
  'automotive_design',2000,#2);
#2 = APPLICATION_CONTEXT(
  'core data for automotive mechanical design processes');
#3 = SHAPE_DEFINITION_REPRESENTATION(#4,#10);
#4 = PRODUCT_DEFINITION_SHAPE('','',#5);
#5 = PRODUCT_DEFINITION('design','',#6,#9);
#6 = PRODUCT_DEFINITION_FORMATION('','',#7);
#7 = PRODUCT('Open CASCADE STEP translator 7.9 15',
  'Open CASCADE STEP translator 7.9 15','',(#8));
#8 = PRODUCT_CONTEXT('',#2,'mechanical');
#9 = PRODUCT_DEFINITION_CONTEXT('part definition',#2,'design');
#10 = SHAPE_REPRESENTATION('',(#11,#15,#19),#23);
#11 = AXIS2_PLACEMENT_3D('',#12,#13,#14);
#12 = CARTESIAN_POINT('',(0.,0.,0.));
#13 = DIRECTION('',(0.,0.,1.));
#14 = DIRECTION('',(1.,0.,-0.));
#15 = AXIS2_PLACEMENT_3D('',#16,#17,#18);
#16 = CARTESIAN_POINT('',(0.,0.,0.));
#17 = DIRECTION('',(0.,0.,1.));
#18 = DIRECTION('',(1.,0.,-0.));
#19 = AXIS2_PLACEMENT_3D('',#20,#21,#22);
#20 = CARTESIAN_POINT('',(0.,0.,0.));
#21 = DIRECTION('',(0.,0.,1.));
#22 = DIRECTION('',(1.,0.,-0.));
#23 = ( GEOMETRIC_REPRESENTATION_CONTEXT(3) 
GLOBAL_UNCERTAINTY_ASSIGNED_CONTEXT((#27)) GLOBAL_UNIT_ASSIGNED_CONTEXT(
(#24,#25,#26)) REPRESENTATION_CONTEXT('Context #1',
  '3D Context with UNIT and UNCERTAINTY') );
#24 = ( LENGTH_UNIT() NAMED_UNIT(*) SI_UNIT(.MILLI.,.METRE.) );
#25 = ( NAMED_UNIT(*) PLANE_ANGLE_UNIT() SI_UNIT($,.RADIAN.) );
#26 = ( NAMED_UNIT(*) SI_UNIT($,.STERADIAN.) SOLID_ANGLE_UNIT() );
#27 = UNCERTAINTY_MEASURE_WITH_UNIT(LENGTH_MEASURE(1.E-06),#24,
  'distance_accuracy_value','confusion accuracy');
#28 = PRODUCT_RELATED_PRODUCT_CATEGORY('part',$,(#7));
#29 = SHAPE_DEFINITION_REPRESENTATION(#30,#36);
#30 = PRODUCT_DEFINITION_SHAPE('','',#31);
#31 = PRODUCT_DEFINITION('design','',#32,#35);
#32 = PRODUCT_DEFINITION_FORMATION('','',#33);
#33 = PRODUCT('Open CASCADE STEP translator 7.9 15.1',
  'Open CASCADE STEP translator 7.9 15.1','',(#34));
#34 = PRODUCT_CONTEXT('',#2,'mechanical');
#35 = PRODUCT_DEFINITION_CONTEXT('part definition',#2,'design');
#36 = ADVANCED_BREP_SHAPE_REPRESENTATION('',(#11,#37),#6208);
#37 = MANIFOLD_SOLID_BREP('',#38);
#38 = CLOSED_SHELL('',(#39,#694,#729,#1095,#1150,#3279,#3690,#6071,#6182
    ));
#39 = ADVANCED_FACE('',(#40),#116,.T.);
#40 = FACE_BOUND('',#41,.T.);
#41 = EDGE_LOOP('',(#42,#332,#354,#693));
#42 = ORIENTED_EDGE('',*,*,#43,.T.);
#43 = EDGE_CURVE('',#44,#44,#46,.T.);
#44 = VERTEX_POINT('',#45);
#45 = CARTESIAN_POINT('',(-300.,5.,-15.));
#46 = SURFACE_CURVE('',#47,(#115,#256),.PCURVE_S1.);
#47 = B_SPLINE_CURVE_WITH_KNOTS('',3,(#48,#49,#50,#51,#52,#53,#54,#55,
    #56,#57,#58,#59,#60,#61,#62,#63,#64,#65,#66,#67,#68,#69,#70,#71,#72,
    #73,#74,#75,#76,#77,#78,#79,#80,#81,#82,#83,#84,#85,#86,#87,#88,#89,
    #90,#91,#92,#93,#94,#95,#96,#97,#98,#99,#100,#101,#102,#103,#104,
    #105,#106,#107,#108,#109,#110,#111,#112,#113,#114),.UNSPECIFIED.,.T.
  ,.F.,(1,1,2,1,1,1,1,1,1,1,1,1,1,1,1,1,1,1,1,1,1,1,1,1,1,1,1,1,1,1,1,1,
    1,1,1,1,1,1,1,1,1,1,1,1,1,1,1,1,1,1,1,1,1,1,1,1,1,1,1,1,1,1,1,1,1,1,
    2,1,1),(-1.683870114494,-1.063051438179,0.,1.063051438179,
    1.683870114494,2.200341081086,2.657824543295,3.076621034605,
    3.469367674131,3.845718996308,4.214097156293,4.582475316278,
    4.958826638456,5.351573277982,5.770369769292,6.227853231501,
    6.744324198092,7.365142874407,8.428194312509,9.491245750765,
    10.11206442708,10.628535393672,11.086018855881,11.504815347191,
    11.897561986717,12.273913308895,12.642291468879,13.010669628864,
    13.387020951042,13.779767590568,14.198564081878,14.656047544087,
    15.172518510679,15.793337186994,16.856388625049,17.919440063352,
    18.540258739667,19.056729706258,19.514213168467,19.933009659777,
    20.325756299303,20.702107621481,21.070485781466,21.43886394145,
    21.815215263628,22.207961903154,22.626758394464,23.084241856673,
    23.600712823265,24.22153149958,25.284582937597,26.347634375938,
    26.968453052253,27.484924018845,27.942407481054,28.361203972364,
    28.75395061189,29.130301934067,29.498680094052,29.867058254037,
    30.243409576215,30.636156215741,31.05495270705,31.512436169259,
    32.028907135851,32.649725812166,33.712777250345,34.775828688524,
    35.396647364839),.UNSPECIFIED.);
#48 = CARTESIAN_POINT('',(-300.,5.000413339439,-15.35313694008));
#49 = CARTESIAN_POINT('',(-300.,4.999586660561,-14.64686305991));
#50 = CARTESIAN_POINT('',(-300.,5.000175122818,-14.08372363871));
#51 = CARTESIAN_POINT('',(-300.,4.947196180637,-13.3519350527));
#52 = CARTESIAN_POINT('',(-300.,4.866728801675,-12.82575052594));
#53 = CARTESIAN_POINT('',(-300.,4.754068588612,-12.37461491012));
#54 = CARTESIAN_POINT('',(-300.,4.608872273751,-11.9763920761));
#55 = CARTESIAN_POINT('',(-300.,4.43079896263,-11.62166492563));
#56 = CARTESIAN_POINT('',(-300.,4.219441515927,-11.30564607172));
#57 = CARTESIAN_POINT('',(-300.,3.974242973076,-11.02575703522));
#58 = CARTESIAN_POINT('',(-300.,3.694353883777,-10.78055849499));
#59 = CARTESIAN_POINT('',(-300.,3.378335251316,-10.56920098291));
#60 = CARTESIAN_POINT('',(-300.,3.023607211316,-10.39112794869));
#61 = CARTESIAN_POINT('',(-300.,2.625388054379,-10.245930485));
#62 = CARTESIAN_POINT('',(-300.,2.174236625898,-10.13327521357));
#63 = CARTESIAN_POINT('',(-300.,1.648124374084,-10.05278524747));
#64 = CARTESIAN_POINT('',(-300.,0.915922363856,-9.999935507501));
#65 = CARTESIAN_POINT('',(-300.,2.542437982741E-11,-10.00004071504));
#66 = CARTESIAN_POINT('',(-300.,-0.915922363803,-9.999935507502));
#67 = CARTESIAN_POINT('',(-300.,-1.648124374087,-10.05278524746));
#68 = CARTESIAN_POINT('',(-300.,-2.17423662589,-10.1332752136));
#69 = CARTESIAN_POINT('',(-300.,-2.625388054405,-10.24593048492));
#70 = CARTESIAN_POINT('',(-300.,-3.023607211231,-10.39112794896));
#71 = CARTESIAN_POINT('',(-300.,-3.378335251609,-10.56920098197));
#72 = CARTESIAN_POINT('',(-300.,-3.694353882743,-10.7805584983));
#73 = CARTESIAN_POINT('',(-300.,-3.974242976851,-11.02575702314));
#74 = CARTESIAN_POINT('',(-300.,-4.219441501698,-11.30564611725));
#75 = CARTESIAN_POINT('',(-300.,-4.430799018022,-11.62166474839));
#76 = CARTESIAN_POINT('',(-300.,-4.608872051032,-11.97639278876));
#77 = CARTESIAN_POINT('',(-300.,-4.75406951508,-12.37461194559));
#78 = CARTESIAN_POINT('',(-300.,-4.8667247864,-12.82576337411));
#79 = CARTESIAN_POINT('',(-300.,-4.947214752535,-13.35187562591));
#80 = CARTESIAN_POINT('',(-300.,-5.000064492493,-14.08407763613));
#81 = CARTESIAN_POINT('',(-300.,-4.999959284959,-14.99999999995));
#82 = CARTESIAN_POINT('',(-300.,-5.000064492498,-15.91592236378));
#83 = CARTESIAN_POINT('',(-300.,-4.947214752535,-16.64812437408));
#84 = CARTESIAN_POINT('',(-300.,-4.8667247864,-17.17423662589));
#85 = CARTESIAN_POINT('',(-300.,-4.75406951508,-17.6253880544));
#86 = CARTESIAN_POINT('',(-300.,-4.608872051032,-18.02360721123));
#87 = CARTESIAN_POINT('',(-300.,-4.430799018022,-18.3783352516));
#88 = CARTESIAN_POINT('',(-300.,-4.219441501698,-18.69435388274));
#89 = CARTESIAN_POINT('',(-300.,-3.974242976851,-18.97424297685));
#90 = CARTESIAN_POINT('',(-300.,-3.694353882743,-19.21944150169));
#91 = CARTESIAN_POINT('',(-300.,-3.378335251609,-19.43079901802));
#92 = CARTESIAN_POINT('',(-300.,-3.023607211231,-19.60887205103));
#93 = CARTESIAN_POINT('',(-300.,-2.625388054405,-19.75406951508));
#94 = CARTESIAN_POINT('',(-300.,-2.17423662589,-19.8667247864));
#95 = CARTESIAN_POINT('',(-300.,-1.648124374087,-19.94721475253));
#96 = CARTESIAN_POINT('',(-300.,-0.915922363883,-20.00006449249));
#97 = CARTESIAN_POINT('',(-300.,-5.340504608985E-11,-19.99995928495));
#98 = CARTESIAN_POINT('',(-300.,0.915922363774,-20.0000644925));
#99 = CARTESIAN_POINT('',(-300.,1.648124374089,-19.94721475252));
#100 = CARTESIAN_POINT('',(-300.,2.174236625882,-19.86672478642));
#101 = CARTESIAN_POINT('',(-300.,2.625388054431,-19.75406951499));
#102 = CARTESIAN_POINT('',(-300.,3.023607211145,-19.6088720513));
#103 = CARTESIAN_POINT('',(-300.,3.378335251901,-19.43079901708));
#104 = CARTESIAN_POINT('',(-300.,3.694353881708,-19.219441505));
#105 = CARTESIAN_POINT('',(-300.,3.974242980626,-18.97424296477));
#106 = CARTESIAN_POINT('',(-300.,4.219441487468,-18.69435392827));
#107 = CARTESIAN_POINT('',(-300.,4.430799073415,-18.37833507436));
#108 = CARTESIAN_POINT('',(-300.,4.608871828313,-18.02360792389));
#109 = CARTESIAN_POINT('',(-300.,4.754070441548,-17.62538508987));
#110 = CARTESIAN_POINT('',(-300.,4.866720771125,-17.17424947405));
#111 = CARTESIAN_POINT('',(-300.,4.947233324434,-16.64806494729));
#112 = CARTESIAN_POINT('',(-300.,4.999953862174,-15.91627636128));
#113 = CARTESIAN_POINT('',(-300.,5.000413339439,-15.35313694008));
#114 = CARTESIAN_POINT('',(-300.,4.999586660561,-14.64686305991));
#115 = PCURVE('',#116,#251);
#116 = B_SPLINE_SURFACE_WITH_KNOTS('',3,1,(
    (#117,#118)
    ,(#119,#120)
    ,(#121,#122)
    ,(#123,#124)
    ,(#125,#126)
    ,(#127,#128)
    ,(#129,#130)
    ,(#131,#132)
    ,(#133,#134)
    ,(#135,#136)
    ,(#137,#138)
    ,(#139,#140)
    ,(#141,#142)
    ,(#143,#144)
    ,(#145,#146)
    ,(#147,#148)
    ,(#149,#150)
    ,(#151,#152)
    ,(#153,#154)
    ,(#155,#156)
    ,(#157,#158)
    ,(#159,#160)
    ,(#161,#162)
    ,(#163,#164)
    ,(#165,#166)
    ,(#167,#168)
    ,(#169,#170)
    ,(#171,#172)
    ,(#173,#174)
    ,(#175,#176)
    ,(#177,#178)
    ,(#179,#180)
    ,(#181,#182)
    ,(#183,#184)
    ,(#185,#186)
    ,(#187,#188)
    ,(#189,#190)
    ,(#191,#192)
    ,(#193,#194)
    ,(#195,#196)
    ,(#197,#198)
    ,(#199,#200)
    ,(#201,#202)
    ,(#203,#204)
    ,(#205,#206)
    ,(#207,#208)
    ,(#209,#210)
    ,(#211,#212)
    ,(#213,#214)
    ,(#215,#216)
    ,(#217,#218)
    ,(#219,#220)
    ,(#221,#222)
    ,(#223,#224)
    ,(#225,#226)
    ,(#227,#228)
    ,(#229,#230)
    ,(#231,#232)
    ,(#233,#234)
    ,(#235,#236)
    ,(#237,#238)
    ,(#239,#240)
    ,(#241,#242)
    ,(#243,#244)
    ,(#245,#246)
    ,(#247,#248)
    ,(#249,#250
    )),.UNSPECIFIED.,.T.,.F.,.F.,(1,1,2,1,1,1,1,1,1,1,1,1,1,1,1,1,1,1,1,
    1,1,1,1,1,1,1,1,1,1,1,1,1,1,1,1,1,1,1,1,1,1,1,1,1,1,1,1,1,1,1,1,1,1,
    1,1,1,1,1,1,1,1,1,1,1,1,1,2,1,1),(2,2),(-5.051610343482,
    -3.189154314537,0.,3.189154314537,5.051610343482,6.601023243257,
    7.973473629884,9.229863103814,10.408103022392,11.537156988925,
    12.642291468879,13.747425948833,14.876479915367,16.054719833945,
    17.311109307875,18.683559694502,20.232972594277,22.095428623222,
    25.284582937526,28.473737252296,30.336193281241,31.885606181016,
    33.258056567643,34.514446041573,35.692685960151,36.821739926684,
    37.926874406638,39.032008886592,40.161062853126,41.339302771704,
    42.595692245634,43.968142632261,45.517555532036,47.380011560981,
    50.569165875148,53.758320190055,55.620776219,57.170189118775,
    58.542639505402,59.799028979332,60.97726889791,62.106322864443,
    63.211457344397,64.316591824351,65.445645790885,66.623885709463,
    67.880275183392,69.252725570019,70.802138469795,72.66459449874,
    75.853748812792,79.042903127813,80.905359156759,82.454772056534,
    83.827222443161,85.083611917091,86.261851835669,87.390905802202,
    88.496040282156,89.60117476211,90.730228728643,91.908468647222,
    93.164858121151,94.537308507778,96.086721407554,97.949177436499,
    101.13833175103,104.32748606557,106.18994209451),(0.,1.),
  .UNSPECIFIED.);
#117 = CARTESIAN_POINT('',(-300.,5.000413339439,-15.35313694008));
#118 = CARTESIAN_POINT('',(-290.,15.001240018317,-17.05941082025));
#119 = CARTESIAN_POINT('',(-300.,4.999586660561,-14.64686305991));
#120 = CARTESIAN_POINT('',(-290.,14.998759981683,-14.94058917975));
#121 = CARTESIAN_POINT('',(-300.,5.000175122818,-14.08372363871));
#122 = CARTESIAN_POINT('',(-290.,15.000525368453,-13.25117091614));
#123 = CARTESIAN_POINT('',(-300.,4.947196180637,-13.3519350527));
#124 = CARTESIAN_POINT('',(-290.,14.84158854191,-11.0558051581));
#125 = CARTESIAN_POINT('',(-300.,4.866728801675,-12.82575052594));
#126 = CARTESIAN_POINT('',(-290.,14.600186405024,-9.477251577823));
#127 = CARTESIAN_POINT('',(-300.,4.754068588612,-12.37461491012));
#128 = CARTESIAN_POINT('',(-290.,14.262205765836,-8.123844730387));
#129 = CARTESIAN_POINT('',(-300.,4.608872273751,-11.9763920761));
#130 = CARTESIAN_POINT('',(-290.,13.826616821254,-6.929176228323));
#131 = CARTESIAN_POINT('',(-300.,4.43079896263,-11.62166492563));
#132 = CARTESIAN_POINT('',(-290.,13.29239688789,-5.864994776913));
#133 = CARTESIAN_POINT('',(-300.,4.219441515927,-11.30564607172));
#134 = CARTESIAN_POINT('',(-290.,12.658324547781,-4.916938215178));
#135 = CARTESIAN_POINT('',(-300.,3.974242973076,-11.02575703522));
#136 = CARTESIAN_POINT('',(-290.,11.922728919227,-4.077271105686));
#137 = CARTESIAN_POINT('',(-300.,3.694353883777,-10.78055849499));
#138 = CARTESIAN_POINT('',(-290.,11.083061651331,-3.341675484978));
#139 = CARTESIAN_POINT('',(-300.,3.378335251316,-10.56920098291));
#140 = CARTESIAN_POINT('',(-290.,10.135005753948,-2.707602948741));
#141 = CARTESIAN_POINT('',(-300.,3.023607211316,-10.39112794869));
#142 = CARTESIAN_POINT('',(-290.,9.070821633948,-2.173383846084));
#143 = CARTESIAN_POINT('',(-300.,2.625388054379,-10.245930485));
#144 = CARTESIAN_POINT('',(-290.,7.876164163138,-1.737791455007));
#145 = CARTESIAN_POINT('',(-300.,2.174236625898,-10.13327521357));
#146 = CARTESIAN_POINT('',(-290.,6.522709877694,-1.399825640722));
#147 = CARTESIAN_POINT('',(-300.,1.648124374084,-10.05278524747));
#148 = CARTESIAN_POINT('',(-290.,4.944373122251,-1.158355742421));
#149 = CARTESIAN_POINT('',(-300.,0.915922363856,-9.999935507501));
#150 = CARTESIAN_POINT('',(-290.,2.747767091569,-0.999806522504));
#151 = CARTESIAN_POINT('',(-300.,2.542437982741E-11,-10.00004071504));
#152 = CARTESIAN_POINT('',(-290.,7.627242686894E-11,-1.000122145127));
#153 = CARTESIAN_POINT('',(-300.,-0.915922363803,-9.999935507502));
#154 = CARTESIAN_POINT('',(-290.,-2.74776709141,-0.999806522507));
#155 = CARTESIAN_POINT('',(-300.,-1.648124374087,-10.05278524746));
#156 = CARTESIAN_POINT('',(-290.,-4.94437312226,-1.158355742395));
#157 = CARTESIAN_POINT('',(-300.,-2.17423662589,-10.1332752136));
#158 = CARTESIAN_POINT('',(-290.,-6.52270987767,-1.3998256408));
#159 = CARTESIAN_POINT('',(-300.,-2.625388054405,-10.24593048492));
#160 = CARTESIAN_POINT('',(-290.,-7.876164163216,-1.737791454759));
#161 = CARTESIAN_POINT('',(-300.,-3.023607211231,-10.39112794896));
#162 = CARTESIAN_POINT('',(-290.,-9.070821633692,-2.173383846904));
#163 = CARTESIAN_POINT('',(-300.,-3.378335251609,-10.56920098197));
#164 = CARTESIAN_POINT('',(-290.,-10.13500575482,-2.707602945933));
#165 = CARTESIAN_POINT('',(-300.,-3.694353882743,-10.7805584983));
#166 = CARTESIAN_POINT('',(-290.,-11.08306164822,-3.341675494907));
#167 = CARTESIAN_POINT('',(-300.,-3.974242976851,-11.02575702314));
#168 = CARTESIAN_POINT('',(-290.,-11.92272893055,-4.077271069448));
#169 = CARTESIAN_POINT('',(-300.,-4.219441501698,-11.30564611725));
#170 = CARTESIAN_POINT('',(-290.,-12.65832450509,-4.916938351772));
#171 = CARTESIAN_POINT('',(-300.,-4.430799018022,-11.62166474839));
#172 = CARTESIAN_POINT('',(-290.,-13.29239705406,-5.864994245174));
#173 = CARTESIAN_POINT('',(-300.,-4.608872051032,-11.97639278876));
#174 = CARTESIAN_POINT('',(-290.,-13.82661615309,-6.929178366308));
#175 = CARTESIAN_POINT('',(-300.,-4.75406951508,-12.37461194559));
#176 = CARTESIAN_POINT('',(-290.,-14.26220854524,-8.123835836784));
#177 = CARTESIAN_POINT('',(-300.,-4.8667247864,-12.82576337411));
#178 = CARTESIAN_POINT('',(-290.,-14.6001743592,-9.47729012233));
#179 = CARTESIAN_POINT('',(-300.,-4.947214752535,-13.35187562591));
#180 = CARTESIAN_POINT('',(-290.,-14.8416442576,-11.05562687774));
#181 = CARTESIAN_POINT('',(-300.,-5.000064492493,-14.08407763613));
#182 = CARTESIAN_POINT('',(-290.,-15.00019347747,-13.25223290838));
#183 = CARTESIAN_POINT('',(-300.,-4.999959284959,-14.99999999995));
#184 = CARTESIAN_POINT('',(-290.,-14.99987785487,-15.99999999987));
#185 = CARTESIAN_POINT('',(-300.,-5.000064492498,-15.91592236378));
#186 = CARTESIAN_POINT('',(-290.,-15.00019347749,-18.74776709136));
#187 = CARTESIAN_POINT('',(-300.,-4.947214752535,-16.64812437408));
#188 = CARTESIAN_POINT('',(-290.,-14.8416442576,-20.94437312226));
#189 = CARTESIAN_POINT('',(-300.,-4.8667247864,-17.17423662589));
#190 = CARTESIAN_POINT('',(-290.,-14.6001743592,-22.52270987767));
#191 = CARTESIAN_POINT('',(-300.,-4.75406951508,-17.6253880544));
#192 = CARTESIAN_POINT('',(-290.,-14.26220854524,-23.87616416321));
#193 = CARTESIAN_POINT('',(-300.,-4.608872051032,-18.02360721123));
#194 = CARTESIAN_POINT('',(-290.,-13.82661615309,-25.07082163369));
#195 = CARTESIAN_POINT('',(-300.,-4.430799018022,-18.3783352516));
#196 = CARTESIAN_POINT('',(-290.,-13.29239705406,-26.13500575482));
#197 = CARTESIAN_POINT('',(-300.,-4.219441501698,-18.69435388274));
#198 = CARTESIAN_POINT('',(-290.,-12.65832450509,-27.08306164822));
#199 = CARTESIAN_POINT('',(-300.,-3.974242976851,-18.97424297685));
#200 = CARTESIAN_POINT('',(-290.,-11.92272893055,-27.92272893055));
#201 = CARTESIAN_POINT('',(-300.,-3.694353882743,-19.21944150169));
#202 = CARTESIAN_POINT('',(-290.,-11.08306164822,-28.65832450509));
#203 = CARTESIAN_POINT('',(-300.,-3.378335251609,-19.43079901802));
#204 = CARTESIAN_POINT('',(-290.,-10.13500575482,-29.29239705406));
#205 = CARTESIAN_POINT('',(-300.,-3.023607211231,-19.60887205103));
#206 = CARTESIAN_POINT('',(-290.,-9.070821633692,-29.82661615309));
#207 = CARTESIAN_POINT('',(-300.,-2.625388054405,-19.75406951508));
#208 = CARTESIAN_POINT('',(-290.,-7.876164163216,-30.26220854524));
#209 = CARTESIAN_POINT('',(-300.,-2.17423662589,-19.8667247864));
#210 = CARTESIAN_POINT('',(-290.,-6.52270987767,-30.6001743592));
#211 = CARTESIAN_POINT('',(-300.,-1.648124374087,-19.94721475253));
#212 = CARTESIAN_POINT('',(-290.,-4.94437312226,-30.8416442576));
#213 = CARTESIAN_POINT('',(-300.,-0.915922363883,-20.00006449249));
#214 = CARTESIAN_POINT('',(-290.,-2.747767091649,-31.00019347747));
#215 = CARTESIAN_POINT('',(-300.,-5.340504608985E-11,-19.99995928495));
#216 = CARTESIAN_POINT('',(-290.,-1.602080121365E-10,-30.99987785487));
#217 = CARTESIAN_POINT('',(-300.,0.915922363774,-20.0000644925));
#218 = CARTESIAN_POINT('',(-290.,2.747767091322,-31.00019347751));
#219 = CARTESIAN_POINT('',(-300.,1.648124374089,-19.94721475252));
#220 = CARTESIAN_POINT('',(-290.,4.944373122268,-30.84164425757));
#221 = CARTESIAN_POINT('',(-300.,2.174236625882,-19.86672478642));
#222 = CARTESIAN_POINT('',(-290.,6.522709877645,-30.60017435927));
#223 = CARTESIAN_POINT('',(-300.,2.625388054431,-19.75406951499));
#224 = CARTESIAN_POINT('',(-290.,7.876164163293,-30.26220854499));
#225 = CARTESIAN_POINT('',(-300.,3.023607211145,-19.6088720513));
#226 = CARTESIAN_POINT('',(-290.,9.070821633436,-29.82661615391));
#227 = CARTESIAN_POINT('',(-300.,3.378335251901,-19.43079901708));
#228 = CARTESIAN_POINT('',(-290.,10.135005755703,-29.29239705125));
#229 = CARTESIAN_POINT('',(-300.,3.694353881708,-19.219441505));
#230 = CARTESIAN_POINT('',(-290.,11.083061645125,-28.65832451502));
#231 = CARTESIAN_POINT('',(-300.,3.974242980626,-18.97424296477));
#232 = CARTESIAN_POINT('',(-290.,11.922728941877,-27.92272889431));
#233 = CARTESIAN_POINT('',(-300.,4.219441487468,-18.69435392827));
#234 = CARTESIAN_POINT('',(-290.,12.658324462405,-27.08306178482));
#235 = CARTESIAN_POINT('',(-300.,4.430799073415,-18.37833507436));
#236 = CARTESIAN_POINT('',(-290.,13.292397220245,-26.13500522308));
#237 = CARTESIAN_POINT('',(-300.,4.608871828313,-18.02360792389));
#238 = CARTESIAN_POINT('',(-290.,13.826615484939,-25.07082377167));
#239 = CARTESIAN_POINT('',(-300.,4.754070441548,-17.62538508987));
#240 = CARTESIAN_POINT('',(-290.,14.262211324645,-23.87615526961));
#241 = CARTESIAN_POINT('',(-300.,4.866720771125,-17.17424947405));
#242 = CARTESIAN_POINT('',(-290.,14.600162313375,-22.52274842217));
#243 = CARTESIAN_POINT('',(-300.,4.947233324434,-16.64806494729));
#244 = CARTESIAN_POINT('',(-290.,14.841699973301,-20.94419484189));
#245 = CARTESIAN_POINT('',(-300.,4.999953862174,-15.91627636128));
#246 = CARTESIAN_POINT('',(-290.,14.999861586522,-18.74882908386));
#247 = CARTESIAN_POINT('',(-300.,5.000413339439,-15.35313694008));
#248 = CARTESIAN_POINT('',(-290.,15.001240018317,-17.05941082025));
#249 = CARTESIAN_POINT('',(-300.,4.999586660561,-14.64686305991));
#250 = CARTESIAN_POINT('',(-290.,14.998759981683,-14.94058917975));
#251 = DEFINITIONAL_REPRESENTATION('',(#252),#255);
#252 = B_SPLINE_CURVE_WITH_KNOTS('',1,(#253,#254),.UNSPECIFIED.,.F.,.F.,
  (2,2),(0.,33.712777250345),.PIECEWISE_BEZIER_KNOTS.);
#253 = CARTESIAN_POINT('',(0.,0.));
#254 = CARTESIAN_POINT('',(101.13833175103,0.));
#255 = ( GEOMETRIC_REPRESENTATION_CONTEXT(2) 
PARAMETRIC_REPRESENTATION_CONTEXT() REPRESENTATION_CONTEXT('2D SPACE',''
  ) );
#256 = PCURVE('',#257,#262);
#257 = PLANE('',#258);
#258 = AXIS2_PLACEMENT_3D('',#259,#260,#261);
#259 = CARTESIAN_POINT('',(-300.,5.,-15.));
#260 = DIRECTION('',(-1.,-0.,0.));
#261 = DIRECTION('',(0.,-0.978110572277,-0.208085819793));
#262 = DEFINITIONAL_REPRESENTATION('',(#263),#331);
#263 = B_SPLINE_CURVE_WITH_KNOTS('',3,(#264,#265,#266,#267,#268,#269,
    #270,#271,#272,#273,#274,#275,#276,#277,#278,#279,#280,#281,#282,
    #283,#284,#285,#286,#287,#288,#289,#290,#291,#292,#293,#294,#295,
    #296,#297,#298,#299,#300,#301,#302,#303,#304,#305,#306,#307,#308,
    #309,#310,#311,#312,#313,#314,#315,#316,#317,#318,#319,#320,#321,
    #322,#323,#324,#325,#326,#327,#328,#329,#330),.UNSPECIFIED.,.F.,.F.,
  (1,1,2,1,1,1,1,1,1,1,1,1,1,1,1,1,1,1,1,1,1,1,1,1,1,1,1,1,1,1,1,1,1,1,1
    ,1,1,1,1,1,1,1,1,1,1,1,1,1,1,1,1,1,1,1,1,1,1,1,1,1,1,1,1,1,1,1,2,1,1
    ),(-1.683870114494,-1.063051438179,0.,1.063051438179,1.683870114494,
    2.200341081086,2.657824543295,3.076621034605,3.469367674131,
    3.845718996308,4.214097156293,4.582475316278,4.958826638456,
    5.351573277982,5.770369769292,6.227853231501,6.744324198092,
    7.365142874407,8.428194312509,9.491245750765,10.11206442708,
    10.628535393672,11.086018855881,11.504815347191,11.897561986717,
    12.273913308895,12.642291468879,13.010669628864,13.387020951042,
    13.779767590568,14.198564081878,14.656047544087,15.172518510679,
    15.793337186994,16.856388625049,17.919440063352,18.540258739667,
    19.056729706258,19.514213168467,19.933009659777,20.325756299303,
    20.702107621481,21.070485781466,21.43886394145,21.815215263628,
    22.207961903154,22.626758394464,23.084241856673,23.600712823265,
    24.22153149958,25.284582937597,26.347634375938,26.968453052253,
    27.484924018845,27.942407481054,28.361203972364,28.75395061189,
    29.130301934067,29.498680094052,29.867058254037,30.243409576215,
    30.636156215741,31.05495270705,31.512436169259,32.028907135851,
    32.649725812166,33.712777250345,34.775828688524,35.396647364839),
  .UNSPECIFIED.);
#264 = CARTESIAN_POINT('',(7.307849800144E-02,-0.345492984633));
#265 = CARTESIAN_POINT('',(-7.307849800144E-02,0.345492984633));
#266 = CARTESIAN_POINT('',(-0.190835407275,0.896183155527));
#267 = CARTESIAN_POINT('',(-0.291290971655,1.622977474792));
#268 = CARTESIAN_POINT('',(-0.322076516183,2.154388243904));
#269 = CARTESIAN_POINT('',(-0.305757295165,2.619091752054));
#270 = CARTESIAN_POINT('',(-0.246603769422,3.038811010341));
#271 = CARTESIAN_POINT('',(-0.146242071082,3.422827917418));
#272 = CARTESIAN_POINT('',(-5.270160218938E-03,3.775909787034));
#273 = CARTESIAN_POINT('',(0.17632018724,4.100694552498));
#274 = CARTESIAN_POINT('',(0.399060325291,4.398766787608));
#275 = CARTESIAN_POINT('',(0.664180989568,4.671256800909));
#276 = CARTESIAN_POINT('',(0.974089762466,4.919245793323));
#277 = CARTESIAN_POINT('',(1.333378596685,5.144128727357));
#278 = CARTESIAN_POINT('',(1.751212614072,5.34819625421));
#279 = CARTESIAN_POINT('',(2.249059749195,5.536400840237));
#280 = CARTESIAN_POINT('',(2.954236994973,5.740454585199));
#281 = CARTESIAN_POINT('',(3.850132234619,5.930942136535));
#282 = CARTESIAN_POINT('',(4.745983689868,6.121635497087));
#283 = CARTESIAN_POINT('',(5.473155498635,6.222303463251));
#284 = CARTESIAN_POINT('',(6.004500274917,6.253051875632));
#285 = CARTESIAN_POINT('',(6.469218221332,6.236740778585));
#286 = CARTESIAN_POINT('',(6.888934122045,6.177585363637));
#287 = CARTESIAN_POINT('',(7.272951841679,6.077224122498));
#288 = CARTESIAN_POINT('',(7.626033507881,5.936252097181));
#289 = CARTESIAN_POINT('',(7.950818325949,5.754661779319));
#290 = CARTESIAN_POINT('',(8.248890547007,5.531921633362));
#291 = CARTESIAN_POINT('',(8.521380564184,5.266800971267));
#292 = CARTESIAN_POINT('',(8.769369555494,4.956892197747));
#293 = CARTESIAN_POINT('',(8.994252489853,4.597603363711));
#294 = CARTESIAN_POINT('',(9.198320016607,4.179769346269));
#295 = CARTESIAN_POINT('',(9.386524602666,3.681922211164));
#296 = CARTESIAN_POINT('',(9.590578347611,2.976744965393));
#297 = CARTESIAN_POINT('',(9.781065898954,2.080849725751));
#298 = CARTESIAN_POINT('',(9.971759259505,1.184998270501));
#299 = CARTESIAN_POINT('',(10.072427225672,0.457826461719));
#300 = CARTESIAN_POINT('',(10.103175638053,-7.351831456282E-02));
#301 = CARTESIAN_POINT('',(10.086864541006,-0.538236260978));
#302 = CARTESIAN_POINT('',(10.027709126058,-0.957952161691));
#303 = CARTESIAN_POINT('',(9.927347884919,-1.341969881325));
#304 = CARTESIAN_POINT('',(9.786375859601,-1.695051547528));
#305 = CARTESIAN_POINT('',(9.60478554174,-2.019836365595));
#306 = CARTESIAN_POINT('',(9.382045395783,-2.317908586653));
#307 = CARTESIAN_POINT('',(9.116924733688,-2.59039860383));
#308 = CARTESIAN_POINT('',(8.807015960168,-2.83838759514));
#309 = CARTESIAN_POINT('',(8.447727126132,-3.063270529499));
#310 = CARTESIAN_POINT('',(8.02989310869,-3.267338056253));
#311 = CARTESIAN_POINT('',(7.532045973584,-3.455542642312));
#312 = CARTESIAN_POINT('',(6.826868727826,-3.659596387254));
#313 = CARTESIAN_POINT('',(5.930973488183,-3.850083938596));
#314 = CARTESIAN_POINT('',(5.035122032937,-4.040777299154));
#315 = CARTESIAN_POINT('',(4.307950224135,-4.14144526531));
#316 = CARTESIAN_POINT('',(3.776605447871,-4.172193677723));
#317 = CARTESIAN_POINT('',(3.3118875014,-4.155882580577));
#318 = CARTESIAN_POINT('',(2.89217160087,-4.096727165954));
#319 = CARTESIAN_POINT('',(2.508153880615,-3.996365923711));
#320 = CARTESIAN_POINT('',(2.155072216594,-3.855393902269));
#321 = CARTESIAN_POINT('',(1.83028739062,-3.673803570357));
#322 = CARTESIAN_POINT('',(1.53221519916,-3.451063477003));
#323 = CARTESIAN_POINT('',(1.259725067528,-3.185942611494));
#324 = CARTESIAN_POINT('',(1.011736533419,-2.876034650531));
#325 = CARTESIAN_POINT('',(0.786851709856,-2.516742458921));
#326 = CARTESIAN_POINT('',(0.582792307072,-2.098922879744));
#327 = CARTESIAN_POINT('',(0.394550588866,-1.601009751808));
#328 = CARTESIAN_POINT('',(0.190709245691,-0.896209995475));
#329 = CARTESIAN_POINT('',(7.307849800144E-02,-0.345492984633));
#330 = CARTESIAN_POINT('',(-7.307849800144E-02,0.345492984633));
#331 = ( GEOMETRIC_REPRESENTATION_CONTEXT(2) 
PARAMETRIC_REPRESENTATION_CONTEXT() REPRESENTATION_CONTEXT('2D SPACE',''
  ) );
#332 = ORIENTED_EDGE('',*,*,#333,.T.);
#333 = EDGE_CURVE('',#44,#334,#336,.T.);
#334 = VERTEX_POINT('',#335);
#335 = CARTESIAN_POINT('',(-290.,15.,-16.));
#336 = SEAM_CURVE('',#337,(#340,#347),.PCURVE_S1.);
#337 = B_SPLINE_CURVE_WITH_KNOTS('',1,(#338,#339),.UNSPECIFIED.,.F.,.F.,
  (2,2),(0.,1.),.PIECEWISE_BEZIER_KNOTS.);
#338 = CARTESIAN_POINT('',(-300.,5.,-15.));
#339 = CARTESIAN_POINT('',(-290.,15.,-16.));
#340 = PCURVE('',#116,#341);
#341 = DEFINITIONAL_REPRESENTATION('',(#342),#346);
#342 = LINE('',#343,#344);
#343 = CARTESIAN_POINT('',(101.13833175103,0.));
#344 = VECTOR('',#345,1.);
#345 = DIRECTION('',(0.,1.));
#346 = ( GEOMETRIC_REPRESENTATION_CONTEXT(2) 
PARAMETRIC_REPRESENTATION_CONTEXT() REPRESENTATION_CONTEXT('2D SPACE',''
  ) );
#347 = PCURVE('',#116,#348);
#348 = DEFINITIONAL_REPRESENTATION('',(#349),#353);
#349 = LINE('',#350,#351);
#350 = CARTESIAN_POINT('',(0.,0.));
#351 = VECTOR('',#352,1.);
#352 = DIRECTION('',(0.,1.));
#353 = ( GEOMETRIC_REPRESENTATION_CONTEXT(2) 
PARAMETRIC_REPRESENTATION_CONTEXT() REPRESENTATION_CONTEXT('2D SPACE',''
  ) );
#354 = ORIENTED_EDGE('',*,*,#355,.F.);
#355 = EDGE_CURVE('',#334,#334,#356,.T.);
#356 = SURFACE_CURVE('',#357,(#425,#432),.PCURVE_S1.);
#357 = B_SPLINE_CURVE_WITH_KNOTS('',3,(#358,#359,#360,#361,#362,#363,
    #364,#365,#366,#367,#368,#369,#370,#371,#372,#373,#374,#375,#376,
    #377,#378,#379,#380,#381,#382,#383,#384,#385,#386,#387,#388,#389,
    #390,#391,#392,#393,#394,#395,#396,#397,#398,#399,#400,#401,#402,
    #403,#404,#405,#406,#407,#408,#409,#410,#411,#412,#413,#414,#415,
    #416,#417,#418,#419,#420,#421,#422,#423,#424),.UNSPECIFIED.,.T.,.F.,
  (1,1,2,1,1,1,1,1,1,1,1,1,1,1,1,1,1,1,1,1,1,1,1,1,1,1,1,1,1,1,1,1,1,1,1
    ,1,1,1,1,1,1,1,1,1,1,1,1,1,1,1,1,1,1,1,1,1,1,1,1,1,1,1,1,1,1,1,2,1,1
    ),(-5.051610343482,-3.189154314537,0.,3.189154314537,5.051610343482,
    6.601023243257,7.973473629884,9.229863103814,10.408103022392,
    11.537156988925,12.642291468879,13.747425948833,14.876479915367,
    16.054719833945,17.311109307875,18.683559694502,20.232972594277,
    22.095428623222,25.284582937526,28.473737252296,30.336193281241,
    31.885606181016,33.258056567643,34.514446041573,35.692685960151,
    36.821739926684,37.926874406638,39.032008886592,40.161062853126,
    41.339302771704,42.595692245634,43.968142632261,45.517555532036,
    47.380011560981,50.569165875148,53.758320190055,55.620776219,
    57.170189118775,58.542639505402,59.799028979332,60.97726889791,
    62.106322864443,63.211457344397,64.316591824351,65.445645790885,
    66.623885709463,67.880275183393,69.252725570019,70.802138469795,
    72.66459449874,75.853748812792,79.042903127813,80.905359156759,
    82.454772056534,83.827222443161,85.083611917091,86.261851835669,
    87.390905802202,88.496040282156,89.60117476211,90.730228728644,
    91.908468647222,93.164858121151,94.537308507778,96.086721407554,
    97.949177436499,101.13833175103,104.32748606557,106.18994209451),
  .UNSPECIFIED.);
#358 = CARTESIAN_POINT('',(-290.,15.001240018317,-17.05941082025));
#359 = CARTESIAN_POINT('',(-290.,14.998759981683,-14.94058917975));
#360 = CARTESIAN_POINT('',(-290.,15.000525368453,-13.25117091614));
#361 = CARTESIAN_POINT('',(-290.,14.84158854191,-11.0558051581));
#362 = CARTESIAN_POINT('',(-290.,14.600186405024,-9.477251577823));
#363 = CARTESIAN_POINT('',(-290.,14.262205765836,-8.123844730387));
#364 = CARTESIAN_POINT('',(-290.,13.826616821254,-6.929176228323));
#365 = CARTESIAN_POINT('',(-290.,13.29239688789,-5.864994776913));
#366 = CARTESIAN_POINT('',(-290.,12.658324547781,-4.916938215178));
#367 = CARTESIAN_POINT('',(-290.,11.922728919227,-4.077271105686));
#368 = CARTESIAN_POINT('',(-290.,11.083061651331,-3.341675484978));
#369 = CARTESIAN_POINT('',(-290.,10.135005753948,-2.707602948741));
#370 = CARTESIAN_POINT('',(-290.,9.070821633948,-2.173383846084));
#371 = CARTESIAN_POINT('',(-290.,7.876164163138,-1.737791455007));
#372 = CARTESIAN_POINT('',(-290.,6.522709877694,-1.399825640722));
#373 = CARTESIAN_POINT('',(-290.,4.944373122251,-1.158355742421));
#374 = CARTESIAN_POINT('',(-290.,2.747767091569,-0.999806522504));
#375 = CARTESIAN_POINT('',(-290.,7.627242686894E-11,-1.000122145127));
#376 = CARTESIAN_POINT('',(-290.,-2.74776709141,-0.999806522507));
#377 = CARTESIAN_POINT('',(-290.,-4.94437312226,-1.158355742395));
#378 = CARTESIAN_POINT('',(-290.,-6.52270987767,-1.3998256408));
#379 = CARTESIAN_POINT('',(-290.,-7.876164163216,-1.737791454759));
#380 = CARTESIAN_POINT('',(-290.,-9.070821633692,-2.173383846904));
#381 = CARTESIAN_POINT('',(-290.,-10.13500575482,-2.707602945933));
#382 = CARTESIAN_POINT('',(-290.,-11.08306164822,-3.341675494907));
#383 = CARTESIAN_POINT('',(-290.,-11.92272893055,-4.077271069448));
#384 = CARTESIAN_POINT('',(-290.,-12.65832450509,-4.916938351772));
#385 = CARTESIAN_POINT('',(-290.,-13.29239705406,-5.864994245174));
#386 = CARTESIAN_POINT('',(-290.,-13.82661615309,-6.929178366308));
#387 = CARTESIAN_POINT('',(-290.,-14.26220854524,-8.123835836784));
#388 = CARTESIAN_POINT('',(-290.,-14.6001743592,-9.47729012233));
#389 = CARTESIAN_POINT('',(-290.,-14.8416442576,-11.05562687774));
#390 = CARTESIAN_POINT('',(-290.,-15.00019347747,-13.25223290838));
#391 = CARTESIAN_POINT('',(-290.,-14.99987785487,-15.99999999987));
#392 = CARTESIAN_POINT('',(-290.,-15.00019347749,-18.74776709136));
#393 = CARTESIAN_POINT('',(-290.,-14.8416442576,-20.94437312226));
#394 = CARTESIAN_POINT('',(-290.,-14.6001743592,-22.52270987767));
#395 = CARTESIAN_POINT('',(-290.,-14.26220854524,-23.87616416321));
#396 = CARTESIAN_POINT('',(-290.,-13.82661615309,-25.07082163369));
#397 = CARTESIAN_POINT('',(-290.,-13.29239705406,-26.13500575482));
#398 = CARTESIAN_POINT('',(-290.,-12.65832450509,-27.08306164822));
#399 = CARTESIAN_POINT('',(-290.,-11.92272893055,-27.92272893055));
#400 = CARTESIAN_POINT('',(-290.,-11.08306164822,-28.65832450509));
#401 = CARTESIAN_POINT('',(-290.,-10.13500575482,-29.29239705406));
#402 = CARTESIAN_POINT('',(-290.,-9.070821633692,-29.82661615309));
#403 = CARTESIAN_POINT('',(-290.,-7.876164163216,-30.26220854524));
#404 = CARTESIAN_POINT('',(-290.,-6.52270987767,-30.6001743592));
#405 = CARTESIAN_POINT('',(-290.,-4.94437312226,-30.8416442576));
#406 = CARTESIAN_POINT('',(-290.,-2.747767091649,-31.00019347747));
#407 = CARTESIAN_POINT('',(-290.,-1.602080121365E-10,-30.99987785487));
#408 = CARTESIAN_POINT('',(-290.,2.747767091322,-31.00019347751));
#409 = CARTESIAN_POINT('',(-290.,4.944373122268,-30.84164425757));
#410 = CARTESIAN_POINT('',(-290.,6.522709877645,-30.60017435927));
#411 = CARTESIAN_POINT('',(-290.,7.876164163293,-30.26220854499));
#412 = CARTESIAN_POINT('',(-290.,9.070821633436,-29.82661615391));
#413 = CARTESIAN_POINT('',(-290.,10.135005755703,-29.29239705125));
#414 = CARTESIAN_POINT('',(-290.,11.083061645125,-28.65832451502));
#415 = CARTESIAN_POINT('',(-290.,11.922728941877,-27.92272889431));
#416 = CARTESIAN_POINT('',(-290.,12.658324462405,-27.08306178482));
#417 = CARTESIAN_POINT('',(-290.,13.292397220245,-26.13500522308));
#418 = CARTESIAN_POINT('',(-290.,13.826615484939,-25.07082377167));
#419 = CARTESIAN_POINT('',(-290.,14.262211324645,-23.87615526961));
#420 = CARTESIAN_POINT('',(-290.,14.600162313375,-22.52274842217));
#421 = CARTESIAN_POINT('',(-290.,14.841699973301,-20.94419484189));
#422 = CARTESIAN_POINT('',(-290.,14.999861586522,-18.74882908386));
#423 = CARTESIAN_POINT('',(-290.,15.001240018317,-17.05941082025));
#424 = CARTESIAN_POINT('',(-290.,14.998759981683,-14.94058917975));
#425 = PCURVE('',#116,#426);
#426 = DEFINITIONAL_REPRESENTATION('',(#427),#431);
#427 = LINE('',#428,#429);
#428 = CARTESIAN_POINT('',(0.,1.));
#429 = VECTOR('',#430,1.);
#430 = DIRECTION('',(1.,0.));
#431 = ( GEOMETRIC_REPRESENTATION_CONTEXT(2) 
PARAMETRIC_REPRESENTATION_CONTEXT() REPRESENTATION_CONTEXT('2D SPACE',''
  ) );
#432 = PCURVE('',#433,#688);
#433 = B_SPLINE_SURFACE_WITH_KNOTS('',3,1,(
    (#434,#435)
    ,(#436,#437)
    ,(#438,#439)
    ,(#440,#441)
    ,(#442,#443)
    ,(#444,#445)
    ,(#446,#447)
    ,(#448,#449)
    ,(#450,#451)
    ,(#452,#453)
    ,(#454,#455)
    ,(#456,#457)
    ,(#458,#459)
    ,(#460,#461)
    ,(#462,#463)
    ,(#464,#465)
    ,(#466,#467)
    ,(#468,#469)
    ,(#470,#471)
    ,(#472,#473)
    ,(#474,#475)
    ,(#476,#477)
    ,(#478,#479)
    ,(#480,#481)
    ,(#482,#483)
    ,(#484,#485)
    ,(#486,#487)
    ,(#488,#489)
    ,(#490,#491)
    ,(#492,#493)
    ,(#494,#495)
    ,(#496,#497)
    ,(#498,#499)
    ,(#500,#501)
    ,(#502,#503)
    ,(#504,#505)
    ,(#506,#507)
    ,(#508,#509)
    ,(#510,#511)
    ,(#512,#513)
    ,(#514,#515)
    ,(#516,#517)
    ,(#518,#519)
    ,(#520,#521)
    ,(#522,#523)
    ,(#524,#525)
    ,(#526,#527)
    ,(#528,#529)
    ,(#530,#531)
    ,(#532,#533)
    ,(#534,#535)
    ,(#536,#537)
    ,(#538,#539)
    ,(#540,#541)
    ,(#542,#543)
    ,(#544,#545)
    ,(#546,#547)
    ,(#548,#549)
    ,(#550,#551)
    ,(#552,#553)
    ,(#554,#555)
    ,(#556,#557)
    ,(#558,#559)
    ,(#560,#561)
    ,(#562,#563)
    ,(#564,#565)
    ,(#566,#567)
    ,(#568,#569)
    ,(#570,#571)
    ,(#572,#573)
    ,(#574,#575)
    ,(#576,#577)
    ,(#578,#579)
    ,(#580,#581)
    ,(#582,#583)
    ,(#584,#585)
    ,(#586,#587)
    ,(#588,#589)
    ,(#590,#591)
    ,(#592,#593)
    ,(#594,#595)
    ,(#596,#597)
    ,(#598,#599)
    ,(#600,#601)
    ,(#602,#603)
    ,(#604,#605)
    ,(#606,#607)
    ,(#608,#609)
    ,(#610,#611)
    ,(#612,#613)
    ,(#614,#615)
    ,(#616,#617)
    ,(#618,#619)
    ,(#620,#621)
    ,(#622,#623)
    ,(#624,#625)
    ,(#626,#627)
    ,(#628,#629)
    ,(#630,#631)
    ,(#632,#633)
    ,(#634,#635)
    ,(#636,#637)
    ,(#638,#639)
    ,(#640,#641)
    ,(#642,#643)
    ,(#644,#645)
    ,(#646,#647)
    ,(#648,#649)
    ,(#650,#651)
    ,(#652,#653)
    ,(#654,#655)
    ,(#656,#657)
    ,(#658,#659)
    ,(#660,#661)
    ,(#662,#663)
    ,(#664,#665)
    ,(#666,#667)
    ,(#668,#669)
    ,(#670,#671)
    ,(#672,#673)
    ,(#674,#675)
    ,(#676,#677)
    ,(#678,#679)
    ,(#680,#681)
    ,(#682,#683)
    ,(#684,#685)
    ,(#686,#687
    )),.UNSPECIFIED.,.T.,.F.,.F.,(1,1,2,1,1,1,1,1,1,1,1,1,1,1,1,1,1,1,1,
    1,1,1,1,1,1,1,1,1,1,1,1,1,1,1,1,1,1,1,1,1,1,1,1,1,1,1,1,1,1,1,1,1,1,
    1,1,1,1,1,1,1,1,1,1,1,1,1,1,1,1,1,1,1,1,1,1,1,1,1,1,1,1,1,1,1,1,1,1,
    1,1,1,1,1,1,1,1,1,1,1,1,1,1,1,1,1,1,1,1,1,1,1,1,1,1,1,1,1,1,1,1,1,1,
    1,1,1,1,1,2,1,1),(2,2),(-6.378260889803,-6.272277896937,0.,
    6.272277896937,6.378260889803,9.935268342749,10.102437145403,
    12.98258036531,13.198804981243,15.681850885223,15.938260991192,
    18.152858290338,18.441186658941,20.470164845527,20.781911476035,
    22.690734796143,23.016914191114,24.86426103166,25.195456415209,
    27.037787267177,27.364390185945,29.258357217792,29.570879385684,
    31.575663772982,31.864996200178,34.046671178096,34.304167698999,
    36.745941698009,36.963192753532,39.79325372057,39.961264995002,
    43.456244166382,43.562774336812,49.728522062861,55.894269789827,
    56.000799960256,59.495779131637,59.663790406068,62.493851373107,
    62.711102428629,65.152876427639,65.410372948542,67.59204792646,
    67.881380353657,69.886164740954,70.198686908846,72.092653940693,
    72.419256859462,74.261587711429,74.592783094979,76.440129935525,
    76.766309330496,78.675132650603,78.986879281111,81.015857467697,
    81.304185836301,83.518783135446,83.775193241415,86.258239145395,
    86.474463761328,89.354606981235,89.521775783889,93.078783236835,
    93.184766229701,99.457044125911,105.72932202357,105.83530501644,
    109.39231246938,109.55948127204,112.43962449194,112.65584910788,
    115.13889501186,115.39530511783,117.60990241697,117.89823078558,
    119.92720897216,120.23895560267,122.14777892278,122.47395831775,
    124.32130515829,124.65250054184,126.49483139381,126.82143431258,
    128.71540134443,129.02792351232,131.03270789962,131.32204032681,
    133.50371530473,133.76121182563,136.20298582464,136.42023688017,
    139.2502978472,139.41830912164,142.91328829302,143.01981846345,
    149.185566189,155.35131391646,155.45784408689,158.95282325827,
    159.1208345327,161.95089549974,162.16814655526,164.60992055427,
    164.86741707518,167.04909205309,167.33842448029,169.34320886759,
    169.65573103548,171.54969806733,171.8763009861,173.71863183806,
    174.04982722161,175.89717406216,176.22335345713,178.13217677724,
    178.44392340775,180.47290159433,180.76122996293,182.97582726208,
    183.23223736805,185.71528327203,185.93150788796,188.81165110787,
    188.97881991052,192.53582736347,192.64181035634,198.91408825327,
    205.18636615021,205.29234914308),(0.,1.),.UNSPECIFIED.);
#434 = CARTESIAN_POINT('',(-290.,15.001240018317,-17.05941082025));
#435 = CARTESIAN_POINT('',(-270.,29.002530568749,-21.08404424295));
#436 = CARTESIAN_POINT('',(-290.,14.998759981683,-14.94058917975));
#437 = CARTESIAN_POINT('',(-270.,28.997469431251,-16.91595575704));
#438 = CARTESIAN_POINT('',(-290.,14.999893327759,-13.85601349789));
#439 = CARTESIAN_POINT('',(-270.,28.999686045062,-14.78352571214));
#440 = CARTESIAN_POINT('',(-290.,14.922440695286,-12.17260138995));
#441 = CARTESIAN_POINT('',(-270.,28.857450468199,-11.47223941124));
#442 = CARTESIAN_POINT('',(-290.,14.874739301265,-11.52499918405));
#443 = CARTESIAN_POINT('',(-270.,28.769788746789,-10.19810906684));
#444 = CARTESIAN_POINT('',(-290.,14.743325992872,-10.41325617078));
#445 = CARTESIAN_POINT('',(-270.,28.528163179139,-8.009811175109));
#446 = CARTESIAN_POINT('',(-290.,14.658131071513,-9.86605490209));
#447 = CARTESIAN_POINT('',(-270.,28.371556805615,-6.93205287565));
#448 = CARTESIAN_POINT('',(-290.,14.46596065196,-8.939759093826));
#449 = CARTESIAN_POINT('',(-270.,28.018023200527,-5.105479661328));
#450 = CARTESIAN_POINT('',(-290.,14.342289665075,-8.45360509017));
#451 = CARTESIAN_POINT('',(-270.,27.790384575489,-4.145577330913));
#452 = CARTESIAN_POINT('',(-290.,14.090259551706,-7.652256255461));
#453 = CARTESIAN_POINT('',(-270.,27.325765703583,-2.560242431166));
#454 = CARTESIAN_POINT('',(-290.,13.927069250986,-7.213135954056));
#455 = CARTESIAN_POINT('',(-270.,27.024496185926,-1.689616748548));
#456 = CARTESIAN_POINT('',(-290.,13.616299145587,-6.510217377538));
#457 = CARTESIAN_POINT('',(-270.,26.44939098641,-0.291901470447));
#458 = CARTESIAN_POINT('',(-290.,13.412862004223,-6.112805864345));
#459 = CARTESIAN_POINT('',(-270.,26.07195625352,0.500842355283));
#460 = CARTESIAN_POINT('',(-290.,13.044012165653,-5.493613231219));
#461 = CARTESIAN_POINT('',(-270.,25.385309860428,1.740784969939));
#462 = CARTESIAN_POINT('',(-290.,12.800236510407,-5.136281134576));
#463 = CARTESIAN_POINT('',(-270.,24.92983046603,2.459287640627));
#464 = CARTESIAN_POINT('',(-290.,12.373080122118,-4.591337636412));
#465 = CARTESIAN_POINT('',(-270.,24.128316681567,3.560126286741));
#466 = CARTESIAN_POINT('',(-290.,12.089564800613,-4.274088417772));
#467 = CARTESIAN_POINT('',(-270.,23.593902440427,4.204032932348));
#468 = CARTESIAN_POINT('',(-290.,11.602501503018,-3.796733928639));
#469 = CARTESIAN_POINT('',(-270.,22.671427795193,5.177722387139));
#470 = CARTESIAN_POINT('',(-290.,11.280334045266,-3.520013835175));
#471 = CARTESIAN_POINT('',(-270.,22.058238235771,5.744906051037));
#472 = CARTESIAN_POINT('',(-290.,10.729892234996,-3.105471028938));
#473 = CARTESIAN_POINT('',(-270.,21.005577950332,6.598591035678));
#474 = CARTESIAN_POINT('',(-290.,10.370138831208,-2.869480759033));
#475 = CARTESIAN_POINT('',(-270.,20.31432696582,7.086731118148));
#476 = CARTESIAN_POINT('',(-290.,9.750397242625,-2.514529955138));
#477 = CARTESIAN_POINT('',(-270.,19.118483783461,7.823815446742));
#478 = CARTESIAN_POINT('',(-290.,9.353308757405,-2.318921180643));
#479 = CARTESIAN_POINT('',(-270.,18.34917099931,8.231479285806));
#480 = CARTESIAN_POINT('',(-290.,8.654927730883,-2.021741869955));
#481 = CARTESIAN_POINT('',(-270.,16.991624997274,8.852555584427));
#482 = CARTESIAN_POINT('',(-290.,8.218803662661,-1.86561343359));
#483 = CARTESIAN_POINT('',(-270.,16.141253250426,9.179702179288));
#484 = CARTESIAN_POINT('',(-290.,7.426773848573,-1.625575944496));
#485 = CARTESIAN_POINT('',(-270.,14.593330353587,9.683490376986));
#486 = CARTESIAN_POINT('',(-290.,6.94601997099,-1.507648854205));
#487 = CARTESIAN_POINT('',(-270.,13.65178673999,9.931408587051));
#488 = CARTESIAN_POINT('',(-290.,6.033500302905,-1.324981418876));
#489 = CARTESIAN_POINT('',(-270.,11.862133703574,10.31568008606));
#490 = CARTESIAN_POINT('',(-290.,5.494018634595,-1.243869394577));
#491 = CARTESIAN_POINT('',(-270.,10.802783609987,10.48647123472));
#492 = CARTESIAN_POINT('',(-290.,4.400351953402,-1.119088741086));
#493 = CARTESIAN_POINT('',(-270.,8.653748783025,10.749201123049));
#494 = CARTESIAN_POINT('',(-290.,3.762540921247,-1.07383335055));
#495 = CARTESIAN_POINT('',(-270.,7.399711817337,10.844529801318));
#496 = CARTESIAN_POINT('',(-290.,2.108696590283,-0.99987992942));
#497 = CARTESIAN_POINT('',(-270.,4.147374637314,11.000246334915));
#498 = CARTESIAN_POINT('',(-290.,7.632830131832E-11,-1.000118031266));
#499 = CARTESIAN_POINT('',(-270.,1.474037587899E-10,10.999757848909));
#500 = CARTESIAN_POINT('',(-290.,-2.108696590125,-0.999879929422));
#501 = CARTESIAN_POINT('',(-270.,-4.147374637008,11.000246334912));
#502 = CARTESIAN_POINT('',(-290.,-3.762540921248,-1.073833350546));
#503 = CARTESIAN_POINT('',(-270.,-7.39971181734,10.844529801328));
#504 = CARTESIAN_POINT('',(-290.,-4.400351953407,-1.11908874107));
#505 = CARTESIAN_POINT('',(-270.,-8.653748783036,10.749201123079));
#506 = CARTESIAN_POINT('',(-290.,-5.494018634591,-1.243869394588));
#507 = CARTESIAN_POINT('',(-270.,-10.80278360997,10.486471234691));
#508 = CARTESIAN_POINT('',(-290.,-6.03350030289,-1.324981418922));
#509 = CARTESIAN_POINT('',(-270.,-11.86213370354,10.315680085975));
#510 = CARTESIAN_POINT('',(-290.,-6.946019971,-1.507648854174));
#511 = CARTESIAN_POINT('',(-270.,-13.65178674002,9.931408587143));
#512 = CARTESIAN_POINT('',(-290.,-7.426773848616,-1.625575944357));
#513 = CARTESIAN_POINT('',(-270.,-14.59333035367,9.683490377247));
#514 = CARTESIAN_POINT('',(-290.,-8.218803662633,-1.865613433677));
#515 = CARTESIAN_POINT('',(-270.,-16.14125325031,9.179702178975));
#516 = CARTESIAN_POINT('',(-290.,-8.654927730742,-2.021741870403));
#517 = CARTESIAN_POINT('',(-270.,-16.99162499698,8.852555583586));
#518 = CARTESIAN_POINT('',(-290.,-9.353308757486,-2.318921180383));
#519 = CARTESIAN_POINT('',(-270.,-18.34917099969,8.231479286904));
#520 = CARTESIAN_POINT('',(-290.,-9.750397243093,-2.514529953641));
#521 = CARTESIAN_POINT('',(-270.,-19.11848378443,7.823815449558));
#522 = CARTESIAN_POINT('',(-290.,-10.37013883095,-2.86948075985));
#523 = CARTESIAN_POINT('',(-270.,-20.31432696445,7.086731114194));
#524 = CARTESIAN_POINT('',(-290.,-10.72989223337,-3.105471034122));
#525 = CARTESIAN_POINT('',(-270.,-21.00557794695,6.598591025909));
#526 = CARTESIAN_POINT('',(-290.,-11.28033404612,-3.520013832436));
#527 = CARTESIAN_POINT('',(-270.,-22.05823824079,5.744906065561));
#528 = CARTESIAN_POINT('',(-290.,-11.60250150884,-3.796733910008));
#529 = CARTESIAN_POINT('',(-270.,-22.67142780735,5.17772242231));
#530 = CARTESIAN_POINT('',(-290.,-12.08956479751,-4.274088427699));
#531 = CARTESIAN_POINT('',(-270.,-23.59390242164,4.204032878031));
#532 = CARTESIAN_POINT('',(-290.,-12.37308010037,-4.591337705986));
#533 = CARTESIAN_POINT('',(-270.,-24.12831663604,3.560126155122));
#534 = CARTESIAN_POINT('',(-290.,-12.80023652261,-5.136281095505));
#535 = CARTESIAN_POINT('',(-270.,-24.92983053751,2.459287847292));
#536 = CARTESIAN_POINT('',(-290.,-13.04401225001,-5.493612961285));
#537 = CARTESIAN_POINT('',(-270.,-25.38531003743,1.740785481704));
#538 = CARTESIAN_POINT('',(-290.,-13.41286195241,-6.112806030125));
#539 = CARTESIAN_POINT('',(-270.,-26.07195597679,0.500841555228));
#540 = CARTESIAN_POINT('',(-290.,-13.6162988059,-6.510218464477));
#541 = CARTESIAN_POINT('',(-270.,-26.44939027265,-0.291903534036));
#542 = CARTESIAN_POINT('',(-290.,-13.9270694846,-7.213135206506));
#543 = CARTESIAN_POINT('',(-270.,-27.02449727774,-1.689613591918));
#544 = CARTESIAN_POINT('',(-290.,-14.0902609702,-7.652251716514));
#545 = CARTESIAN_POINT('',(-270.,-27.32576868311,-2.560233816875));
#546 = CARTESIAN_POINT('',(-290.,-14.34228855933,-8.453608628354));
#547 = CARTESIAN_POINT('',(-270.,-27.79038016353,-4.145590086568));
#548 = CARTESIAN_POINT('',(-290.,-14.46595449383,-8.939778798745));
#549 = CARTESIAN_POINT('',(-270.,-28.01801030114,-5.105516955504));
#550 = CARTESIAN_POINT('',(-290.,-14.65813655804,-9.866037346147));
#551 = CARTESIAN_POINT('',(-270.,-28.37157529372,-6.931999423571));
#552 = CARTESIAN_POINT('',(-290.,-14.74335412629,-10.41316614881));
#553 = CARTESIAN_POINT('',(-270.,-28.52822179196,-8.009641716053));
#554 = CARTESIAN_POINT('',(-290.,-14.87470995016,-11.52509310236));
#555 = CARTESIAN_POINT('',(-270.,-28.76970542992,-10.19834994923));
#556 = CARTESIAN_POINT('',(-290.,-14.92229923306,-12.17305404405));
#557 = CARTESIAN_POINT('',(-270.,-28.85715811834,-11.4730846414));
#558 = CARTESIAN_POINT('',(-290.,-15.000124209,-13.85527471859));
#559 = CARTESIAN_POINT('',(-270.,-29.00023412227,-14.78194113302));
#560 = CARTESIAN_POINT('',(-290.,-14.99987785487,-15.99999999987));
#561 = CARTESIAN_POINT('',(-270.,-28.99976976795,-18.99999999975));
#562 = CARTESIAN_POINT('',(-290.,-15.00012420902,-18.14472528115));
#563 = CARTESIAN_POINT('',(-270.,-29.00023412229,-23.21805886648));
#564 = CARTESIAN_POINT('',(-290.,-14.92229923305,-19.82694595594));
#565 = CARTESIAN_POINT('',(-270.,-28.85715811834,-26.52691535859));
#566 = CARTESIAN_POINT('',(-290.,-14.87470995016,-20.47490689763));
#567 = CARTESIAN_POINT('',(-270.,-28.76970542992,-27.80165005076));
#568 = CARTESIAN_POINT('',(-290.,-14.74335412629,-21.58683385118));
#569 = CARTESIAN_POINT('',(-270.,-28.52822179196,-29.99035828394));
#570 = CARTESIAN_POINT('',(-290.,-14.65813655804,-22.13396265385));
#571 = CARTESIAN_POINT('',(-270.,-28.37157529372,-31.06800057642));
#572 = CARTESIAN_POINT('',(-290.,-14.46595449383,-23.06022120125));
#573 = CARTESIAN_POINT('',(-270.,-28.01801030114,-32.89448304449));
#574 = CARTESIAN_POINT('',(-290.,-14.34228855933,-23.54639137164));
#575 = CARTESIAN_POINT('',(-270.,-27.79038016353,-33.85440991343));
#576 = CARTESIAN_POINT('',(-290.,-14.0902609702,-24.34774828348));
#577 = CARTESIAN_POINT('',(-270.,-27.32576868311,-35.43976618312));
#578 = CARTESIAN_POINT('',(-290.,-13.9270694846,-24.78686479349));
#579 = CARTESIAN_POINT('',(-270.,-27.02449727774,-36.31038640808));
#580 = CARTESIAN_POINT('',(-290.,-13.6162988059,-25.48978153552));
#581 = CARTESIAN_POINT('',(-270.,-26.44939027265,-37.70809646596));
#582 = CARTESIAN_POINT('',(-290.,-13.41286195241,-25.88719396987));
#583 = CARTESIAN_POINT('',(-270.,-26.07195597679,-38.50084155522));
#584 = CARTESIAN_POINT('',(-290.,-13.04401225001,-26.50638703871));
#585 = CARTESIAN_POINT('',(-270.,-25.38531003743,-39.7407854817));
#586 = CARTESIAN_POINT('',(-290.,-12.80023652261,-26.86371890449));
#587 = CARTESIAN_POINT('',(-270.,-24.92983053751,-40.45928784729));
#588 = CARTESIAN_POINT('',(-290.,-12.37308010037,-27.40866229401));
#589 = CARTESIAN_POINT('',(-270.,-24.12831663604,-41.56012615512));
#590 = CARTESIAN_POINT('',(-290.,-12.08956479751,-27.7259115723));
#591 = CARTESIAN_POINT('',(-270.,-23.59390242164,-42.20403287803));
#592 = CARTESIAN_POINT('',(-290.,-11.60250150884,-28.20326608999));
#593 = CARTESIAN_POINT('',(-270.,-22.67142780735,-43.17772242231));
#594 = CARTESIAN_POINT('',(-290.,-11.28033404612,-28.47998616756));
#595 = CARTESIAN_POINT('',(-270.,-22.05823824079,-43.74490606556));
#596 = CARTESIAN_POINT('',(-290.,-10.72989223337,-28.89452896587));
#597 = CARTESIAN_POINT('',(-270.,-21.00557794695,-44.5985910259));
#598 = CARTESIAN_POINT('',(-290.,-10.37013883095,-29.13051924015));
#599 = CARTESIAN_POINT('',(-270.,-20.31432696445,-45.08673111419));
#600 = CARTESIAN_POINT('',(-290.,-9.750397243093,-29.48547004635));
#601 = CARTESIAN_POINT('',(-270.,-19.11848378443,-45.82381544955));
#602 = CARTESIAN_POINT('',(-290.,-9.353308757486,-29.68107881961));
#603 = CARTESIAN_POINT('',(-270.,-18.34917099969,-46.2314792869));
#604 = CARTESIAN_POINT('',(-290.,-8.654927730743,-29.97825812959));
#605 = CARTESIAN_POINT('',(-270.,-16.99162499698,-46.85255558358));
#606 = CARTESIAN_POINT('',(-290.,-8.218803662633,-30.13438656632));
#607 = CARTESIAN_POINT('',(-270.,-16.14125325031,-47.17970217897));
#608 = CARTESIAN_POINT('',(-290.,-7.426773848616,-30.37442405564));
#609 = CARTESIAN_POINT('',(-270.,-14.59333035367,-47.68349037724));
#610 = CARTESIAN_POINT('',(-290.,-6.946019971,-30.49235114582));
#611 = CARTESIAN_POINT('',(-270.,-13.65178674002,-47.93140858714));
#612 = CARTESIAN_POINT('',(-290.,-6.03350030289,-30.67501858107));
#613 = CARTESIAN_POINT('',(-270.,-11.86213370354,-48.31568008597));
#614 = CARTESIAN_POINT('',(-290.,-5.494018634591,-30.75613060541));
#615 = CARTESIAN_POINT('',(-270.,-10.80278360997,-48.48647123469));
#616 = CARTESIAN_POINT('',(-290.,-4.400351953407,-30.88091125893));
#617 = CARTESIAN_POINT('',(-270.,-8.653748783036,-48.74920112308));
#618 = CARTESIAN_POINT('',(-290.,-3.762540921248,-30.92616664945));
#619 = CARTESIAN_POINT('',(-270.,-7.399711817341,-48.84452980133));
#620 = CARTESIAN_POINT('',(-290.,-2.108696590364,-31.00012007056));
#621 = CARTESIAN_POINT('',(-270.,-4.14737463747,-49.00024633488));
#622 = CARTESIAN_POINT('',(-290.,-1.602616095386E-10,-30.99988196873));
#623 = CARTESIAN_POINT('',(-270.,-3.09689576684E-10,-48.9997578489));
#624 = CARTESIAN_POINT('',(-290.,2.108696590038,-31.00012007059));
#625 = CARTESIAN_POINT('',(-270.,4.14737463684,-49.00024633493));
#626 = CARTESIAN_POINT('',(-290.,3.76254092125,-30.92616664944));
#627 = CARTESIAN_POINT('',(-270.,7.399711817344,-48.84452980131));
#628 = CARTESIAN_POINT('',(-290.,4.400351953413,-30.88091125891));
#629 = CARTESIAN_POINT('',(-270.,8.653748783046,-48.74920112304));
#630 = CARTESIAN_POINT('',(-290.,5.494018634588,-30.75613060542));
#631 = CARTESIAN_POINT('',(-270.,10.802783609967,-48.48647123472));
#632 = CARTESIAN_POINT('',(-290.,6.033500302876,-30.67501858112));
#633 = CARTESIAN_POINT('',(-270.,11.862133703515,-48.31568008606));
#634 = CARTESIAN_POINT('',(-290.,6.946019971009,-30.49235114579));
#635 = CARTESIAN_POINT('',(-270.,13.651786740053,-47.93140858705));
#636 = CARTESIAN_POINT('',(-290.,7.42677384866,-30.3744240555));
#637 = CARTESIAN_POINT('',(-270.,14.593330353767,-47.68349037698));
#638 = CARTESIAN_POINT('',(-290.,8.218803662606,-30.13438656641));
#639 = CARTESIAN_POINT('',(-270.,16.14125325021,-47.17970217928));
#640 = CARTESIAN_POINT('',(-290.,8.654927730602,-29.97825813004));
#641 = CARTESIAN_POINT('',(-270.,16.991624996692,-46.85255558442));
#642 = CARTESIAN_POINT('',(-290.,9.353308757568,-29.68107881935));
#643 = CARTESIAN_POINT('',(-270.,18.34917100007,-46.2314792858));
#644 = CARTESIAN_POINT('',(-290.,9.750397243561,-29.48547004486));
#645 = CARTESIAN_POINT('',(-270.,19.118483785409,-45.82381544674));
#646 = CARTESIAN_POINT('',(-290.,10.370138830698,-29.13051924096));
#647 = CARTESIAN_POINT('',(-270.,20.314326963085,-45.08673111814));
#648 = CARTESIAN_POINT('',(-290.,10.729892231756,-28.89452897106));
#649 = CARTESIAN_POINT('',(-270.,21.005577943574,-44.59859103567));
#650 = CARTESIAN_POINT('',(-290.,11.280334046978,-28.47998616482));
#651 = CARTESIAN_POINT('',(-270.,22.058238245818,-43.74490605103));
#652 = CARTESIAN_POINT('',(-290.,11.602501514663,-28.20326607136));
#653 = CARTESIAN_POINT('',(-270.,22.671427819523,-43.17772238713));
#654 = CARTESIAN_POINT('',(-290.,12.089564794408,-27.72591158222));
#655 = CARTESIAN_POINT('',(-270.,23.593902402853,-42.20403293234));
#656 = CARTESIAN_POINT('',(-290.,12.373080078632,-27.40866236358));
#657 = CARTESIAN_POINT('',(-270.,24.128316590518,-41.56012628674));
#658 = CARTESIAN_POINT('',(-290.,12.800236534828,-26.86371886542));
#659 = CARTESIAN_POINT('',(-270.,24.929830608993,-40.45928764062));
#660 = CARTESIAN_POINT('',(-290.,13.04401233437,-26.50638676878));
#661 = CARTESIAN_POINT('',(-270.,25.385310214449,-39.74078496993));
#662 = CARTESIAN_POINT('',(-290.,13.412861900605,-25.88719413565));
#663 = CARTESIAN_POINT('',(-270.,26.071955700071,-38.50084235528));
#664 = CARTESIAN_POINT('',(-290.,13.616298466213,-25.48978262246));
#665 = CARTESIAN_POINT('',(-270.,26.449389558894,-37.70809852955));
#666 = CARTESIAN_POINT('',(-290.,13.927069718231,-24.78686404594));
#667 = CARTESIAN_POINT('',(-270.,27.024498369569,-36.31038325145));
#668 = CARTESIAN_POINT('',(-290.,14.090262388705,-24.34774374453));
#669 = CARTESIAN_POINT('',(-270.,27.325771662639,-35.43975756883));
#670 = CARTESIAN_POINT('',(-290.,14.342287453588,-23.54639490983));
#671 = CARTESIAN_POINT('',(-270.,27.790375751587,-33.85442266908));
#672 = CARTESIAN_POINT('',(-290.,14.465948335704,-23.06024090617));
#673 = CARTESIAN_POINT('',(-270.,28.017997401763,-32.89452033867));
#674 = CARTESIAN_POINT('',(-290.,14.658142044584,-22.13394509791));
#675 = CARTESIAN_POINT('',(-270.,28.371593781833,-31.06794712435));
#676 = CARTESIAN_POINT('',(-290.,14.743382259716,-21.58674382921));
#677 = CARTESIAN_POINT('',(-270.,28.528280404795,-29.99018882489));
#678 = CARTESIAN_POINT('',(-290.,14.874680599071,-20.47500081594));
#679 = CARTESIAN_POINT('',(-270.,28.769622113052,-27.80189093315));
#680 = CARTESIAN_POINT('',(-290.,14.922157770833,-19.82739861004));
#681 = CARTESIAN_POINT('',(-270.,28.856865768496,-26.52776058875));
#682 = CARTESIAN_POINT('',(-290.,15.00035509027,-18.14398650211));
#683 = CARTESIAN_POINT('',(-270.,29.000782199508,-23.21647428785));
#684 = CARTESIAN_POINT('',(-290.,15.001240018317,-17.05941082025));
#685 = CARTESIAN_POINT('',(-270.,29.002530568749,-21.08404424295));
#686 = CARTESIAN_POINT('',(-290.,14.998759981683,-14.94058917975));
#687 = CARTESIAN_POINT('',(-270.,28.997469431251,-16.91595575704));
#688 = DEFINITIONAL_REPRESENTATION('',(#689),#692);
#689 = B_SPLINE_CURVE_WITH_KNOTS('',1,(#690,#691),.UNSPECIFIED.,.F.,.F.,
  (2,2),(0.,101.13833175103),.PIECEWISE_BEZIER_KNOTS.);
#690 = CARTESIAN_POINT('',(0.,0.));
#691 = CARTESIAN_POINT('',(198.91408825327,0.));
#692 = ( GEOMETRIC_REPRESENTATION_CONTEXT(2) 
PARAMETRIC_REPRESENTATION_CONTEXT() REPRESENTATION_CONTEXT('2D SPACE',''
  ) );
#693 = ORIENTED_EDGE('',*,*,#333,.F.);
#694 = ADVANCED_FACE('',(#695,#698),#257,.T.);
#695 = FACE_BOUND('',#696,.T.);
#696 = EDGE_LOOP('',(#697));
#697 = ORIENTED_EDGE('',*,*,#43,.F.);
#698 = FACE_BOUND('',#699,.T.);
#699 = EDGE_LOOP('',(#700));
#700 = ORIENTED_EDGE('',*,*,#701,.F.);
#701 = EDGE_CURVE('',#702,#702,#704,.T.);
#702 = VERTEX_POINT('',#703);
#703 = CARTESIAN_POINT('',(-300.,2.1,-15.));
#704 = SURFACE_CURVE('',#705,(#710,#717),.PCURVE_S1.);
#705 = CIRCLE('',#706,2.1);
#706 = AXIS2_PLACEMENT_3D('',#707,#708,#709);
#707 = CARTESIAN_POINT('',(-300.,0.,-15.));
#708 = DIRECTION('',(-1.,0.,0.));
#709 = DIRECTION('',(0.,1.,0.));
#710 = PCURVE('',#257,#711);
#711 = DEFINITIONAL_REPRESENTATION('',(#712),#716);
#712 = CIRCLE('',#713,2.1);
#713 = AXIS2_PLACEMENT_2D('',#714,#715);
#714 = CARTESIAN_POINT('',(4.890552861387,1.040429098967));
#715 = DIRECTION('',(-0.978110572277,-0.208085819793));
#716 = ( GEOMETRIC_REPRESENTATION_CONTEXT(2) 
PARAMETRIC_REPRESENTATION_CONTEXT() REPRESENTATION_CONTEXT('2D SPACE',''
  ) );
#717 = PCURVE('',#718,#723);
#718 = CYLINDRICAL_SURFACE('',#719,2.1);
#719 = AXIS2_PLACEMENT_3D('',#720,#721,#722);
#720 = CARTESIAN_POINT('',(-305.,0.,-15.));
#721 = DIRECTION('',(-1.,-0.,-0.));
#722 = DIRECTION('',(0.,1.,0.));
#723 = DEFINITIONAL_REPRESENTATION('',(#724),#728);
#724 = LINE('',#725,#726);
#725 = CARTESIAN_POINT('',(-6.28318530718,-5.));
#726 = VECTOR('',#727,1.);
#727 = DIRECTION('',(1.,-0.));
#728 = ( GEOMETRIC_REPRESENTATION_CONTEXT(2) 
PARAMETRIC_REPRESENTATION_CONTEXT() REPRESENTATION_CONTEXT('2D SPACE',''
  ) );
#729 = ADVANCED_FACE('',(#730),#433,.T.);
#730 = FACE_BOUND('',#731,.T.);
#731 = EDGE_LOOP('',(#732,#733,#755,#1094));
#732 = ORIENTED_EDGE('',*,*,#355,.T.);
#733 = ORIENTED_EDGE('',*,*,#734,.T.);
#734 = EDGE_CURVE('',#334,#735,#737,.T.);
#735 = VERTEX_POINT('',#736);
#736 = CARTESIAN_POINT('',(-270.,29.,-19.));
#737 = SEAM_CURVE('',#738,(#741,#748),.PCURVE_S1.);
#738 = B_SPLINE_CURVE_WITH_KNOTS('',1,(#739,#740),.UNSPECIFIED.,.F.,.F.,
  (2,2),(0.,1.),.PIECEWISE_BEZIER_KNOTS.);
#739 = CARTESIAN_POINT('',(-290.,15.,-16.));
#740 = CARTESIAN_POINT('',(-270.,29.,-19.));
#741 = PCURVE('',#433,#742);
#742 = DEFINITIONAL_REPRESENTATION('',(#743),#747);
#743 = LINE('',#744,#745);
#744 = CARTESIAN_POINT('',(198.91408825327,0.));
#745 = VECTOR('',#746,1.);
#746 = DIRECTION('',(0.,1.));
#747 = ( GEOMETRIC_REPRESENTATION_CONTEXT(2) 
PARAMETRIC_REPRESENTATION_CONTEXT() REPRESENTATION_CONTEXT('2D SPACE',''
  ) );
#748 = PCURVE('',#433,#749);
#749 = DEFINITIONAL_REPRESENTATION('',(#750),#754);
#750 = LINE('',#751,#752);
#751 = CARTESIAN_POINT('',(0.,0.));
#752 = VECTOR('',#753,1.);
#753 = DIRECTION('',(0.,1.));
#754 = ( GEOMETRIC_REPRESENTATION_CONTEXT(2) 
PARAMETRIC_REPRESENTATION_CONTEXT() REPRESENTATION_CONTEXT('2D SPACE',''
  ) );
#755 = ORIENTED_EDGE('',*,*,#756,.F.);
#756 = EDGE_CURVE('',#735,#735,#757,.T.);
#757 = SURFACE_CURVE('',#758,(#826,#833),.PCURVE_S1.);
#758 = B_SPLINE_CURVE_WITH_KNOTS('',3,(#759,#760,#761,#762,#763,#764,
    #765,#766,#767,#768,#769,#770,#771,#772,#773,#774,#775,#776,#777,
    #778,#779,#780,#781,#782,#783,#784,#785,#786,#787,#788,#789,#790,
    #791,#792,#793,#794,#795,#796,#797,#798,#799,#800,#801,#802,#803,
    #804,#805,#806,#807,#808,#809,#810,#811,#812,#813,#814,#815,#816,
    #817,#818,#819,#820,#821,#822,#823,#824,#825),.UNSPECIFIED.,.T.,.F.,
  (1,1,2,1,1,1,1,1,1,1,1,1,1,1,1,1,1,1,1,1,1,1,1,1,1,1,1,1,1,1,1,1,1,1,1
    ,1,1,1,1,1,1,1,1,1,1,1,1,1,1,1,1,1,1,1,1,1,1,1,1,1,1,1,1,1,1,1,2,1,1
    ),(-10.1024371454,-6.378260889803,0.,6.378260889803,10.102437145403,
    13.198804981243,15.938260991192,18.441186658941,20.781911476035,
    23.016914191114,25.195456415209,27.364390185945,29.570879385684,
    31.864996200178,34.304167698999,36.963192753532,39.961264995002,
    43.562774336812,49.728522062869,55.894269789827,59.495779131637,
    62.493851373107,65.152876427639,67.59204792646,69.886164740954,
    72.092653940693,74.261587711429,76.440129935525,78.675132650603,
    81.015857467697,83.518783135446,86.258239145395,89.354606981235,
    93.078783236835,99.457044125899,105.83530501644,109.55948127204,
    112.65584910788,115.39530511783,117.89823078558,120.23895560267,
    122.47395831775,124.65250054184,126.82143431258,129.02792351232,
    131.32204032681,133.76121182563,136.42023688017,139.41830912164,
    143.01981846345,149.18556618902,155.35131391646,158.95282325827,
    161.95089549974,164.60992055427,167.04909205309,169.34320886759,
    171.54969806733,173.71863183806,175.89717406216,178.13217677724,
    180.47290159433,182.97582726208,185.71528327203,188.81165110787,
    192.53582736347,198.91408825327,205.29234914308,209.01652539867),
  .UNSPECIFIED.);
#759 = CARTESIAN_POINT('',(-270.,29.002573327895,-21.1192584426));
#760 = CARTESIAN_POINT('',(-270.,28.997426672105,-16.88074155739));
#761 = CARTESIAN_POINT('',(-270.,29.001065728548,-13.50286328014));
#762 = CARTESIAN_POINT('',(-270.,28.693818890961,-9.112563504894));
#763 = CARTESIAN_POINT('',(-270.,28.227332437663,-5.956192600373));
#764 = CARTESIAN_POINT('',(-270.,27.574289135436,-3.250125636803));
#765 = CARTESIAN_POINT('',(-270.,26.732728048766,-0.861474496537));
#766 = CARTESIAN_POINT('',(-270.,25.700628839874,1.266410130411));
#767 = CARTESIAN_POINT('',(-270.,24.475515021522,3.162380297134));
#768 = CARTESIAN_POINT('',(-270.,23.053981670109,4.841966084924));
#769 = CARTESIAN_POINT('',(-270.,21.430934215509,6.313745223122));
#770 = CARTESIAN_POINT('',(-270.,19.597944231788,7.582656385516));
#771 = CARTESIAN_POINT('',(-270.,17.540084959873,8.651854688672));
#772 = CARTESIAN_POINT('',(-270.,15.22974461682,9.523658883782));
#773 = CARTESIAN_POINT('',(-270.,12.612306843052,10.200013741697));
#774 = CARTESIAN_POINT('',(-270.,9.560129531366,10.683190218788));
#775 = CARTESIAN_POINT('',(-270.,5.312751555777,11.000383595318));
#776 = CARTESIAN_POINT('',(-270.,1.474037587899E-10,10.999757848909));
#777 = CARTESIAN_POINT('',(-270.,-5.312751555468,11.000383595315));
#778 = CARTESIAN_POINT('',(-270.,-9.560129531383,10.683190218835));
#779 = CARTESIAN_POINT('',(-270.,-12.612306843,10.200013741557));
#780 = CARTESIAN_POINT('',(-270.,-15.22974461697,9.523658884226));
#781 = CARTESIAN_POINT('',(-270.,-17.54008495936,8.651854687199));
#782 = CARTESIAN_POINT('',(-270.,-19.59794423354,7.582656390581));
#783 = CARTESIAN_POINT('',(-270.,-21.43093420927,6.31374520511));
#784 = CARTESIAN_POINT('',(-270.,-23.05398169299,4.841966151092));
#785 = CARTESIAN_POINT('',(-270.,-24.47551493468,3.162380046082));
#786 = CARTESIAN_POINT('',(-270.,-25.70062917995,1.266411113646));
#787 = CARTESIAN_POINT('',(-270.,-26.73272667444,-0.861478469931));
#788 = CARTESIAN_POINT('',(-270.,-27.57429487433,-3.250109044719));
#789 = CARTESIAN_POINT('',(-270.,-28.22730750055,-5.956264697548));
#790 = CARTESIAN_POINT('',(-270.,-28.69393441053,-9.112229519331));
#791 = CARTESIAN_POINT('',(-270.,-29.00037708877,-13.50485424753));
#792 = CARTESIAN_POINT('',(-270.,-28.99976192173,-18.99999999975));
#793 = CARTESIAN_POINT('',(-270.,-29.0003770888,-24.49514575197));
#794 = CARTESIAN_POINT('',(-270.,-28.69393441053,-28.88777048066));
#795 = CARTESIAN_POINT('',(-270.,-28.22730750055,-32.04373530245));
#796 = CARTESIAN_POINT('',(-270.,-27.57429487433,-34.74989095528));
#797 = CARTESIAN_POINT('',(-270.,-26.73272667444,-37.13852153006));
#798 = CARTESIAN_POINT('',(-270.,-25.70062917995,-39.26641111364));
#799 = CARTESIAN_POINT('',(-270.,-24.47551493468,-41.16238004608));
#800 = CARTESIAN_POINT('',(-270.,-23.05398169299,-42.84196615109));
#801 = CARTESIAN_POINT('',(-270.,-21.43093420927,-44.31374520511));
#802 = CARTESIAN_POINT('',(-270.,-19.59794423354,-45.58265639058));
#803 = CARTESIAN_POINT('',(-270.,-17.54008495936,-46.65185468719));
#804 = CARTESIAN_POINT('',(-270.,-15.22974461697,-47.52365888422));
#805 = CARTESIAN_POINT('',(-270.,-12.612306843,-48.20001374155));
#806 = CARTESIAN_POINT('',(-270.,-9.560129531383,-48.68319021883));
#807 = CARTESIAN_POINT('',(-270.,-5.312751555931,-49.00038359528));
#808 = CARTESIAN_POINT('',(-270.,-3.09689576684E-10,-48.9997578489));
#809 = CARTESIAN_POINT('',(-270.,5.312751555298,-49.00038359535));
#810 = CARTESIAN_POINT('',(-270.,9.560129531399,-48.68319021878));
#811 = CARTESIAN_POINT('',(-270.,12.612306842955,-48.20001374169));
#812 = CARTESIAN_POINT('',(-270.,15.229744617127,-47.52365888378));
#813 = CARTESIAN_POINT('',(-270.,17.540084958854,-46.65185468867));
#814 = CARTESIAN_POINT('',(-270.,19.597944235292,-45.58265638551));
#815 = CARTESIAN_POINT('',(-270.,21.430934203049,-44.31374522312));
#816 = CARTESIAN_POINT('',(-270.,23.053981715882,-42.84196608492));
#817 = CARTESIAN_POINT('',(-270.,24.475514847853,-41.16238029713));
#818 = CARTESIAN_POINT('',(-270.,25.700629520041,-39.26641013041));
#819 = CARTESIAN_POINT('',(-270.,26.732725300116,-37.13852550346));
#820 = CARTESIAN_POINT('',(-270.,27.57430061324,-34.74987436319));
#821 = CARTESIAN_POINT('',(-270.,28.22728256344,-32.04380739962));
#822 = CARTESIAN_POINT('',(-270.,28.694049930113,-28.8874364951));
#823 = CARTESIAN_POINT('',(-270.,28.999688449029,-24.49713671986));
#824 = CARTESIAN_POINT('',(-270.,29.002573327895,-21.1192584426));
#825 = CARTESIAN_POINT('',(-270.,28.997426672105,-16.88074155739));
#826 = PCURVE('',#433,#827);
#827 = DEFINITIONAL_REPRESENTATION('',(#828),#832);
#828 = LINE('',#829,#830);
#829 = CARTESIAN_POINT('',(0.,1.));
#830 = VECTOR('',#831,1.);
#831 = DIRECTION('',(1.,0.));
#832 = ( GEOMETRIC_REPRESENTATION_CONTEXT(2) 
PARAMETRIC_REPRESENTATION_CONTEXT() REPRESENTATION_CONTEXT('2D SPACE',''
  ) );
#833 = PCURVE('',#834,#1089);
#834 = B_SPLINE_SURFACE_WITH_KNOTS('',3,1,(
    (#835,#836)
    ,(#837,#838)
    ,(#839,#840)
    ,(#841,#842)
    ,(#843,#844)
    ,(#845,#846)
    ,(#847,#848)
    ,(#849,#850)
    ,(#851,#852)
    ,(#853,#854)
    ,(#855,#856)
    ,(#857,#858)
    ,(#859,#860)
    ,(#861,#862)
    ,(#863,#864)
    ,(#865,#866)
    ,(#867,#868)
    ,(#869,#870)
    ,(#871,#872)
    ,(#873,#874)
    ,(#875,#876)
    ,(#877,#878)
    ,(#879,#880)
    ,(#881,#882)
    ,(#883,#884)
    ,(#885,#886)
    ,(#887,#888)
    ,(#889,#890)
    ,(#891,#892)
    ,(#893,#894)
    ,(#895,#896)
    ,(#897,#898)
    ,(#899,#900)
    ,(#901,#902)
    ,(#903,#904)
    ,(#905,#906)
    ,(#907,#908)
    ,(#909,#910)
    ,(#911,#912)
    ,(#913,#914)
    ,(#915,#916)
    ,(#917,#918)
    ,(#919,#920)
    ,(#921,#922)
    ,(#923,#924)
    ,(#925,#926)
    ,(#927,#928)
    ,(#929,#930)
    ,(#931,#932)
    ,(#933,#934)
    ,(#935,#936)
    ,(#937,#938)
    ,(#939,#940)
    ,(#941,#942)
    ,(#943,#944)
    ,(#945,#946)
    ,(#947,#948)
    ,(#949,#950)
    ,(#951,#952)
    ,(#953,#954)
    ,(#955,#956)
    ,(#957,#958)
    ,(#959,#960)
    ,(#961,#962)
    ,(#963,#964)
    ,(#965,#966)
    ,(#967,#968)
    ,(#969,#970)
    ,(#971,#972)
    ,(#973,#974)
    ,(#975,#976)
    ,(#977,#978)
    ,(#979,#980)
    ,(#981,#982)
    ,(#983,#984)
    ,(#985,#986)
    ,(#987,#988)
    ,(#989,#990)
    ,(#991,#992)
    ,(#993,#994)
    ,(#995,#996)
    ,(#997,#998)
    ,(#999,#1000)
    ,(#1001,#1002)
    ,(#1003,#1004)
    ,(#1005,#1006)
    ,(#1007,#1008)
    ,(#1009,#1010)
    ,(#1011,#1012)
    ,(#1013,#1014)
    ,(#1015,#1016)
    ,(#1017,#1018)
    ,(#1019,#1020)
    ,(#1021,#1022)
    ,(#1023,#1024)
    ,(#1025,#1026)
    ,(#1027,#1028)
    ,(#1029,#1030)
    ,(#1031,#1032)
    ,(#1033,#1034)
    ,(#1035,#1036)
    ,(#1037,#1038)
    ,(#1039,#1040)
    ,(#1041,#1042)
    ,(#1043,#1044)
    ,(#1045,#1046)
    ,(#1047,#1048)
    ,(#1049,#1050)
    ,(#1051,#1052)
    ,(#1053,#1054)
    ,(#1055,#1056)
    ,(#1057,#1058)
    ,(#1059,#1060)
    ,(#1061,#1062)
    ,(#1063,#1064)
    ,(#1065,#1066)
    ,(#1067,#1068)
    ,(#1069,#1070)
    ,(#1071,#1072)
    ,(#1073,#1074)
    ,(#1075,#1076)
    ,(#1077,#1078)
    ,(#1079,#1080)
    ,(#1081,#1082)
    ,(#1083,#1084)
    ,(#1085,#1086)
    ,(#1087,#1088
    )),.UNSPECIFIED.,.T.,.F.,.F.,(1,1,2,1,1,1,1,1,1,1,1,1,1,1,1,1,1,1,1,
    1,1,1,1,1,1,1,1,1,1,1,1,1,1,1,1,1,1,1,1,1,1,1,1,1,1,1,1,1,1,1,1,1,1,
    1,1,1,1,1,1,1,1,1,1,1,1,1,1,1,1,1,1,1,1,1,1,1,1,1,1,1,1,1,1,1,1,1,1,
    1,1,1,1,1,1,1,1,1,1,1,1,1,1,1,1,1,1,1,1,1,1,1,1,1,1,1,1,1,1,1,1,1,1,
    1,1,1,1,1,2,1,1),(2,2),(-8.291706610451,-8.216571985153,0.,
    8.216571985153,8.291706610451,13.014112069857,13.132634036127,
    17.002899868795,17.156235498844,20.531908464523,20.713810731188,
    23.756215101999,23.960876456342,26.771572154551,26.993022479825,
    29.650736398964,29.882649296014,32.457167386381,32.692882625155,
    35.2512206191,35.483902872969,38.09365332252,38.316512551315,
    41.048969242378,41.255454805729,44.191146796801,44.375023062325,
    47.616543021314,47.771743794078,51.478704951396,51.598757832206,
    56.118223665579,56.194352622408,64.061032984406,71.927713347565,
    72.003842304394,76.523308137767,76.643361018577,80.350322175895,
    80.505522948659,83.747042907648,83.930919173172,86.866611164244,
    87.073096727595,89.805553418658,90.028412647452,92.638163097003,
    92.870845350872,95.429183344818,95.664898583592,98.239416673959,
    98.471329571009,101.12904349014,101.35049381542,104.16118951363,
    104.36585086797,107.40825523878,107.59015750545,110.96583047112,
    111.11916610117,114.98943193384,115.10795390011,119.83035935952,
    119.90549398482,128.12206596902,136.33863795512,136.41377258042,
    141.13617803983,141.2547000061,145.12496583876,145.27830146881,
    148.65397443449,148.83587670116,151.87828107197,152.08294242631,
    154.89363812452,155.11508844979,157.77280236893,158.00471526598,
    160.57923335635,160.81494859512,163.37328658907,163.60596884294,
    166.21571929249,166.43857852128,169.17103521235,169.3775207757,
    172.31321276677,172.49708903229,175.73860899128,175.89380976405,
    179.60077092136,179.72082380217,184.24028963555,184.31641859238,
    192.18309895375,200.04977931753,200.12590827436,204.64537410774,
    204.76542698855,208.47238814586,208.62758891863,211.86910887762,
    212.05298514314,214.98867713421,215.19516269756,217.92761938863,
    218.15047861742,220.76022906697,220.99291132084,223.55124931479,
    223.78696455356,226.36148264393,226.59339554098,229.25110946012,
    229.47255978539,232.2832554836,232.48791683794,235.53032120875,
    235.71222347542,239.0878964411,239.24123207115,243.11149790381,
    243.23001987008,247.95242532949,248.02755995479,256.24413193994,
    264.46070392509,264.53583855039),(0.,1.),.UNSPECIFIED.);
#835 = CARTESIAN_POINT('',(-270.,29.002573327895,-21.1192584426));
#836 = CARTESIAN_POINT('',(-235.,37.003370477957,-24.73036826451));
#837 = CARTESIAN_POINT('',(-270.,28.997426672105,-16.88074155739));
#838 = CARTESIAN_POINT('',(-235.,36.996629522043,-19.26963173548));
#839 = CARTESIAN_POINT('',(-270.,28.999745231235,-14.72858738118));
#840 = CARTESIAN_POINT('',(-235.,36.999598476616,-16.49764753304));
#841 = CARTESIAN_POINT('',(-270.,28.851232426351,-11.36187098181));
#842 = CARTESIAN_POINT('',(-235.,36.815339964256,-12.1603013412));
#843 = CARTESIAN_POINT('',(-270.,28.761565188148,-10.09258051028));
#844 = CARTESIAN_POINT('',(-235.,36.70404818788,-10.52487804709));
#845 = CARTESIAN_POINT('',(-270.,28.507605842361,-7.852596694526));
#846 = CARTESIAN_POINT('',(-235.,36.388754883207,-7.638079076257));
#847 = CARTESIAN_POINT('',(-270.,28.349212055475,-6.791273491268));
#848 = CARTESIAN_POINT('',(-235.,36.192141171923,-6.269847035614));
#849 = CARTESIAN_POINT('',(-270.,27.975520855312,-4.912741114507));
#850 = CARTESIAN_POINT('',(-235.,35.728086562889,-3.846589661989));
#851 = CARTESIAN_POINT('',(-270.,27.747787491771,-3.978540055125));
#852 = CARTESIAN_POINT('',(-235.,35.445219263179,-2.640679012264));
#853 = CARTESIAN_POINT('',(-270.,27.254597975109,-2.342727865275));
#854 = CARTESIAN_POINT('',(-235.,34.832137295901,-0.526928931777));
#855 = CARTESIAN_POINT('',(-270.,26.956493462576,-1.505387888548));
#856 = CARTESIAN_POINT('',(-235.,34.461312485153,0.556296687978));
#857 = CARTESIAN_POINT('',(-270.,26.344626071504,-6.132251115634E-02));
#858 = CARTESIAN_POINT('',(-235.,33.699216467187,2.427303385145));
#859 = CARTESIAN_POINT('',(-270.,25.975169544582,0.692252680682));
#860 = CARTESIAN_POINT('',(-235.,33.238461891139,3.405320602752));
#861 = CARTESIAN_POINT('',(-270.,25.244879018899,1.97172260923));
#862 = CARTESIAN_POINT('',(-235.,32.326058954996,5.069317945353));
#863 = CARTESIAN_POINT('',(-270.,24.803580179595,2.647234964471));
#864 = CARTESIAN_POINT('',(-235.,31.773663763324,5.949791380065));
#865 = CARTESIAN_POINT('',(-270.,23.953972184706,3.778599350714));
#866 = CARTESIAN_POINT('',(-235.,30.707723770778,7.428155415182));
#867 = CARTESIAN_POINT('',(-270.,23.440886375657,4.378173031485));
#868 = CARTESIAN_POINT('',(-235.,30.062430291096,8.213661413084));
#869 = CARTESIAN_POINT('',(-270.,22.469166287742,5.372276567853));
#870 = CARTESIAN_POINT('',(-235.,28.837131242382,9.519623331247));
#871 = CARTESIAN_POINT('',(-270.,21.884642159617,5.89652957026));
#872 = CARTESIAN_POINT('',(-235.,28.098079319606,10.210216860743));
#873 = CARTESIAN_POINT('',(-270.,20.785205191112,6.760759540831));
#874 = CARTESIAN_POINT('',(-235.,26.704306781758,11.351678310971));
#875 = CARTESIAN_POINT('',(-270.,20.129178102172,7.210012514579));
#876 = CARTESIAN_POINT('',(-235.,25.870449369956,11.946554767929));
#877 = CARTESIAN_POINT('',(-270.,18.892352340037,7.949259517069));
#878 = CARTESIAN_POINT('',(-235.,24.294603104696,12.927621188103));
#879 = CARTESIAN_POINT('',(-270.,18.163109687169,8.32416352302));
#880 = CARTESIAN_POINT('',(-235.,23.363332595408,13.426212885132));
#881 = CARTESIAN_POINT('',(-270.,16.773002933888,8.94131218365));
#882 = CARTESIAN_POINT('',(-235.,21.584728888704,14.248308770443));
#883 = CARTESIAN_POINT('',(-270.,15.965198612024,9.243014678824));
#884 = CARTESIAN_POINT('',(-235.,20.549324499486,14.650827591095));
#885 = CARTESIAN_POINT('',(-270.,14.395040924531,9.739349167944));
#886 = CARTESIAN_POINT('',(-235.,18.53407107405,15.313661327304));
#887 = CARTESIAN_POINT('',(-270.,13.496010623879,9.969347473023));
#888 = CARTESIAN_POINT('',(-235.,17.378778624044,15.621123706089));
#889 = CARTESIAN_POINT('',(-270.,11.696020561206,10.345066906195));
#890 = CARTESIAN_POINT('',(-235.,15.063828943219,16.123590308157));
#891 = CARTESIAN_POINT('',(-270.,10.676785785276,10.50484718765));
#892 = CARTESIAN_POINT('',(-235.,13.75205056386,16.337392078435));
#893 = CARTESIAN_POINT('',(-270.,8.531580058576,10.760002097099));
#894 = CARTESIAN_POINT('',(-235.,10.99002565794,16.678814083002));
#895 = CARTESIAN_POINT('',(-270.,7.313570313682,10.850091720405));
#896 = CARTESIAN_POINT('',(-235.,9.421244641061,16.7993947002));
#897 = CARTESIAN_POINT('',(-270.,4.092147568135,11.000239830161));
#898 = CARTESIAN_POINT('',(-235.,5.271632892273,17.000316205974));
#899 = CARTESIAN_POINT('',(-270.,1.47440937931E-10,10.999762468525));
#900 = CARTESIAN_POINT('',(-235.,1.880530396196E-10,16.999686824747));
#901 = CARTESIAN_POINT('',(-270.,-4.092147567829,11.000239830159));
#902 = CARTESIAN_POINT('',(-235.,-5.271632891883,17.000316205972));
#903 = CARTESIAN_POINT('',(-270.,-7.313570313685,10.850091720415));
#904 = CARTESIAN_POINT('',(-235.,-9.421244641066,16.799394700212));
#905 = CARTESIAN_POINT('',(-270.,-8.531580058586,10.760002097129));
#906 = CARTESIAN_POINT('',(-235.,-10.99002565795,16.678814083039));
#907 = CARTESIAN_POINT('',(-270.,-10.67678578526,10.504847187628));
#908 = CARTESIAN_POINT('',(-235.,-13.75205056384,16.337392078402));
#909 = CARTESIAN_POINT('',(-270.,-11.69602056117,10.345066906111));
#910 = CARTESIAN_POINT('',(-235.,-15.06382894318,16.123590308053));
#911 = CARTESIAN_POINT('',(-270.,-13.4960106239,9.969347473086));
#912 = CARTESIAN_POINT('',(-235.,-17.37877862408,15.621123706193));
#913 = CARTESIAN_POINT('',(-270.,-14.39504092462,9.739349168201));
#914 = CARTESIAN_POINT('',(-235.,-18.53407107416,15.313661327627));
#915 = CARTESIAN_POINT('',(-270.,-15.96519861195,9.24301467863));
#916 = CARTESIAN_POINT('',(-235.,-20.54932449936,14.650827590749));
#917 = CARTESIAN_POINT('',(-270.,-16.77300293359,8.941312182814));
#918 = CARTESIAN_POINT('',(-235.,-21.58472888831,14.248308769388));
#919 = CARTESIAN_POINT('',(-270.,-18.16310968738,8.32416352364));
#920 = CARTESIAN_POINT('',(-235.,-23.36333259584,13.426212886331));
#921 = CARTESIAN_POINT('',(-270.,-18.89235234101,7.949259519893));
#922 = CARTESIAN_POINT('',(-235.,-24.29460310599,12.927621191677));
#923 = CARTESIAN_POINT('',(-270.,-20.12917810145,7.210012512509));
#924 = CARTESIAN_POINT('',(-235.,-25.87044936839,11.946554763658));
#925 = CARTESIAN_POINT('',(-270.,-20.78520518769,6.760759530948));
#926 = CARTESIAN_POINT('',(-235.,-26.70430677718,11.35167829843));
#927 = CARTESIAN_POINT('',(-270.,-21.88464216212,5.896529577521));
#928 = CARTESIAN_POINT('',(-235.,-28.09807932529,10.210216876354));
#929 = CARTESIAN_POINT('',(-270.,-22.46916630013,5.372276603689));
#930 = CARTESIAN_POINT('',(-235.,-28.83713125898,9.519623376809));
#931 = CARTESIAN_POINT('',(-270.,-23.44088636637,4.378173004654));
#932 = CARTESIAN_POINT('',(-235.,-30.0624302698,8.213661354678));
#933 = CARTESIAN_POINT('',(-270.,-23.95397213812,3.778599216046));
#934 = CARTESIAN_POINT('',(-235.,-30.70772370831,7.428155243792));
#935 = CARTESIAN_POINT('',(-270.,-24.80358021572,2.647235068939));
#936 = CARTESIAN_POINT('',(-235.,-31.77366384477,5.949791603553));
#937 = CARTESIAN_POINT('',(-270.,-25.24487920016,1.971723133303));
#938 = CARTESIAN_POINT('',(-235.,-32.32605919811,5.069318612389));
#939 = CARTESIAN_POINT('',(-270.,-25.97516939683,0.692252253506));
#940 = CARTESIAN_POINT('',(-235.,-33.23846157245,3.405319728383));
#941 = CARTESIAN_POINT('',(-270.,-26.34462534185,-6.132462070091E-02));
#942 = CARTESIAN_POINT('',(-235.,-33.69921548956,2.427300702847));
#943 = CARTESIAN_POINT('',(-270.,-26.95649409403,-1.505386062896));
#944 = CARTESIAN_POINT('',(-235.,-34.46131376143,0.556300189719));
#945 = CARTESIAN_POINT('',(-270.,-27.25460101184,-2.342719085579));
#946 = CARTESIAN_POINT('',(-235.,-34.83214135572,-0.526917792853));
#947 = CARTESIAN_POINT('',(-270.,-27.74778467845,-3.978548188882));
#948 = CARTESIAN_POINT('',(-235.,-35.44521400849,-2.640693429537));
#949 = CARTESIAN_POINT('',(-270.,-27.97550774678,-4.912779013364));
#950 = CARTESIAN_POINT('',(-235.,-35.72806909692,-3.846637583337));
#951 = CARTESIAN_POINT('',(-270.,-28.3492251975,-6.791235495554));
#952 = CARTESIAN_POINT('',(-235.,-36.19216367908,-6.269785282713));
#953 = CARTESIAN_POINT('',(-270.,-28.50766529414,-7.852424809929));
#954 = CARTESIAN_POINT('',(-235.,-36.38883374808,-7.637862694719));
#955 = CARTESIAN_POINT('',(-270.,-28.76149874769,-10.09277260025));
#956 = CARTESIAN_POINT('',(-235.,-36.70394421887,-10.52516330681));
#957 = CARTESIAN_POINT('',(-270.,-28.85093594636,-11.36272815286));
#958 = CARTESIAN_POINT('',(-235.,-36.81494878214,-12.1613746274));
#959 = CARTESIAN_POINT('',(-270.,-29.0002402553,-14.72715618718));
#960 = CARTESIAN_POINT('',(-235.,-37.00030228225,-16.49571650143));
#961 = CARTESIAN_POINT('',(-270.,-28.99976192173,-18.99999999975));
#962 = CARTESIAN_POINT('',(-235.,-36.99970045683,-21.99999999967));
#963 = CARTESIAN_POINT('',(-270.,-29.00024025532,-23.27284381232));
#964 = CARTESIAN_POINT('',(-235.,-37.00030228228,-27.50428349792));
#965 = CARTESIAN_POINT('',(-270.,-28.85093594636,-26.63727184713));
#966 = CARTESIAN_POINT('',(-235.,-36.81494878214,-31.83862537259));
#967 = CARTESIAN_POINT('',(-270.,-28.76149874769,-27.90722739974));
#968 = CARTESIAN_POINT('',(-235.,-36.70394421887,-33.47483669318));
#969 = CARTESIAN_POINT('',(-270.,-28.50766529414,-30.14757519007));
#970 = CARTESIAN_POINT('',(-235.,-36.38883374808,-36.36213730528));
#971 = CARTESIAN_POINT('',(-270.,-28.3492251975,-31.20876450444));
#972 = CARTESIAN_POINT('',(-235.,-36.19216367908,-37.73021471728));
#973 = CARTESIAN_POINT('',(-270.,-27.97550774678,-33.08722098663));
#974 = CARTESIAN_POINT('',(-235.,-35.72806909692,-40.15336241666));
#975 = CARTESIAN_POINT('',(-270.,-27.74778467845,-34.02145181111));
#976 = CARTESIAN_POINT('',(-235.,-35.44521400849,-41.35930657046));
#977 = CARTESIAN_POINT('',(-270.,-27.25460101184,-35.65728091442));
#978 = CARTESIAN_POINT('',(-235.,-34.83214135572,-43.47308220714));
#979 = CARTESIAN_POINT('',(-270.,-26.95649409403,-36.4946139371));
#980 = CARTESIAN_POINT('',(-235.,-34.46131376143,-44.55630018971));
#981 = CARTESIAN_POINT('',(-270.,-26.34462534185,-37.93867537929));
#982 = CARTESIAN_POINT('',(-235.,-33.69921548956,-46.42730070284));
#983 = CARTESIAN_POINT('',(-270.,-25.97516939683,-38.6922522535));
#984 = CARTESIAN_POINT('',(-235.,-33.23846157245,-47.40531972838));
#985 = CARTESIAN_POINT('',(-270.,-25.24487920016,-39.9717231333));
#986 = CARTESIAN_POINT('',(-235.,-32.32605919811,-49.06931861238));
#987 = CARTESIAN_POINT('',(-270.,-24.80358021572,-40.64723506893));
#988 = CARTESIAN_POINT('',(-235.,-31.77366384477,-49.94979160355));
#989 = CARTESIAN_POINT('',(-270.,-23.95397213812,-41.77859921604));
#990 = CARTESIAN_POINT('',(-235.,-30.70772370831,-51.42815524379));
#991 = CARTESIAN_POINT('',(-270.,-23.44088636637,-42.37817300465));
#992 = CARTESIAN_POINT('',(-235.,-30.0624302698,-52.21366135467));
#993 = CARTESIAN_POINT('',(-270.,-22.46916630013,-43.37227660368));
#994 = CARTESIAN_POINT('',(-235.,-28.83713125898,-53.5196233768));
#995 = CARTESIAN_POINT('',(-270.,-21.88464216212,-43.89652957752));
#996 = CARTESIAN_POINT('',(-235.,-28.09807932529,-54.21021687635));
#997 = CARTESIAN_POINT('',(-270.,-20.78520518769,-44.76075953094));
#998 = CARTESIAN_POINT('',(-235.,-26.70430677718,-55.35167829843));
#999 = CARTESIAN_POINT('',(-270.,-20.12917810145,-45.2100125125));
#1000 = CARTESIAN_POINT('',(-235.,-25.87044936839,-55.94655476365));
#1001 = CARTESIAN_POINT('',(-270.,-18.89235234101,-45.94925951989));
#1002 = CARTESIAN_POINT('',(-235.,-24.29460310599,-56.92762119167));
#1003 = CARTESIAN_POINT('',(-270.,-18.16310968738,-46.32416352364));
#1004 = CARTESIAN_POINT('',(-235.,-23.36333259584,-57.42621288633));
#1005 = CARTESIAN_POINT('',(-270.,-16.77300293359,-46.94131218281));
#1006 = CARTESIAN_POINT('',(-235.,-21.58472888832,-58.24830876938));
#1007 = CARTESIAN_POINT('',(-270.,-15.96519861195,-47.24301467863));
#1008 = CARTESIAN_POINT('',(-235.,-20.54932449936,-58.65082759074));
#1009 = CARTESIAN_POINT('',(-270.,-14.39504092462,-47.7393491682));
#1010 = CARTESIAN_POINT('',(-235.,-18.53407107416,-59.31366132762));
#1011 = CARTESIAN_POINT('',(-270.,-13.4960106239,-47.96934747308));
#1012 = CARTESIAN_POINT('',(-235.,-17.37877862408,-59.62112370619));
#1013 = CARTESIAN_POINT('',(-270.,-11.69602056117,-48.34506690611));
#1014 = CARTESIAN_POINT('',(-235.,-15.06382894318,-60.12359030805));
#1015 = CARTESIAN_POINT('',(-270.,-10.67678578526,-48.50484718762));
#1016 = CARTESIAN_POINT('',(-235.,-13.75205056384,-60.3373920784));
#1017 = CARTESIAN_POINT('',(-270.,-8.531580058586,-48.76000209712));
#1018 = CARTESIAN_POINT('',(-235.,-10.99002565795,-60.67881408303));
#1019 = CARTESIAN_POINT('',(-270.,-7.313570313686,-48.85009172041));
#1020 = CARTESIAN_POINT('',(-235.,-9.421244641066,-60.79939470021));
#1021 = CARTESIAN_POINT('',(-270.,-4.092147568291,-49.00023983013));
#1022 = CARTESIAN_POINT('',(-235.,-5.271632892472,-61.00031620594));
#1023 = CARTESIAN_POINT('',(-270.,-3.097162769305E-10,-48.99976246852));
#1024 = CARTESIAN_POINT('',(-235.,-3.951179004185E-10,-60.99968682474));
#1025 = CARTESIAN_POINT('',(-270.,4.092147567661,-49.00023983018));
#1026 = CARTESIAN_POINT('',(-235.,5.271632891668,-61.000316206));
#1027 = CARTESIAN_POINT('',(-270.,7.313570313689,-48.8500917204));
#1028 = CARTESIAN_POINT('',(-235.,9.421244641071,-60.79939470019));
#1029 = CARTESIAN_POINT('',(-270.,8.531580058596,-48.76000209709));
#1030 = CARTESIAN_POINT('',(-235.,10.990025657967,-60.678814083));
#1031 = CARTESIAN_POINT('',(-270.,10.676785785261,-48.50484718765));
#1032 = CARTESIAN_POINT('',(-235.,13.752050563836,-60.33739207843));
#1033 = CARTESIAN_POINT('',(-270.,11.696020561148,-48.34506690619));
#1034 = CARTESIAN_POINT('',(-235.,15.063828943143,-60.12359030815));
#1035 = CARTESIAN_POINT('',(-270.,13.496010623923,-47.96934747302));
#1036 = CARTESIAN_POINT('',(-235.,17.37877862412,-59.62112370608));
#1037 = CARTESIAN_POINT('',(-270.,14.395040924709,-47.73934916794));
#1038 = CARTESIAN_POINT('',(-235.,18.534071074286,-59.3136613273));
#1039 = CARTESIAN_POINT('',(-270.,15.96519861189,-47.24301467882));
#1040 = CARTESIAN_POINT('',(-235.,20.549324499234,-58.65082759109));
#1041 = CARTESIAN_POINT('',(-270.,16.77300293331,-46.94131218365));
#1042 = CARTESIAN_POINT('',(-235.,21.584728887935,-58.24830877044));
#1043 = CARTESIAN_POINT('',(-270.,18.163109687597,-46.32416352302));
#1044 = CARTESIAN_POINT('',(-235.,23.363332596282,-57.42621288513));
#1045 = CARTESIAN_POINT('',(-270.,18.892352341991,-45.94925951706));
#1046 = CARTESIAN_POINT('',(-235.,24.294603107302,-56.9276211881));
#1047 = CARTESIAN_POINT('',(-270.,20.129178100741,-45.21001251457));
#1048 = CARTESIAN_POINT('',(-235.,25.870449366843,-55.94655476792));
#1049 = CARTESIAN_POINT('',(-270.,20.785205184276,-44.76075954083));
#1050 = CARTESIAN_POINT('',(-235.,26.704306772616,-55.35167831097));
#1051 = CARTESIAN_POINT('',(-270.,21.88464216464,-43.89652957026));
#1052 = CARTESIAN_POINT('',(-235.,28.098079330985,-54.21021686074));
#1053 = CARTESIAN_POINT('',(-270.,22.469166312533,-43.37227656785));
#1054 = CARTESIAN_POINT('',(-235.,28.837131275593,-53.51962333124));
#1055 = CARTESIAN_POINT('',(-270.,23.440886357096,-42.37817303148));
#1056 = CARTESIAN_POINT('',(-235.,30.062430248521,-52.21366141308));
#1057 = CARTESIAN_POINT('',(-270.,23.953972091547,-41.77859935071));
#1058 = CARTESIAN_POINT('',(-235.,30.707723645845,-51.42815541518));
#1059 = CARTESIAN_POINT('',(-270.,24.803580251862,-40.64723496447));
#1060 = CARTESIAN_POINT('',(-235.,31.773663926233,-49.94979138006));
#1061 = CARTESIAN_POINT('',(-270.,25.244879381434,-39.97172260923));
#1062 = CARTESIAN_POINT('',(-235.,32.326059441227,-49.06931794535));
#1063 = CARTESIAN_POINT('',(-270.,25.975169249078,-38.69225268068));
#1064 = CARTESIAN_POINT('',(-235.,33.238461253774,-47.40532060275));
#1065 = CARTESIAN_POINT('',(-270.,26.344624612197,-37.93867748884));
#1066 = CARTESIAN_POINT('',(-235.,33.699214511945,-46.42730338514));
#1067 = CARTESIAN_POINT('',(-270.,26.956494725496,-36.49461211145));
#1068 = CARTESIAN_POINT('',(-235.,34.461315037721,-44.55629668797));
#1069 = CARTESIAN_POINT('',(-270.,27.254604048585,-35.65727213472));
#1070 = CARTESIAN_POINT('',(-235.,34.832145415539,-43.47307106822));
#1071 = CARTESIAN_POINT('',(-270.,27.747781865131,-34.02145994487));
#1072 = CARTESIAN_POINT('',(-235.,35.445208753812,-41.35932098773));
#1073 = CARTESIAN_POINT('',(-270.,27.975494638251,-33.08725888549));
#1074 = CARTESIAN_POINT('',(-235.,35.728051630969,-40.15341033801));
#1075 = CARTESIAN_POINT('',(-270.,28.349238339538,-31.20872650873));
#1076 = CARTESIAN_POINT('',(-235.,36.192186186254,-37.73015296438));
#1077 = CARTESIAN_POINT('',(-270.,28.507724745919,-30.14740330547));
#1078 = CARTESIAN_POINT('',(-235.,36.388912612966,-36.36192092374));
#1079 = CARTESIAN_POINT('',(-270.,28.761432307241,-27.90741948971));
#1080 = CARTESIAN_POINT('',(-235.,36.703840249871,-33.4751219529));
#1081 = CARTESIAN_POINT('',(-270.,28.85063946637,-26.63812901818));
#1082 = CARTESIAN_POINT('',(-235.,36.814557600032,-31.83969865879));
#1083 = CARTESIAN_POINT('',(-270.,29.000735279395,-23.27141261881));
#1084 = CARTESIAN_POINT('',(-235.,37.001006087926,-27.50235246695));
#1085 = CARTESIAN_POINT('',(-270.,29.002573327895,-21.1192584426));
#1086 = CARTESIAN_POINT('',(-235.,37.003370477957,-24.73036826451));
#1087 = CARTESIAN_POINT('',(-270.,28.997426672105,-16.88074155739));
#1088 = CARTESIAN_POINT('',(-235.,36.996629522043,-19.26963173548));
#1089 = DEFINITIONAL_REPRESENTATION('',(#1090),#1093);
#1090 = B_SPLINE_CURVE_WITH_KNOTS('',1,(#1091,#1092),.UNSPECIFIED.,.F.,
  .F.,(2,2),(0.,198.91408825327),.PIECEWISE_BEZIER_KNOTS.);
#1091 = CARTESIAN_POINT('',(0.,0.));
#1092 = CARTESIAN_POINT('',(256.24413193994,0.));
#1093 = ( GEOMETRIC_REPRESENTATION_CONTEXT(2) 
PARAMETRIC_REPRESENTATION_CONTEXT() REPRESENTATION_CONTEXT('2D SPACE',''
  ) );
#1094 = ORIENTED_EDGE('',*,*,#734,.F.);
#1095 = ADVANCED_FACE('',(#1096),#718,.F.);
#1096 = FACE_BOUND('',#1097,.T.);
#1097 = EDGE_LOOP('',(#1098,#1099,#1122,#1149));
#1098 = ORIENTED_EDGE('',*,*,#701,.T.);
#1099 = ORIENTED_EDGE('',*,*,#1100,.T.);
#1100 = EDGE_CURVE('',#702,#1101,#1103,.T.);
#1101 = VERTEX_POINT('',#1102);
#1102 = CARTESIAN_POINT('',(-290.,2.1,-15.));
#1103 = SEAM_CURVE('',#1104,(#1108,#1115),.PCURVE_S1.);
#1104 = LINE('',#1105,#1106);
#1105 = CARTESIAN_POINT('',(-305.,2.1,-15.));
#1106 = VECTOR('',#1107,1.);
#1107 = DIRECTION('',(1.,0.,0.));
#1108 = PCURVE('',#718,#1109);
#1109 = DEFINITIONAL_REPRESENTATION('',(#1110),#1114);
#1110 = LINE('',#1111,#1112);
#1111 = CARTESIAN_POINT('',(-6.28318530718,0.));
#1112 = VECTOR('',#1113,1.);
#1113 = DIRECTION('',(-0.,-1.));
#1114 = ( GEOMETRIC_REPRESENTATION_CONTEXT(2) 
PARAMETRIC_REPRESENTATION_CONTEXT() REPRESENTATION_CONTEXT('2D SPACE',''
  ) );
#1115 = PCURVE('',#718,#1116);
#1116 = DEFINITIONAL_REPRESENTATION('',(#1117),#1121);
#1117 = LINE('',#1118,#1119);
#1118 = CARTESIAN_POINT('',(-0.,0.));
#1119 = VECTOR('',#1120,1.);
#1120 = DIRECTION('',(-0.,-1.));
#1121 = ( GEOMETRIC_REPRESENTATION_CONTEXT(2) 
PARAMETRIC_REPRESENTATION_CONTEXT() REPRESENTATION_CONTEXT('2D SPACE',''
  ) );
#1122 = ORIENTED_EDGE('',*,*,#1123,.F.);
#1123 = EDGE_CURVE('',#1101,#1101,#1124,.T.);
#1124 = SURFACE_CURVE('',#1125,(#1130,#1137),.PCURVE_S1.);
#1125 = CIRCLE('',#1126,2.1);
#1126 = AXIS2_PLACEMENT_3D('',#1127,#1128,#1129);
#1127 = CARTESIAN_POINT('',(-290.,0.,-15.));
#1128 = DIRECTION('',(-1.,0.,0.));
#1129 = DIRECTION('',(0.,1.,0.));
#1130 = PCURVE('',#718,#1131);
#1131 = DEFINITIONAL_REPRESENTATION('',(#1132),#1136);
#1132 = LINE('',#1133,#1134);
#1133 = CARTESIAN_POINT('',(-6.28318530718,-15.));
#1134 = VECTOR('',#1135,1.);
#1135 = DIRECTION('',(1.,-0.));
#1136 = ( GEOMETRIC_REPRESENTATION_CONTEXT(2) 
PARAMETRIC_REPRESENTATION_CONTEXT() REPRESENTATION_CONTEXT('2D SPACE',''
  ) );
#1137 = PCURVE('',#1138,#1143);
#1138 = PLANE('',#1139);
#1139 = AXIS2_PLACEMENT_3D('',#1140,#1141,#1142);
#1140 = CARTESIAN_POINT('',(-290.,14.,-16.));
#1141 = DIRECTION('',(-1.,-0.,0.));
#1142 = DIRECTION('',(0.,-0.978110572277,-0.208085819793));
#1143 = DEFINITIONAL_REPRESENTATION('',(#1144),#1148);
#1144 = CIRCLE('',#1145,2.1);
#1145 = AXIS2_PLACEMENT_2D('',#1146,#1147);
#1146 = CARTESIAN_POINT('',(13.485462192091,3.891312049384));
#1147 = DIRECTION('',(-0.978110572277,-0.208085819793));
#1148 = ( GEOMETRIC_REPRESENTATION_CONTEXT(2) 
PARAMETRIC_REPRESENTATION_CONTEXT() REPRESENTATION_CONTEXT('2D SPACE',''
  ) );
#1149 = ORIENTED_EDGE('',*,*,#1100,.F.);
#1150 = ADVANCED_FACE('',(#1151),#834,.T.);
#1151 = FACE_BOUND('',#1152,.T.);
#1152 = EDGE_LOOP('',(#1153,#1175,#1176,#1177));
#1153 = ORIENTED_EDGE('',*,*,#1154,.F.);
#1154 = EDGE_CURVE('',#735,#1155,#1157,.T.);
#1155 = VERTEX_POINT('',#1156);
#1156 = CARTESIAN_POINT('',(-245.,34.714285714286,-21.14285714285));
#1157 = SEAM_CURVE('',#1158,(#1161,#1168),.PCURVE_S1.);
#1158 = B_SPLINE_CURVE_WITH_KNOTS('',1,(#1159,#1160),.UNSPECIFIED.,.F.,
  .F.,(2,2),(0.,1.),.PIECEWISE_BEZIER_KNOTS.);
#1159 = CARTESIAN_POINT('',(-270.,29.,-19.));
#1160 = CARTESIAN_POINT('',(-235.,37.,-22.));
#1161 = PCURVE('',#834,#1162);
#1162 = DEFINITIONAL_REPRESENTATION('',(#1163),#1167);
#1163 = LINE('',#1164,#1165);
#1164 = CARTESIAN_POINT('',(0.,0.));
#1165 = VECTOR('',#1166,1.);
#1166 = DIRECTION('',(0.,1.));
#1167 = ( GEOMETRIC_REPRESENTATION_CONTEXT(2) 
PARAMETRIC_REPRESENTATION_CONTEXT() REPRESENTATION_CONTEXT('2D SPACE',''
  ) );
#1168 = PCURVE('',#834,#1169);
#1169 = DEFINITIONAL_REPRESENTATION('',(#1170),#1174);
#1170 = LINE('',#1171,#1172);
#1171 = CARTESIAN_POINT('',(256.24413193994,0.));
#1172 = VECTOR('',#1173,1.);
#1173 = DIRECTION('',(0.,1.));
#1174 = ( GEOMETRIC_REPRESENTATION_CONTEXT(2) 
PARAMETRIC_REPRESENTATION_CONTEXT() REPRESENTATION_CONTEXT('2D SPACE',''
  ) );
#1175 = ORIENTED_EDGE('',*,*,#756,.T.);
#1176 = ORIENTED_EDGE('',*,*,#1154,.T.);
#1177 = ORIENTED_EDGE('',*,*,#1178,.T.);
#1178 = EDGE_CURVE('',#1155,#1155,#1179,.T.);
#1179 = SURFACE_CURVE('',#1180,(#1876,#2575),.PCURVE_S1.);
#1180 = B_SPLINE_CURVE_WITH_KNOTS('',8,(#1181,#1182,#1183,#1184,#1185,
    #1186,#1187,#1188,#1189,#1190,#1191,#1192,#1193,#1194,#1195,#1196,
    #1197,#1198,#1199,#1200,#1201,#1202,#1203,#1204,#1205,#1206,#1207,
    #1208,#1209,#1210,#1211,#1212,#1213,#1214,#1215,#1216,#1217,#1218,
    #1219,#1220,#1221,#1222,#1223,#1224,#1225,#1226,#1227,#1228,#1229,
    #1230,#1231,#1232,#1233,#1234,#1235,#1236,#1237,#1238,#1239,#1240,
    #1241,#1242,#1243,#1244,#1245,#1246,#1247,#1248,#1249,#1250,#1251,
    #1252,#1253,#1254,#1255,#1256,#1257,#1258,#1259,#1260,#1261,#1262,
    #1263,#1264,#1265,#1266,#1267,#1268,#1269,#1270,#1271,#1272,#1273,
    #1274,#1275,#1276,#1277,#1278,#1279,#1280,#1281,#1282,#1283,#1284,
    #1285,#1286,#1287,#1288,#1289,#1290,#1291,#1292,#1293,#1294,#1295,
    #1296,#1297,#1298,#1299,#1300,#1301,#1302,#1303,#1304,#1305,#1306,
    #1307,#1308,#1309,#1310,#1311,#1312,#1313,#1314,#1315,#1316,#1317,
    #1318,#1319,#1320,#1321,#1322,#1323,#1324,#1325,#1326,#1327,#1328,
    #1329,#1330,#1331,#1332,#1333,#1334,#1335,#1336,#1337,#1338,#1339,
    #1340,#1341,#1342,#1343,#1344,#1345,#1346,#1347,#1348,#1349,#1350,
    #1351,#1352,#1353,#1354,#1355,#1356,#1357,#1358,#1359,#1360,#1361,
    #1362,#1363,#1364,#1365,#1366,#1367,#1368,#1369,#1370,#1371,#1372,
    #1373,#1374,#1375,#1376,#1377,#1378,#1379,#1380,#1381,#1382,#1383,
    #1384,#1385,#1386,#1387,#1388,#1389,#1390,#1391,#1392,#1393,#1394,
    #1395,#1396,#1397,#1398,#1399,#1400,#1401,#1402,#1403,#1404,#1405,
    #1406,#1407,#1408,#1409,#1410,#1411,#1412,#1413,#1414,#1415,#1416,
    #1417,#1418,#1419,#1420,#1421,#1422,#1423,#1424,#1425,#1426,#1427,
    #1428,#1429,#1430,#1431,#1432,#1433,#1434,#1435,#1436,#1437,#1438,
    #1439,#1440,#1441,#1442,#1443,#1444,#1445,#1446,#1447,#1448,#1449,
    #1450,#1451,#1452,#1453,#1454,#1455,#1456,#1457,#1458,#1459,#1460,
    #1461,#1462,#1463,#1464,#1465,#1466,#1467,#1468,#1469,#1470,#1471,
    #1472,#1473,#1474,#1475,#1476,#1477,#1478,#1479,#1480,#1481,#1482,
    #1483,#1484,#1485,#1486,#1487,#1488,#1489,#1490,#1491,#1492,#1493,
    #1494,#1495,#1496,#1497,#1498,#1499,#1500,#1501,#1502,#1503,#1504,
    #1505,#1506,#1507,#1508,#1509,#1510,#1511,#1512,#1513,#1514,#1515,
    #1516,#1517,#1518,#1519,#1520,#1521,#1522,#1523,#1524,#1525,#1526,
    #1527,#1528,#1529,#1530,#1531,#1532,#1533,#1534,#1535,#1536,#1537,
    #1538,#1539,#1540,#1541,#1542,#1543,#1544,#1545,#1546,#1547,#1548,
    #1549,#1550,#1551,#1552,#1553,#1554,#1555,#1556,#1557,#1558,#1559,
    #1560,#1561,#1562,#1563,#1564,#1565,#1566,#1567,#1568,#1569,#1570,
    #1571,#1572,#1573,#1574,#1575,#1576,#1577,#1578,#1579,#1580,#1581,
    #1582,#1583,#1584,#1585,#1586,#1587,#1588,#1589,#1590,#1591,#1592,
    #1593,#1594,#1595,#1596,#1597,#1598,#1599,#1600,#1601,#1602,#1603,
    #1604,#1605,#1606,#1607,#1608,#1609,#1610,#1611,#1612,#1613,#1614,
    #1615,#1616,#1617,#1618,#1619,#1620,#1621,#1622,#1623,#1624,#1625,
    #1626,#1627,#1628,#1629,#1630,#1631,#1632,#1633,#1634,#1635,#1636,
    #1637,#1638,#1639,#1640,#1641,#1642,#1643,#1644,#1645,#1646,#1647,
    #1648,#1649,#1650,#1651,#1652,#1653,#1654,#1655,#1656,#1657,#1658,
    #1659,#1660,#1661,#1662,#1663,#1664,#1665,#1666,#1667,#1668,#1669,
    #1670,#1671,#1672,#1673,#1674,#1675,#1676,#1677,#1678,#1679,#1680,
    #1681,#1682,#1683,#1684,#1685,#1686,#1687,#1688,#1689,#1690,#1691,
    #1692,#1693,#1694,#1695,#1696,#1697,#1698,#1699,#1700,#1701,#1702,
    #1703,#1704,#1705,#1706,#1707,#1708,#1709,#1710,#1711,#1712,#1713,
    #1714,#1715,#1716,#1717,#1718,#1719,#1720,#1721,#1722,#1723,#1724,
    #1725,#1726,#1727,#1728,#1729,#1730,#1731,#1732,#1733,#1734,#1735,
    #1736,#1737,#1738,#1739,#1740,#1741,#1742,#1743,#1744,#1745,#1746,
    #1747,#1748,#1749,#1750,#1751,#1752,#1753,#1754,#1755,#1756,#1757,
    #1758,#1759,#1760,#1761,#1762,#1763,#1764,#1765,#1766,#1767,#1768,
    #1769,#1770,#1771,#1772,#1773,#1774,#1775,#1776,#1777,#1778,#1779,
    #1780,#1781,#1782,#1783,#1784,#1785,#1786,#1787,#1788,#1789,#1790,
    #1791,#1792,#1793,#1794,#1795,#1796,#1797,#1798,#1799,#1800,#1801,
    #1802,#1803,#1804,#1805,#1806,#1807,#1808,#1809,#1810,#1811,#1812,
    #1813,#1814,#1815,#1816,#1817,#1818,#1819,#1820,#1821,#1822,#1823,
    #1824,#1825,#1826,#1827,#1828,#1829,#1830,#1831,#1832,#1833,#1834,
    #1835,#1836,#1837,#1838,#1839,#1840,#1841,#1842,#1843,#1844,#1845,
    #1846,#1847,#1848,#1849,#1850,#1851,#1852,#1853,#1854,#1855,#1856,
    #1857,#1858,#1859,#1860,#1861,#1862,#1863,#1864,#1865,#1866,#1867,
    #1868,#1869,#1870,#1871,#1872,#1873,#1874,#1875),.UNSPECIFIED.,.T.,
  .F.,(9,7,7,7,7,7,7,7,7,7,7,7,7,7,7,7,7,7,7,7,7,7,7,7,7,7,7,7,7,7,7,7,7
    ,7,7,7,7,7,7,7,7,7,7,7,7,7,7,7,7,7,7,7,7,7,7,7,7,7,7,7,7,7,7,7,7,7,7
    ,7,7,7,7,7,7,7,7,7,7,7,7,7,7,7,7,7,7,7,7,7,7,7,7,7,7,7,7,7,7,7,7,9),
  (0.,1.89986910584E-02,2.900522777479E-02,3.901003590834E-02,
    4.601214296886E-02,5.201411339768E-02,6.40188462077E-02,
    7.302234941947E-02,7.902471252893E-02,8.902855145242E-02,
    0.100033183518,0.107036248552,0.117040977333,0.128046256918,
    0.140052036855,0.149056204806,0.156059456698,0.166063806279,
    0.177068220201,0.185071487676,0.198076229737,0.204078344293,
    0.211080573478,0.217082484208,0.227085744273,0.237088972045,
    0.248092522594,0.259095938711,0.277099143815,0.28810059703,
    0.297101852326,0.303102903383,0.313104823345,0.324106897407,
    0.336108944705,0.34511053078,0.351111646582,0.361113492459,
    0.372115520301,0.378116634666,0.388118412645,0.399120202451,
    0.407121622953,0.416122966372,0.425123945777,0.432124564865,
    0.443125095189,0.454125524929,0.469125522161,0.485124067547,
    0.497123543352,0.509122947613,0.527120139133,0.538118640558,
    0.547117956959,0.553117512054,0.563116752463,0.574115843938,
    0.585115161713,0.596114401452,0.604114188773,0.616113792017,
    0.628113396431,0.640113033189,0.64911259383,0.656112262252,
    0.666111492744,0.677110275861,0.685109448175,0.69810753589,
    0.704106579247,0.711105225488,0.717104065123,0.727102206659,
    0.737100315918,0.748098236103,0.759096021924,0.777090015037,
    0.78808583896,0.797082488439,0.803080468841,0.813077270959,
    0.824073715412,0.836069621429,0.845066601517,0.851064646631,
    0.861061374703,0.87205777296,0.878055816639,0.888052476887,
    0.899048637052,0.907045967517,0.916042717675,0.925039072838,
    0.932036092547,0.943031034747,0.954024964652,0.969018036168,
    0.984015947305,1.),.UNSPECIFIED.);
#1181 = CARTESIAN_POINT('',(-245.,34.714285714286,-21.14285714285));
#1182 = CARTESIAN_POINT('',(-245.,34.714984867267,-21.71143168532));
#1183 = CARTESIAN_POINT('',(-245.,34.715482432053,-22.2803198514));
#1184 = CARTESIAN_POINT('',(-245.,34.715396171058,-22.84947578097));
#1185 = CARTESIAN_POINT('',(-245.,34.714345226856,-23.41885222163));
#1186 = CARTESIAN_POINT('',(-245.,34.711949619953,-23.98840045696));
#1187 = CARTESIAN_POINT('',(-245.,34.707829746547,-24.5580702348));
#1188 = CARTESIAN_POINT('',(-245.,34.701605876291,-25.12780969554));
#1189 = CARTESIAN_POINT('',(-245.,34.688311061163,-25.99765336232));
#1190 = CARTESIAN_POINT('',(-245.,34.683035101895,-26.29775847959));
#1191 = CARTESIAN_POINT('',(-245.,34.67701417932,-26.59786787848));
#1192 = CARTESIAN_POINT('',(-245.,34.6701927005,-26.89796878529));
#1193 = CARTESIAN_POINT('',(-245.,34.662515072497,-27.19804842631));
#1194 = CARTESIAN_POINT('',(-245.,34.653925702372,-27.49809402784));
#1195 = CARTESIAN_POINT('',(-245.,34.644368997189,-27.79809281617));
#1196 = CARTESIAN_POINT('',(-245.,34.62321155841,-28.39791940591));
#1197 = CARTESIAN_POINT('',(-245.,34.61160860598,-28.69775853296));
#1198 = CARTESIAN_POINT('',(-245.,34.598932047496,-28.99753852544));
#1199 = CARTESIAN_POINT('',(-245.,34.585123167208,-29.29724987948));
#1200 = CARTESIAN_POINT('',(-245.,34.570115794434,-29.59688410096));
#1201 = CARTESIAN_POINT('',(-245.,34.553839972217,-29.89643304597));
#1202 = CARTESIAN_POINT('',(-245.,34.536226493028,-30.19588796146));
#1203 = CARTESIAN_POINT('',(-245.,34.503904759505,-30.70474575207));
#1204 = CARTESIAN_POINT('',(-245.,34.489911020019,-30.91419541046));
#1205 = CARTESIAN_POINT('',(-245.,34.475208273735,-31.12358436374));
#1206 = CARTESIAN_POINT('',(-245.,34.459773711326,-31.33290977446));
#1207 = CARTESIAN_POINT('',(-245.,34.443584523466,-31.54216880517));
#1208 = CARTESIAN_POINT('',(-245.,34.426617900825,-31.75135861843));
#1209 = CARTESIAN_POINT('',(-245.,34.408851034078,-31.9604763768));
#1210 = CARTESIAN_POINT('',(-245.,34.374326460195,-32.34870374964));
#1211 = CARTESIAN_POINT('',(-245.,34.357786946959,-32.52783349167));
#1212 = CARTESIAN_POINT('',(-245.,34.340628398331,-32.70690626797));
#1213 = CARTESIAN_POINT('',(-245.,34.322836603367,-32.88591953047));
#1214 = CARTESIAN_POINT('',(-245.,34.304397316038,-33.06487038399));
#1215 = CARTESIAN_POINT('',(-245.,34.285296255228,-33.24375558626));
#1216 = CARTESIAN_POINT('',(-245.,34.265519104737,-33.42257154792));
#1217 = CARTESIAN_POINT('',(-245.,34.204113629686,-33.95882348646));
#1218 = CARTESIAN_POINT('',(-245.,34.160410429195,-34.31605203417));
#1219 = CARTESIAN_POINT('',(-245.,34.113822736986,-34.67294484205));
#1220 = CARTESIAN_POINT('',(-245.,34.064231378243,-35.02944677657));
#1221 = CARTESIAN_POINT('',(-245.,34.011517178145,-35.38550270417));
#1222 = CARTESIAN_POINT('',(-245.,33.955560961876,-35.74105749134));
#1223 = CARTESIAN_POINT('',(-245.,33.896243554616,-36.09605600451));
#1224 = CARTESIAN_POINT('',(-245.,33.786347694447,-36.71623206977));
#1225 = CARTESIAN_POINT('',(-245.,33.737290794765,-36.98167803037));
#1226 = CARTESIAN_POINT('',(-245.,33.686227383579,-37.24676207965));
#1227 = CARTESIAN_POINT('',(-245.,33.633106447448,-37.51145566036));
#1228 = CARTESIAN_POINT('',(-245.,33.577874999299,-37.77572352961));
#1229 = CARTESIAN_POINT('',(-245.,33.520479419312,-38.03952671817));
#1230 = CARTESIAN_POINT('',(-245.,33.460866795808,-38.3028254897));
#1231 = CARTESIAN_POINT('',(-245.,33.357732389752,-38.74075431349));
#1232 = CARTESIAN_POINT('',(-245.,33.315470139336,-38.9156863134));
#1233 = CARTESIAN_POINT('',(-245.,33.272183934456,-39.0903673492));
#1234 = CARTESIAN_POINT('',(-245.,33.227858194683,-39.26478647032));
#1235 = CARTESIAN_POINT('',(-245.,33.182477339589,-39.43893272616));
#1236 = CARTESIAN_POINT('',(-245.,33.136025788744,-39.61279516614));
#1237 = CARTESIAN_POINT('',(-245.,33.088487961719,-39.78636283966));
#1238 = CARTESIAN_POINT('',(-245.,32.958782945731,-40.24839184883));
#1239 = CARTESIAN_POINT('',(-245.,32.874654744291,-40.53631714201));
#1240 = CARTESIAN_POINT('',(-245.,32.787392677007,-40.82334692767));
#1241 = CARTESIAN_POINT('',(-245.,32.696931991726,-41.10940362756));
#1242 = CARTESIAN_POINT('',(-245.,32.603208752955,-41.39440621843));
#1243 = CARTESIAN_POINT('',(-245.,32.506157475921,-41.67827935533));
#1244 = CARTESIAN_POINT('',(-245.,32.405711822662,-41.96095123302));
#1245 = CARTESIAN_POINT('',(-245.,32.187510300714,-42.55187954435));
#1246 = CARTESIAN_POINT('',(-245.,32.069023343599,-42.85987324077));
#1247 = CARTESIAN_POINT('',(-245.,31.946280096672,-43.16620489709));
#1248 = CARTESIAN_POINT('',(-245.,31.819152084528,-43.47079639736));
#1249 = CARTESIAN_POINT('',(-245.,31.68758715073,-43.77352001572));
#1250 = CARTESIAN_POINT('',(-245.,31.551552546412,-44.07423214855));
#1251 = CARTESIAN_POINT('',(-245.,31.410962172319,-44.37281882116));
#1252 = CARTESIAN_POINT('',(-245.,31.173367609627,-44.85771632096));
#1253 = CARTESIAN_POINT('',(-245.,31.07910554891,-45.04537393033));
#1254 = CARTESIAN_POINT('',(-245.,30.982961080687,-45.23208184764));
#1255 = CARTESIAN_POINT('',(-245.,30.884917656535,-45.41780555955));
#1256 = CARTESIAN_POINT('',(-245.,30.784961358147,-45.60251015971));
#1257 = CARTESIAN_POINT('',(-245.,30.683080897325,-45.78616034878));
#1258 = CARTESIAN_POINT('',(-245.,30.579267615983,-45.96872043443));
#1259 = CARTESIAN_POINT('',(-245.,30.322435727247,-46.40935468445));
#1260 = CARTESIAN_POINT('',(-245.,30.167404195111,-46.6662596259));
#1261 = CARTESIAN_POINT('',(-245.,30.008408398856,-46.92075793133));
#1262 = CARTESIAN_POINT('',(-245.,29.845445054145,-47.17274256251));
#1263 = CARTESIAN_POINT('',(-245.,29.678507251864,-47.42210483858));
#1264 = CARTESIAN_POINT('',(-245.,29.507581798747,-47.66873322792));
#1265 = CARTESIAN_POINT('',(-245.,29.332656729959,-47.91251676071));
#1266 = CARTESIAN_POINT('',(-245.,28.956928090087,-48.41827486954));
#1267 = CARTESIAN_POINT('',(-245.,28.755297082773,-48.67962402405));
#1268 = CARTESIAN_POINT('',(-245.,28.548900327627,-48.9372776649));
#1269 = CARTESIAN_POINT('',(-245.,28.337773045044,-49.19109330541));
#1270 = CARTESIAN_POINT('',(-245.,28.12197724561,-49.44095013091));
#1271 = CARTESIAN_POINT('',(-245.,27.901568084486,-49.68671912152));
#1272 = CARTESIAN_POINT('',(-245.,27.676572847995,-49.92824437894));
#1273 = CARTESIAN_POINT('',(-245.,27.196712817612,-50.42415337539));
#1274 = CARTESIAN_POINT('',(-245.,26.940997795776,-50.67771423879));
#1275 = CARTESIAN_POINT('',(-245.,26.680067821977,-50.92598520448));
#1276 = CARTESIAN_POINT('',(-245.,26.414070829138,-51.16885611725));
#1277 = CARTESIAN_POINT('',(-245.,26.143119481403,-51.40618468033));
#1278 = CARTESIAN_POINT('',(-245.,25.867408576197,-51.63792748475));
#1279 = CARTESIAN_POINT('',(-245.,25.586989124518,-51.86384950432));
#1280 = CARTESIAN_POINT('',(-245.,25.088428614042,-52.24908308091));
#1281 = CARTESIAN_POINT('',(-245.,24.872242672004,-52.41092093782));
#1282 = CARTESIAN_POINT('',(-245.,24.653614619868,-52.56948411184));
#1283 = CARTESIAN_POINT('',(-245.,24.432621724911,-52.72475816978));
#1284 = CARTESIAN_POINT('',(-245.,24.20934123884,-52.87672858007));
#1285 = CARTESIAN_POINT('',(-245.,23.983850421195,-53.02538086223));
#1286 = CARTESIAN_POINT('',(-245.,23.756226562744,-53.1707007364));
#1287 = CARTESIAN_POINT('',(-245.,23.347907096955,-53.42309829444));
#1288 = CARTESIAN_POINT('',(-245.,23.168023665796,-53.53149468864));
#1289 = CARTESIAN_POINT('',(-245.,22.986933403081,-53.63787177081));
#1290 = CARTESIAN_POINT('',(-245.,22.804673078836,-53.74223815499));
#1291 = CARTESIAN_POINT('',(-245.,22.621279545448,-53.84460275386));
#1292 = CARTESIAN_POINT('',(-245.,22.436789737665,-53.9449747787));
#1293 = CARTESIAN_POINT('',(-245.,22.251240672596,-54.0433637394));
#1294 = CARTESIAN_POINT('',(-245.,21.798147016344,-54.27751209117));
#1295 = CARTESIAN_POINT('',(-245.,21.529539864933,-54.41121360333));
#1296 = CARTESIAN_POINT('',(-245.,21.258953281088,-54.54092614151));
#1297 = CARTESIAN_POINT('',(-245.,20.986495348664,-54.66665434144));
#1298 = CARTESIAN_POINT('',(-245.,20.712268397029,-54.78842391647));
#1299 = CARTESIAN_POINT('',(-245.,20.4363666083,-54.90630039843));
#1300 = CARTESIAN_POINT('',(-245.,20.158879784535,-55.02036801707));
#1301 = CARTESIAN_POINT('',(-245.,19.573039449118,-55.25199540294));
#1302 = CARTESIAN_POINT('',(-245.,19.264357019825,-55.36877661045));
#1303 = CARTESIAN_POINT('',(-245.,18.953997373073,-55.48107736117));
#1304 = CARTESIAN_POINT('',(-245.,18.642061989505,-55.58900233333));
#1305 = CARTESIAN_POINT('',(-245.,18.328693633651,-55.69260950728));
#1306 = CARTESIAN_POINT('',(-245.,18.014017310247,-55.79196915286));
#1307 = CARTESIAN_POINT('',(-245.,17.698090064355,-55.88721599319));
#1308 = CARTESIAN_POINT('',(-245.,17.150402422455,-56.04478931658));
#1309 = CARTESIAN_POINT('',(-245.,16.919183357432,-56.10901093711));
#1310 = CARTESIAN_POINT('',(-245.,16.687384747228,-56.17114692034));
#1311 = CARTESIAN_POINT('',(-245.,16.455039832092,-56.23123694619));
#1312 = CARTESIAN_POINT('',(-245.,16.222181852272,-56.28932069457));
#1313 = CARTESIAN_POINT('',(-245.,15.988844048017,-56.34543784538));
#1314 = CARTESIAN_POINT('',(-245.,15.755059659575,-56.39962807853));
#1315 = CARTESIAN_POINT('',(-245.,15.140307221219,-56.53691973218));
#1316 = CARTESIAN_POINT('',(-245.,14.758650563549,-56.61692756553));
#1317 = CARTESIAN_POINT('',(-245.,14.376043444249,-56.69212515462));
#1318 = CARTESIAN_POINT('',(-245.,13.992513007028,-56.76269109766));
#1319 = CARTESIAN_POINT('',(-245.,13.608217370182,-56.82879927699));
#1320 = CARTESIAN_POINT('',(-245.,13.223197545516,-56.8906294167));
#1321 = CARTESIAN_POINT('',(-245.,12.837558609322,-56.94835894438));
#1322 = CARTESIAN_POINT('',(-245.,12.27313537333,-57.02700066638));
#1323 = CARTESIAN_POINT('',(-245.,12.094781178887,-57.05099901713));
#1324 = CARTESIAN_POINT('',(-245.,11.916319128393,-57.07417974093));
#1325 = CARTESIAN_POINT('',(-245.,11.737757128616,-57.09656050515));
#1326 = CARTESIAN_POINT('',(-245.,11.559102066006,-57.11815860393));
#1327 = CARTESIAN_POINT('',(-245.,11.380359806694,-57.1389909582));
#1328 = CARTESIAN_POINT('',(-245.,11.201535196495,-57.15907411568));
#1329 = CARTESIAN_POINT('',(-245.,10.813918823977,-57.20099864195));
#1330 = CARTESIAN_POINT('',(-245.,10.605100368146,-57.22257544789));
#1331 = CARTESIAN_POINT('',(-245.,10.396183294827,-57.24318111912));
#1332 = CARTESIAN_POINT('',(-245.,10.187174205439,-57.26284210609));
#1333 = CARTESIAN_POINT('',(-245.,9.978079701399,-57.28158485922));
#1334 = CARTESIAN_POINT('',(-245.,9.768906384123,-57.29943582895));
#1335 = CARTESIAN_POINT('',(-245.,9.559660855029,-57.31642146572));
#1336 = CARTESIAN_POINT('',(-245.,9.170940167396,-57.34640829505));
#1337 = CARTESIAN_POINT('',(-245.,8.991482415697,-57.35963204828));
#1338 = CARTESIAN_POINT('',(-245.,8.8119806176,-57.37225613648));
#1339 = CARTESIAN_POINT('',(-245.,8.632438930264,-57.3842972165));
#1340 = CARTESIAN_POINT('',(-245.,8.452861510851,-57.39577194518));
#1341 = CARTESIAN_POINT('',(-245.,8.273252516521,-57.40669697935));
#1342 = CARTESIAN_POINT('',(-245.,8.093616104435,-57.41708897584));
#1343 = CARTESIAN_POINT('',(-245.,7.614521383492,-57.44342407515));
#1344 = CARTESIAN_POINT('',(-245.,7.315025380338,-57.4584479594));
#1345 = CARTESIAN_POINT('',(-245.,7.015491109203,-57.47211824168));
#1346 = CARTESIAN_POINT('',(-245.,6.715922084611,-57.48450664152));
#1347 = CARTESIAN_POINT('',(-245.,6.416317491878,-57.49568311652));
#1348 = CARTESIAN_POINT('',(-245.,6.116679301927,-57.50571991355));
#1349 = CARTESIAN_POINT('',(-245.,5.81701165774,-57.51469115533));
#1350 = CARTESIAN_POINT('',(-245.,5.217614374677,-57.53064474343));
#1351 = CARTESIAN_POINT('',(-245.,4.917887188788,-57.5376273056));
#1352 = CARTESIAN_POINT('',(-245.,4.618133078273,-57.54368793379));
#1353 = CARTESIAN_POINT('',(-245.,4.318354146618,-57.54889891305));
#1354 = CARTESIAN_POINT('',(-245.,4.01855249731,-57.55333252842));
#1355 = CARTESIAN_POINT('',(-245.,3.718730233835,-57.55706106493));
#1356 = CARTESIAN_POINT('',(-245.,3.418889459679,-57.56015680761));
#1357 = CARTESIAN_POINT('',(-245.,2.789189378843,-57.56548079882));
#1358 = CARTESIAN_POINT('',(-245.,2.459326626653,-57.56759134049));
#1359 = CARTESIAN_POINT('',(-245.,2.129446821499,-57.56911987792));
#1360 = CARTESIAN_POINT('',(-245.,1.79955276312,-57.5701626225));
#1361 = CARTESIAN_POINT('',(-245.,1.469647251258,-57.57081578561));
#1362 = CARTESIAN_POINT('',(-245.,1.139733085653,-57.57117557864));
#1363 = CARTESIAN_POINT('',(-245.,0.809813066044,-57.57133821297));
#1364 = CARTESIAN_POINT('',(-245.,0.14997094904,-57.57146158625));
#1365 = CARTESIAN_POINT('',(-245.,-0.179949840866,-57.57138898939));
#1366 = CARTESIAN_POINT('',(-245.,-0.50987078066,-57.57148131648));
#1367 = CARTESIAN_POINT('',(-245.,-0.839790327472,-57.57146245751));
#1368 = CARTESIAN_POINT('',(-245.,-1.169707009576,-57.57122155853));
#1369 = CARTESIAN_POINT('',(-245.,-1.499619248965,-57.5707462989));
#1370 = CARTESIAN_POINT('',(-245.,-1.82952526474,-57.56988238601));
#1371 = CARTESIAN_POINT('',(-245.,-2.699185031887,-57.5663773499));
#1372 = CARTESIAN_POINT('',(-245.,-3.238923314202,-57.56294810747));
#1373 = CARTESIAN_POINT('',(-245.,-3.778631367887,-57.55784359104));
#1374 = CARTESIAN_POINT('',(-245.,-4.318298508508,-57.55064199106));
#1375 = CARTESIAN_POINT('',(-245.,-4.857910185099,-57.54092137704));
#1376 = CARTESIAN_POINT('',(-245.,-5.397447986323,-57.5282599242));
#1377 = CARTESIAN_POINT('',(-245.,-5.936889646647,-57.5122361402));
#1378 = CARTESIAN_POINT('',(-245.,-6.805777991862,-57.48032534046));
#1379 = CARTESIAN_POINT('',(-245.,-7.135309090687,-57.46680903907));
#1380 = CARTESIAN_POINT('',(-245.,-7.464793100816,-57.45178002131));
#1381 = CARTESIAN_POINT('',(-245.,-7.79424585973,-57.43515470371));
#1382 = CARTESIAN_POINT('',(-245.,-8.123634784916,-57.41682422057));
#1383 = CARTESIAN_POINT('',(-245.,-8.452918066347,-57.39667635722));
#1384 = CARTESIAN_POINT('',(-245.,-8.782086833187,-57.37461947367));
#1385 = CARTESIAN_POINT('',(-245.,-9.380295611725,-57.33085048633));
#1386 = CARTESIAN_POINT('',(-245.,-9.649391548249,-57.30980511594));
#1387 = CARTESIAN_POINT('',(-245.,-9.918374349957,-57.28735428244));
#1388 = CARTESIAN_POINT('',(-245.,-10.18722998643,-57.26344176902));
#1389 = CARTESIAN_POINT('',(-245.,-10.45594442725,-57.23801135885));
#1390 = CARTESIAN_POINT('',(-245.,-10.72450364201,-57.21100683512));
#1391 = CARTESIAN_POINT('',(-245.,-10.99289360029,-57.182371981));
#1392 = CARTESIAN_POINT('',(-245.,-11.43991110144,-57.13183559061));
#1393 = CARTESIAN_POINT('',(-245.,-11.61863951111,-57.11087137296));
#1394 = CARTESIAN_POINT('',(-245.,-11.7972803148,-57.08914123305));
#1395 = CARTESIAN_POINT('',(-245.,-11.97582758308,-57.06662821936));
#1396 = CARTESIAN_POINT('',(-245.,-12.15427464295,-57.04331512254));
#1397 = CARTESIAN_POINT('',(-245.,-12.33261407786,-57.01918447543));
#1398 = CARTESIAN_POINT('',(-245.,-12.51083772766,-56.994218553));
#1399 = CARTESIAN_POINT('',(-245.,-12.98577328221,-56.92536668109));
#1400 = CARTESIAN_POINT('',(-245.,-13.28226413814,-56.87996468452));
#1401 = CARTESIAN_POINT('',(-245.,-13.57837037536,-56.83211252382));
#1402 = CARTESIAN_POINT('',(-245.,-13.87405311278,-56.78172934015));
#1403 = CARTESIAN_POINT('',(-245.,-14.16927346931,-56.72873427463));
#1404 = CARTESIAN_POINT('',(-245.,-14.46399256384,-56.6730464684));
#1405 = CARTESIAN_POINT('',(-245.,-14.75817151528,-56.61458506259));
#1406 = CARTESIAN_POINT('',(-245.,-15.37473025012,-56.48582197998));
#1407 = CARTESIAN_POINT('',(-245.,-15.69699599149,-56.41491952682));
#1408 = CARTESIAN_POINT('',(-245.,-16.01849483177,-56.34045812211));
#1409 = CARTESIAN_POINT('',(-245.,-16.33912993548,-56.26233506939));
#1410 = CARTESIAN_POINT('',(-245.,-16.65881712422,-56.18044707824));
#1411 = CARTESIAN_POINT('',(-245.,-16.97747533032,-56.09469073896));
#1412 = CARTESIAN_POINT('',(-245.,-17.29501195659,-56.00496321415));
#1413 = CARTESIAN_POINT('',(-245.,-17.9564257478,-55.80883372258));
#1414 = CARTESIAN_POINT('',(-245.,-18.30008754262,-55.70165335827));
#1415 = CARTESIAN_POINT('',(-245.,-18.64219756035,-55.58949450913));
#1416 = CARTESIAN_POINT('',(-245.,-18.98267900318,-55.47218285198));
#1417 = CARTESIAN_POINT('',(-245.,-19.32127252719,-55.34971728701));
#1418 = CARTESIAN_POINT('',(-245.,-19.6579086038,-55.22190522993));
#1419 = CARTESIAN_POINT('',(-245.,-19.99238230976,-55.08868820396));
#1420 = CARTESIAN_POINT('',(-245.,-20.57366554178,-54.84589781726));
#1421 = CARTESIAN_POINT('',(-245.,-20.82149054657,-54.73874299367));
#1422 = CARTESIAN_POINT('',(-245.,-21.06795564579,-54.62842697574));
#1423 = CARTESIAN_POINT('',(-245.,-21.31299179071,-54.51491151658));
#1424 = CARTESIAN_POINT('',(-245.,-21.55652466258,-54.3981730393));
#1425 = CARTESIAN_POINT('',(-245.,-21.79847572647,-54.27819582613));
#1426 = CARTESIAN_POINT('',(-245.,-22.03876328508,-54.15496520743));
#1427 = CARTESIAN_POINT('',(-245.,-22.43633191214,-53.94412362543));
#1428 = CARTESIAN_POINT('',(-245.,-22.59458606698,-53.85833098011));
#1429 = CARTESIAN_POINT('',(-245.,-22.75204260525,-53.77107651954));
#1430 = CARTESIAN_POINT('',(-245.,-22.90867820195,-53.68235420013));
#1431 = CARTESIAN_POINT('',(-245.,-23.06446959882,-53.59215823));
#1432 = CARTESIAN_POINT('',(-245.,-23.21939360434,-53.50048306901));
#1433 = CARTESIAN_POINT('',(-245.,-23.37342709375,-53.40732342873));
#1434 = CARTESIAN_POINT('',(-245.,-23.78174651583,-53.15492589618));
#1435 = CARTESIAN_POINT('',(-245.,-24.03440815166,-52.99304638023));
#1436 = CARTESIAN_POINT('',(-245.,-24.28442573004,-52.82705434868));
#1437 = CARTESIAN_POINT('',(-245.,-24.53169331256,-52.65696988364));
#1438 = CARTESIAN_POINT('',(-245.,-24.77610497148,-52.48281311442));
#1439 = CARTESIAN_POINT('',(-245.,-25.01755468785,-52.30460363969));
#1440 = CARTESIAN_POINT('',(-245.,-25.2559363853,-52.12236078263));
#1441 = CARTESIAN_POINT('',(-245.,-25.74987252306,-51.73122301407));
#1442 = CARTESIAN_POINT('',(-245.,-26.00475837155,-51.52147947543));
#1443 = CARTESIAN_POINT('',(-245.,-26.25566925825,-51.30692153927));
#1444 = CARTESIAN_POINT('',(-245.,-26.50251841669,-51.08767130297));
#1445 = CARTESIAN_POINT('',(-245.,-26.74519458382,-50.86381186884));
#1446 = CARTESIAN_POINT('',(-245.,-26.98357971925,-50.63541584223));
#1447 = CARTESIAN_POINT('',(-245.,-27.21757740531,-50.40259098234));
#1448 = CARTESIAN_POINT('',(-245.,-27.57225532867,-50.03605080763));
#1449 = CARTESIAN_POINT('',(-245.,-27.69609425063,-49.90538819501));
#1450 = CARTESIAN_POINT('',(-245.,-27.81858169229,-49.77345025513));
#1451 = CARTESIAN_POINT('',(-245.,-27.93970831366,-49.64025750263));
#1452 = CARTESIAN_POINT('',(-245.,-28.05946528185,-49.50583091727));
#1453 = CARTESIAN_POINT('',(-245.,-28.1778442711,-49.3701919439));
#1454 = CARTESIAN_POINT('',(-245.,-28.29483746278,-49.23336249248));
#1455 = CARTESIAN_POINT('',(-245.,-28.60310282223,-48.86537083747));
#1456 = CARTESIAN_POINT('',(-245.,-28.79189341703,-48.6321229717));
#1457 = CARTESIAN_POINT('',(-245.,-28.9767955739,-48.39573795194));
#1458 = CARTESIAN_POINT('',(-245.,-29.15773575702,-48.15630430974));
#1459 = CARTESIAN_POINT('',(-245.,-29.33466203584,-47.91391434696));
#1460 = CARTESIAN_POINT('',(-245.,-29.5075753828,-47.66867686877));
#1461 = CARTESIAN_POINT('',(-245.,-29.67651088361,-47.42071079949));
#1462 = CARTESIAN_POINT('',(-245.,-30.02291989712,-46.89447360988));
#1463 = CARTESIAN_POINT('',(-245.,-30.19956756494,-46.61564443092));
#1464 = CARTESIAN_POINT('',(-245.,-30.3713941255,-46.3337861129));
#1465 = CARTESIAN_POINT('',(-245.,-30.53846210445,-46.04905015642));
#1466 = CARTESIAN_POINT('',(-245.,-30.70072765764,-45.76158081108));
#1467 = CARTESIAN_POINT('',(-245.,-30.85818109673,-45.47151541383));
#1468 = CARTESIAN_POINT('',(-245.,-31.01096251462,-45.17898667253));
#1469 = CARTESIAN_POINT('',(-245.,-31.26683873156,-44.66967474923));
#1470 = CARTESIAN_POINT('',(-245.,-31.37212329658,-44.45399140564));
#1471 = CARTESIAN_POINT('',(-245.,-31.47497658745,-44.23712499973));
#1472 = CARTESIAN_POINT('',(-245.,-31.57542145419,-44.0191259172));
#1473 = CARTESIAN_POINT('',(-245.,-31.67348115517,-43.8000436175));
#1474 = CARTESIAN_POINT('',(-245.,-31.76917935716,-43.57992663387));
#1475 = CARTESIAN_POINT('',(-245.,-31.86254013526,-43.35882257332));
#1476 = CARTESIAN_POINT('',(-245.,-32.0560138928,-42.88698516944));
#1477 = CARTESIAN_POINT('',(-245.,-32.15551157141,-42.63600730259));
#1478 = CARTESIAN_POINT('',(-245.,-32.25212853574,-42.38389987118));
#1479 = CARTESIAN_POINT('',(-245.,-32.34591232873,-42.1307182218));
#1480 = CARTESIAN_POINT('',(-245.,-32.43691050932,-41.87651769254));
#1481 = CARTESIAN_POINT('',(-245.,-32.52517065246,-41.62135361298));
#1482 = CARTESIAN_POINT('',(-245.,-32.61074034911,-41.3652813042));
#1483 = CARTESIAN_POINT('',(-245.,-32.7765907098,-40.85144124335));
#1484 = CARTESIAN_POINT('',(-245.,-32.85687221355,-40.59367114327));
#1485 = CARTESIAN_POINT('',(-245.,-32.93455814994,-40.33510615879));
#1486 = CARTESIAN_POINT('',(-245.,-33.00969735726,-40.07579633716));
#1487 = CARTESIAN_POINT('',(-245.,-33.08234046067,-39.81578445575));
#1488 = CARTESIAN_POINT('',(-245.,-33.15253925327,-39.5551090852));
#1489 = CARTESIAN_POINT('',(-245.,-33.22034607714,-39.29380765247));
#1490 = CARTESIAN_POINT('',(-245.,-33.33673104354,-38.82823287309));
#1491 = CARTESIAN_POINT('',(-245.,-33.38623376684,-38.62419028289));
#1492 = CARTESIAN_POINT('',(-245.,-33.43434603,-38.41980936014));
#1493 = CARTESIAN_POINT('',(-245.,-33.48109248869,-38.2151077315));
#1494 = CARTESIAN_POINT('',(-245.,-33.52649779856,-38.01010302366));
#1495 = CARTESIAN_POINT('',(-245.,-33.57058661525,-37.80481286328));
#1496 = CARTESIAN_POINT('',(-245.,-33.61338359443,-37.59925487704));
#1497 = CARTESIAN_POINT('',(-245.,-33.72017187663,-37.07004683847));
#1498 = CARTESIAN_POINT('',(-245.,-33.78230275037,-36.74602325513));
#1499 = CARTESIAN_POINT('',(-245.,-33.84140411144,-36.42144399418));
#1500 = CARTESIAN_POINT('',(-245.,-33.89756211603,-36.09633741297));
#1501 = CARTESIAN_POINT('',(-245.,-33.95086991714,-35.77074926601));
#1502 = CARTESIAN_POINT('',(-245.,-34.0014229284,-35.44472925677));
#1503 = CARTESIAN_POINT('',(-245.,-34.04931109521,-35.1183084594));
#1504 = CARTESIAN_POINT('',(-245.,-34.13994620086,-34.46475257015));
#1505 = CARTESIAN_POINT('',(-245.,-34.18269351886,-34.13761794913));
#1506 = CARTESIAN_POINT('',(-245.,-34.22296144048,-33.81016031189));
#1507 = CARTESIAN_POINT('',(-245.,-34.26084480898,-33.48241770712));
#1508 = CARTESIAN_POINT('',(-245.,-34.29644271685,-33.15443436602));
#1509 = CARTESIAN_POINT('',(-245.,-34.32984284189,-32.82623763905));
#1510 = CARTESIAN_POINT('',(-245.,-34.3611176339,-32.49783093779));
#1511 = CARTESIAN_POINT('',(-245.,-34.43023416081,-31.72119094399));
#1512 = CARTESIAN_POINT('',(-245.,-34.46632591403,-31.27280013676));
#1513 = CARTESIAN_POINT('',(-245.,-34.49885561424,-30.82412967281));
#1514 = CARTESIAN_POINT('',(-245.,-34.52802765868,-30.37521065738));
#1515 = CARTESIAN_POINT('',(-245.,-34.55408504255,-29.92612534807));
#1516 = CARTESIAN_POINT('',(-245.,-34.57720944646,-29.47686628926));
#1517 = CARTESIAN_POINT('',(-245.,-34.59765243401,-29.02752229537));
#1518 = CARTESIAN_POINT('',(-245.,-34.63475668637,-28.09875200168));
#1519 = CARTESIAN_POINT('',(-245.,-34.65107558331,-27.61931553951));
#1520 = CARTESIAN_POINT('',(-245.,-34.66480738895,-27.13980317972));
#1521 = CARTESIAN_POINT('',(-245.,-34.67619600783,-26.66022912732));
#1522 = CARTESIAN_POINT('',(-245.,-34.68548549618,-26.180605495));
#1523 = CARTESIAN_POINT('',(-245.,-34.69292006196,-25.70094230316));
#1524 = CARTESIAN_POINT('',(-245.,-34.6987440648,-25.22124747985));
#1525 = CARTESIAN_POINT('',(-245.,-34.70654563745,-24.38171940195));
#1526 = CARTESIAN_POINT('',(-245.,-34.70912077122,-24.02189153864));
#1527 = CARTESIAN_POINT('',(-245.,-34.71103044656,-23.66204599148));
#1528 = CARTESIAN_POINT('',(-245.,-34.71237769267,-23.30218548109));
#1529 = CARTESIAN_POINT('',(-245.,-34.71326553874,-22.94231272803));
#1530 = CARTESIAN_POINT('',(-245.,-34.71379701394,-22.58243045291));
#1531 = CARTESIAN_POINT('',(-245.,-34.71407514747,-22.22254137632));
#1532 = CARTESIAN_POINT('',(-245.,-34.71433078879,-21.50275720716));
#1533 = CARTESIAN_POINT('',(-245.,-34.71431045287,-21.14286405578));
#1534 = CARTESIAN_POINT('',(-245.,-34.71416936593,-20.78296972048));
#1535 = CARTESIAN_POINT('',(-245.,-34.71450995913,-20.4230767579));
#1536 = CARTESIAN_POINT('',(-245.,-34.71414569972,-20.06318542257));
#1537 = CARTESIAN_POINT('',(-245.,-34.71386820958,-19.70329823055));
#1538 = CARTESIAN_POINT('',(-245.,-34.71311314541,-19.34341612486));
#1539 = CARTESIAN_POINT('',(-245.,-34.7101262041,-18.44378585994));
#1540 = CARTESIAN_POINT('',(-245.,-34.70730069261,-17.90404793277));
#1541 = CARTESIAN_POINT('',(-245.,-34.70309385381,-17.36433235192));
#1542 = CARTESIAN_POINT('',(-245.,-34.69715782136,-16.82464682888));
#1543 = CARTESIAN_POINT('',(-245.,-34.68914476689,-16.28500170044));
#1544 = CARTESIAN_POINT('',(-245.,-34.67870690002,-15.74540992873));
#1545 = CARTESIAN_POINT('',(-245.,-34.66549646835,-15.20588710122));
#1546 = CARTESIAN_POINT('',(-245.,-34.63918568106,-14.33678977295));
#1547 = CARTESIAN_POINT('',(-245.,-34.62804140593,-14.00715962993));
#1548 = CARTESIAN_POINT('',(-245.,-34.61564839587,-13.67757294131));
#1549 = CARTESIAN_POINT('',(-245.,-34.60193604362,-13.34802204637));
#1550 = CARTESIAN_POINT('',(-245.,-34.58682461067,-13.01851393275));
#1551 = CARTESIAN_POINT('',(-245.,-34.57022508848,-12.6890695093));
#1552 = CARTESIAN_POINT('',(-245.,-34.55204868333,-12.35970920608));
#1553 = CARTESIAN_POINT('',(-245.,-34.51598214756,-11.76103296169));
#1554 = CARTESIAN_POINT('',(-245.,-34.49864003027,-11.49168461007));
#1555 = CARTESIAN_POINT('',(-245.,-34.48013942322,-11.22241169931));
#1556 = CARTESIAN_POINT('',(-245.,-34.46043347469,-10.9532247793));
#1557 = CARTESIAN_POINT('',(-245.,-34.43947533296,-10.68413439994));
#1558 = CARTESIAN_POINT('',(-245.,-34.41721814633,-10.41515111112));
#1559 = CARTESIAN_POINT('',(-245.,-34.39361506307,-10.14628546273));
#1560 = CARTESIAN_POINT('',(-245.,-34.35195531367,-9.698389375961));
#1561 = CARTESIAN_POINT('',(-245.,-34.33467208508,-9.519288931585));
#1562 = CARTESIAN_POINT('',(-245.,-34.31675619201,-9.340248215353));
#1563 = CARTESIAN_POINT('',(-245.,-34.29819395721,-9.161269671207));
#1564 = CARTESIAN_POINT('',(-245.,-34.27897137991,-8.982356643208));
#1565 = CARTESIAN_POINT('',(-245.,-34.25907413577,-8.803513375541));
#1566 = CARTESIAN_POINT('',(-245.,-34.23848757693,-8.624745012509));
#1567 = CARTESIAN_POINT('',(-245.,-34.18171205459,-8.148245780478));
#1568 = CARTESIAN_POINT('',(-245.,-34.14427047066,-7.850661392494));
#1569 = CARTESIAN_POINT('',(-245.,-34.10480223471,-7.553334177163));
#1570 = CARTESIAN_POINT('',(-245.,-34.06323760125,-7.256293877066));
#1571 = CARTESIAN_POINT('',(-245.,-34.01950682479,-6.95957023478));
#1572 = CARTESIAN_POINT('',(-245.,-33.97354015986,-6.663192992883));
#1573 = CARTESIAN_POINT('',(-245.,-33.92526786096,-6.367191893953));
#1574 = CARTESIAN_POINT('',(-245.,-33.81890810605,-5.746444103121));
#1575 = CARTESIAN_POINT('',(-245.,-33.7603217993,-5.421778569125));
#1576 = CARTESIAN_POINT('',(-245.,-33.69876478299,-5.097648307356));
#1577 = CARTESIAN_POINT('',(-245.,-33.63415497495,-4.774067925236));
#1578 = CARTESIAN_POINT('',(-245.,-33.56639147812,-4.451114464435));
#1579 = CARTESIAN_POINT('',(-245.,-33.49537095494,-4.128877350057));
#1580 = CARTESIAN_POINT('',(-245.,-33.42100631072,-3.807403646136));
#1581 = CARTESIAN_POINT('',(-245.,-33.26539290521,-3.166149817616));
#1582 = CARTESIAN_POINT('',(-245.,-33.18414534887,-2.846371268044));
#1583 = CARTESIAN_POINT('',(-245.,-33.09935846359,-2.527494334983));
#1584 = CARTESIAN_POINT('',(-245.,-33.01093946469,-2.209604554472));
#1585 = CARTESIAN_POINT('',(-245.,-32.91878714424,-1.892747441872));
#1586 = CARTESIAN_POINT('',(-245.,-32.82280669426,-1.576990642726));
#1587 = CARTESIAN_POINT('',(-245.,-32.72292000897,-1.262471701179));
#1588 = CARTESIAN_POINT('',(-245.,-32.51515514331,-0.636089139657));
#1589 = CARTESIAN_POINT('',(-245.,-32.40727846947,-0.324227025113));
#1590 = CARTESIAN_POINT('',(-245.,-32.29531265167,-1.378770206873E-02));
#1591 = CARTESIAN_POINT('',(-245.,-32.17918296082,0.295120816913));
#1592 = CARTESIAN_POINT('',(-245.,-32.05879766529,0.602396694883));
#1593 = CARTESIAN_POINT('',(-245.,-31.93406109852,0.907939753227));
#1594 = CARTESIAN_POINT('',(-245.,-31.80490004665,1.21163699631));
#1595 = CARTESIAN_POINT('',(-245.,-31.57407502462,1.732790753333));
#1596 = CARTESIAN_POINT('',(-245.,-31.47451562537,1.951182678703));
#1597 = CARTESIAN_POINT('',(-245.,-31.37256586156,2.168477645548));
#1598 = CARTESIAN_POINT('',(-245.,-31.26820289177,2.384625334103));
#1599 = CARTESIAN_POINT('',(-245.,-31.16140387456,2.599575424605));
#1600 = CARTESIAN_POINT('',(-245.,-31.05214596852,2.813277597289));
#1601 = CARTESIAN_POINT('',(-245.,-30.94040633221,3.025681532389));
#1602 = CARTESIAN_POINT('',(-245.,-30.65479692237,3.553317925826));
#1603 = CARTESIAN_POINT('',(-245.,-30.47779385132,3.866873285267));
#1604 = CARTESIAN_POINT('',(-245.,-30.29505593502,4.177216509998));
#1605 = CARTESIAN_POINT('',(-245.,-30.10667682884,4.484159429146));
#1606 = CARTESIAN_POINT('',(-245.,-29.91253572293,4.787512839126));
#1607 = CARTESIAN_POINT('',(-245.,-29.71269488652,5.087089194148));
#1608 = CARTESIAN_POINT('',(-245.,-29.50710154194,5.382697973904));
#1609 = CARTESIAN_POINT('',(-245.,-29.0844088481,5.965603167833));
#1610 = CARTESIAN_POINT('',(-245.,-28.86730403234,6.252902860906));
#1611 = CARTESIAN_POINT('',(-245.,-28.64445987907,6.535855876186));
#1612 = CARTESIAN_POINT('',(-245.,-28.4160305113,6.81433709457));
#1613 = CARTESIAN_POINT('',(-245.,-28.18195951198,7.088101054288));
#1614 = CARTESIAN_POINT('',(-245.,-27.94243898446,7.357060131472));
#1615 = CARTESIAN_POINT('',(-245.,-27.69743605734,7.620969106766));
#1616 = CARTESIAN_POINT('',(-245.,-27.19671281488,8.138439106128));
#1617 = CARTESIAN_POINT('',(-245.,-26.94099779335,8.391999973137));
#1618 = CARTESIAN_POINT('',(-245.,-26.68006782018,8.640270937778));
#1619 = CARTESIAN_POINT('',(-245.,-26.41407082809,8.883141845958));
#1620 = CARTESIAN_POINT('',(-245.,-26.14311948114,9.120470403398));
#1621 = CARTESIAN_POINT('',(-245.,-25.86740857662,9.352213200577));
#1622 = CARTESIAN_POINT('',(-245.,-25.5869891255,9.578135216612));
#1623 = CARTESIAN_POINT('',(-245.,-25.08842861625,9.963368789035));
#1624 = CARTESIAN_POINT('',(-245.,-24.87224267448,10.125206645232));
#1625 = CARTESIAN_POINT('',(-245.,-24.65361462226,10.283769819483));
#1626 = CARTESIAN_POINT('',(-245.,-24.43262172697,10.439043878341));
#1627 = CARTESIAN_POINT('',(-245.,-24.20934124042,10.591014289977));
#1628 = CARTESIAN_POINT('',(-245.,-23.98385042222,10.739666573663));
#1629 = CARTESIAN_POINT('',(-245.,-23.75622656325,10.884986449267));
#1630 = CARTESIAN_POINT('',(-245.,-23.34790709675,11.137384009274));
#1631 = CARTESIAN_POINT('',(-245.,-23.16802366537,11.245780404101));
#1632 = CARTESIAN_POINT('',(-245.,-22.9869334025,11.352157486682));
#1633 = CARTESIAN_POINT('',(-245.,-22.80467307818,11.456523871096));
#1634 = CARTESIAN_POINT('',(-245.,-22.62127954476,11.558888470039));
#1635 = CARTESIAN_POINT('',(-245.,-22.436789737,11.659260494821));
#1636 = CARTESIAN_POINT('',(-245.,-22.25124067199,11.757649455366));
#1637 = CARTESIAN_POINT('',(-245.,-21.7981470159,11.991797806625));
#1638 = CARTESIAN_POINT('',(-245.,-21.52953986458,12.125499318402));
#1639 = CARTESIAN_POINT('',(-245.,-21.25895328084,12.255211856103));
#1640 = CARTESIAN_POINT('',(-245.,-20.98649534851,12.380940055641));
#1641 = CARTESIAN_POINT('',(-245.,-20.71226839696,12.502709630446));
#1642 = CARTESIAN_POINT('',(-245.,-20.43636660831,12.620586112303));
#1643 = CARTESIAN_POINT('',(-245.,-20.15887978464,12.734653730856));
#1644 = CARTESIAN_POINT('',(-245.,-19.5730394493,12.966281116733));
#1645 = CARTESIAN_POINT('',(-245.,-19.26435701994,13.083062324355));
#1646 = CARTESIAN_POINT('',(-245.,-18.95399737317,13.195363075184));
#1647 = CARTESIAN_POINT('',(-245.,-18.64206198954,13.303288047517));
#1648 = CARTESIAN_POINT('',(-245.,-18.32869363362,13.406895221622));
#1649 = CARTESIAN_POINT('',(-245.,-18.01401731021,13.50625486724));
#1650 = CARTESIAN_POINT('',(-245.,-17.6980900643,13.601501707622));
#1651 = CARTESIAN_POINT('',(-245.,-17.15040242239,13.759075031037));
#1652 = CARTESIAN_POINT('',(-245.,-16.91918335737,13.823296651561));
#1653 = CARTESIAN_POINT('',(-245.,-16.68738474717,13.885432634782));
#1654 = CARTESIAN_POINT('',(-245.,-16.45503983204,13.945522660614));
#1655 = CARTESIAN_POINT('',(-245.,-16.22218185223,14.003606408966));
#1656 = CARTESIAN_POINT('',(-245.,-15.98884404798,14.05972355975));
#1657 = CARTESIAN_POINT('',(-245.,-15.75505965955,14.113913792876));
#1658 = CARTESIAN_POINT('',(-245.,-15.14030722123,14.251205446456));
#1659 = CARTESIAN_POINT('',(-245.,-14.75865056347,14.331213279794));
#1660 = CARTESIAN_POINT('',(-245.,-14.37604344439,14.406410868823));
#1661 = CARTESIAN_POINT('',(-245.,-13.99251300684,14.47697681194));
#1662 = CARTESIAN_POINT('',(-245.,-13.60821737035,14.5430849912));
#1663 = CARTESIAN_POINT('',(-245.,-13.22319754543,14.604915130956));
#1664 = CARTESIAN_POINT('',(-245.,-12.83755860935,14.66264465863));
#1665 = CARTESIAN_POINT('',(-245.,-12.27313537333,14.741286380657));
#1666 = CARTESIAN_POINT('',(-245.,-12.09478117888,14.765284731407));
#1667 = CARTESIAN_POINT('',(-245.,-11.91631912839,14.788465455213));
#1668 = CARTESIAN_POINT('',(-245.,-11.73775712861,14.810846219436));
#1669 = CARTESIAN_POINT('',(-245.,-11.559102066,14.83244431822));
#1670 = CARTESIAN_POINT('',(-245.,-11.38035980669,14.853276672496));
#1671 = CARTESIAN_POINT('',(-245.,-11.20153519648,14.873359829978));
#1672 = CARTESIAN_POINT('',(-245.,-10.81391882396,14.915284356255));
#1673 = CARTESIAN_POINT('',(-245.,-10.60510036813,14.936861162198));
#1674 = CARTESIAN_POINT('',(-245.,-10.39618329481,14.957466833433));
#1675 = CARTESIAN_POINT('',(-245.,-10.18717420543,14.977127820396));
#1676 = CARTESIAN_POINT('',(-245.,-9.978079701389,14.995870573526));
#1677 = CARTESIAN_POINT('',(-245.,-9.768906384114,15.013721543259));
#1678 = CARTESIAN_POINT('',(-245.,-9.55966085502,15.030707180033));
#1679 = CARTESIAN_POINT('',(-245.,-9.170940167387,15.06069400936));
#1680 = CARTESIAN_POINT('',(-245.,-8.991482415689,15.073917762581));
#1681 = CARTESIAN_POINT('',(-245.,-8.811980617593,15.086541850785));
#1682 = CARTESIAN_POINT('',(-245.,-8.632438930258,15.098582930807));
#1683 = CARTESIAN_POINT('',(-245.,-8.452861510845,15.110057659483));
#1684 = CARTESIAN_POINT('',(-245.,-8.273252516515,15.120982693647));
#1685 = CARTESIAN_POINT('',(-245.,-8.09361610443,15.131374690134));
#1686 = CARTESIAN_POINT('',(-245.,-7.614521383486,15.157709789446));
#1687 = CARTESIAN_POINT('',(-245.,-7.315025380338,15.172733673691));
#1688 = CARTESIAN_POINT('',(-245.,-7.015491109201,15.186403955966));
#1689 = CARTESIAN_POINT('',(-245.,-6.715922084607,15.198792355809));
#1690 = CARTESIAN_POINT('',(-245.,-6.416317491877,15.209968830801));
#1691 = CARTESIAN_POINT('',(-245.,-6.116679301929,15.220005627827));
#1692 = CARTESIAN_POINT('',(-245.,-5.817011657739,15.228976869609));
#1693 = CARTESIAN_POINT('',(-245.,-5.217614374678,15.24493045771));
#1694 = CARTESIAN_POINT('',(-245.,-4.917887188789,15.251913019875));
#1695 = CARTESIAN_POINT('',(-245.,-4.618133078274,15.257973648068));
#1696 = CARTESIAN_POINT('',(-245.,-4.318354146619,15.263184627329));
#1697 = CARTESIAN_POINT('',(-245.,-4.018552497311,15.267618242693));
#1698 = CARTESIAN_POINT('',(-245.,-3.718730233835,15.271346779201));
#1699 = CARTESIAN_POINT('',(-245.,-3.418889459679,15.27444252189));
#1700 = CARTESIAN_POINT('',(-245.,-2.789189378843,15.279766513095));
#1701 = CARTESIAN_POINT('',(-245.,-2.459326626653,15.281877054768));
#1702 = CARTESIAN_POINT('',(-245.,-2.129446821498,15.283405592202));
#1703 = CARTESIAN_POINT('',(-245.,-1.799552763119,15.284448336781));
#1704 = CARTESIAN_POINT('',(-245.,-1.469647251256,15.285101499893));
#1705 = CARTESIAN_POINT('',(-245.,-1.13973308565,15.285461292922));
#1706 = CARTESIAN_POINT('',(-245.,-0.809813066041,15.285623927254));
#1707 = CARTESIAN_POINT('',(-245.,-0.149970949035,15.285747300542));
#1708 = CARTESIAN_POINT('',(-245.,0.179949840868,15.285674703681));
#1709 = CARTESIAN_POINT('',(-245.,0.509870780667,15.28576703077));
#1710 = CARTESIAN_POINT('',(-245.,0.839790327477,15.285748171808));
#1711 = CARTESIAN_POINT('',(-245.,1.169707009579,15.285507272822));
#1712 = CARTESIAN_POINT('',(-245.,1.499619248974,15.285032013195));
#1713 = CARTESIAN_POINT('',(-245.,1.829525264745,15.284168100305));
#1714 = CARTESIAN_POINT('',(-245.,2.699185031894,15.280663064201));
#1715 = CARTESIAN_POINT('',(-245.,3.23892331421,15.277233821778));
#1716 = CARTESIAN_POINT('',(-245.,3.778631367894,15.272129305348));
#1717 = CARTESIAN_POINT('',(-245.,4.318298508516,15.264927705366));
#1718 = CARTESIAN_POINT('',(-245.,4.857910185106,15.25520709134));
#1719 = CARTESIAN_POINT('',(-245.,5.39744798633,15.242545638505));
#1720 = CARTESIAN_POINT('',(-245.,5.936889646653,15.2265218545));
#1721 = CARTESIAN_POINT('',(-245.,6.805777991867,15.194611054757));
#1722 = CARTESIAN_POINT('',(-245.,7.13530909069,15.181094753366));
#1723 = CARTESIAN_POINT('',(-245.,7.46479310082,15.166065735596));
#1724 = CARTESIAN_POINT('',(-245.,7.79424585973,15.149440418001));
#1725 = CARTESIAN_POINT('',(-245.,8.123634784914,15.131109934856));
#1726 = CARTESIAN_POINT('',(-245.,8.452918066349,15.110962071497));
#1727 = CARTESIAN_POINT('',(-245.,8.782086833182,15.088905187949));
#1728 = CARTESIAN_POINT('',(-245.,9.380295611721,15.045136200599));
#1729 = CARTESIAN_POINT('',(-245.,9.649391548244,15.024090830209));
#1730 = CARTESIAN_POINT('',(-245.,9.918374349952,15.001639996712));
#1731 = CARTESIAN_POINT('',(-245.,10.187229986428,14.977727483288));
#1732 = CARTESIAN_POINT('',(-245.,10.455944427254,14.95229707312));
#1733 = CARTESIAN_POINT('',(-245.,10.724503642013,14.925292549389));
#1734 = CARTESIAN_POINT('',(-245.,10.992893600288,14.896657695275));
#1735 = CARTESIAN_POINT('',(-245.,11.439911101443,14.846121304894));
#1736 = CARTESIAN_POINT('',(-245.,11.618639511112,14.825157087247));
#1737 = CARTESIAN_POINT('',(-245.,11.797280314805,14.803426947338));
#1738 = CARTESIAN_POINT('',(-245.,11.975827583089,14.780913933653));
#1739 = CARTESIAN_POINT('',(-245.,12.154274642966,14.757600836846));
#1740 = CARTESIAN_POINT('',(-245.,12.332614077873,14.733470189738));
#1741 = CARTESIAN_POINT('',(-245.,12.510837727677,14.708504267315));
#1742 = CARTESIAN_POINT('',(-245.,12.985773282229,14.639652395419));
#1743 = CARTESIAN_POINT('',(-245.,13.282264138163,14.594250398852));
#1744 = CARTESIAN_POINT('',(-245.,13.578370375388,14.546398238167));
#1745 = CARTESIAN_POINT('',(-245.,13.874053112811,14.496015054496));
#1746 = CARTESIAN_POINT('',(-245.,14.169273469334,14.443019988974));
#1747 = CARTESIAN_POINT('',(-245.,14.463992563863,14.387332182735));
#1748 = CARTESIAN_POINT('',(-245.,14.758171515301,14.328870776912));
#1749 = CARTESIAN_POINT('',(-245.,15.374730250115,14.200107694256));
#1750 = CARTESIAN_POINT('',(-245.,15.696995991491,14.129205241067));
#1751 = CARTESIAN_POINT('',(-245.,16.018494831739,14.054743836313));
#1752 = CARTESIAN_POINT('',(-245.,16.339129935439,13.976620783555));
#1753 = CARTESIAN_POINT('',(-245.,16.658817124178,13.894732792372));
#1754 = CARTESIAN_POINT('',(-245.,16.977475330259,13.808976453074));
#1755 = CARTESIAN_POINT('',(-245.,17.295011956541,13.719248928275));
#1756 = CARTESIAN_POINT('',(-245.,17.956425747783,13.52311943677));
#1757 = CARTESIAN_POINT('',(-245.,18.30008754257,13.415939072536));
#1758 = CARTESIAN_POINT('',(-245.,18.642197560466,13.303780223462));
#1759 = CARTESIAN_POINT('',(-245.,18.982679003185,13.186468566606));
#1760 = CARTESIAN_POINT('',(-245.,19.321272527433,13.064003001687));
#1761 = CARTESIAN_POINT('',(-245.,19.65790860396,12.93619094478));
#1762 = CARTESIAN_POINT('',(-245.,19.992382309984,12.802973918812));
#1763 = CARTESIAN_POINT('',(-245.,20.573665541933,12.560183531957));
#1764 = CARTESIAN_POINT('',(-245.,20.821490546678,12.453028708243));
#1765 = CARTESIAN_POINT('',(-245.,21.067955645815,12.342712690072));
#1766 = CARTESIAN_POINT('',(-245.,21.312991790599,12.229197230545));
#1767 = CARTESIAN_POINT('',(-245.,21.556524662313,12.112458752839));
#1768 = CARTESIAN_POINT('',(-245.,21.798475726059,11.992481539248));
#1769 = CARTESIAN_POINT('',(-245.,22.038763284546,11.869250920229));
#1770 = CARTESIAN_POINT('',(-245.,22.436331911502,11.658409337942));
#1771 = CARTESIAN_POINT('',(-245.,22.594586066326,11.572616692565));
#1772 = CARTESIAN_POINT('',(-245.,22.75204260461,11.485362232027));
#1773 = CARTESIAN_POINT('',(-245.,22.908678201361,11.396639912755));
#1774 = CARTESIAN_POINT('',(-245.,23.064469598327,11.306443942897));
#1775 = CARTESIAN_POINT('',(-245.,23.219393603998,11.214768782318));
#1776 = CARTESIAN_POINT('',(-245.,23.373427093607,11.121609142601));
#1777 = CARTESIAN_POINT('',(-245.,23.781746516403,10.869211612009));
#1778 = CARTESIAN_POINT('',(-245.,24.034408152815,10.707332097708));
#1779 = CARTESIAN_POINT('',(-245.,24.284425731812,10.541340067867));
#1780 = CARTESIAN_POINT('',(-245.,24.53169331485,10.371255604251));
#1781 = CARTESIAN_POINT('',(-245.,24.77610497404,10.197098835819));
#1782 = CARTESIAN_POINT('',(-245.,25.017554690333,10.018889360883));
#1783 = CARTESIAN_POINT('',(-245.,25.255936387235,9.836646502278));
#1784 = CARTESIAN_POINT('',(-245.,25.749872522521,9.445508726937));
#1785 = CARTESIAN_POINT('',(-245.,26.004758368976,9.23576518246));
#1786 = CARTESIAN_POINT('',(-245.,26.255669252812,9.021207238544));
#1787 = CARTESIAN_POINT('',(-245.,26.502518408815,8.80195699548));
#1788 = CARTESIAN_POINT('',(-245.,26.745194574495,8.578097557165));
#1789 = CARTESIAN_POINT('',(-245.,26.983579709774,8.349701530205));
#1790 = CARTESIAN_POINT('',(-245.,27.217577397984,8.116876676186));
#1791 = CARTESIAN_POINT('',(-245.,27.57225532896,7.750336522526));
#1792 = CARTESIAN_POINT('',(-245.,27.696094254599,7.619673920098));
#1793 = CARTESIAN_POINT('',(-245.,27.818581700624,7.487735992361));
#1794 = CARTESIAN_POINT('',(-245.,27.93970832672,7.354543253053));
#1795 = CARTESIAN_POINT('',(-245.,28.05946529966,7.220116680935));
#1796 = CARTESIAN_POINT('',(-245.,28.177844293305,7.084477719794));
#1797 = CARTESIAN_POINT('',(-245.,28.294837488606,6.947648278441));
#1798 = CARTESIAN_POINT('',(-245.,28.603102855187,6.579656640387));
#1799 = CARTESIAN_POINT('',(-245.,28.791893447381,6.346408775031));
#1800 = CARTESIAN_POINT('',(-245.,28.976795603743,6.11002375029));
#1801 = CARTESIAN_POINT('',(-245.,29.157735777403,5.870590077015));
#1802 = CARTESIAN_POINT('',(-245.,29.334662030846,5.628200046368));
#1803 = CARTESIAN_POINT('',(-245.,29.507575343104,5.382962476576));
#1804 = CARTESIAN_POINT('',(-245.,29.67651081435,5.134996321311));
#1805 = CARTESIAN_POINT('',(-245.,30.02291977584,4.608759003841));
#1806 = CARTESIAN_POINT('',(-245.,30.199567429057,4.329929765622));
#1807 = CARTESIAN_POINT('',(-245.,30.371394013972,4.048071475781));
#1808 = CARTESIAN_POINT('',(-245.,30.538461989451,3.763335563498));
#1809 = CARTESIAN_POINT('',(-245.,30.70072759912,3.475866405738));
#1810 = CARTESIAN_POINT('',(-245.,30.858181202388,3.185801397314));
#1811 = CARTESIAN_POINT('',(-245.,31.010962744279,2.893273013551));
#1812 = CARTESIAN_POINT('',(-245.,31.266839198486,2.38396148913));
#1813 = CARTESIAN_POINT('',(-245.,31.372123876725,2.168278219529));
#1814 = CARTESIAN_POINT('',(-245.,31.474977242225,1.95141183662));
#1815 = CARTESIAN_POINT('',(-245.,31.57542212822,1.733412704146));
#1816 = CARTESIAN_POINT('',(-245.,31.673481777869,1.514330261554));
#1817 = CARTESIAN_POINT('',(-245.,31.769179844253,1.294213024006));
#1818 = CARTESIAN_POINT('',(-245.,31.862540390377,1.073108582371));
#1819 = CARTESIAN_POINT('',(-245.,32.056013517677,0.601269848908));
#1820 = CARTESIAN_POINT('',(-245.,32.15551081576,0.350290925577));
#1821 = CARTESIAN_POINT('',(-245.,32.25212736555,9.818234213645E-02));
#1822 = CARTESIAN_POINT('',(-245.,32.345910765303,-0.15500040082));
#1823 = CARTESIAN_POINT('',(-245.,32.436908629399,-0.409201811005));
#1824 = CARTESIAN_POINT('',(-245.,32.525168588343,-0.664366404437));
#1825 = CARTESIAN_POINT('',(-245.,32.610738288765,-0.920438705441));
#1826 = CARTESIAN_POINT('',(-245.,32.776588857226,-1.4342765078));
#1827 = CARTESIAN_POINT('',(-245.,32.856870585372,-1.692044707728));
#1828 = CARTESIAN_POINT('',(-245.,32.934557313874,-1.950607077645));
#1829 = CARTESIAN_POINT('',(-245.,33.009697878919,-2.209913565017));
#1830 = CARTESIAN_POINT('',(-245.,33.082342703003,-2.469921643032));
#1831 = CARTESIAN_POINT('',(-245.,33.152543281096,-2.730593120072));
#1832 = CARTESIAN_POINT('',(-245.,33.22035166678,-2.991890949188));
#1833 = CARTESIAN_POINT('',(-245.,33.336738682553,-3.457460206498));
#1834 = CARTESIAN_POINT('',(-245.,33.386242097608,-3.661500870425));
#1835 = CARTESIAN_POINT('',(-245.,33.434354773741,-3.865880640214));
#1836 = CARTESIAN_POINT('',(-245.,33.48110128112,-4.070582126737));
#1837 = CARTESIAN_POINT('',(-245.,33.52650618991,-4.275587940865));
#1838 = CARTESIAN_POINT('',(-245.,33.570594070279,-4.480880693468));
#1839 = CARTESIAN_POINT('',(-245.,33.613389492392,-4.686442995419));
#1840 = CARTESIAN_POINT('',(-245.,33.720172357299,-5.2156691685));
#1841 = CARTESIAN_POINT('',(-245.,33.782297865883,-5.539707404831));
#1842 = CARTESIAN_POINT('',(-245.,33.841390768508,-5.864305382689));
#1843 = CARTESIAN_POINT('',(-245.,33.897540259929,-6.189430792125));
#1844 = CARTESIAN_POINT('',(-245.,33.950840472073,-6.515036576416));
#1845 = CARTESIAN_POINT('',(-245.,34.001387154559,-6.841072533363));
#1846 = CARTESIAN_POINT('',(-245.,34.049272319141,-7.167504786419));
#1847 = CARTESIAN_POINT('',(-245.,34.139905688812,-7.82104547371));
#1848 = CARTESIAN_POINT('',(-245.,34.182655109808,-8.148152787566));
#1849 = CARTESIAN_POINT('',(-245.,34.222929732277,-8.475577057325));
#1850 = CARTESIAN_POINT('',(-245.,34.26082629365,-8.803278056308));
#1851 = CARTESIAN_POINT('',(-245.,34.296448127226,-9.131205245984));
#1852 = CARTESIAN_POINT('',(-245.,34.329880870972,-9.459333499164));
#1853 = CARTESIAN_POINT('',(-245.,34.361186519775,-9.78767405143));
#1854 = CARTESIAN_POINT('',(-245.,34.430378885241,-10.56421852146));
#1855 = CARTESIAN_POINT('',(-245.,34.466512627256,-11.01258279038));
#1856 = CARTESIAN_POINT('',(-245.,34.499069672553,-11.46124562006));
#1857 = CARTESIAN_POINT('',(-245.,34.528256569717,-11.91017328135));
#1858 = CARTESIAN_POINT('',(-245.,34.554285570088,-12.35932761356));
#1859 = CARTESIAN_POINT('',(-245.,34.577367660839,-12.80867551033));
#1860 = CARTESIAN_POINT('',(-245.,34.597708061881,-13.25819498857));
#1861 = CARTESIAN_POINT('',(-245.,34.633342737732,-14.15765416804));
#1862 = CARTESIAN_POINT('',(-245.,34.648635772984,-14.60759244944));
#1863 = CARTESIAN_POINT('',(-245.,34.661617399581,-15.05763279776));
#1864 = CARTESIAN_POINT('',(-245.,34.67250312536,-15.50774293684));
#1865 = CARTESIAN_POINT('',(-245.,34.681508196801,-15.95789236662));
#1866 = CARTESIAN_POINT('',(-245.,34.68884759903,-16.40805236311));
#1867 = CARTESIAN_POINT('',(-245.,34.694736055819,-16.85819597841));
#1868 = CARTESIAN_POINT('',(-245.,34.704345879589,-17.78799518095));
#1869 = CARTESIAN_POINT('',(-245.,34.707899373521,-18.26764393674));
#1870 = CARTESIAN_POINT('',(-245.,34.710308358159,-18.74721389027));
#1871 = CARTESIAN_POINT('',(-245.,34.711832548881,-19.22667522195));
#1872 = CARTESIAN_POINT('',(-245.,34.712731790975,-19.70599867945));
#1873 = CARTESIAN_POINT('',(-245.,34.713266320935,-20.1851555468));
#1874 = CARTESIAN_POINT('',(-245.,34.713697027765,-20.66411761334));
#1875 = CARTESIAN_POINT('',(-245.,34.714285714286,-21.14285714285));
#1876 = PCURVE('',#834,#1877);
#1877 = DEFINITIONAL_REPRESENTATION('',(#1878),#2574);
#1878 = B_SPLINE_CURVE_WITH_KNOTS('',8,(#1879,#1880,#1881,#1882,#1883,
    #1884,#1885,#1886,#1887,#1888,#1889,#1890,#1891,#1892,#1893,#1894,
    #1895,#1896,#1897,#1898,#1899,#1900,#1901,#1902,#1903,#1904,#1905,
    #1906,#1907,#1908,#1909,#1910,#1911,#1912,#1913,#1914,#1915,#1916,
    #1917,#1918,#1919,#1920,#1921,#1922,#1923,#1924,#1925,#1926,#1927,
    #1928,#1929,#1930,#1931,#1932,#1933,#1934,#1935,#1936,#1937,#1938,
    #1939,#1940,#1941,#1942,#1943,#1944,#1945,#1946,#1947,#1948,#1949,
    #1950,#1951,#1952,#1953,#1954,#1955,#1956,#1957,#1958,#1959,#1960,
    #1961,#1962,#1963,#1964,#1965,#1966,#1967,#1968,#1969,#1970,#1971,
    #1972,#1973,#1974,#1975,#1976,#1977,#1978,#1979,#1980,#1981,#1982,
    #1983,#1984,#1985,#1986,#1987,#1988,#1989,#1990,#1991,#1992,#1993,
    #1994,#1995,#1996,#1997,#1998,#1999,#2000,#2001,#2002,#2003,#2004,
    #2005,#2006,#2007,#2008,#2009,#2010,#2011,#2012,#2013,#2014,#2015,
    #2016,#2017,#2018,#2019,#2020,#2021,#2022,#2023,#2024,#2025,#2026,
    #2027,#2028,#2029,#2030,#2031,#2032,#2033,#2034,#2035,#2036,#2037,
    #2038,#2039,#2040,#2041,#2042,#2043,#2044,#2045,#2046,#2047,#2048,
    #2049,#2050,#2051,#2052,#2053,#2054,#2055,#2056,#2057,#2058,#2059,
    #2060,#2061,#2062,#2063,#2064,#2065,#2066,#2067,#2068,#2069,#2070,
    #2071,#2072,#2073,#2074,#2075,#2076,#2077,#2078,#2079,#2080,#2081,
    #2082,#2083,#2084,#2085,#2086,#2087,#2088,#2089,#2090,#2091,#2092,
    #2093,#2094,#2095,#2096,#2097,#2098,#2099,#2100,#2101,#2102,#2103,
    #2104,#2105,#2106,#2107,#2108,#2109,#2110,#2111,#2112,#2113,#2114,
    #2115,#2116,#2117,#2118,#2119,#2120,#2121,#2122,#2123,#2124,#2125,
    #2126,#2127,#2128,#2129,#2130,#2131,#2132,#2133,#2134,#2135,#2136,
    #2137,#2138,#2139,#2140,#2141,#2142,#2143,#2144,#2145,#2146,#2147,
    #2148,#2149,#2150,#2151,#2152,#2153,#2154,#2155,#2156,#2157,#2158,
    #2159,#2160,#2161,#2162,#2163,#2164,#2165,#2166,#2167,#2168,#2169,
    #2170,#2171,#2172,#2173,#2174,#2175,#2176,#2177,#2178,#2179,#2180,
    #2181,#2182,#2183,#2184,#2185,#2186,#2187,#2188,#2189,#2190,#2191,
    #2192,#2193,#2194,#2195,#2196,#2197,#2198,#2199,#2200,#2201,#2202,
    #2203,#2204,#2205,#2206,#2207,#2208,#2209,#2210,#2211,#2212,#2213,
    #2214,#2215,#2216,#2217,#2218,#2219,#2220,#2221,#2222,#2223,#2224,
    #2225,#2226,#2227,#2228,#2229,#2230,#2231,#2232,#2233,#2234,#2235,
    #2236,#2237,#2238,#2239,#2240,#2241,#2242,#2243,#2244,#2245,#2246,
    #2247,#2248,#2249,#2250,#2251,#2252,#2253,#2254,#2255,#2256,#2257,
    #2258,#2259,#2260,#2261,#2262,#2263,#2264,#2265,#2266,#2267,#2268,
    #2269,#2270,#2271,#2272,#2273,#2274,#2275,#2276,#2277,#2278,#2279,
    #2280,#2281,#2282,#2283,#2284,#2285,#2286,#2287,#2288,#2289,#2290,
    #2291,#2292,#2293,#2294,#2295,#2296,#2297,#2298,#2299,#2300,#2301,
    #2302,#2303,#2304,#2305,#2306,#2307,#2308,#2309,#2310,#2311,#2312,
    #2313,#2314,#2315,#2316,#2317,#2318,#2319,#2320,#2321,#2322,#2323,
    #2324,#2325,#2326,#2327,#2328,#2329,#2330,#2331,#2332,#2333,#2334,
    #2335,#2336,#2337,#2338,#2339,#2340,#2341,#2342,#2343,#2344,#2345,
    #2346,#2347,#2348,#2349,#2350,#2351,#2352,#2353,#2354,#2355,#2356,
    #2357,#2358,#2359,#2360,#2361,#2362,#2363,#2364,#2365,#2366,#2367,
    #2368,#2369,#2370,#2371,#2372,#2373,#2374,#2375,#2376,#2377,#2378,
    #2379,#2380,#2381,#2382,#2383,#2384,#2385,#2386,#2387,#2388,#2389,
    #2390,#2391,#2392,#2393,#2394,#2395,#2396,#2397,#2398,#2399,#2400,
    #2401,#2402,#2403,#2404,#2405,#2406,#2407,#2408,#2409,#2410,#2411,
    #2412,#2413,#2414,#2415,#2416,#2417,#2418,#2419,#2420,#2421,#2422,
    #2423,#2424,#2425,#2426,#2427,#2428,#2429,#2430,#2431,#2432,#2433,
    #2434,#2435,#2436,#2437,#2438,#2439,#2440,#2441,#2442,#2443,#2444,
    #2445,#2446,#2447,#2448,#2449,#2450,#2451,#2452,#2453,#2454,#2455,
    #2456,#2457,#2458,#2459,#2460,#2461,#2462,#2463,#2464,#2465,#2466,
    #2467,#2468,#2469,#2470,#2471,#2472,#2473,#2474,#2475,#2476,#2477,
    #2478,#2479,#2480,#2481,#2482,#2483,#2484,#2485,#2486,#2487,#2488,
    #2489,#2490,#2491,#2492,#2493,#2494,#2495,#2496,#2497,#2498,#2499,
    #2500,#2501,#2502,#2503,#2504,#2505,#2506,#2507,#2508,#2509,#2510,
    #2511,#2512,#2513,#2514,#2515,#2516,#2517,#2518,#2519,#2520,#2521,
    #2522,#2523,#2524,#2525,#2526,#2527,#2528,#2529,#2530,#2531,#2532,
    #2533,#2534,#2535,#2536,#2537,#2538,#2539,#2540,#2541,#2542,#2543,
    #2544,#2545,#2546,#2547,#2548,#2549,#2550,#2551,#2552,#2553,#2554,
    #2555,#2556,#2557,#2558,#2559,#2560,#2561,#2562,#2563,#2564,#2565,
    #2566,#2567,#2568,#2569,#2570,#2571,#2572,#2573),.UNSPECIFIED.,.F.,
  .F.,(9,7,7,7,7,7,7,7,7,7,7,7,7,7,7,7,7,7,7,7,7,7,7,7,7,7,7,7,7,7,7,7,7
    ,7,7,7,7,7,7,7,7,7,7,7,7,7,7,7,7,7,7,7,7,7,7,7,7,7,7,7,7,7,7,7,7,7,7
    ,7,7,7,7,7,7,7,7,7,7,7,7,7,7,7,7,7,7,7,7,7,7,7,7,7,7,7,7,7,7,7,7,9),
  (0.,1.89986910584E-02,2.900522777479E-02,3.901003590834E-02,
    4.601214296886E-02,5.201411339768E-02,6.40188462077E-02,
    7.302234941947E-02,7.902471252893E-02,8.902855145242E-02,
    0.100033183518,0.107036248552,0.117040977333,0.128046256918,
    0.140052036855,0.149056204806,0.156059456698,0.166063806279,
    0.177068220201,0.185071487676,0.198076229737,0.204078344293,
    0.211080573478,0.217082484208,0.227085744273,0.237088972045,
    0.248092522594,0.259095938711,0.277099143815,0.28810059703,
    0.297101852326,0.303102903383,0.313104823345,0.324106897407,
    0.336108944705,0.34511053078,0.351111646582,0.361113492459,
    0.372115520301,0.378116634666,0.388118412645,0.399120202451,
    0.407121622953,0.416122966372,0.425123945777,0.432124564865,
    0.443125095189,0.454125524929,0.469125522161,0.485124067547,
    0.497123543352,0.509122947613,0.527120139133,0.538118640558,
    0.547117956959,0.553117512054,0.563116752463,0.574115843938,
    0.585115161713,0.596114401452,0.604114188773,0.616113792017,
    0.628113396431,0.640113033189,0.64911259383,0.656112262252,
    0.666111492744,0.677110275861,0.685109448175,0.69810753589,
    0.704106579247,0.711105225488,0.717104065123,0.727102206659,
    0.737100315918,0.748098236103,0.759096021924,0.777090015037,
    0.78808583896,0.797082488439,0.803080468841,0.813077270959,
    0.824073715412,0.836069621429,0.845066601517,0.851064646631,
    0.861061374703,0.87205777296,0.878055816639,0.888052476887,
    0.899048637052,0.907045967517,0.916042717675,0.925039072838,
    0.932036092547,0.943031034747,0.954024964652,0.969018036168,
    0.984015947305,1.),.UNSPECIFIED.);
#1879 = CARTESIAN_POINT('',(256.24413193994,0.714285714286));
#1880 = CARTESIAN_POINT('',(255.63482542187,0.714285714286));
#1881 = CARTESIAN_POINT('',(255.02581364178,0.714285714286));
#1882 = CARTESIAN_POINT('',(254.4170504617,0.714285714286));
#1883 = CARTESIAN_POINT('',(253.80849186382,0.714285714286));
#1884 = CARTESIAN_POINT('',(253.20009588425,0.714285714286));
#1885 = CARTESIAN_POINT('',(252.5918225467,0.714285714286));
#1886 = CARTESIAN_POINT('',(251.98363379626,0.714285714286));
#1887 = CARTESIAN_POINT('',(251.05518826816,0.714285714286));
#1888 = CARTESIAN_POINT('',(250.73488310323,0.714285714286));
#1889 = CARTESIAN_POINT('',(250.41457793831,0.714285714286));
#1890 = CARTESIAN_POINT('',(250.09427277338,0.714285714286));
#1891 = CARTESIAN_POINT('',(249.77396760846,0.714285714286));
#1892 = CARTESIAN_POINT('',(249.45366244353,0.714285714286));
#1893 = CARTESIAN_POINT('',(249.13335727861,0.714285714286));
#1894 = CARTESIAN_POINT('',(248.49280227999,0.714285714286));
#1895 = CARTESIAN_POINT('',(248.17254134722,0.714285714286));
#1896 = CARTESIAN_POINT('',(247.8522640147,0.714285714286));
#1897 = CARTESIAN_POINT('',(247.53196804185,0.714285714286));
#1898 = CARTESIAN_POINT('',(247.21165340082,0.714285714286));
#1899 = CARTESIAN_POINT('',(246.89132136513,0.714285714286));
#1900 = CARTESIAN_POINT('',(246.57097353426,0.714285714286));
#1901 = CARTESIAN_POINT('',(246.02639717884,0.714285714286));
#1902 = CARTESIAN_POINT('',(245.80218356339,0.714285714286));
#1903 = CARTESIAN_POINT('',(245.57796994794,0.714285714286));
#1904 = CARTESIAN_POINT('',(245.35375633249,0.714285714286));
#1905 = CARTESIAN_POINT('',(245.12954271705,0.714285714286));
#1906 = CARTESIAN_POINT('',(244.9053291016,0.714285714286));
#1907 = CARTESIAN_POINT('',(244.68111548615,0.714285714286));
#1908 = CARTESIAN_POINT('',(244.26471350825,0.714285714286));
#1909 = CARTESIAN_POINT('',(244.07252425449,0.714285714286));
#1910 = CARTESIAN_POINT('',(243.88033544531,0.714285714286));
#1911 = CARTESIAN_POINT('',(243.68814830599,0.714285714286));
#1912 = CARTESIAN_POINT('',(243.4959639511,0.714285714286));
#1913 = CARTESIAN_POINT('',(243.30378338458,0.714285714286));
#1914 = CARTESIAN_POINT('',(243.1116074997,0.714285714286));
#1915 = CARTESIAN_POINT('',(242.53507088115,0.714285714286));
#1916 = CARTESIAN_POINT('',(242.15070468324,0.714285714286));
#1917 = CARTESIAN_POINT('',(241.76633848533,0.714285714286));
#1918 = CARTESIAN_POINT('',(241.38197228742,0.714285714286));
#1919 = CARTESIAN_POINT('',(240.99760608951,0.714285714286));
#1920 = CARTESIAN_POINT('',(240.6132398916,0.714285714286));
#1921 = CARTESIAN_POINT('',(240.22887369369,0.714285714286));
#1922 = CARTESIAN_POINT('',(239.55623433285,0.714285714286));
#1923 = CARTESIAN_POINT('',(239.26795737154,0.714285714286));
#1924 = CARTESIAN_POINT('',(238.97968205011,0.714285714286));
#1925 = CARTESIAN_POINT('',(238.69140883288,0.714285714286));
#1926 = CARTESIAN_POINT('',(238.40313567639,0.714285714286));
#1927 = CARTESIAN_POINT('',(238.11486049551,0.714285714286));
#1928 = CARTESIAN_POINT('',(237.82658362954,0.714285714286));
#1929 = CARTESIAN_POINT('',(237.34612720937,0.714285714286));
#1930 = CARTESIAN_POINT('',(237.15394411041,0.714285714286));
#1931 = CARTESIAN_POINT('',(236.96176101146,0.714285714286));
#1932 = CARTESIAN_POINT('',(236.76957791251,0.714285714286));
#1933 = CARTESIAN_POINT('',(236.57739481355,0.714285714286));
#1934 = CARTESIAN_POINT('',(236.3852117146,0.714285714286));
#1935 = CARTESIAN_POINT('',(236.19302861564,0.714285714286));
#1936 = CARTESIAN_POINT('',(235.6805435405,0.714285714286));
#1937 = CARTESIAN_POINT('',(235.36023213926,0.714285714286));
#1938 = CARTESIAN_POINT('',(235.03992807955,0.714285714286));
#1939 = CARTESIAN_POINT('',(234.71962668861,0.714285714286));
#1940 = CARTESIAN_POINT('',(234.39932160871,0.714285714286));
#1941 = CARTESIAN_POINT('',(234.07901362192,0.714285714286));
#1942 = CARTESIAN_POINT('',(233.7587085454,0.714285714286));
#1943 = CARTESIAN_POINT('',(233.08605631094,0.714285714286));
#1944 = CARTESIAN_POINT('',(232.73370926886,0.714285714286));
#1945 = CARTESIAN_POINT('',(232.38134879563,0.714285714286));
#1946 = CARTESIAN_POINT('',(232.02902114001,0.714285714286));
#1947 = CARTESIAN_POINT('',(231.67670809685,0.714285714286));
#1948 = CARTESIAN_POINT('',(231.32437780098,0.714285714286));
#1949 = CARTESIAN_POINT('',(230.97205052916,0.714285714286));
#1950 = CARTESIAN_POINT('',(230.39550385381,0.714285714286));
#1951 = CARTESIAN_POINT('',(230.17128619636,0.714285714286));
#1952 = CARTESIAN_POINT('',(229.94706795743,0.714285714286));
#1953 = CARTESIAN_POINT('',(229.72285082582,0.714285714286));
#1954 = CARTESIAN_POINT('',(229.49863599529,0.714285714286));
#1955 = CARTESIAN_POINT('',(229.27442416458,0.714285714286));
#1956 = CARTESIAN_POINT('',(229.05021553739,0.714285714286));
#1957 = CARTESIAN_POINT('',(228.50570473327,0.714285714286));
#1958 = CARTESIAN_POINT('',(228.1853992786,0.714285714286));
#1959 = CARTESIAN_POINT('',(227.86509457572,0.714285714286));
#1960 = CARTESIAN_POINT('',(227.5447894391,0.714285714286));
#1961 = CARTESIAN_POINT('',(227.22448357675,0.714285714286));
#1962 = CARTESIAN_POINT('',(226.90417826024,0.714285714286));
#1963 = CARTESIAN_POINT('',(226.58387446814,0.714285714286));
#1964 = CARTESIAN_POINT('',(225.91122944644,0.714285714286));
#1965 = CARTESIAN_POINT('',(225.55889697726,0.714285714286));
#1966 = CARTESIAN_POINT('',(225.20656539727,0.714285714286));
#1967 = CARTESIAN_POINT('',(224.85423284548,0.714285714286));
#1968 = CARTESIAN_POINT('',(224.50189703264,0.714285714286));
#1969 = CARTESIAN_POINT('',(224.14955793136,0.714285714286));
#1970 = CARTESIAN_POINT('',(223.79721956656,0.714285714286));
#1971 = CARTESIAN_POINT('',(223.06051529164,0.714285714286));
#1972 = CARTESIAN_POINT('',(222.67614953418,0.714285714286));
#1973 = CARTESIAN_POINT('',(222.29178462685,0.714285714286));
#1974 = CARTESIAN_POINT('',(221.90742385186,0.714285714286));
#1975 = CARTESIAN_POINT('',(221.52305823004,0.714285714286));
#1976 = CARTESIAN_POINT('',(221.13869955163,0.714285714286));
#1977 = CARTESIAN_POINT('',(220.75432679627,0.714285714286));
#1978 = CARTESIAN_POINT('',(220.08167881907,0.714285714286));
#1979 = CARTESIAN_POINT('',(219.79340415375,0.714285714286));
#1980 = CARTESIAN_POINT('',(219.50512951423,0.714285714286));
#1981 = CARTESIAN_POINT('',(219.21685489041,0.714285714286));
#1982 = CARTESIAN_POINT('',(218.92858025148,0.714285714286));
#1983 = CARTESIAN_POINT('',(218.64030557714,0.714285714286));
#1984 = CARTESIAN_POINT('',(218.35203088881,0.714285714286));
#1985 = CARTESIAN_POINT('',(217.83954237196,0.714285714286));
#1986 = CARTESIAN_POINT('',(217.6153288286,0.714285714286));
#1987 = CARTESIAN_POINT('',(217.3911154074,0.714285714286));
#1988 = CARTESIAN_POINT('',(217.166901947,0.714285714286));
#1989 = CARTESIAN_POINT('',(216.94268836806,0.714285714286));
#1990 = CARTESIAN_POINT('',(216.7184746733,0.714285714286));
#1991 = CARTESIAN_POINT('',(216.49426094745,0.714285714286));
#1992 = CARTESIAN_POINT('',(215.94975170446,0.714285714286));
#1993 = CARTESIAN_POINT('',(215.62945591458,0.714285714286));
#1994 = CARTESIAN_POINT('',(215.30916697861,0.714285714286));
#1995 = CARTESIAN_POINT('',(214.98886883998,0.714285714286));
#1996 = CARTESIAN_POINT('',(214.66855342629,0.714285714286));
#1997 = CARTESIAN_POINT('',(214.34823067382,0.714285714286));
#1998 = CARTESIAN_POINT('',(214.02791754487,0.714285714286));
#1999 = CARTESIAN_POINT('',(213.35527524636,0.714285714286));
#2000 = CARTESIAN_POINT('',(213.00293555665,0.714285714286));
#2001 = CARTESIAN_POINT('',(212.6505872435,0.714285714286));
#2002 = CARTESIAN_POINT('',(212.29826468352,0.714285714286));
#2003 = CARTESIAN_POINT('',(211.94593917128,0.714285714286));
#2004 = CARTESIAN_POINT('',(211.59358789599,0.714285714286));
#2005 = CARTESIAN_POINT('',(211.24125374325,0.714285714286));
#2006 = CARTESIAN_POINT('',(210.63267645463,0.714285714286));
#2007 = CARTESIAN_POINT('',(210.37643232269,0.714285714286));
#2008 = CARTESIAN_POINT('',(210.12018819075,0.714285714286));
#2009 = CARTESIAN_POINT('',(209.86394405881,0.714285714286));
#2010 = CARTESIAN_POINT('',(209.60769992687,0.714285714286));
#2011 = CARTESIAN_POINT('',(209.35145579493,0.714285714286));
#2012 = CARTESIAN_POINT('',(209.09521166299,0.714285714286));
#2013 = CARTESIAN_POINT('',(208.4225889893,0.714285714286));
#2014 = CARTESIAN_POINT('',(208.00620178388,0.714285714286));
#2015 = CARTESIAN_POINT('',(207.58977403939,0.714285714286));
#2016 = CARTESIAN_POINT('',(207.17338010486,0.714285714286));
#2017 = CARTESIAN_POINT('',(206.75696540839,0.714285714286));
#2018 = CARTESIAN_POINT('',(206.34057438904,0.714285714286));
#2019 = CARTESIAN_POINT('',(205.92418432663,0.714285714286));
#2020 = CARTESIAN_POINT('',(205.31561595224,0.714285714286));
#2021 = CARTESIAN_POINT('',(205.12343846628,0.714285714286));
#2022 = CARTESIAN_POINT('',(204.93125966894,0.714285714286));
#2023 = CARTESIAN_POINT('',(204.73907847308,0.714285714286));
#2024 = CARTESIAN_POINT('',(204.54689439332,0.714285714286));
#2025 = CARTESIAN_POINT('',(204.35470754611,0.714285714286));
#2026 = CARTESIAN_POINT('',(204.16251864971,0.714285714286));
#2027 = CARTESIAN_POINT('',(203.74611540874,0.714285714286));
#2028 = CARTESIAN_POINT('',(203.5219017933,0.714285714286));
#2029 = CARTESIAN_POINT('',(203.29768817785,0.714285714286));
#2030 = CARTESIAN_POINT('',(203.0734745624,0.714285714286));
#2031 = CARTESIAN_POINT('',(202.84926094695,0.714285714286));
#2032 = CARTESIAN_POINT('',(202.62504733151,0.714285714286));
#2033 = CARTESIAN_POINT('',(202.40083371606,0.714285714286));
#2034 = CARTESIAN_POINT('',(201.98443700166,0.714285714286));
#2035 = CARTESIAN_POINT('',(201.7922539027,0.714285714286));
#2036 = CARTESIAN_POINT('',(201.60007080375,0.714285714286));
#2037 = CARTESIAN_POINT('',(201.40788770479,0.714285714286));
#2038 = CARTESIAN_POINT('',(201.21570460584,0.714285714286));
#2039 = CARTESIAN_POINT('',(201.02352150688,0.714285714286));
#2040 = CARTESIAN_POINT('',(200.83133840793,0.714285714286));
#2041 = CARTESIAN_POINT('',(200.31884772602,0.714285714286));
#2042 = CARTESIAN_POINT('',(199.9985472645,0.714285714286));
#2043 = CARTESIAN_POINT('',(199.67824150624,0.714285714286));
#2044 = CARTESIAN_POINT('',(199.35793340343,0.714285714286));
#2045 = CARTESIAN_POINT('',(199.03762773925,0.714285714286));
#2046 = CARTESIAN_POINT('',(198.71732464712,0.714285714286));
#2047 = CARTESIAN_POINT('',(198.39702018853,0.714285714286));
#2048 = CARTESIAN_POINT('',(197.75640882465,0.714285714286));
#2049 = CARTESIAN_POINT('',(197.43610365972,0.714285714286));
#2050 = CARTESIAN_POINT('',(197.1157984948,0.714285714286));
#2051 = CARTESIAN_POINT('',(196.79549332987,0.714285714286));
#2052 = CARTESIAN_POINT('',(196.47518816495,0.714285714286));
#2053 = CARTESIAN_POINT('',(196.15488300002,0.714285714286));
#2054 = CARTESIAN_POINT('',(195.8345778351,0.714285714286));
#2055 = CARTESIAN_POINT('',(195.16193698876,0.714285714286));
#2056 = CARTESIAN_POINT('',(194.80960130734,0.714285714286));
#2057 = CARTESIAN_POINT('',(194.45726562592,0.714285714286));
#2058 = CARTESIAN_POINT('',(194.1049299445,0.714285714286));
#2059 = CARTESIAN_POINT('',(193.75259426309,0.714285714286));
#2060 = CARTESIAN_POINT('',(193.40025858167,0.714285714286));
#2061 = CARTESIAN_POINT('',(193.04792290025,0.714285714286));
#2062 = CARTESIAN_POINT('',(192.34325584197,0.714285714286));
#2063 = CARTESIAN_POINT('',(191.99092586134,0.714285714286));
#2064 = CARTESIAN_POINT('',(191.63859599244,0.714285714286));
#2065 = CARTESIAN_POINT('',(191.28626489324,0.714285714286));
#2066 = CARTESIAN_POINT('',(190.93393114569,0.714285714286));
#2067 = CARTESIAN_POINT('',(190.58159344491,0.714285714286));
#2068 = CARTESIAN_POINT('',(190.22925070215,0.714285714286));
#2069 = CARTESIAN_POINT('',(189.30040715242,0.714285714286));
#2070 = CARTESIAN_POINT('',(188.72389824703,0.714285714286));
#2071 = CARTESIAN_POINT('',(188.14736922813,0.714285714286));
#2072 = CARTESIAN_POINT('',(187.57081839749,0.714285714286));
#2073 = CARTESIAN_POINT('',(186.99424818228,0.714285714286));
#2074 = CARTESIAN_POINT('',(186.4176651356,0.714285714286));
#2075 = CARTESIAN_POINT('',(185.84107993692,0.714285714286));
#2076 = CARTESIAN_POINT('',(184.91217369228,0.714285714286));
#2077 = CARTESIAN_POINT('',(184.55983786621,0.714285714286));
#2078 = CARTESIAN_POINT('',(184.20749350166,0.714285714286));
#2079 = CARTESIAN_POINT('',(183.85516417791,0.714285714286));
#2080 = CARTESIAN_POINT('',(183.50283582598,0.714285714286));
#2081 = CARTESIAN_POINT('',(183.15049250227,0.714285714286));
#2082 = CARTESIAN_POINT('',(182.79815502737,0.714285714286));
#2083 = CARTESIAN_POINT('',(182.1575472928,0.714285714286));
#2084 = CARTESIAN_POINT('',(181.86927264437,0.714285714286));
#2085 = CARTESIAN_POINT('',(181.58099799594,0.714285714286));
#2086 = CARTESIAN_POINT('',(181.29272334751,0.714285714286));
#2087 = CARTESIAN_POINT('',(181.00444869907,0.714285714286));
#2088 = CARTESIAN_POINT('',(180.71617405064,0.714285714286));
#2089 = CARTESIAN_POINT('',(180.42789940221,0.714285714286));
#2090 = CARTESIAN_POINT('',(179.94743479509,0.714285714286));
#2091 = CARTESIAN_POINT('',(179.7552469583,0.714285714286));
#2092 = CARTESIAN_POINT('',(179.56306159969,0.714285714286));
#2093 = CARTESIAN_POINT('',(179.37087872573,0.714285714286));
#2094 = CARTESIAN_POINT('',(179.17869799307,0.714285714286));
#2095 = CARTESIAN_POINT('',(178.98651870855,0.714285714286));
#2096 = CARTESIAN_POINT('',(178.79433982917,0.714285714286));
#2097 = CARTESIAN_POINT('',(178.28185479721,0.714285714286));
#2098 = CARTESIAN_POINT('',(177.96154963229,0.714285714286));
#2099 = CARTESIAN_POINT('',(177.64124446736,0.714285714286));
#2100 = CARTESIAN_POINT('',(177.32093930244,0.714285714286));
#2101 = CARTESIAN_POINT('',(177.00063413751,0.714285714286));
#2102 = CARTESIAN_POINT('',(176.68032897259,0.714285714286));
#2103 = CARTESIAN_POINT('',(176.36002380766,0.714285714286));
#2104 = CARTESIAN_POINT('',(175.68738417491,0.714285714286));
#2105 = CARTESIAN_POINT('',(175.33504511074,0.714285714286));
#2106 = CARTESIAN_POINT('',(174.98271262433,0.714285714286));
#2107 = CARTESIAN_POINT('',(174.63037667062,0.714285714286));
#2108 = CARTESIAN_POINT('',(174.27803915738,0.714285714286));
#2109 = CARTESIAN_POINT('',(173.92570505459,0.714285714286));
#2110 = CARTESIAN_POINT('',(173.57336877903,0.714285714286));
#2111 = CARTESIAN_POINT('',(172.83667399116,0.714285714286));
#2112 = CARTESIAN_POINT('',(172.45229942905,0.714285714286));
#2113 = CARTESIAN_POINT('',(172.06791449875,0.714285714286));
#2114 = CARTESIAN_POINT('',(171.68358944745,0.714285714286));
#2115 = CARTESIAN_POINT('',(171.29919742603,0.714285714286));
#2116 = CARTESIAN_POINT('',(170.91483847276,0.714285714286));
#2117 = CARTESIAN_POINT('',(170.53046579449,0.714285714286));
#2118 = CARTESIAN_POINT('',(169.85783034783,0.714285714286));
#2119 = CARTESIAN_POINT('',(169.56955270628,0.714285714286));
#2120 = CARTESIAN_POINT('',(169.28127778436,0.714285714286));
#2121 = CARTESIAN_POINT('',(168.99300562091,0.714285714286));
#2122 = CARTESIAN_POINT('',(168.70473291173,0.714285714286));
#2123 = CARTESIAN_POINT('',(168.41645672855,0.714285714286));
#2124 = CARTESIAN_POINT('',(168.12817823801,0.714285714286));
#2125 = CARTESIAN_POINT('',(167.64772333827,0.714285714286));
#2126 = CARTESIAN_POINT('',(167.45554014997,0.714285714286));
#2127 = CARTESIAN_POINT('',(167.26335698881,0.714285714286));
#2128 = CARTESIAN_POINT('',(167.07117392185,0.714285714286));
#2129 = CARTESIAN_POINT('',(166.87899095021,0.714285714286));
#2130 = CARTESIAN_POINT('',(166.68680800906,0.714285714286));
#2131 = CARTESIAN_POINT('',(166.49462496758,0.714285714286));
#2132 = CARTESIAN_POINT('',(165.98213650647,0.714285714286));
#2133 = CARTESIAN_POINT('',(165.66183125214,0.714285714286));
#2134 = CARTESIAN_POINT('',(165.34152611249,0.714285714286));
#2135 = CARTESIAN_POINT('',(165.02122100516,0.714285714286));
#2136 = CARTESIAN_POINT('',(164.70091583266,0.714285714286));
#2137 = CARTESIAN_POINT('',(164.38061061746,0.714285714286));
#2138 = CARTESIAN_POINT('',(164.06030545858,0.714285714286));
#2139 = CARTESIAN_POINT('',(163.38766472971,0.714285714286));
#2140 = CARTESIAN_POINT('',(163.0353280814,0.714285714286));
#2141 = CARTESIAN_POINT('',(162.6829937896,0.714285714286));
#2142 = CARTESIAN_POINT('',(162.33065815781,0.714285714286));
#2143 = CARTESIAN_POINT('',(161.97832167087,0.714285714286));
#2144 = CARTESIAN_POINT('',(161.62598619326,0.714285714286));
#2145 = CARTESIAN_POINT('',(161.27365028511,0.714285714286));
#2146 = CARTESIAN_POINT('',(160.7291316334,0.714285714286));
#2147 = CARTESIAN_POINT('',(160.53694858416,0.714285714286));
#2148 = CARTESIAN_POINT('',(160.34476557986,0.714285714286));
#2149 = CARTESIAN_POINT('',(160.1525825385,0.714285714286));
#2150 = CARTESIAN_POINT('',(159.96039942675,0.714285714286));
#2151 = CARTESIAN_POINT('',(159.76821626002,0.714285714286));
#2152 = CARTESIAN_POINT('',(159.57603310239,0.714285714286));
#2153 = CARTESIAN_POINT('',(159.06354754643,0.714285714286));
#2154 = CARTESIAN_POINT('',(158.74323716452,0.714285714286));
#2155 = CARTESIAN_POINT('',(158.42293314563,0.714285714286));
#2156 = CARTESIAN_POINT('',(158.10263092295,0.714285714286));
#2157 = CARTESIAN_POINT('',(157.78232531681,0.714285714286));
#2158 = CARTESIAN_POINT('',(157.46201799144,0.714285714286));
#2159 = CARTESIAN_POINT('',(157.14171418992,0.714285714286));
#2160 = CARTESIAN_POINT('',(156.46907807549,0.714285714286));
#2161 = CARTESIAN_POINT('',(156.11673799926,0.714285714286));
#2162 = CARTESIAN_POINT('',(155.76439090812,0.714285714286));
#2163 = CARTESIAN_POINT('',(155.41206723533,0.714285714286));
#2164 = CARTESIAN_POINT('',(155.0597404972,0.714285714286));
#2165 = CARTESIAN_POINT('',(154.7073907166,0.714285714286));
#2166 = CARTESIAN_POINT('',(154.35505740735,0.714285714286));
#2167 = CARTESIAN_POINT('',(153.74647650037,0.714285714286));
#2168 = CARTESIAN_POINT('',(153.49023119752,0.714285714286));
#2169 = CARTESIAN_POINT('',(153.2339880782,0.714285714286));
#2170 = CARTESIAN_POINT('',(152.97774698792,0.714285714286));
#2171 = CARTESIAN_POINT('',(152.72150692684,0.714285714286));
#2172 = CARTESIAN_POINT('',(152.46526604979,0.714285714286));
#2173 = CARTESIAN_POINT('',(152.20902166626,0.714285714286));
#2174 = CARTESIAN_POINT('',(151.66449554152,0.714285714286));
#2175 = CARTESIAN_POINT('',(151.37622090463,0.714285714286));
#2176 = CARTESIAN_POINT('',(151.08794628909,0.714285714286));
#2177 = CARTESIAN_POINT('',(150.79967166774,0.714285714286));
#2178 = CARTESIAN_POINT('',(150.51139702691,0.714285714286));
#2179 = CARTESIAN_POINT('',(150.22312236641,0.714285714286));
#2180 = CARTESIAN_POINT('',(149.9348476995,0.714285714286));
#2181 = CARTESIAN_POINT('',(149.35831006412,0.714285714286));
#2182 = CARTESIAN_POINT('',(149.07004948058,0.714285714286));
#2183 = CARTESIAN_POINT('',(148.78178182602,0.714285714286));
#2184 = CARTESIAN_POINT('',(148.49350524121,0.714285714286));
#2185 = CARTESIAN_POINT('',(148.20522257063,0.714285714286));
#2186 = CARTESIAN_POINT('',(147.91693844921,0.714285714286));
#2187 = CARTESIAN_POINT('',(147.6286563889,0.714285714286));
#2188 = CARTESIAN_POINT('',(147.11616225001,0.714285714286));
#2189 = CARTESIAN_POINT('',(146.89194863457,0.714285714286));
#2190 = CARTESIAN_POINT('',(146.66773501912,0.714285714286));
#2191 = CARTESIAN_POINT('',(146.44352140367,0.714285714286));
#2192 = CARTESIAN_POINT('',(146.21930778822,0.714285714286));
#2193 = CARTESIAN_POINT('',(145.99509417278,0.714285714286));
#2194 = CARTESIAN_POINT('',(145.77088055733,0.714285714286));
#2195 = CARTESIAN_POINT('',(145.19434543364,0.714285714286));
#2196 = CARTESIAN_POINT('',(144.84201730934,0.714285714286));
#2197 = CARTESIAN_POINT('',(144.4896716349,0.714285714286));
#2198 = CARTESIAN_POINT('',(144.13732814576,0.714285714286));
#2199 = CARTESIAN_POINT('',(143.78498851823,0.714285714286));
#2200 = CARTESIAN_POINT('',(143.43264782031,0.714285714286));
#2201 = CARTESIAN_POINT('',(143.08031377772,0.714285714286));
#2202 = CARTESIAN_POINT('',(142.37565242493,0.714285714286));
#2203 = CARTESIAN_POINT('',(142.02332542316,0.714285714286));
#2204 = CARTESIAN_POINT('',(141.67100169876,0.714285714286));
#2205 = CARTESIAN_POINT('',(141.31867649659,0.714285714286));
#2206 = CARTESIAN_POINT('',(140.96633837257,0.714285714286));
#2207 = CARTESIAN_POINT('',(140.61398796438,0.714285714286));
#2208 = CARTESIAN_POINT('',(140.26164296852,0.714285714286));
#2209 = CARTESIAN_POINT('',(139.42884181248,0.714285714286));
#2210 = CARTESIAN_POINT('',(138.94838889328,0.714285714286));
#2211 = CARTESIAN_POINT('',(138.46793535012,0.714285714286));
#2212 = CARTESIAN_POINT('',(137.98749799301,0.714285714286));
#2213 = CARTESIAN_POINT('',(137.50703960941,0.714285714286));
#2214 = CARTESIAN_POINT('',(137.0266004401,0.714285714286));
#2215 = CARTESIAN_POINT('',(136.54612571509,0.714285714286));
#2216 = CARTESIAN_POINT('',(135.55315612889,0.714285714286));
#2217 = CARTESIAN_POINT('',(135.04065978008,0.714285714286));
#2218 = CARTESIAN_POINT('',(134.52815554497,0.714285714286));
#2219 = CARTESIAN_POINT('',(134.01565171597,0.714285714286));
#2220 = CARTESIAN_POINT('',(133.50315434663,0.714285714286));
#2221 = CARTESIAN_POINT('',(132.99066725163,0.714285714286));
#2222 = CARTESIAN_POINT('',(132.47819200679,0.714285714286));
#2223 = CARTESIAN_POINT('',(131.58136175116,0.714285714286));
#2224 = CARTESIAN_POINT('',(131.19699555325,0.714285714286));
#2225 = CARTESIAN_POINT('',(130.81262935534,0.714285714286));
#2226 = CARTESIAN_POINT('',(130.42826315743,0.714285714286));
#2227 = CARTESIAN_POINT('',(130.04389695952,0.714285714286));
#2228 = CARTESIAN_POINT('',(129.65953076161,0.714285714286));
#2229 = CARTESIAN_POINT('',(129.2751645637,0.714285714286));
#2230 = CARTESIAN_POINT('',(128.50643445959,0.714285714286));
#2231 = CARTESIAN_POINT('',(128.12207262652,0.714285714286));
#2232 = CARTESIAN_POINT('',(127.73771098179,0.714285714286));
#2233 = CARTESIAN_POINT('',(127.35334935033,0.714285714286));
#2234 = CARTESIAN_POINT('',(126.9689850988,0.714285714286));
#2235 = CARTESIAN_POINT('',(126.58461800851,0.714285714286));
#2236 = CARTESIAN_POINT('',(126.20024618069,0.714285714286));
#2237 = CARTESIAN_POINT('',(125.23936402438,0.714285714286));
#2238 = CARTESIAN_POINT('',(124.66284828755,0.714285714286));
#2239 = CARTESIAN_POINT('',(124.08631719255,0.714285714286));
#2240 = CARTESIAN_POINT('',(123.50976916484,0.714285714286));
#2241 = CARTESIAN_POINT('',(122.93320543476,0.714285714286));
#2242 = CARTESIAN_POINT('',(122.3566300376,0.714285714286));
#2243 = CARTESIAN_POINT('',(121.78004981351,0.714285714286));
#2244 = CARTESIAN_POINT('',(120.8511157956,0.714285714286));
#2245 = CARTESIAN_POINT('',(120.49876090864,0.714285714286));
#2246 = CARTESIAN_POINT('',(120.14640530569,0.714285714286));
#2247 = CARTESIAN_POINT('',(119.79406326624,0.714285714286));
#2248 = CARTESIAN_POINT('',(119.44173766045,0.714285714286));
#2249 = CARTESIAN_POINT('',(119.08942007885,0.714285714286));
#2250 = CARTESIAN_POINT('',(118.73710339771,0.714285714286));
#2251 = CARTESIAN_POINT('',(118.09651430782,0.714285714286));
#2252 = CARTESIAN_POINT('',(117.80823965938,0.714285714286));
#2253 = CARTESIAN_POINT('',(117.51996501095,0.714285714286));
#2254 = CARTESIAN_POINT('',(117.23169036252,0.714285714286));
#2255 = CARTESIAN_POINT('',(116.94341571409,0.714285714286));
#2256 = CARTESIAN_POINT('',(116.65514106565,0.714285714286));
#2257 = CARTESIAN_POINT('',(116.36686641722,0.714285714286));
#2258 = CARTESIAN_POINT('',(115.88640832301,0.714285714286));
#2259 = CARTESIAN_POINT('',(115.69422517425,0.714285714286));
#2260 = CARTESIAN_POINT('',(115.50204222378,0.714285714286));
#2261 = CARTESIAN_POINT('',(115.30985937268,0.714285714286));
#2262 = CARTESIAN_POINT('',(115.11767652185,0.714285714286));
#2263 = CARTESIAN_POINT('',(114.92549357199,0.714285714286));
#2264 = CARTESIAN_POINT('',(114.73331042364,0.714285714286));
#2265 = CARTESIAN_POINT('',(114.22082181222,0.714285714286));
#2266 = CARTESIAN_POINT('',(113.9005166473,0.714285714286));
#2267 = CARTESIAN_POINT('',(113.58021148237,0.714285714286));
#2268 = CARTESIAN_POINT('',(113.25990631745,0.714285714286));
#2269 = CARTESIAN_POINT('',(112.93960115252,0.714285714286));
#2270 = CARTESIAN_POINT('',(112.6192959876,0.714285714286));
#2271 = CARTESIAN_POINT('',(112.29899082267,0.714285714286));
#2272 = CARTESIAN_POINT('',(111.62635231394,0.714285714286));
#2273 = CARTESIAN_POINT('',(111.27401671897,0.714285714286));
#2274 = CARTESIAN_POINT('',(110.92167028296,0.714285714286));
#2275 = CARTESIAN_POINT('',(110.56934216192,0.714285714286));
#2276 = CARTESIAN_POINT('',(110.2170155243,0.714285714286));
#2277 = CARTESIAN_POINT('',(109.86467072388,0.714285714286));
#2278 = CARTESIAN_POINT('',(109.51233273501,0.714285714286));
#2279 = CARTESIAN_POINT('',(108.80766042877,0.714285714286));
#2280 = CARTESIAN_POINT('',(108.4553290822,0.714285714286));
#2281 = CARTESIAN_POINT('',(108.10300235316,0.714285714286));
#2282 = CARTESIAN_POINT('',(107.75065509609,0.714285714286));
#2283 = CARTESIAN_POINT('',(107.39831260997,0.714285714286));
#2284 = CARTESIAN_POINT('',(107.04599099193,0.714285714286));
#2285 = CARTESIAN_POINT('',(106.69365154979,0.714285714286));
#2286 = CARTESIAN_POINT('',(105.98898046004,0.714285714286));
#2287 = CARTESIAN_POINT('',(105.63664279409,0.714285714286));
#2288 = CARTESIAN_POINT('',(105.28430506734,0.714285714286));
#2289 = CARTESIAN_POINT('',(104.93195649879,0.714285714286));
#2290 = CARTESIAN_POINT('',(104.57960555009,0.714285714286));
#2291 = CARTESIAN_POINT('',(104.22726932312,0.714285714286));
#2292 = CARTESIAN_POINT('',(103.87494999997,0.714285714286));
#2293 = CARTESIAN_POINT('',(103.26638517179,0.714285714286));
#2294 = CARTESIAN_POINT('',(103.01014103985,0.714285714286));
#2295 = CARTESIAN_POINT('',(102.75389690791,0.714285714286));
#2296 = CARTESIAN_POINT('',(102.49765277597,0.714285714286));
#2297 = CARTESIAN_POINT('',(102.24140864403,0.714285714286));
#2298 = CARTESIAN_POINT('',(101.98516451209,0.714285714286));
#2299 = CARTESIAN_POINT('',(101.72892038015,0.714285714286));
#2300 = CARTESIAN_POINT('',(101.08831254037,0.714285714286));
#2301 = CARTESIAN_POINT('',(100.70393739783,0.714285714286));
#2302 = CARTESIAN_POINT('',(100.31958453572,0.714285714286));
#2303 = CARTESIAN_POINT('',(99.935206844381,0.714285714286));
#2304 = CARTESIAN_POINT('',(99.550848175617,0.714285714286));
#2305 = CARTESIAN_POINT('',(99.166478388416,0.714285714286));
#2306 = CARTESIAN_POINT('',(98.782112243035,0.714285714286));
#2307 = CARTESIAN_POINT('',(98.013381049373,0.714285714286));
#2308 = CARTESIAN_POINT('',(97.629012713256,0.714285714286));
#2309 = CARTESIAN_POINT('',(97.24465075044,0.714285714286));
#2310 = CARTESIAN_POINT('',(96.860279078141,0.714285714286));
#2311 = CARTESIAN_POINT('',(96.475917334302,0.714285714286));
#2312 = CARTESIAN_POINT('',(96.091548568472,0.714285714286));
#2313 = CARTESIAN_POINT('',(95.707183797834,0.714285714286));
#2314 = CARTESIAN_POINT('',(94.938449329435,0.714285714286));
#2315 = CARTESIAN_POINT('',(94.554083575228,0.714285714286));
#2316 = CARTESIAN_POINT('',(94.169718667788,0.714285714286));
#2317 = CARTESIAN_POINT('',(93.785357890509,0.714285714286));
#2318 = CARTESIAN_POINT('',(93.400992265712,0.714285714286));
#2319 = CARTESIAN_POINT('',(93.016633583562,0.714285714286));
#2320 = CARTESIAN_POINT('',(92.632260826813,0.714285714286));
#2321 = CARTESIAN_POINT('',(91.959612849095,0.714285714286));
#2322 = CARTESIAN_POINT('',(91.671338183776,0.714285714286));
#2323 = CARTESIAN_POINT('',(91.383063544258,0.714285714286));
#2324 = CARTESIAN_POINT('',(91.094788920442,0.714285714286));
#2325 = CARTESIAN_POINT('',(90.806514281512,0.714285714286));
#2326 = CARTESIAN_POINT('',(90.518239607164,0.714285714286));
#2327 = CARTESIAN_POINT('',(90.229964918834,0.714285714286));
#2328 = CARTESIAN_POINT('',(89.717476401981,0.714285714286));
#2329 = CARTESIAN_POINT('',(89.493262858621,0.714285714286));
#2330 = CARTESIAN_POINT('',(89.269049437427,0.714285714286));
#2331 = CARTESIAN_POINT('',(89.044835977028,0.714285714286));
#2332 = CARTESIAN_POINT('',(88.820622398092,0.714285714286));
#2333 = CARTESIAN_POINT('',(88.596408703327,0.714285714286));
#2334 = CARTESIAN_POINT('',(88.37219497748,0.714285714286));
#2335 = CARTESIAN_POINT('',(87.827685734464,0.714285714286));
#2336 = CARTESIAN_POINT('',(87.507389944512,0.714285714286));
#2337 = CARTESIAN_POINT('',(87.187101008444,0.714285714286));
#2338 = CARTESIAN_POINT('',(86.866802869753,0.714285714286));
#2339 = CARTESIAN_POINT('',(86.546487456073,0.714285714286));
#2340 = CARTESIAN_POINT('',(86.22616470367,0.714285714286));
#2341 = CARTESIAN_POINT('',(85.905851574799,0.714285714286));
#2342 = CARTESIAN_POINT('',(85.233209276398,0.714285714286));
#2343 = CARTESIAN_POINT('',(84.880869586651,0.714285714286));
#2344 = CARTESIAN_POINT('',(84.52852127354,0.714285714286));
#2345 = CARTESIAN_POINT('',(84.176198713549,0.714285714286));
#2346 = CARTESIAN_POINT('',(83.823873201294,0.714285714286));
#2347 = CARTESIAN_POINT('',(83.471521926029,0.714285714286));
#2348 = CARTESIAN_POINT('',(83.119187773273,0.714285714286));
#2349 = CARTESIAN_POINT('',(82.510610484659,0.714285714286));
#2350 = CARTESIAN_POINT('',(82.254366352719,0.714285714286));
#2351 = CARTESIAN_POINT('',(81.998122220779,0.714285714286));
#2352 = CARTESIAN_POINT('',(81.741878088839,0.714285714286));
#2353 = CARTESIAN_POINT('',(81.485633956899,0.714285714286));
#2354 = CARTESIAN_POINT('',(81.229389824959,0.714285714286));
#2355 = CARTESIAN_POINT('',(80.973145693019,0.714285714286));
#2356 = CARTESIAN_POINT('',(80.300523019344,0.714285714286));
#2357 = CARTESIAN_POINT('',(79.884135813771,0.714285714286));
#2358 = CARTESIAN_POINT('',(79.467708069691,0.714285714286));
#2359 = CARTESIAN_POINT('',(79.051314134487,0.714285714286));
#2360 = CARTESIAN_POINT('',(78.634899438704,0.714285714286));
#2361 = CARTESIAN_POINT('',(78.218508418929,0.714285714286));
#2362 = CARTESIAN_POINT('',(77.802118356676,0.714285714286));
#2363 = CARTESIAN_POINT('',(77.193549982272,0.714285714286));
#2364 = CARTESIAN_POINT('',(77.001372496305,0.714285714286));
#2365 = CARTESIAN_POINT('',(76.809193698975,0.714285714286));
#2366 = CARTESIAN_POINT('',(76.61701250311,0.714285714286));
#2367 = CARTESIAN_POINT('',(76.424828423349,0.714285714286));
#2368 = CARTESIAN_POINT('',(76.232641576139,0.714285714286));
#2369 = CARTESIAN_POINT('',(76.04045267974,0.714285714286));
#2370 = CARTESIAN_POINT('',(75.624049438773,0.714285714286));
#2371 = CARTESIAN_POINT('',(75.399835823325,0.714285714286));
#2372 = CARTESIAN_POINT('',(75.175622207878,0.714285714286));
#2373 = CARTESIAN_POINT('',(74.95140859243,0.714285714286));
#2374 = CARTESIAN_POINT('',(74.727194976983,0.714285714286));
#2375 = CARTESIAN_POINT('',(74.502981361536,0.714285714286));
#2376 = CARTESIAN_POINT('',(74.278767746088,0.714285714286));
#2377 = CARTESIAN_POINT('',(73.862371031686,0.714285714286));
#2378 = CARTESIAN_POINT('',(73.670187932731,0.714285714286));
#2379 = CARTESIAN_POINT('',(73.478004833776,0.714285714286));
#2380 = CARTESIAN_POINT('',(73.285821734821,0.714285714286));
#2381 = CARTESIAN_POINT('',(73.093638635866,0.714285714286));
#2382 = CARTESIAN_POINT('',(72.901455536911,0.714285714286));
#2383 = CARTESIAN_POINT('',(72.709272437956,0.714285714286));
#2384 = CARTESIAN_POINT('',(72.196781756047,0.714285714286));
#2385 = CARTESIAN_POINT('',(71.876481294532,0.714285714286));
#2386 = CARTESIAN_POINT('',(71.55617553627,0.714285714286));
#2387 = CARTESIAN_POINT('',(71.235867433458,0.714285714286));
#2388 = CARTESIAN_POINT('',(70.915561769282,0.714285714286));
#2389 = CARTESIAN_POINT('',(70.59525867715,0.714285714286));
#2390 = CARTESIAN_POINT('',(70.274954218561,0.714285714286));
#2391 = CARTESIAN_POINT('',(69.634342854676,0.714285714286));
#2392 = CARTESIAN_POINT('',(69.314037689751,0.714285714286));
#2393 = CARTESIAN_POINT('',(68.993732524827,0.714285714286));
#2394 = CARTESIAN_POINT('',(68.673427359902,0.714285714286));
#2395 = CARTESIAN_POINT('',(68.353122194977,0.714285714286));
#2396 = CARTESIAN_POINT('',(68.032817030052,0.714285714286));
#2397 = CARTESIAN_POINT('',(67.712511865127,0.714285714286));
#2398 = CARTESIAN_POINT('',(67.039871018784,0.714285714286));
#2399 = CARTESIAN_POINT('',(66.687535337367,0.714285714286));
#2400 = CARTESIAN_POINT('',(66.33519965595,0.714285714286));
#2401 = CARTESIAN_POINT('',(65.982863974532,0.714285714286));
#2402 = CARTESIAN_POINT('',(65.630528293115,0.714285714286));
#2403 = CARTESIAN_POINT('',(65.278192611697,0.714285714286));
#2404 = CARTESIAN_POINT('',(64.92585693028,0.714285714286));
#2405 = CARTESIAN_POINT('',(64.221189872,0.714285714286));
#2406 = CARTESIAN_POINT('',(63.868859891375,0.714285714286));
#2407 = CARTESIAN_POINT('',(63.516530022464,0.714285714286));
#2408 = CARTESIAN_POINT('',(63.164198923272,0.714285714286));
#2409 = CARTESIAN_POINT('',(62.811865175724,0.714285714286));
#2410 = CARTESIAN_POINT('',(62.459527474931,0.714285714286));
#2411 = CARTESIAN_POINT('',(62.107184732182,0.714285714286));
#2412 = CARTESIAN_POINT('',(61.178341182445,0.714285714286));
#2413 = CARTESIAN_POINT('',(60.601832277055,0.714285714286));
#2414 = CARTESIAN_POINT('',(60.025303258161,0.714285714286));
#2415 = CARTESIAN_POINT('',(59.44875242752,0.714285714286));
#2416 = CARTESIAN_POINT('',(58.872182212314,0.714285714286));
#2417 = CARTESIAN_POINT('',(58.295599165632,0.714285714286));
#2418 = CARTESIAN_POINT('',(57.719013966949,0.714285714286));
#2419 = CARTESIAN_POINT('',(56.790107722306,0.714285714286));
#2420 = CARTESIAN_POINT('',(56.437771896245,0.714285714286));
#2421 = CARTESIAN_POINT('',(56.085427531687,0.714285714286));
#2422 = CARTESIAN_POINT('',(55.733098207938,0.714285714286));
#2423 = CARTESIAN_POINT('',(55.380769856009,0.714285714286));
#2424 = CARTESIAN_POINT('',(55.028426532297,0.714285714286));
#2425 = CARTESIAN_POINT('',(54.676089057406,0.714285714286));
#2426 = CARTESIAN_POINT('',(54.035481322832,0.714285714286));
#2427 = CARTESIAN_POINT('',(53.7472066744,0.714285714286));
#2428 = CARTESIAN_POINT('',(53.458932025967,0.714285714286));
#2429 = CARTESIAN_POINT('',(53.170657377535,0.714285714286));
#2430 = CARTESIAN_POINT('',(52.882382729102,0.714285714286));
#2431 = CARTESIAN_POINT('',(52.59410808067,0.714285714286));
#2432 = CARTESIAN_POINT('',(52.305833432238,0.714285714286));
#2433 = CARTESIAN_POINT('',(51.825368825118,0.714285714286));
#2434 = CARTESIAN_POINT('',(51.633180988327,0.714285714286));
#2435 = CARTESIAN_POINT('',(51.440995629719,0.714285714286));
#2436 = CARTESIAN_POINT('',(51.248812755761,0.714285714286));
#2437 = CARTESIAN_POINT('',(51.056632023102,0.714285714286));
#2438 = CARTESIAN_POINT('',(50.864452738576,0.714285714286));
#2439 = CARTESIAN_POINT('',(50.672273859198,0.714285714286));
#2440 = CARTESIAN_POINT('',(50.159788827241,0.714285714286));
#2441 = CARTESIAN_POINT('',(49.839483662316,0.714285714286));
#2442 = CARTESIAN_POINT('',(49.519178497391,0.714285714286));
#2443 = CARTESIAN_POINT('',(49.198873332466,0.714285714286));
#2444 = CARTESIAN_POINT('',(48.878568167541,0.714285714286));
#2445 = CARTESIAN_POINT('',(48.558263002616,0.714285714286));
#2446 = CARTESIAN_POINT('',(48.237957837691,0.714285714286));
#2447 = CARTESIAN_POINT('',(47.565318204946,0.714285714286));
#2448 = CARTESIAN_POINT('',(47.212979140762,0.714285714286));
#2449 = CARTESIAN_POINT('',(46.860646654363,0.714285714286));
#2450 = CARTESIAN_POINT('',(46.508310700651,0.714285714286));
#2451 = CARTESIAN_POINT('',(46.155973187397,0.714285714286));
#2452 = CARTESIAN_POINT('',(45.803639084625,0.714285714286));
#2453 = CARTESIAN_POINT('',(45.451302809061,0.714285714286));
#2454 = CARTESIAN_POINT('',(44.714608021181,0.714285714286));
#2455 = CARTESIAN_POINT('',(44.330233459133,0.714285714286));
#2456 = CARTESIAN_POINT('',(43.945848528677,0.714285714286));
#2457 = CARTESIAN_POINT('',(43.561523477605,0.714285714286));
#2458 = CARTESIAN_POINT('',(43.177131455963,0.714285714286));
#2459 = CARTESIAN_POINT('',(42.792772502835,0.714285714286));
#2460 = CARTESIAN_POINT('',(42.408399824512,0.714285714286));
#2461 = CARTESIAN_POINT('',(41.735764377859,0.714285714286));
#2462 = CARTESIAN_POINT('',(41.447486736313,0.714285714286));
#2463 = CARTESIAN_POINT('',(41.159211814391,0.714285714286));
#2464 = CARTESIAN_POINT('',(40.870939650941,0.714285714286));
#2465 = CARTESIAN_POINT('',(40.58266694176,0.714285714286));
#2466 = CARTESIAN_POINT('',(40.294390758577,0.714285714286));
#2467 = CARTESIAN_POINT('',(40.006112268039,0.714285714286));
#2468 = CARTESIAN_POINT('',(39.525657368297,0.714285714286));
#2469 = CARTESIAN_POINT('',(39.333474180004,0.714285714286));
#2470 = CARTESIAN_POINT('',(39.141291018841,0.714285714286));
#2471 = CARTESIAN_POINT('',(38.949107951882,0.714285714286));
#2472 = CARTESIAN_POINT('',(38.756924980245,0.714285714286));
#2473 = CARTESIAN_POINT('',(38.564742039086,0.714285714286));
#2474 = CARTESIAN_POINT('',(38.372558997606,0.714285714286));
#2475 = CARTESIAN_POINT('',(37.860070536496,0.714285714286));
#2476 = CARTESIAN_POINT('',(37.539765282172,0.714285714286));
#2477 = CARTESIAN_POINT('',(37.219460142516,0.714285714286));
#2478 = CARTESIAN_POINT('',(36.899155035185,0.714285714286));
#2479 = CARTESIAN_POINT('',(36.578849862687,0.714285714286));
#2480 = CARTESIAN_POINT('',(36.258544647491,0.714285714286));
#2481 = CARTESIAN_POINT('',(35.938239488611,0.714285714286));
#2482 = CARTESIAN_POINT('',(35.265598759762,0.714285714286));
#2483 = CARTESIAN_POINT('',(34.913262111373,0.714285714286));
#2484 = CARTESIAN_POINT('',(34.560927819662,0.714285714286));
#2485 = CARTESIAN_POINT('',(34.20859218787,0.714285714286));
#2486 = CARTESIAN_POINT('',(33.856255700882,0.714285714286));
#2487 = CARTESIAN_POINT('',(33.503920223298,0.714285714286));
#2488 = CARTESIAN_POINT('',(33.151584315128,0.714285714286));
#2489 = CARTESIAN_POINT('',(32.607065663394,0.714285714286));
#2490 = CARTESIAN_POINT('',(32.414882614158,0.714285714286));
#2491 = CARTESIAN_POINT('',(32.222699609878,0.714285714286));
#2492 = CARTESIAN_POINT('',(32.030516568533,0.714285714286));
#2493 = CARTESIAN_POINT('',(31.838333456804,0.714285714286));
#2494 = CARTESIAN_POINT('',(31.646150290075,0.714285714286));
#2495 = CARTESIAN_POINT('',(31.453967132434,0.714285714286));
#2496 = CARTESIAN_POINT('',(30.941481575248,0.714285714286));
#2497 = CARTESIAN_POINT('',(30.621171196558,0.714285714286));
#2498 = CARTESIAN_POINT('',(30.300867176075,0.714285714286));
#2499 = CARTESIAN_POINT('',(29.980564951294,0.714285714286));
#2500 = CARTESIAN_POINT('',(29.660259346217,0.714285714286));
#2501 = CARTESIAN_POINT('',(29.339952022842,0.714285714286));
#2502 = CARTESIAN_POINT('',(29.019648219678,0.714285714286));
#2503 = CARTESIAN_POINT('',(28.347012112881,0.714285714286));
#2504 = CARTESIAN_POINT('',(27.994672028876,0.714285714286));
#2505 = CARTESIAN_POINT('',(27.64232491826,0.714285714286));
#2506 = CARTESIAN_POINT('',(27.290001271271,0.714285714286));
#2507 = CARTESIAN_POINT('',(26.937674548653,0.714285714286));
#2508 = CARTESIAN_POINT('',(26.585324736142,0.714285714286));
#2509 = CARTESIAN_POINT('',(26.232991432809,0.714285714286));
#2510 = CARTESIAN_POINT('',(25.624410395726,0.714285714286));
#2511 = CARTESIAN_POINT('',(25.368164969714,0.714285714286));
#2512 = CARTESIAN_POINT('',(25.111921752751,0.714285714286));
#2513 = CARTESIAN_POINT('',(24.855680603932,0.714285714286));
#2514 = CARTESIAN_POINT('',(24.599440536594,0.714285714286));
#2515 = CARTESIAN_POINT('',(24.34319971831,0.714285714286));
#2516 = CARTESIAN_POINT('',(24.086955470898,0.714285714286));
#2517 = CARTESIAN_POINT('',(23.542429571895,0.714285714286));
#2518 = CARTESIAN_POINT('',(23.254154934951,0.714285714286));
#2519 = CARTESIAN_POINT('',(22.965880319199,0.714285714286));
#2520 = CARTESIAN_POINT('',(22.677605697657,0.714285714286));
#2521 = CARTESIAN_POINT('',(22.389331056743,0.714285714286));
#2522 = CARTESIAN_POINT('',(22.101056396275,0.714285714286));
#2523 = CARTESIAN_POINT('',(21.812781729472,0.714285714286));
#2524 = CARTESIAN_POINT('',(21.236245092886,0.714285714286));
#2525 = CARTESIAN_POINT('',(20.947985298107,0.714285714286));
#2526 = CARTESIAN_POINT('',(20.65971792981,0.714285714286));
#2527 = CARTESIAN_POINT('',(20.371441112955,0.714285714286));
#2528 = CARTESIAN_POINT('',(20.083157861886,0.714285714286));
#2529 = CARTESIAN_POINT('',(19.794873075946,0.714285714286));
#2530 = CARTESIAN_POINT('',(19.506590535087,0.714285714286));
#2531 = CARTESIAN_POINT('',(18.994096280045,0.714285714286));
#2532 = CARTESIAN_POINT('',(18.769882664597,0.714285714286));
#2533 = CARTESIAN_POINT('',(18.54566904915,0.714285714286));
#2534 = CARTESIAN_POINT('',(18.321455433702,0.714285714286));
#2535 = CARTESIAN_POINT('',(18.097241818255,0.714285714286));
#2536 = CARTESIAN_POINT('',(17.873028202807,0.714285714286));
#2537 = CARTESIAN_POINT('',(17.64881458736,0.714285714286));
#2538 = CARTESIAN_POINT('',(17.072277290589,0.714285714286));
#2539 = CARTESIAN_POINT('',(16.719949248636,0.714285714286));
#2540 = CARTESIAN_POINT('',(16.36760692742,0.714285714286));
#2541 = CARTESIAN_POINT('',(16.015267006696,0.714285714286));
#2542 = CARTESIAN_POINT('',(15.662930111567,0.714285714286));
#2543 = CARTESIAN_POINT('',(15.310590835224,0.714285714286));
#2544 = CARTESIAN_POINT('',(14.958254600163,0.714285714286));
#2545 = CARTESIAN_POINT('',(14.253608880539,0.714285714286));
#2546 = CARTESIAN_POINT('',(13.901299296707,0.714285714286));
#2547 = CARTESIAN_POINT('',(13.548988073278,0.714285714286));
#2548 = CARTESIAN_POINT('',(13.196668063166,0.714285714286));
#2549 = CARTESIAN_POINT('',(12.844322496731,0.714285714286));
#2550 = CARTESIAN_POINT('',(12.491954059737,0.714285714286));
#2551 = CARTESIAN_POINT('',(12.139592628376,0.714285714286));
#2552 = CARTESIAN_POINT('',(11.306692436713,0.714285714286));
#2553 = CARTESIAN_POINT('',(10.826158923901,0.714285714286));
#2554 = CARTESIAN_POINT('',(10.345641228594,0.714285714286));
#2555 = CARTESIAN_POINT('',(9.865153311221,0.714285714286));
#2556 = CARTESIAN_POINT('',(9.384699137646,0.714285714286));
#2557 = CARTESIAN_POINT('',(8.904281502752,0.714285714286));
#2558 = CARTESIAN_POINT('',(8.423907736001,0.714285714286));
#2559 = CARTESIAN_POINT('',(7.463073395167,0.714285714286));
#2560 = CARTESIAN_POINT('',(6.982613356462,0.714285714286));
#2561 = CARTESIAN_POINT('',(6.502178288991,0.714285714286));
#2562 = CARTESIAN_POINT('',(6.021756615823,0.714285714286));
#2563 = CARTESIAN_POINT('',(5.541334868126,0.714285714286));
#2564 = CARTESIAN_POINT('',(5.060897685168,0.714285714286));
#2565 = CARTESIAN_POINT('',(4.580427814316,0.714285714286));
#2566 = CARTESIAN_POINT('',(3.587789179826,0.714285714286));
#2567 = CARTESIAN_POINT('',(3.075614610935,0.714285714286));
#2568 = CARTESIAN_POINT('',(2.563359095593,0.714285714286));
#2569 = CARTESIAN_POINT('',(2.050998611888,0.714285714286));
#2570 = CARTESIAN_POINT('',(1.538508396276,0.714285714286));
#2571 = CARTESIAN_POINT('',(1.025862915103,0.714285714286));
#2572 = CARTESIAN_POINT('',(0.51303583612,0.714285714286));
#2573 = CARTESIAN_POINT('',(0.,0.714285714286));
#2574 = ( GEOMETRIC_REPRESENTATION_CONTEXT(2) 
PARAMETRIC_REPRESENTATION_CONTEXT() REPRESENTATION_CONTEXT('2D SPACE',''
  ) );
#2575 = PCURVE('',#2576,#2581);
#2576 = PLANE('',#2577);
#2577 = AXIS2_PLACEMENT_3D('',#2578,#2579,#2580);
#2578 = CARTESIAN_POINT('',(-245.,-200.,-200.));
#2579 = DIRECTION('',(1.,0.,0.));
#2580 = DIRECTION('',(0.,0.,1.));
#2581 = DEFINITIONAL_REPRESENTATION('',(#2582),#3278);
#2582 = B_SPLINE_CURVE_WITH_KNOTS('',8,(#2583,#2584,#2585,#2586,#2587,
    #2588,#2589,#2590,#2591,#2592,#2593,#2594,#2595,#2596,#2597,#2598,
    #2599,#2600,#2601,#2602,#2603,#2604,#2605,#2606,#2607,#2608,#2609,
    #2610,#2611,#2612,#2613,#2614,#2615,#2616,#2617,#2618,#2619,#2620,
    #2621,#2622,#2623,#2624,#2625,#2626,#2627,#2628,#2629,#2630,#2631,
    #2632,#2633,#2634,#2635,#2636,#2637,#2638,#2639,#2640,#2641,#2642,
    #2643,#2644,#2645,#2646,#2647,#2648,#2649,#2650,#2651,#2652,#2653,
    #2654,#2655,#2656,#2657,#2658,#2659,#2660,#2661,#2662,#2663,#2664,
    #2665,#2666,#2667,#2668,#2669,#2670,#2671,#2672,#2673,#2674,#2675,
    #2676,#2677,#2678,#2679,#2680,#2681,#2682,#2683,#2684,#2685,#2686,
    #2687,#2688,#2689,#2690,#2691,#2692,#2693,#2694,#2695,#2696,#2697,
    #2698,#2699,#2700,#2701,#2702,#2703,#2704,#2705,#2706,#2707,#2708,
    #2709,#2710,#2711,#2712,#2713,#2714,#2715,#2716,#2717,#2718,#2719,
    #2720,#2721,#2722,#2723,#2724,#2725,#2726,#2727,#2728,#2729,#2730,
    #2731,#2732,#2733,#2734,#2735,#2736,#2737,#2738,#2739,#2740,#2741,
    #2742,#2743,#2744,#2745,#2746,#2747,#2748,#2749,#2750,#2751,#2752,
    #2753,#2754,#2755,#2756,#2757,#2758,#2759,#2760,#2761,#2762,#2763,
    #2764,#2765,#2766,#2767,#2768,#2769,#2770,#2771,#2772,#2773,#2774,
    #2775,#2776,#2777,#2778,#2779,#2780,#2781,#2782,#2783,#2784,#2785,
    #2786,#2787,#2788,#2789,#2790,#2791,#2792,#2793,#2794,#2795,#2796,
    #2797,#2798,#2799,#2800,#2801,#2802,#2803,#2804,#2805,#2806,#2807,
    #2808,#2809,#2810,#2811,#2812,#2813,#2814,#2815,#2816,#2817,#2818,
    #2819,#2820,#2821,#2822,#2823,#2824,#2825,#2826,#2827,#2828,#2829,
    #2830,#2831,#2832,#2833,#2834,#2835,#2836,#2837,#2838,#2839,#2840,
    #2841,#2842,#2843,#2844,#2845,#2846,#2847,#2848,#2849,#2850,#2851,
    #2852,#2853,#2854,#2855,#2856,#2857,#2858,#2859,#2860,#2861,#2862,
    #2863,#2864,#2865,#2866,#2867,#2868,#2869,#2870,#2871,#2872,#2873,
    #2874,#2875,#2876,#2877,#2878,#2879,#2880,#2881,#2882,#2883,#2884,
    #2885,#2886,#2887,#2888,#2889,#2890,#2891,#2892,#2893,#2894,#2895,
    #2896,#2897,#2898,#2899,#2900,#2901,#2902,#2903,#2904,#2905,#2906,
    #2907,#2908,#2909,#2910,#2911,#2912,#2913,#2914,#2915,#2916,#2917,
    #2918,#2919,#2920,#2921,#2922,#2923,#2924,#2925,#2926,#2927,#2928,
    #2929,#2930,#2931,#2932,#2933,#2934,#2935,#2936,#2937,#2938,#2939,
    #2940,#2941,#2942,#2943,#2944,#2945,#2946,#2947,#2948,#2949,#2950,
    #2951,#2952,#2953,#2954,#2955,#2956,#2957,#2958,#2959,#2960,#2961,
    #2962,#2963,#2964,#2965,#2966,#2967,#2968,#2969,#2970,#2971,#2972,
    #2973,#2974,#2975,#2976,#2977,#2978,#2979,#2980,#2981,#2982,#2983,
    #2984,#2985,#2986,#2987,#2988,#2989,#2990,#2991,#2992,#2993,#2994,
    #2995,#2996,#2997,#2998,#2999,#3000,#3001,#3002,#3003,#3004,#3005,
    #3006,#3007,#3008,#3009,#3010,#3011,#3012,#3013,#3014,#3015,#3016,
    #3017,#3018,#3019,#3020,#3021,#3022,#3023,#3024,#3025,#3026,#3027,
    #3028,#3029,#3030,#3031,#3032,#3033,#3034,#3035,#3036,#3037,#3038,
    #3039,#3040,#3041,#3042,#3043,#3044,#3045,#3046,#3047,#3048,#3049,
    #3050,#3051,#3052,#3053,#3054,#3055,#3056,#3057,#3058,#3059,#3060,
    #3061,#3062,#3063,#3064,#3065,#3066,#3067,#3068,#3069,#3070,#3071,
    #3072,#3073,#3074,#3075,#3076,#3077,#3078,#3079,#3080,#3081,#3082,
    #3083,#3084,#3085,#3086,#3087,#3088,#3089,#3090,#3091,#3092,#3093,
    #3094,#3095,#3096,#3097,#3098,#3099,#3100,#3101,#3102,#3103,#3104,
    #3105,#3106,#3107,#3108,#3109,#3110,#3111,#3112,#3113,#3114,#3115,
    #3116,#3117,#3118,#3119,#3120,#3121,#3122,#3123,#3124,#3125,#3126,
    #3127,#3128,#3129,#3130,#3131,#3132,#3133,#3134,#3135,#3136,#3137,
    #3138,#3139,#3140,#3141,#3142,#3143,#3144,#3145,#3146,#3147,#3148,
    #3149,#3150,#3151,#3152,#3153,#3154,#3155,#3156,#3157,#3158,#3159,
    #3160,#3161,#3162,#3163,#3164,#3165,#3166,#3167,#3168,#3169,#3170,
    #3171,#3172,#3173,#3174,#3175,#3176,#3177,#3178,#3179,#3180,#3181,
    #3182,#3183,#3184,#3185,#3186,#3187,#3188,#3189,#3190,#3191,#3192,
    #3193,#3194,#3195,#3196,#3197,#3198,#3199,#3200,#3201,#3202,#3203,
    #3204,#3205,#3206,#3207,#3208,#3209,#3210,#3211,#3212,#3213,#3214,
    #3215,#3216,#3217,#3218,#3219,#3220,#3221,#3222,#3223,#3224,#3225,
    #3226,#3227,#3228,#3229,#3230,#3231,#3232,#3233,#3234,#3235,#3236,
    #3237,#3238,#3239,#3240,#3241,#3242,#3243,#3244,#3245,#3246,#3247,
    #3248,#3249,#3250,#3251,#3252,#3253,#3254,#3255,#3256,#3257,#3258,
    #3259,#3260,#3261,#3262,#3263,#3264,#3265,#3266,#3267,#3268,#3269,
    #3270,#3271,#3272,#3273,#3274,#3275,#3276,#3277),.UNSPECIFIED.,.T.,
  .F.,(9,7,7,7,7,7,7,7,7,7,7,7,7,7,7,7,7,7,7,7,7,7,7,7,7,7,7,7,7,7,7,7,7
    ,7,7,7,7,7,7,7,7,7,7,7,7,7,7,7,7,7,7,7,7,7,7,7,7,7,7,7,7,7,7,7,7,7,7
    ,7,7,7,7,7,7,7,7,7,7,7,7,7,7,7,7,7,7,7,7,7,7,7,7,7,7,7,7,7,7,7,7,9),
  (0.,1.89986910584E-02,2.900522777479E-02,3.901003590834E-02,
    4.601214296886E-02,5.201411339768E-02,6.40188462077E-02,
    7.302234941947E-02,7.902471252893E-02,8.902855145242E-02,
    0.100033183518,0.107036248552,0.117040977333,0.128046256918,
    0.140052036855,0.149056204806,0.156059456698,0.166063806279,
    0.177068220201,0.185071487676,0.198076229737,0.204078344293,
    0.211080573478,0.217082484208,0.227085744273,0.237088972045,
    0.248092522594,0.259095938711,0.277099143815,0.28810059703,
    0.297101852326,0.303102903383,0.313104823345,0.324106897407,
    0.336108944705,0.34511053078,0.351111646582,0.361113492459,
    0.372115520301,0.378116634666,0.388118412645,0.399120202451,
    0.407121622953,0.416122966372,0.425123945777,0.432124564865,
    0.443125095189,0.454125524929,0.469125522161,0.485124067547,
    0.497123543352,0.509122947613,0.527120139133,0.538118640558,
    0.547117956959,0.553117512054,0.563116752463,0.574115843938,
    0.585115161713,0.596114401452,0.604114188773,0.616113792017,
    0.628113396431,0.640113033189,0.64911259383,0.656112262252,
    0.666111492744,0.677110275861,0.685109448175,0.69810753589,
    0.704106579247,0.711105225488,0.717104065123,0.727102206659,
    0.737100315918,0.748098236103,0.759096021924,0.777090015037,
    0.78808583896,0.797082488439,0.803080468841,0.813077270959,
    0.824073715412,0.836069621429,0.845066601517,0.851064646631,
    0.861061374703,0.87205777296,0.878055816639,0.888052476887,
    0.899048637052,0.907045967517,0.916042717675,0.925039072838,
    0.932036092547,0.943031034747,0.954024964652,0.969018036168,
    0.984015947305,1.),.UNSPECIFIED.);
#2583 = CARTESIAN_POINT('',(178.85714285714,-234.7142857142));
#2584 = CARTESIAN_POINT('',(178.28856831467,-234.7149848672));
#2585 = CARTESIAN_POINT('',(177.71968014859,-234.715482432));
#2586 = CARTESIAN_POINT('',(177.15052421902,-234.715396171));
#2587 = CARTESIAN_POINT('',(176.58114777836,-234.7143452268));
#2588 = CARTESIAN_POINT('',(176.01159954303,-234.7119496199));
#2589 = CARTESIAN_POINT('',(175.44192976519,-234.7078297465));
#2590 = CARTESIAN_POINT('',(174.87219030445,-234.7016058762));
#2591 = CARTESIAN_POINT('',(174.00234663767,-234.6883110611));
#2592 = CARTESIAN_POINT('',(173.7022415204,-234.6830351018));
#2593 = CARTESIAN_POINT('',(173.40213212151,-234.6770141793));
#2594 = CARTESIAN_POINT('',(173.1020312147,-234.6701927005));
#2595 = CARTESIAN_POINT('',(172.80195157368,-234.6625150724));
#2596 = CARTESIAN_POINT('',(172.50190597215,-234.6539257023));
#2597 = CARTESIAN_POINT('',(172.20190718382,-234.6443689971));
#2598 = CARTESIAN_POINT('',(171.60208059408,-234.6232115584));
#2599 = CARTESIAN_POINT('',(171.30224146703,-234.6116086059));
#2600 = CARTESIAN_POINT('',(171.00246147455,-234.5989320474));
#2601 = CARTESIAN_POINT('',(170.70275012051,-234.5851231672));
#2602 = CARTESIAN_POINT('',(170.40311589903,-234.5701157944));
#2603 = CARTESIAN_POINT('',(170.10356695402,-234.5538399722));
#2604 = CARTESIAN_POINT('',(169.80411203853,-234.536226493));
#2605 = CARTESIAN_POINT('',(169.29525424792,-234.5039047595));
#2606 = CARTESIAN_POINT('',(169.08580458953,-234.48991102));
#2607 = CARTESIAN_POINT('',(168.87641563625,-234.4752082737));
#2608 = CARTESIAN_POINT('',(168.66709022553,-234.4597737113));
#2609 = CARTESIAN_POINT('',(168.45783119482,-234.4435845234));
#2610 = CARTESIAN_POINT('',(168.24864138156,-234.4266179008));
#2611 = CARTESIAN_POINT('',(168.03952362319,-234.408851034));
#2612 = CARTESIAN_POINT('',(167.65129625035,-234.3743264601));
#2613 = CARTESIAN_POINT('',(167.47216650832,-234.3577869469));
#2614 = CARTESIAN_POINT('',(167.29309373202,-234.3406283983));
#2615 = CARTESIAN_POINT('',(167.11408046952,-234.3228366033));
#2616 = CARTESIAN_POINT('',(166.935129616,-234.304397316));
#2617 = CARTESIAN_POINT('',(166.75624441373,-234.2852962552));
#2618 = CARTESIAN_POINT('',(166.57742845207,-234.2655191047));
#2619 = CARTESIAN_POINT('',(166.04117651353,-234.2041136296));
#2620 = CARTESIAN_POINT('',(165.68394796582,-234.1604104291));
#2621 = CARTESIAN_POINT('',(165.32705515794,-234.1138227369));
#2622 = CARTESIAN_POINT('',(164.97055322343,-234.0642313782));
#2623 = CARTESIAN_POINT('',(164.61449729582,-234.0115171781));
#2624 = CARTESIAN_POINT('',(164.25894250865,-233.9555609618));
#2625 = CARTESIAN_POINT('',(163.90394399548,-233.8962435546));
#2626 = CARTESIAN_POINT('',(163.28376793022,-233.7863476944));
#2627 = CARTESIAN_POINT('',(163.01832196962,-233.7372907947));
#2628 = CARTESIAN_POINT('',(162.75323792035,-233.6862273835));
#2629 = CARTESIAN_POINT('',(162.48854433963,-233.6331064474));
#2630 = CARTESIAN_POINT('',(162.22427647038,-233.5778749992));
#2631 = CARTESIAN_POINT('',(161.96047328182,-233.5204794193));
#2632 = CARTESIAN_POINT('',(161.69717451029,-233.4608667958));
#2633 = CARTESIAN_POINT('',(161.2592456865,-233.3577323897));
#2634 = CARTESIAN_POINT('',(161.0843136866,-233.3154701393));
#2635 = CARTESIAN_POINT('',(160.90963265079,-233.2721839344));
#2636 = CARTESIAN_POINT('',(160.73521352967,-233.2278581946));
#2637 = CARTESIAN_POINT('',(160.56106727383,-233.1824773395));
#2638 = CARTESIAN_POINT('',(160.38720483385,-233.1360257887));
#2639 = CARTESIAN_POINT('',(160.21363716033,-233.0884879617));
#2640 = CARTESIAN_POINT('',(159.75160815116,-232.9587829457));
#2641 = CARTESIAN_POINT('',(159.46368285798,-232.8746547442));
#2642 = CARTESIAN_POINT('',(159.17665307232,-232.787392677));
#2643 = CARTESIAN_POINT('',(158.89059637243,-232.6969319917));
#2644 = CARTESIAN_POINT('',(158.60559378156,-232.6032087529));
#2645 = CARTESIAN_POINT('',(158.32172064466,-232.5061574759));
#2646 = CARTESIAN_POINT('',(158.03904876697,-232.4057118226));
#2647 = CARTESIAN_POINT('',(157.44812045565,-232.1875103007));
#2648 = CARTESIAN_POINT('',(157.14012675922,-232.0690233435));
#2649 = CARTESIAN_POINT('',(156.8337951029,-231.9462800966));
#2650 = CARTESIAN_POINT('',(156.52920360263,-231.8191520845));
#2651 = CARTESIAN_POINT('',(156.22647998427,-231.6875871507));
#2652 = CARTESIAN_POINT('',(155.92576785144,-231.5515525464));
#2653 = CARTESIAN_POINT('',(155.62718117883,-231.4109621723));
#2654 = CARTESIAN_POINT('',(155.14228367904,-231.1733676096));
#2655 = CARTESIAN_POINT('',(154.95462606966,-231.0791055489));
#2656 = CARTESIAN_POINT('',(154.76791815235,-230.9829610806));
#2657 = CARTESIAN_POINT('',(154.58219444044,-230.8849176565));
#2658 = CARTESIAN_POINT('',(154.39748984028,-230.7849613581));
#2659 = CARTESIAN_POINT('',(154.21383965121,-230.6830808973));
#2660 = CARTESIAN_POINT('',(154.03127956556,-230.5792676159));
#2661 = CARTESIAN_POINT('',(153.59064531554,-230.3224357272));
#2662 = CARTESIAN_POINT('',(153.33374037409,-230.1674041951));
#2663 = CARTESIAN_POINT('',(153.07924206866,-230.0084083988));
#2664 = CARTESIAN_POINT('',(152.82725743748,-229.8454450541));
#2665 = CARTESIAN_POINT('',(152.57789516141,-229.6785072518));
#2666 = CARTESIAN_POINT('',(152.33126677208,-229.5075817987));
#2667 = CARTESIAN_POINT('',(152.08748323928,-229.3326567299));
#2668 = CARTESIAN_POINT('',(151.58172513045,-228.95692809));
#2669 = CARTESIAN_POINT('',(151.32037597594,-228.7552970827));
#2670 = CARTESIAN_POINT('',(151.06272233509,-228.5489003276));
#2671 = CARTESIAN_POINT('',(150.80890669458,-228.337773045));
#2672 = CARTESIAN_POINT('',(150.55904986908,-228.1219772456));
#2673 = CARTESIAN_POINT('',(150.31328087847,-227.9015680844));
#2674 = CARTESIAN_POINT('',(150.07175562105,-227.6765728479));
#2675 = CARTESIAN_POINT('',(149.5758466246,-227.1967128176));
#2676 = CARTESIAN_POINT('',(149.3222857612,-226.9409977957));
#2677 = CARTESIAN_POINT('',(149.07401479551,-226.6800678219));
#2678 = CARTESIAN_POINT('',(148.83114388274,-226.4140708291));
#2679 = CARTESIAN_POINT('',(148.59381531966,-226.1431194814));
#2680 = CARTESIAN_POINT('',(148.36207251524,-225.8674085761));
#2681 = CARTESIAN_POINT('',(148.13615049567,-225.5869891245));
#2682 = CARTESIAN_POINT('',(147.75091691908,-225.088428614));
#2683 = CARTESIAN_POINT('',(147.58907906217,-224.872242672));
#2684 = CARTESIAN_POINT('',(147.43051588815,-224.6536146198));
#2685 = CARTESIAN_POINT('',(147.27524183021,-224.4326217249));
#2686 = CARTESIAN_POINT('',(147.12327141992,-224.2093412388));
#2687 = CARTESIAN_POINT('',(146.97461913776,-223.9838504211));
#2688 = CARTESIAN_POINT('',(146.82929926359,-223.7562265627));
#2689 = CARTESIAN_POINT('',(146.57690170555,-223.3479070969));
#2690 = CARTESIAN_POINT('',(146.46850531135,-223.1680236657));
#2691 = CARTESIAN_POINT('',(146.36212822919,-222.986933403));
#2692 = CARTESIAN_POINT('',(146.257761845,-222.8046730788));
#2693 = CARTESIAN_POINT('',(146.15539724613,-222.6212795454));
#2694 = CARTESIAN_POINT('',(146.05502522129,-222.4367897376));
#2695 = CARTESIAN_POINT('',(145.95663626059,-222.2512406725));
#2696 = CARTESIAN_POINT('',(145.72248790883,-221.7981470163));
#2697 = CARTESIAN_POINT('',(145.58878639666,-221.5295398649));
#2698 = CARTESIAN_POINT('',(145.45907385848,-221.258953281));
#2699 = CARTESIAN_POINT('',(145.33334565855,-220.9864953486));
#2700 = CARTESIAN_POINT('',(145.21157608352,-220.712268397));
#2701 = CARTESIAN_POINT('',(145.09369960156,-220.4363666083));
#2702 = CARTESIAN_POINT('',(144.97963198292,-220.1588797845));
#2703 = CARTESIAN_POINT('',(144.74800459705,-219.5730394491));
#2704 = CARTESIAN_POINT('',(144.63122338955,-219.2643570198));
#2705 = CARTESIAN_POINT('',(144.51892263882,-218.953997373));
#2706 = CARTESIAN_POINT('',(144.41099766666,-218.6420619895));
#2707 = CARTESIAN_POINT('',(144.30739049271,-218.3286936336));
#2708 = CARTESIAN_POINT('',(144.20803084713,-218.0140173102));
#2709 = CARTESIAN_POINT('',(144.1127840068,-217.6980900643));
#2710 = CARTESIAN_POINT('',(143.95521068341,-217.1504024224));
#2711 = CARTESIAN_POINT('',(143.89098906288,-216.9191833574));
#2712 = CARTESIAN_POINT('',(143.82885307965,-216.6873847472));
#2713 = CARTESIAN_POINT('',(143.7687630538,-216.455039832));
#2714 = CARTESIAN_POINT('',(143.71067930542,-216.2221818522));
#2715 = CARTESIAN_POINT('',(143.65456215461,-215.988844048));
#2716 = CARTESIAN_POINT('',(143.60037192146,-215.7550596595));
#2717 = CARTESIAN_POINT('',(143.46308026781,-215.1403072212));
#2718 = CARTESIAN_POINT('',(143.38307243447,-214.7586505635));
#2719 = CARTESIAN_POINT('',(143.30787484537,-214.3760434442));
#2720 = CARTESIAN_POINT('',(143.23730890233,-213.992513007));
#2721 = CARTESIAN_POINT('',(143.171200723,-213.6082173701));
#2722 = CARTESIAN_POINT('',(143.10937058329,-213.2231975455));
#2723 = CARTESIAN_POINT('',(143.05164105561,-212.8375586093));
#2724 = CARTESIAN_POINT('',(142.97299933361,-212.2731353733));
#2725 = CARTESIAN_POINT('',(142.94900098286,-212.0947811788));
#2726 = CARTESIAN_POINT('',(142.92582025906,-211.9163191283));
#2727 = CARTESIAN_POINT('',(142.90343949484,-211.7377571286));
#2728 = CARTESIAN_POINT('',(142.88184139606,-211.559102066));
#2729 = CARTESIAN_POINT('',(142.86100904179,-211.3803598066));
#2730 = CARTESIAN_POINT('',(142.84092588431,-211.2015351964));
#2731 = CARTESIAN_POINT('',(142.79900135804,-210.8139188239));
#2732 = CARTESIAN_POINT('',(142.7774245521,-210.6051003681));
#2733 = CARTESIAN_POINT('',(142.75681888087,-210.3961832948));
#2734 = CARTESIAN_POINT('',(142.7371578939,-210.1871742054));
#2735 = CARTESIAN_POINT('',(142.71841514078,-209.9780797013));
#2736 = CARTESIAN_POINT('',(142.70056417104,-209.7689063841));
#2737 = CARTESIAN_POINT('',(142.68357853427,-209.559660855));
#2738 = CARTESIAN_POINT('',(142.65359170494,-209.1709401673));
#2739 = CARTESIAN_POINT('',(142.64036795172,-208.9914824156));
#2740 = CARTESIAN_POINT('',(142.62774386351,-208.8119806176));
#2741 = CARTESIAN_POINT('',(142.61570278349,-208.6324389302));
#2742 = CARTESIAN_POINT('',(142.60422805481,-208.4528615108));
#2743 = CARTESIAN_POINT('',(142.59330302064,-208.2732525165));
#2744 = CARTESIAN_POINT('',(142.58291102415,-208.0936161044));
#2745 = CARTESIAN_POINT('',(142.55657592484,-207.6145213834));
#2746 = CARTESIAN_POINT('',(142.54155204059,-207.3150253803));
#2747 = CARTESIAN_POINT('',(142.52788175831,-207.0154911092));
#2748 = CARTESIAN_POINT('',(142.51549335847,-206.7159220846));
#2749 = CARTESIAN_POINT('',(142.50431688347,-206.4163174918));
#2750 = CARTESIAN_POINT('',(142.49428008644,-206.1166793019));
#2751 = CARTESIAN_POINT('',(142.48530884466,-205.8170116577));
#2752 = CARTESIAN_POINT('',(142.46935525656,-205.2176143746));
#2753 = CARTESIAN_POINT('',(142.46237269439,-204.9178871887));
#2754 = CARTESIAN_POINT('',(142.4563120662,-204.6181330782));
#2755 = CARTESIAN_POINT('',(142.45110108694,-204.3183541466));
#2756 = CARTESIAN_POINT('',(142.44666747157,-204.0185524973));
#2757 = CARTESIAN_POINT('',(142.44293893507,-203.7187302338));
#2758 = CARTESIAN_POINT('',(142.43984319238,-203.4188894596));
#2759 = CARTESIAN_POINT('',(142.43451920117,-202.7891893788));
#2760 = CARTESIAN_POINT('',(142.4324086595,-202.4593266266));
#2761 = CARTESIAN_POINT('',(142.43088012207,-202.1294468214));
#2762 = CARTESIAN_POINT('',(142.42983737749,-201.7995527631));
#2763 = CARTESIAN_POINT('',(142.42918421438,-201.4696472512));
#2764 = CARTESIAN_POINT('',(142.42882442135,-201.1397330856));
#2765 = CARTESIAN_POINT('',(142.42866178702,-200.809813066));
#2766 = CARTESIAN_POINT('',(142.42853841374,-200.149970949));
#2767 = CARTESIAN_POINT('',(142.4286110106,-199.8200501591));
#2768 = CARTESIAN_POINT('',(142.42851868352,-199.4901292193));
#2769 = CARTESIAN_POINT('',(142.42853754248,-199.1602096725));
#2770 = CARTESIAN_POINT('',(142.42877844147,-198.8302929904));
#2771 = CARTESIAN_POINT('',(142.42925370109,-198.500380751));
#2772 = CARTESIAN_POINT('',(142.43011761399,-198.1704747352));
#2773 = CARTESIAN_POINT('',(142.43362265009,-197.3008149681));
#2774 = CARTESIAN_POINT('',(142.43705189252,-196.7610766857));
#2775 = CARTESIAN_POINT('',(142.44215640895,-196.2213686321));
#2776 = CARTESIAN_POINT('',(142.44935800893,-195.6817014914));
#2777 = CARTESIAN_POINT('',(142.45907862296,-195.1420898149));
#2778 = CARTESIAN_POINT('',(142.47174007579,-194.6025520136));
#2779 = CARTESIAN_POINT('',(142.48776385979,-194.0631103533));
#2780 = CARTESIAN_POINT('',(142.51967465953,-193.1942220081));
#2781 = CARTESIAN_POINT('',(142.53319096092,-192.8646909093));
#2782 = CARTESIAN_POINT('',(142.54821997868,-192.5352068991));
#2783 = CARTESIAN_POINT('',(142.56484529628,-192.2057541402));
#2784 = CARTESIAN_POINT('',(142.58317577942,-191.876365215));
#2785 = CARTESIAN_POINT('',(142.60332364277,-191.5470819336));
#2786 = CARTESIAN_POINT('',(142.62538052632,-191.2179131668));
#2787 = CARTESIAN_POINT('',(142.66914951366,-190.6197043882));
#2788 = CARTESIAN_POINT('',(142.69019488405,-190.3506084517));
#2789 = CARTESIAN_POINT('',(142.71264571755,-190.08162565));
#2790 = CARTESIAN_POINT('',(142.73655823097,-189.8127700135));
#2791 = CARTESIAN_POINT('',(142.76198864114,-189.5440555727));
#2792 = CARTESIAN_POINT('',(142.78899316488,-189.2754963579));
#2793 = CARTESIAN_POINT('',(142.81762801899,-189.0071063997));
#2794 = CARTESIAN_POINT('',(142.86816440938,-188.5600888985));
#2795 = CARTESIAN_POINT('',(142.88912862703,-188.3813604888));
#2796 = CARTESIAN_POINT('',(142.91085876695,-188.2027196851));
#2797 = CARTESIAN_POINT('',(142.93337178064,-188.0241724169));
#2798 = CARTESIAN_POINT('',(142.95668487745,-187.845725357));
#2799 = CARTESIAN_POINT('',(142.98081552456,-187.6673859221));
#2800 = CARTESIAN_POINT('',(143.00578144699,-187.4891622723));
#2801 = CARTESIAN_POINT('',(143.0746333189,-187.0142267177));
#2802 = CARTESIAN_POINT('',(143.12003531548,-186.7177358618));
#2803 = CARTESIAN_POINT('',(143.16788747617,-186.4216296246));
#2804 = CARTESIAN_POINT('',(143.21827065984,-186.1259468872));
#2805 = CARTESIAN_POINT('',(143.27126572536,-185.8307265306));
#2806 = CARTESIAN_POINT('',(143.32695353159,-185.5360074361));
#2807 = CARTESIAN_POINT('',(143.3854149374,-185.2418284847));
#2808 = CARTESIAN_POINT('',(143.51417802002,-184.6252697498));
#2809 = CARTESIAN_POINT('',(143.58508047317,-184.3030040085));
#2810 = CARTESIAN_POINT('',(143.65954187788,-183.9815051682));
#2811 = CARTESIAN_POINT('',(143.7376649306,-183.6608700645));
#2812 = CARTESIAN_POINT('',(143.81955292175,-183.3411828757));
#2813 = CARTESIAN_POINT('',(143.90530926103,-183.0225246696));
#2814 = CARTESIAN_POINT('',(143.99503678584,-182.7049880434));
#2815 = CARTESIAN_POINT('',(144.19116627741,-182.0435742521));
#2816 = CARTESIAN_POINT('',(144.29834664172,-181.6999124573));
#2817 = CARTESIAN_POINT('',(144.41050549086,-181.3578024396));
#2818 = CARTESIAN_POINT('',(144.52781714801,-181.0173209968));
#2819 = CARTESIAN_POINT('',(144.65028271298,-180.6787274728));
#2820 = CARTESIAN_POINT('',(144.77809477006,-180.3420913961));
#2821 = CARTESIAN_POINT('',(144.91131179604,-180.0076176902));
#2822 = CARTESIAN_POINT('',(145.15410218273,-179.4263344582));
#2823 = CARTESIAN_POINT('',(145.26125700632,-179.1785094534));
#2824 = CARTESIAN_POINT('',(145.37157302425,-178.9320443542));
#2825 = CARTESIAN_POINT('',(145.48508848341,-178.6870082092));
#2826 = CARTESIAN_POINT('',(145.60182696069,-178.4434753374));
#2827 = CARTESIAN_POINT('',(145.72180417386,-178.2015242735));
#2828 = CARTESIAN_POINT('',(145.84503479256,-177.9612367149));
#2829 = CARTESIAN_POINT('',(146.05587637456,-177.5636680878));
#2830 = CARTESIAN_POINT('',(146.14166901988,-177.405413933));
#2831 = CARTESIAN_POINT('',(146.22892348045,-177.2479573947));
#2832 = CARTESIAN_POINT('',(146.31764579986,-177.091321798));
#2833 = CARTESIAN_POINT('',(146.40784176999,-176.9355304011));
#2834 = CARTESIAN_POINT('',(146.49951693098,-176.7806063956));
#2835 = CARTESIAN_POINT('',(146.59267657126,-176.6265729062));
#2836 = CARTESIAN_POINT('',(146.84507410382,-176.2182534841));
#2837 = CARTESIAN_POINT('',(147.00695361976,-175.9655918483));
#2838 = CARTESIAN_POINT('',(147.17294565131,-175.7155742699));
#2839 = CARTESIAN_POINT('',(147.34303011635,-175.4683066874));
#2840 = CARTESIAN_POINT('',(147.51718688557,-175.2238950285));
#2841 = CARTESIAN_POINT('',(147.6953963603,-174.9824453121));
#2842 = CARTESIAN_POINT('',(147.87763921736,-174.7440636146));
#2843 = CARTESIAN_POINT('',(148.26877698592,-174.2501274769));
#2844 = CARTESIAN_POINT('',(148.47852052456,-173.9952416284));
#2845 = CARTESIAN_POINT('',(148.69307846072,-173.7443307417));
#2846 = CARTESIAN_POINT('',(148.91232869702,-173.4974815833));
#2847 = CARTESIAN_POINT('',(149.13618813115,-173.2548054161));
#2848 = CARTESIAN_POINT('',(149.36458415776,-173.0164202807));
#2849 = CARTESIAN_POINT('',(149.59740901765,-172.7824225946));
#2850 = CARTESIAN_POINT('',(149.96394919236,-172.4277446713));
#2851 = CARTESIAN_POINT('',(150.09461180498,-172.3039057493));
#2852 = CARTESIAN_POINT('',(150.22654974486,-172.1814183077));
#2853 = CARTESIAN_POINT('',(150.35974249736,-172.0602916863));
#2854 = CARTESIAN_POINT('',(150.49416908272,-171.9405347181));
#2855 = CARTESIAN_POINT('',(150.62980805609,-171.8221557288));
#2856 = CARTESIAN_POINT('',(150.76663750751,-171.7051625372));
#2857 = CARTESIAN_POINT('',(151.13462916252,-171.3968971777));
#2858 = CARTESIAN_POINT('',(151.36787702829,-171.2081065829));
#2859 = CARTESIAN_POINT('',(151.60426204805,-171.0232044261));
#2860 = CARTESIAN_POINT('',(151.84369569025,-170.8422642429));
#2861 = CARTESIAN_POINT('',(152.08608565303,-170.6653379641));
#2862 = CARTESIAN_POINT('',(152.33132313122,-170.4924246172));
#2863 = CARTESIAN_POINT('',(152.5792892005,-170.3234891163));
#2864 = CARTESIAN_POINT('',(153.10552639011,-169.9770801028));
#2865 = CARTESIAN_POINT('',(153.38435556908,-169.800432435));
#2866 = CARTESIAN_POINT('',(153.66621388709,-169.6286058744));
#2867 = CARTESIAN_POINT('',(153.95094984357,-169.4615378955));
#2868 = CARTESIAN_POINT('',(154.23841918891,-169.2992723423));
#2869 = CARTESIAN_POINT('',(154.52848458616,-169.1418189032));
#2870 = CARTESIAN_POINT('',(154.82101332746,-168.9890374853));
#2871 = CARTESIAN_POINT('',(155.33032525076,-168.7331612684));
#2872 = CARTESIAN_POINT('',(155.54600859435,-168.6278767034));
#2873 = CARTESIAN_POINT('',(155.76287500026,-168.5250234125));
#2874 = CARTESIAN_POINT('',(155.98087408279,-168.4245785458));
#2875 = CARTESIAN_POINT('',(156.19995638249,-168.3265188448));
#2876 = CARTESIAN_POINT('',(156.42007336612,-168.2308206428));
#2877 = CARTESIAN_POINT('',(156.64117742667,-168.1374598647));
#2878 = CARTESIAN_POINT('',(157.11301483056,-167.9439861071));
#2879 = CARTESIAN_POINT('',(157.3639926974,-167.8444884285));
#2880 = CARTESIAN_POINT('',(157.61610012881,-167.7478714642));
#2881 = CARTESIAN_POINT('',(157.86928177819,-167.6540876712));
#2882 = CARTESIAN_POINT('',(158.12348230745,-167.5630894906));
#2883 = CARTESIAN_POINT('',(158.37864638701,-167.4748293475));
#2884 = CARTESIAN_POINT('',(158.63471869579,-167.3892596508));
#2885 = CARTESIAN_POINT('',(159.14855875664,-167.2234092901));
#2886 = CARTESIAN_POINT('',(159.40632885672,-167.1431277864));
#2887 = CARTESIAN_POINT('',(159.6648938412,-167.06544185));
#2888 = CARTESIAN_POINT('',(159.92420366283,-166.9903026427));
#2889 = CARTESIAN_POINT('',(160.18421554424,-166.9176595393));
#2890 = CARTESIAN_POINT('',(160.4448909148,-166.8474607467));
#2891 = CARTESIAN_POINT('',(160.70619234752,-166.7796539228));
#2892 = CARTESIAN_POINT('',(161.1717671269,-166.6632689564));
#2893 = CARTESIAN_POINT('',(161.3758097171,-166.6137662331));
#2894 = CARTESIAN_POINT('',(161.58019063985,-166.5656539699));
#2895 = CARTESIAN_POINT('',(161.78489226849,-166.5189075113));
#2896 = CARTESIAN_POINT('',(161.98989697633,-166.4735022014));
#2897 = CARTESIAN_POINT('',(162.19518713671,-166.4294133847));
#2898 = CARTESIAN_POINT('',(162.40074512296,-166.3866164055));
#2899 = CARTESIAN_POINT('',(162.92995316152,-166.2798281233));
#2900 = CARTESIAN_POINT('',(163.25397674486,-166.2176972496));
#2901 = CARTESIAN_POINT('',(163.57855600581,-166.1585958885));
#2902 = CARTESIAN_POINT('',(163.90366258702,-166.1024378839));
#2903 = CARTESIAN_POINT('',(164.22925073398,-166.0491300828));
#2904 = CARTESIAN_POINT('',(164.55527074322,-165.9985770715));
#2905 = CARTESIAN_POINT('',(164.88169154059,-165.9506889047));
#2906 = CARTESIAN_POINT('',(165.53524742984,-165.8600537991));
#2907 = CARTESIAN_POINT('',(165.86238205086,-165.8173064811));
#2908 = CARTESIAN_POINT('',(166.1898396881,-165.7770385595));
#2909 = CARTESIAN_POINT('',(166.51758229287,-165.739155191));
#2910 = CARTESIAN_POINT('',(166.84556563397,-165.7035572831));
#2911 = CARTESIAN_POINT('',(167.17376236094,-165.6701571581));
#2912 = CARTESIAN_POINT('',(167.5021690622,-165.638882366));
#2913 = CARTESIAN_POINT('',(168.278809056,-165.5697658391));
#2914 = CARTESIAN_POINT('',(168.72719986323,-165.5336740859));
#2915 = CARTESIAN_POINT('',(169.17587032718,-165.5011443857));
#2916 = CARTESIAN_POINT('',(169.62478934261,-165.4719723413));
#2917 = CARTESIAN_POINT('',(170.07387465192,-165.4459149574));
#2918 = CARTESIAN_POINT('',(170.52313371073,-165.4227905535));
#2919 = CARTESIAN_POINT('',(170.97247770463,-165.4023475659));
#2920 = CARTESIAN_POINT('',(171.90124799831,-165.3652433136));
#2921 = CARTESIAN_POINT('',(172.38068446048,-165.3489244166));
#2922 = CARTESIAN_POINT('',(172.86019682027,-165.335192611));
#2923 = CARTESIAN_POINT('',(173.33977087267,-165.3238039921));
#2924 = CARTESIAN_POINT('',(173.81939450499,-165.3145145038));
#2925 = CARTESIAN_POINT('',(174.29905769684,-165.307079938));
#2926 = CARTESIAN_POINT('',(174.77875252014,-165.3012559351));
#2927 = CARTESIAN_POINT('',(175.61828059804,-165.2934543625));
#2928 = CARTESIAN_POINT('',(175.97810846135,-165.2908792287));
#2929 = CARTESIAN_POINT('',(176.33795400851,-165.2889695534));
#2930 = CARTESIAN_POINT('',(176.69781451891,-165.2876223073));
#2931 = CARTESIAN_POINT('',(177.05768727196,-165.2867344612));
#2932 = CARTESIAN_POINT('',(177.41756954708,-165.286202986));
#2933 = CARTESIAN_POINT('',(177.77745862367,-165.2859248525));
#2934 = CARTESIAN_POINT('',(178.49724279283,-165.2856692112));
#2935 = CARTESIAN_POINT('',(178.85713594422,-165.2856895471));
#2936 = CARTESIAN_POINT('',(179.21703027951,-165.285830634));
#2937 = CARTESIAN_POINT('',(179.57692324209,-165.2854900408));
#2938 = CARTESIAN_POINT('',(179.93681457742,-165.2858543002));
#2939 = CARTESIAN_POINT('',(180.29670176944,-165.2861317904));
#2940 = CARTESIAN_POINT('',(180.65658387513,-165.2868868545));
#2941 = CARTESIAN_POINT('',(181.55621414005,-165.2898737958));
#2942 = CARTESIAN_POINT('',(182.09595206722,-165.2926993073));
#2943 = CARTESIAN_POINT('',(182.63566764807,-165.2969061461));
#2944 = CARTESIAN_POINT('',(183.17535317111,-165.3028421786));
#2945 = CARTESIAN_POINT('',(183.71499829955,-165.3108552331));
#2946 = CARTESIAN_POINT('',(184.25459007126,-165.3212930999));
#2947 = CARTESIAN_POINT('',(184.79411289877,-165.3345035316));
#2948 = CARTESIAN_POINT('',(185.66321022704,-165.3608143189));
#2949 = CARTESIAN_POINT('',(185.99284037006,-165.371958594));
#2950 = CARTESIAN_POINT('',(186.32242705869,-165.3843516041));
#2951 = CARTESIAN_POINT('',(186.65197795362,-165.3980639563));
#2952 = CARTESIAN_POINT('',(186.98148606724,-165.4131753893));
#2953 = CARTESIAN_POINT('',(187.31093049069,-165.4297749115));
#2954 = CARTESIAN_POINT('',(187.64029079392,-165.4479513166));
#2955 = CARTESIAN_POINT('',(188.2389670383,-165.4840178524));
#2956 = CARTESIAN_POINT('',(188.50831538993,-165.5013599697));
#2957 = CARTESIAN_POINT('',(188.77758830068,-165.5198605767));
#2958 = CARTESIAN_POINT('',(189.04677522069,-165.5395665253));
#2959 = CARTESIAN_POINT('',(189.31586560005,-165.560524667));
#2960 = CARTESIAN_POINT('',(189.58484888887,-165.5827818536));
#2961 = CARTESIAN_POINT('',(189.85371453726,-165.6063849369));
#2962 = CARTESIAN_POINT('',(190.30161062403,-165.6480446863));
#2963 = CARTESIAN_POINT('',(190.48071106841,-165.6653279149));
#2964 = CARTESIAN_POINT('',(190.65975178464,-165.6832438079));
#2965 = CARTESIAN_POINT('',(190.83873032879,-165.7018060427));
#2966 = CARTESIAN_POINT('',(191.01764335679,-165.72102862));
#2967 = CARTESIAN_POINT('',(191.19648662445,-165.7409258642));
#2968 = CARTESIAN_POINT('',(191.37525498749,-165.761512423));
#2969 = CARTESIAN_POINT('',(191.85175421952,-165.8182879454));
#2970 = CARTESIAN_POINT('',(192.1493386075,-165.8557295293));
#2971 = CARTESIAN_POINT('',(192.44666582283,-165.8951977652));
#2972 = CARTESIAN_POINT('',(192.74370612293,-165.9367623987));
#2973 = CARTESIAN_POINT('',(193.04042976522,-165.9804931752));
#2974 = CARTESIAN_POINT('',(193.33680700711,-166.0264598401));
#2975 = CARTESIAN_POINT('',(193.63280810604,-166.074732139));
#2976 = CARTESIAN_POINT('',(194.25355589687,-166.1810918939));
#2977 = CARTESIAN_POINT('',(194.57822143087,-166.2396782006));
#2978 = CARTESIAN_POINT('',(194.90235169264,-166.301235217));
#2979 = CARTESIAN_POINT('',(195.22593207476,-166.365845025));
#2980 = CARTESIAN_POINT('',(195.54888553556,-166.4336085218));
#2981 = CARTESIAN_POINT('',(195.87112264994,-166.504629045));
#2982 = CARTESIAN_POINT('',(196.19259635386,-166.5789936892));
#2983 = CARTESIAN_POINT('',(196.83385018238,-166.7346070947));
#2984 = CARTESIAN_POINT('',(197.15362873195,-166.8158546511));
#2985 = CARTESIAN_POINT('',(197.47250566501,-166.9006415364));
#2986 = CARTESIAN_POINT('',(197.79039544552,-166.9890605353));
#2987 = CARTESIAN_POINT('',(198.10725255812,-167.0812128557));
#2988 = CARTESIAN_POINT('',(198.42300935727,-167.1771933057));
#2989 = CARTESIAN_POINT('',(198.73752829882,-167.277079991));
#2990 = CARTESIAN_POINT('',(199.36391086034,-167.4848448566));
#2991 = CARTESIAN_POINT('',(199.67577297488,-167.5927215305));
#2992 = CARTESIAN_POINT('',(199.98621229793,-167.7046873483));
#2993 = CARTESIAN_POINT('',(200.29512081691,-167.8208170391));
#2994 = CARTESIAN_POINT('',(200.60239669488,-167.9412023347));
#2995 = CARTESIAN_POINT('',(200.90793975322,-168.0659389014));
#2996 = CARTESIAN_POINT('',(201.21163699631,-168.1950999533));
#2997 = CARTESIAN_POINT('',(201.73279075333,-168.4259249753));
#2998 = CARTESIAN_POINT('',(201.9511826787,-168.5254843746));
#2999 = CARTESIAN_POINT('',(202.16847764554,-168.6274341384));
#3000 = CARTESIAN_POINT('',(202.3846253341,-168.7317971082));
#3001 = CARTESIAN_POINT('',(202.5995754246,-168.8385961254));
#3002 = CARTESIAN_POINT('',(202.81327759728,-168.9478540314));
#3003 = CARTESIAN_POINT('',(203.02568153238,-169.0595936677));
#3004 = CARTESIAN_POINT('',(203.55331792582,-169.3452030776));
#3005 = CARTESIAN_POINT('',(203.86687328526,-169.5222061486));
#3006 = CARTESIAN_POINT('',(204.17721650999,-169.7049440649));
#3007 = CARTESIAN_POINT('',(204.48415942914,-169.8933231711));
#3008 = CARTESIAN_POINT('',(204.78751283912,-170.087464277));
#3009 = CARTESIAN_POINT('',(205.08708919414,-170.2873051134));
#3010 = CARTESIAN_POINT('',(205.3826979739,-170.492898458));
#3011 = CARTESIAN_POINT('',(205.96560316783,-170.9155911518));
#3012 = CARTESIAN_POINT('',(206.2529028609,-171.1326959676));
#3013 = CARTESIAN_POINT('',(206.53585587618,-171.3555401209));
#3014 = CARTESIAN_POINT('',(206.81433709457,-171.5839694886));
#3015 = CARTESIAN_POINT('',(207.08810105428,-171.818040488));
#3016 = CARTESIAN_POINT('',(207.35706013147,-172.0575610155));
#3017 = CARTESIAN_POINT('',(207.62096910676,-172.3025639426));
#3018 = CARTESIAN_POINT('',(208.13843910612,-172.8032871851));
#3019 = CARTESIAN_POINT('',(208.39199997313,-173.0590022066));
#3020 = CARTESIAN_POINT('',(208.64027093777,-173.3199321798));
#3021 = CARTESIAN_POINT('',(208.88314184595,-173.5859291719));
#3022 = CARTESIAN_POINT('',(209.12047040339,-173.8568805188));
#3023 = CARTESIAN_POINT('',(209.35221320057,-174.1325914233));
#3024 = CARTESIAN_POINT('',(209.57813521661,-174.4130108744));
#3025 = CARTESIAN_POINT('',(209.96336878903,-174.9115713837));
#3026 = CARTESIAN_POINT('',(210.12520664523,-175.1277573255));
#3027 = CARTESIAN_POINT('',(210.28376981948,-175.3463853777));
#3028 = CARTESIAN_POINT('',(210.43904387834,-175.567378273));
#3029 = CARTESIAN_POINT('',(210.59101428997,-175.7906587595));
#3030 = CARTESIAN_POINT('',(210.73966657366,-176.0161495777));
#3031 = CARTESIAN_POINT('',(210.88498644926,-176.2437734367));
#3032 = CARTESIAN_POINT('',(211.13738400927,-176.6520929032));
#3033 = CARTESIAN_POINT('',(211.2457804041,-176.8319763346));
#3034 = CARTESIAN_POINT('',(211.35215748668,-177.0130665974));
#3035 = CARTESIAN_POINT('',(211.45652387109,-177.1953269218));
#3036 = CARTESIAN_POINT('',(211.55888847003,-177.3787204552));
#3037 = CARTESIAN_POINT('',(211.65926049482,-177.5632102629));
#3038 = CARTESIAN_POINT('',(211.75764945536,-177.748759328));
#3039 = CARTESIAN_POINT('',(211.99179780662,-178.201852984));
#3040 = CARTESIAN_POINT('',(212.1254993184,-178.4704601354));
#3041 = CARTESIAN_POINT('',(212.2552118561,-178.7410467191));
#3042 = CARTESIAN_POINT('',(212.38094005564,-179.0135046514));
#3043 = CARTESIAN_POINT('',(212.50270963044,-179.287731603));
#3044 = CARTESIAN_POINT('',(212.6205861123,-179.5636333916));
#3045 = CARTESIAN_POINT('',(212.73465373085,-179.8411202153));
#3046 = CARTESIAN_POINT('',(212.96628111673,-180.4269605506));
#3047 = CARTESIAN_POINT('',(213.08306232435,-180.73564298));
#3048 = CARTESIAN_POINT('',(213.19536307518,-181.0460026268));
#3049 = CARTESIAN_POINT('',(213.30328804751,-181.3579380104));
#3050 = CARTESIAN_POINT('',(213.40689522162,-181.6713063663));
#3051 = CARTESIAN_POINT('',(213.50625486724,-181.9859826897));
#3052 = CARTESIAN_POINT('',(213.60150170762,-182.3019099357));
#3053 = CARTESIAN_POINT('',(213.75907503103,-182.8495975776));
#3054 = CARTESIAN_POINT('',(213.82329665156,-183.0808166426));
#3055 = CARTESIAN_POINT('',(213.88543263478,-183.3126152528));
#3056 = CARTESIAN_POINT('',(213.94552266061,-183.5449601679));
#3057 = CARTESIAN_POINT('',(214.00360640896,-183.7778181477));
#3058 = CARTESIAN_POINT('',(214.05972355975,-184.011155952));
#3059 = CARTESIAN_POINT('',(214.11391379287,-184.2449403404));
#3060 = CARTESIAN_POINT('',(214.25120544645,-184.8596927787));
#3061 = CARTESIAN_POINT('',(214.33121327979,-185.2413494365));
#3062 = CARTESIAN_POINT('',(214.40641086882,-185.6239565556));
#3063 = CARTESIAN_POINT('',(214.47697681194,-186.0074869931));
#3064 = CARTESIAN_POINT('',(214.5430849912,-186.3917826296));
#3065 = CARTESIAN_POINT('',(214.60491513095,-186.7768024545));
#3066 = CARTESIAN_POINT('',(214.66264465863,-187.1624413906));
#3067 = CARTESIAN_POINT('',(214.74128638065,-187.7268646266));
#3068 = CARTESIAN_POINT('',(214.7652847314,-187.9052188211));
#3069 = CARTESIAN_POINT('',(214.78846545521,-188.0836808716));
#3070 = CARTESIAN_POINT('',(214.81084621943,-188.2622428713));
#3071 = CARTESIAN_POINT('',(214.83244431822,-188.4408979339));
#3072 = CARTESIAN_POINT('',(214.85327667249,-188.6196401933));
#3073 = CARTESIAN_POINT('',(214.87335982997,-188.7984648035));
#3074 = CARTESIAN_POINT('',(214.91528435625,-189.186081176));
#3075 = CARTESIAN_POINT('',(214.93686116219,-189.3948996318));
#3076 = CARTESIAN_POINT('',(214.95746683343,-189.6038167051));
#3077 = CARTESIAN_POINT('',(214.97712782039,-189.8128257945));
#3078 = CARTESIAN_POINT('',(214.99587057352,-190.0219202986));
#3079 = CARTESIAN_POINT('',(215.01372154325,-190.2310936158));
#3080 = CARTESIAN_POINT('',(215.03070718003,-190.4403391449));
#3081 = CARTESIAN_POINT('',(215.06069400936,-190.8290598326));
#3082 = CARTESIAN_POINT('',(215.07391776258,-191.0085175843));
#3083 = CARTESIAN_POINT('',(215.08654185078,-191.1880193824));
#3084 = CARTESIAN_POINT('',(215.0985829308,-191.3675610697));
#3085 = CARTESIAN_POINT('',(215.11005765948,-191.5471384891));
#3086 = CARTESIAN_POINT('',(215.12098269364,-191.7267474834));
#3087 = CARTESIAN_POINT('',(215.13137469013,-191.9063838955));
#3088 = CARTESIAN_POINT('',(215.15770978944,-192.3854786165));
#3089 = CARTESIAN_POINT('',(215.17273367369,-192.6849746196));
#3090 = CARTESIAN_POINT('',(215.18640395596,-192.9845088907));
#3091 = CARTESIAN_POINT('',(215.1987923558,-193.2840779153));
#3092 = CARTESIAN_POINT('',(215.2099688308,-193.5836825081));
#3093 = CARTESIAN_POINT('',(215.22000562782,-193.883320698));
#3094 = CARTESIAN_POINT('',(215.2289768696,-194.1829883422));
#3095 = CARTESIAN_POINT('',(215.24493045771,-194.7823856253));
#3096 = CARTESIAN_POINT('',(215.25191301987,-195.0821128112));
#3097 = CARTESIAN_POINT('',(215.25797364806,-195.3818669217));
#3098 = CARTESIAN_POINT('',(215.26318462732,-195.6816458533));
#3099 = CARTESIAN_POINT('',(215.26761824269,-195.9814475026));
#3100 = CARTESIAN_POINT('',(215.2713467792,-196.2812697661));
#3101 = CARTESIAN_POINT('',(215.27444252189,-196.5811105403));
#3102 = CARTESIAN_POINT('',(215.27976651309,-197.2108106211));
#3103 = CARTESIAN_POINT('',(215.28187705476,-197.5406733733));
#3104 = CARTESIAN_POINT('',(215.2834055922,-197.8705531785));
#3105 = CARTESIAN_POINT('',(215.28444833678,-198.2004472368));
#3106 = CARTESIAN_POINT('',(215.28510149989,-198.5303527487));
#3107 = CARTESIAN_POINT('',(215.28546129292,-198.8602669143));
#3108 = CARTESIAN_POINT('',(215.28562392725,-199.1901869339));
#3109 = CARTESIAN_POINT('',(215.28574730054,-199.8500290509));
#3110 = CARTESIAN_POINT('',(215.28567470368,-200.1799498408));
#3111 = CARTESIAN_POINT('',(215.28576703077,-200.5098707806));
#3112 = CARTESIAN_POINT('',(215.2857481718,-200.8397903274));
#3113 = CARTESIAN_POINT('',(215.28550727282,-201.1697070095));
#3114 = CARTESIAN_POINT('',(215.28503201319,-201.4996192489));
#3115 = CARTESIAN_POINT('',(215.2841681003,-201.8295252647));
#3116 = CARTESIAN_POINT('',(215.2806630642,-202.6991850318));
#3117 = CARTESIAN_POINT('',(215.27723382177,-203.2389233142));
#3118 = CARTESIAN_POINT('',(215.27212930534,-203.7786313678));
#3119 = CARTESIAN_POINT('',(215.26492770536,-204.3182985085));
#3120 = CARTESIAN_POINT('',(215.25520709134,-204.8579101851));
#3121 = CARTESIAN_POINT('',(215.2425456385,-205.3974479863));
#3122 = CARTESIAN_POINT('',(215.2265218545,-205.9368896466));
#3123 = CARTESIAN_POINT('',(215.19461105475,-206.8057779918));
#3124 = CARTESIAN_POINT('',(215.18109475336,-207.1353090906));
#3125 = CARTESIAN_POINT('',(215.16606573559,-207.4647931008));
#3126 = CARTESIAN_POINT('',(215.149440418,-207.7942458597));
#3127 = CARTESIAN_POINT('',(215.13110993485,-208.1236347849));
#3128 = CARTESIAN_POINT('',(215.11096207149,-208.4529180663));
#3129 = CARTESIAN_POINT('',(215.08890518794,-208.7820868331));
#3130 = CARTESIAN_POINT('',(215.04513620059,-209.3802956117));
#3131 = CARTESIAN_POINT('',(215.0240908302,-209.6493915482));
#3132 = CARTESIAN_POINT('',(215.00163999671,-209.9183743499));
#3133 = CARTESIAN_POINT('',(214.97772748328,-210.1872299864));
#3134 = CARTESIAN_POINT('',(214.95229707312,-210.4559444272));
#3135 = CARTESIAN_POINT('',(214.92529254938,-210.724503642));
#3136 = CARTESIAN_POINT('',(214.89665769527,-210.9928936002));
#3137 = CARTESIAN_POINT('',(214.84612130489,-211.4399111014));
#3138 = CARTESIAN_POINT('',(214.82515708724,-211.6186395111));
#3139 = CARTESIAN_POINT('',(214.80342694733,-211.7972803148));
#3140 = CARTESIAN_POINT('',(214.78091393365,-211.975827583));
#3141 = CARTESIAN_POINT('',(214.75760083684,-212.1542746429));
#3142 = CARTESIAN_POINT('',(214.73347018973,-212.3326140778));
#3143 = CARTESIAN_POINT('',(214.70850426731,-212.5108377276));
#3144 = CARTESIAN_POINT('',(214.63965239541,-212.9857732822));
#3145 = CARTESIAN_POINT('',(214.59425039885,-213.2822641381));
#3146 = CARTESIAN_POINT('',(214.54639823816,-213.5783703753));
#3147 = CARTESIAN_POINT('',(214.49601505449,-213.8740531128));
#3148 = CARTESIAN_POINT('',(214.44301998897,-214.1692734693));
#3149 = CARTESIAN_POINT('',(214.38733218273,-214.4639925638));
#3150 = CARTESIAN_POINT('',(214.32887077691,-214.7581715153));
#3151 = CARTESIAN_POINT('',(214.20010769425,-215.3747302501));
#3152 = CARTESIAN_POINT('',(214.12920524106,-215.6969959914));
#3153 = CARTESIAN_POINT('',(214.05474383631,-216.0184948317));
#3154 = CARTESIAN_POINT('',(213.97662078355,-216.3391299354));
#3155 = CARTESIAN_POINT('',(213.89473279237,-216.6588171241));
#3156 = CARTESIAN_POINT('',(213.80897645307,-216.9774753302));
#3157 = CARTESIAN_POINT('',(213.71924892827,-217.2950119565));
#3158 = CARTESIAN_POINT('',(213.52311943677,-217.9564257477));
#3159 = CARTESIAN_POINT('',(213.41593907253,-218.3000875425));
#3160 = CARTESIAN_POINT('',(213.30378022346,-218.6421975604));
#3161 = CARTESIAN_POINT('',(213.1864685666,-218.9826790031));
#3162 = CARTESIAN_POINT('',(213.06400300168,-219.3212725274));
#3163 = CARTESIAN_POINT('',(212.93619094478,-219.6579086039));
#3164 = CARTESIAN_POINT('',(212.80297391881,-219.9923823099));
#3165 = CARTESIAN_POINT('',(212.56018353195,-220.5736655419));
#3166 = CARTESIAN_POINT('',(212.45302870824,-220.8214905466));
#3167 = CARTESIAN_POINT('',(212.34271269007,-221.0679556458));
#3168 = CARTESIAN_POINT('',(212.22919723054,-221.3129917905));
#3169 = CARTESIAN_POINT('',(212.11245875283,-221.5565246623));
#3170 = CARTESIAN_POINT('',(211.99248153924,-221.798475726));
#3171 = CARTESIAN_POINT('',(211.86925092022,-222.0387632845));
#3172 = CARTESIAN_POINT('',(211.65840933794,-222.4363319115));
#3173 = CARTESIAN_POINT('',(211.57261669256,-222.5945860663));
#3174 = CARTESIAN_POINT('',(211.48536223202,-222.7520426046));
#3175 = CARTESIAN_POINT('',(211.39663991275,-222.9086782013));
#3176 = CARTESIAN_POINT('',(211.30644394289,-223.0644695983));
#3177 = CARTESIAN_POINT('',(211.21476878231,-223.2193936039));
#3178 = CARTESIAN_POINT('',(211.1216091426,-223.3734270936));
#3179 = CARTESIAN_POINT('',(210.869211612,-223.7817465164));
#3180 = CARTESIAN_POINT('',(210.7073320977,-224.0344081528));
#3181 = CARTESIAN_POINT('',(210.54134006786,-224.2844257318));
#3182 = CARTESIAN_POINT('',(210.37125560425,-224.5316933148));
#3183 = CARTESIAN_POINT('',(210.19709883581,-224.776104974));
#3184 = CARTESIAN_POINT('',(210.01888936088,-225.0175546903));
#3185 = CARTESIAN_POINT('',(209.83664650227,-225.2559363872));
#3186 = CARTESIAN_POINT('',(209.44550872693,-225.7498725225));
#3187 = CARTESIAN_POINT('',(209.23576518246,-226.0047583689));
#3188 = CARTESIAN_POINT('',(209.02120723854,-226.2556692528));
#3189 = CARTESIAN_POINT('',(208.80195699548,-226.5025184088));
#3190 = CARTESIAN_POINT('',(208.57809755716,-226.7451945744));
#3191 = CARTESIAN_POINT('',(208.3497015302,-226.9835797097));
#3192 = CARTESIAN_POINT('',(208.11687667618,-227.2175773979));
#3193 = CARTESIAN_POINT('',(207.75033652252,-227.5722553289));
#3194 = CARTESIAN_POINT('',(207.61967392009,-227.6960942545));
#3195 = CARTESIAN_POINT('',(207.48773599236,-227.8185817006));
#3196 = CARTESIAN_POINT('',(207.35454325305,-227.9397083267));
#3197 = CARTESIAN_POINT('',(207.22011668093,-228.0594652996));
#3198 = CARTESIAN_POINT('',(207.08447771979,-228.1778442933));
#3199 = CARTESIAN_POINT('',(206.94764827844,-228.2948374886));
#3200 = CARTESIAN_POINT('',(206.57965664038,-228.6031028551));
#3201 = CARTESIAN_POINT('',(206.34640877503,-228.7918934473));
#3202 = CARTESIAN_POINT('',(206.11002375029,-228.9767956037));
#3203 = CARTESIAN_POINT('',(205.87059007701,-229.1577357774));
#3204 = CARTESIAN_POINT('',(205.62820004636,-229.3346620308));
#3205 = CARTESIAN_POINT('',(205.38296247657,-229.5075753431));
#3206 = CARTESIAN_POINT('',(205.13499632131,-229.6765108143));
#3207 = CARTESIAN_POINT('',(204.60875900384,-230.0229197758));
#3208 = CARTESIAN_POINT('',(204.32992976562,-230.199567429));
#3209 = CARTESIAN_POINT('',(204.04807147578,-230.3713940139));
#3210 = CARTESIAN_POINT('',(203.76333556349,-230.5384619894));
#3211 = CARTESIAN_POINT('',(203.47586640573,-230.7007275991));
#3212 = CARTESIAN_POINT('',(203.18580139731,-230.8581812023));
#3213 = CARTESIAN_POINT('',(202.89327301355,-231.0109627442));
#3214 = CARTESIAN_POINT('',(202.38396148913,-231.2668391984));
#3215 = CARTESIAN_POINT('',(202.16827821952,-231.3721238767));
#3216 = CARTESIAN_POINT('',(201.95141183662,-231.4749772422));
#3217 = CARTESIAN_POINT('',(201.73341270414,-231.5754221282));
#3218 = CARTESIAN_POINT('',(201.51433026155,-231.6734817778));
#3219 = CARTESIAN_POINT('',(201.294213024,-231.7691798442));
#3220 = CARTESIAN_POINT('',(201.07310858237,-231.8625403903));
#3221 = CARTESIAN_POINT('',(200.6012698489,-232.0560135176));
#3222 = CARTESIAN_POINT('',(200.35029092557,-232.1555108157));
#3223 = CARTESIAN_POINT('',(200.09818234213,-232.2521273655));
#3224 = CARTESIAN_POINT('',(199.84499959918,-232.3459107653));
#3225 = CARTESIAN_POINT('',(199.59079818899,-232.4369086293));
#3226 = CARTESIAN_POINT('',(199.33563359556,-232.5251685883));
#3227 = CARTESIAN_POINT('',(199.07956129455,-232.6107382887));
#3228 = CARTESIAN_POINT('',(198.5657234922,-232.7765888572));
#3229 = CARTESIAN_POINT('',(198.30795529227,-232.8568705853));
#3230 = CARTESIAN_POINT('',(198.04939292235,-232.9345573138));
#3231 = CARTESIAN_POINT('',(197.79008643498,-233.0096978789));
#3232 = CARTESIAN_POINT('',(197.53007835696,-233.082342703));
#3233 = CARTESIAN_POINT('',(197.26940687992,-233.152543281));
#3234 = CARTESIAN_POINT('',(197.00810905081,-233.2203516667));
#3235 = CARTESIAN_POINT('',(196.5425397935,-233.3367386825));
#3236 = CARTESIAN_POINT('',(196.33849912957,-233.3862420976));
#3237 = CARTESIAN_POINT('',(196.13411935978,-233.4343547737));
#3238 = CARTESIAN_POINT('',(195.92941787326,-233.4811012811));
#3239 = CARTESIAN_POINT('',(195.72441205913,-233.5265061899));
#3240 = CARTESIAN_POINT('',(195.51911930653,-233.5705940702));
#3241 = CARTESIAN_POINT('',(195.31355700458,-233.6133894923));
#3242 = CARTESIAN_POINT('',(194.7843308315,-233.7201723572));
#3243 = CARTESIAN_POINT('',(194.46029259516,-233.7822978658));
#3244 = CARTESIAN_POINT('',(194.13569461731,-233.8413907685));
#3245 = CARTESIAN_POINT('',(193.81056920787,-233.8975402599));
#3246 = CARTESIAN_POINT('',(193.48496342358,-233.950840472));
#3247 = CARTESIAN_POINT('',(193.15892746663,-234.0013871545));
#3248 = CARTESIAN_POINT('',(192.83249521358,-234.0492723191));
#3249 = CARTESIAN_POINT('',(192.17895452629,-234.1399056888));
#3250 = CARTESIAN_POINT('',(191.85184721243,-234.1826551098));
#3251 = CARTESIAN_POINT('',(191.52442294267,-234.2229297322));
#3252 = CARTESIAN_POINT('',(191.19672194369,-234.2608262936));
#3253 = CARTESIAN_POINT('',(190.86879475401,-234.2964481272));
#3254 = CARTESIAN_POINT('',(190.54066650083,-234.3298808709));
#3255 = CARTESIAN_POINT('',(190.21232594857,-234.3611865197));
#3256 = CARTESIAN_POINT('',(189.43578147853,-234.4303788852));
#3257 = CARTESIAN_POINT('',(188.98741720961,-234.4665126272));
#3258 = CARTESIAN_POINT('',(188.53875437993,-234.4990696725));
#3259 = CARTESIAN_POINT('',(188.08982671864,-234.5282565697));
#3260 = CARTESIAN_POINT('',(187.64067238643,-234.55428557));
#3261 = CARTESIAN_POINT('',(187.19132448966,-234.5773676608));
#3262 = CARTESIAN_POINT('',(186.74180501142,-234.5977080618));
#3263 = CARTESIAN_POINT('',(185.84234583195,-234.6333427377));
#3264 = CARTESIAN_POINT('',(185.39240755055,-234.6486357729));
#3265 = CARTESIAN_POINT('',(184.94236720223,-234.6616173995));
#3266 = CARTESIAN_POINT('',(184.49225706315,-234.6725031253));
#3267 = CARTESIAN_POINT('',(184.04210763337,-234.6815081968));
#3268 = CARTESIAN_POINT('',(183.59194763688,-234.688847599));
#3269 = CARTESIAN_POINT('',(183.14180402158,-234.6947360558));
#3270 = CARTESIAN_POINT('',(182.21200481904,-234.7043458795));
#3271 = CARTESIAN_POINT('',(181.73235606325,-234.7078993735));
#3272 = CARTESIAN_POINT('',(181.25278610972,-234.7103083581));
#3273 = CARTESIAN_POINT('',(180.77332477804,-234.7118325488));
#3274 = CARTESIAN_POINT('',(180.29400132054,-234.7127317909));
#3275 = CARTESIAN_POINT('',(179.8148444532,-234.7132663209));
#3276 = CARTESIAN_POINT('',(179.33588238665,-234.7136970277));
#3277 = CARTESIAN_POINT('',(178.85714285714,-234.7142857142));
#3278 = ( GEOMETRIC_REPRESENTATION_CONTEXT(2) 
PARAMETRIC_REPRESENTATION_CONTEXT() REPRESENTATION_CONTEXT('2D SPACE',''
  ) );
#3279 = ADVANCED_FACE('',(#3280,#3687),#1138,.F.);
#3280 = FACE_BOUND('',#3281,.F.);
#3281 = EDGE_LOOP('',(#3282));
#3282 = ORIENTED_EDGE('',*,*,#3283,.F.);
#3283 = EDGE_CURVE('',#3284,#3284,#3286,.T.);
#3284 = VERTEX_POINT('',#3285);
#3285 = CARTESIAN_POINT('',(-290.,14.,-16.));
#3286 = SURFACE_CURVE('',#3287,(#3355,#3426),.PCURVE_S1.);
#3287 = B_SPLINE_CURVE_WITH_KNOTS('',3,(#3288,#3289,#3290,#3291,#3292,
    #3293,#3294,#3295,#3296,#3297,#3298,#3299,#3300,#3301,#3302,#3303,
    #3304,#3305,#3306,#3307,#3308,#3309,#3310,#3311,#3312,#3313,#3314,
    #3315,#3316,#3317,#3318,#3319,#3320,#3321,#3322,#3323,#3324,#3325,
    #3326,#3327,#3328,#3329,#3330,#3331,#3332,#3333,#3334,#3335,#3336,
    #3337,#3338,#3339,#3340,#3341,#3342,#3343,#3344,#3345,#3346,#3347,
    #3348,#3349,#3350,#3351,#3352,#3353,#3354),.UNSPECIFIED.,.T.,.F.,(1,
    1,2,1,1,1,1,1,1,1,1,1,1,1,1,1,1,1,1,1,1,1,1,1,1,1,1,1,1,1,1,1,1,1,1,
    1,1,1,1,1,1,1,1,1,1,1,1,1,1,1,1,1,1,1,1,1,1,1,1,1,1,1,1,1,1,1,2,1,1)
  ,(-4.714836320583,-2.976544026901,0.,2.976544026901,4.714836320583,
    6.16095502704,7.441908721225,8.614538896893,9.714229487566,
    10.768013189664,11.799472037621,12.830930885578,13.884714587676,
    14.984405178349,16.157035354016,17.437989048202,18.884107754659,
    20.622400048341,23.598944075024,26.575488102143,28.313780395825,
    29.759899102282,31.040852796467,32.213482972135,33.313173562808,
    34.366957264905,35.398416112862,36.429874960819,37.483658662917,
    38.58334925359,39.755979429258,41.036933123443,42.4830518299,
    44.221344123582,47.197888150138,50.174432177384,51.912724471066,
    53.358843177523,54.639796871708,55.812427047376,56.912117638049,
    57.965901340147,58.997360188104,60.028819036061,61.082602738159,
    62.182293328832,63.3549235045,64.635877198685,66.081995905142,
    67.820288198824,70.796832225273,73.773376252626,75.511668546308,
    76.957787252765,78.23874094695,79.411371122618,80.511061713291,
    81.564845415389,82.596304263346,83.627763111303,84.681546813401,
    85.781237404074,86.953867579741,88.234821273926,89.680939980383,
    91.419232274066,94.395776300967,97.372320327868,99.11061262155),
  .UNSPECIFIED.);
#3288 = CARTESIAN_POINT('',(-290.,14.001157350429,-16.98878343223));
#3289 = CARTESIAN_POINT('',(-290.,13.998842649571,-15.01121656776));
#3290 = CARTESIAN_POINT('',(-290.,14.000490343889,-13.43442618839));
#3291 = CARTESIAN_POINT('',(-290.,13.852149305783,-11.38541814756));
#3292 = CARTESIAN_POINT('',(-290.,13.626840644689,-9.912101472635));
#3293 = CARTESIAN_POINT('',(-290.,13.311392048114,-8.648921748361));
#3294 = CARTESIAN_POINT('',(-290.,12.904842366503,-7.533897813101));
#3295 = CARTESIAN_POINT('',(-290.,12.406237095364,-6.540661791786));
#3296 = CARTESIAN_POINT('',(-290.,11.814436244596,-5.655809000833));
#3297 = CARTESIAN_POINT('',(-290.,11.127880324612,-4.872119698641));
#3298 = CARTESIAN_POINT('',(-290.,10.344190874575,-4.185563785979));
#3299 = CARTESIAN_POINT('',(-290.,9.459338703685,-3.593762752158));
#3300 = CARTESIAN_POINT('',(-290.,8.466100191685,-3.095158256345));
#3301 = CARTESIAN_POINT('',(-290.,7.351086552263,-2.688605358007));
#3302 = CARTESIAN_POINT('',(-290.,6.087862552515,-2.373170598007));
#3303 = CARTESIAN_POINT('',(-290.,4.614748247435,-2.147798692926));
#3304 = CARTESIAN_POINT('',(-290.,2.564582618798,-1.999819421004));
#3305 = CARTESIAN_POINT('',(-290.,7.118674327505E-11,-2.000114002118));
#3306 = CARTESIAN_POINT('',(-290.,-2.564582618649,-1.999819421007));
#3307 = CARTESIAN_POINT('',(-290.,-4.614748247442,-2.147798692902));
#3308 = CARTESIAN_POINT('',(-290.,-6.087862552492,-2.37317059808));
#3309 = CARTESIAN_POINT('',(-290.,-7.351086552335,-2.688605357775));
#3310 = CARTESIAN_POINT('',(-290.,-8.466100191446,-3.09515825711));
#3311 = CARTESIAN_POINT('',(-290.,-9.459338704504,-3.593762749537));
#3312 = CARTESIAN_POINT('',(-290.,-10.34419087167,-4.185563795246));
#3313 = CARTESIAN_POINT('',(-290.,-11.12788033518,-4.872119664818));
#3314 = CARTESIAN_POINT('',(-290.,-11.81443620475,-5.655809128321));
#3315 = CARTESIAN_POINT('',(-290.,-12.40623725046,-6.540661295496));
#3316 = CARTESIAN_POINT('',(-290.,-12.90484174289,-7.533899808554));
#3317 = CARTESIAN_POINT('',(-290.,-13.31139464222,-8.648913447665));
#3318 = CARTESIAN_POINT('',(-290.,-13.62682940192,-9.912137447508));
#3319 = CARTESIAN_POINT('',(-290.,-13.85220130709,-11.38525175255));
#3320 = CARTESIAN_POINT('',(-290.,-14.00018057898,-13.43541738116));
#3321 = CARTESIAN_POINT('',(-290.,-13.99988599788,-15.99999999988));
#3322 = CARTESIAN_POINT('',(-290.,-14.00018057899,-18.5645826186));
#3323 = CARTESIAN_POINT('',(-290.,-13.85220130709,-20.61474824744));
#3324 = CARTESIAN_POINT('',(-290.,-13.62682940192,-22.08786255249));
#3325 = CARTESIAN_POINT('',(-290.,-13.31139464222,-23.35108655233));
#3326 = CARTESIAN_POINT('',(-290.,-12.90484174289,-24.46610019144));
#3327 = CARTESIAN_POINT('',(-290.,-12.40623725046,-25.4593387045));
#3328 = CARTESIAN_POINT('',(-290.,-11.81443620475,-26.34419087167));
#3329 = CARTESIAN_POINT('',(-290.,-11.12788033518,-27.12788033518));
#3330 = CARTESIAN_POINT('',(-290.,-10.34419087167,-27.81443620475));
#3331 = CARTESIAN_POINT('',(-290.,-9.459338704504,-28.40623725046));
#3332 = CARTESIAN_POINT('',(-290.,-8.466100191446,-28.90484174289));
#3333 = CARTESIAN_POINT('',(-290.,-7.351086552335,-29.31139464222));
#3334 = CARTESIAN_POINT('',(-290.,-6.087862552492,-29.62682940192));
#3335 = CARTESIAN_POINT('',(-290.,-4.614748247442,-29.85220130709));
#3336 = CARTESIAN_POINT('',(-290.,-2.564582618872,-30.00018057897));
#3337 = CARTESIAN_POINT('',(-290.,-1.495239434321E-10,-29.99988599788));
#3338 = CARTESIAN_POINT('',(-290.,2.564582618567,-30.00018057901));
#3339 = CARTESIAN_POINT('',(-290.,4.61474824745,-29.85220130707));
#3340 = CARTESIAN_POINT('',(-290.,6.087862552469,-29.62682940199));
#3341 = CARTESIAN_POINT('',(-290.,7.351086552407,-29.31139464199));
#3342 = CARTESIAN_POINT('',(-290.,8.466100191207,-28.90484174365));
#3343 = CARTESIAN_POINT('',(-290.,9.459338705323,-28.40623724784));
#3344 = CARTESIAN_POINT('',(-290.,10.344190868783,-27.81443621402));
#3345 = CARTESIAN_POINT('',(-290.,11.127880345752,-27.12788030135));
#3346 = CARTESIAN_POINT('',(-290.,11.814436164912,-26.34419099916));
#3347 = CARTESIAN_POINT('',(-290.,12.406237405562,-25.45933820821));
#3348 = CARTESIAN_POINT('',(-290.,12.904841119276,-24.46610218689));
#3349 = CARTESIAN_POINT('',(-290.,13.311397236336,-23.35107825163));
#3350 = CARTESIAN_POINT('',(-290.,13.62681815915,-22.08789852736));
#3351 = CARTESIAN_POINT('',(-290.,13.852253308414,-20.61458185243));
#3352 = CARTESIAN_POINT('',(-290.,13.999870814087,-18.5655738116));
#3353 = CARTESIAN_POINT('',(-290.,14.001157350429,-16.98878343223));
#3354 = CARTESIAN_POINT('',(-290.,13.998842649571,-15.01121656776));
#3355 = PCURVE('',#1138,#3356);
#3356 = DEFINITIONAL_REPRESENTATION('',(#3357),#3425);
#3357 = B_SPLINE_CURVE_WITH_KNOTS('',3,(#3358,#3359,#3360,#3361,#3362,
    #3363,#3364,#3365,#3366,#3367,#3368,#3369,#3370,#3371,#3372,#3373,
    #3374,#3375,#3376,#3377,#3378,#3379,#3380,#3381,#3382,#3383,#3384,
    #3385,#3386,#3387,#3388,#3389,#3390,#3391,#3392,#3393,#3394,#3395,
    #3396,#3397,#3398,#3399,#3400,#3401,#3402,#3403,#3404,#3405,#3406,
    #3407,#3408,#3409,#3410,#3411,#3412,#3413,#3414,#3415,#3416,#3417,
    #3418,#3419,#3420,#3421,#3422,#3423,#3424),.UNSPECIFIED.,.F.,.F.,(1,
    1,2,1,1,1,1,1,1,1,1,1,1,1,1,1,1,1,1,1,1,1,1,1,1,1,1,1,1,1,1,1,1,1,1,
    1,1,1,1,1,1,1,1,1,1,1,1,1,1,1,1,1,1,1,1,1,1,1,1,1,1,1,1,1,1,1,2,1,1)
  ,(-4.714836320583,-2.976544026901,0.,2.976544026901,4.714836320583,
    6.16095502704,7.441908721225,8.614538896893,9.714229487566,
    10.768013189664,11.799472037621,12.830930885578,13.884714587676,
    14.984405178349,16.157035354016,17.437989048202,18.884107754659,
    20.622400048341,23.598944075024,26.575488102143,28.313780395825,
    29.759899102282,31.040852796467,32.213482972135,33.313173562808,
    34.366957264905,35.398416112862,36.429874960819,37.483658662917,
    38.58334925359,39.755979429258,41.036933123443,42.4830518299,
    44.221344123582,47.197888150138,50.174432177384,51.912724471066,
    53.358843177523,54.639796871708,55.812427047376,56.912117638049,
    57.965901340147,58.997360188104,60.028819036061,61.082602738159,
    62.182293328832,63.3549235045,64.635877198685,66.081995905142,
    67.820288198824,70.796832225273,73.773376252626,75.511668546308,
    76.957787252765,78.23874094695,79.411371122618,80.511061713291,
    81.564845415389,82.596304263346,83.627763111303,84.681546813401,
    85.781237404074,86.953867579741,88.234821273926,89.680939980383,
    91.419232274066,94.395776300967,97.372320327868,99.11061262155),
  .UNSPECIFIED.);
#3358 = CARTESIAN_POINT('',(0.204619794404,-0.967380356973));
#3359 = CARTESIAN_POINT('',(-0.204619794404,0.967380356973));
#3360 = CARTESIAN_POINT('',(-0.53433914037,2.509312835477));
#3361 = CARTESIAN_POINT('',(-0.815614720634,4.544336929417));
#3362 = CARTESIAN_POINT('',(-0.901814245312,6.032287082932));
#3363 = CARTESIAN_POINT('',(-0.856120426463,7.333456905751));
#3364 = CARTESIAN_POINT('',(-0.690490554381,8.508670828956));
#3365 = CARTESIAN_POINT('',(-0.40947779903,9.58391816877));
#3366 = CARTESIAN_POINT('',(-1.475644861302E-02,10.572547403696));
#3367 = CARTESIAN_POINT('',(0.493696524273,11.481944746995));
#3368 = CARTESIAN_POINT('',(1.117368910816,12.316547005303));
#3369 = CARTESIAN_POINT('',(1.85970677079,13.079519042544));
#3370 = CARTESIAN_POINT('',(2.727451334906,13.773888221304));
#3371 = CARTESIAN_POINT('',(3.733460070718,14.403560436598));
#3372 = CARTESIAN_POINT('',(4.903395319401,14.974949511788));
#3373 = CARTESIAN_POINT('',(6.297367297745,15.501922352663));
#3374 = CARTESIAN_POINT('',(8.271863585924,16.073272838556));
#3375 = CARTESIAN_POINT('',(10.780370256933,16.606637982299));
#3376 = CARTESIAN_POINT('',(13.28875433163,17.140579391843));
#3377 = CARTESIAN_POINT('',(15.324835396177,17.422449697104));
#3378 = CARTESIAN_POINT('',(16.812600769767,17.50854525177));
#3379 = CARTESIAN_POINT('',(18.11381101973,17.462874180038));
#3380 = CARTESIAN_POINT('',(19.289015541726,17.297239018184));
#3381 = CARTESIAN_POINT('',(20.3642651567,17.016227542996));
#3382 = CARTESIAN_POINT('',(21.352893822068,16.621505872105));
#3383 = CARTESIAN_POINT('',(22.262291312656,16.113052982094));
#3384 = CARTESIAN_POINT('',(23.09689353162,15.489380573414));
#3385 = CARTESIAN_POINT('',(23.859865579715,14.747042719548));
#3386 = CARTESIAN_POINT('',(24.554234755383,13.879298153692));
#3387 = CARTESIAN_POINT('',(25.183906971588,12.873289418391));
#3388 = CARTESIAN_POINT('',(25.755296046499,11.703354169552));
#3389 = CARTESIAN_POINT('',(26.282268887464,10.309382191258));
#3390 = CARTESIAN_POINT('',(26.853619373311,8.334885903101));
#3391 = CARTESIAN_POINT('',(27.386984517072,5.826379232102));
#3392 = CARTESIAN_POINT('',(27.920925926614,3.317995157403));
#3393 = CARTESIAN_POINT('',(28.202796231882,1.281914092813));
#3394 = CARTESIAN_POINT('',(28.288891786548,-0.205851280776));
#3395 = CARTESIAN_POINT('',(28.243220714816,-1.50706153074));
#3396 = CARTESIAN_POINT('',(28.077585552962,-2.682266052735));
#3397 = CARTESIAN_POINT('',(27.796574077774,-3.75751566771));
#3398 = CARTESIAN_POINT('',(27.401852406884,-4.746144333077));
#3399 = CARTESIAN_POINT('',(26.893399516873,-5.655541823666));
#3400 = CARTESIAN_POINT('',(26.269727108192,-6.490144042629));
#3401 = CARTESIAN_POINT('',(25.527389254326,-7.253116090725));
#3402 = CARTESIAN_POINT('',(24.65964468847,-7.947485266393));
#3403 = CARTESIAN_POINT('',(23.653635953169,-8.577157482597));
#3404 = CARTESIAN_POINT('',(22.483700704331,-9.148546557509));
#3405 = CARTESIAN_POINT('',(21.089728726036,-9.675519398473));
#3406 = CARTESIAN_POINT('',(19.115232437914,-10.24686988431));
#3407 = CARTESIAN_POINT('',(16.606725766913,-10.78023502807));
#3408 = CARTESIAN_POINT('',(14.098341692223,-11.31417643763));
#3409 = CARTESIAN_POINT('',(12.062260627579,-11.59604674286));
#3410 = CARTESIAN_POINT('',(10.57449525404,-11.68214229762));
#3411 = CARTESIAN_POINT('',(9.27328500392,-11.63647122561));
#3412 = CARTESIAN_POINT('',(8.098080482436,-11.47083606467));
#3413 = CARTESIAN_POINT('',(7.022830865722,-11.18982458639));
#3414 = CARTESIAN_POINT('',(6.034202206462,-10.79510292635));
#3415 = CARTESIAN_POINT('',(5.124804693736,-10.28664999699));
#3416 = CARTESIAN_POINT('',(4.290202557647,-9.662977735608));
#3417 = CARTESIAN_POINT('',(3.527230189079,-8.920639312183));
#3418 = CARTESIAN_POINT('',(2.832862293574,-8.052897021488));
#3419 = CARTESIAN_POINT('',(2.203184787597,-7.046878884978));
#3420 = CARTESIAN_POINT('',(1.631818459802,-5.876984063283));
#3421 = CARTESIAN_POINT('',(1.104741648826,-4.482827305063));
#3422 = CARTESIAN_POINT('',(0.533985887935,-2.50938798733));
#3423 = CARTESIAN_POINT('',(0.204619794404,-0.967380356973));
#3424 = CARTESIAN_POINT('',(-0.204619794404,0.967380356973));
#3425 = ( GEOMETRIC_REPRESENTATION_CONTEXT(2) 
PARAMETRIC_REPRESENTATION_CONTEXT() REPRESENTATION_CONTEXT('2D SPACE',''
  ) );
#3426 = PCURVE('',#3427,#3682);
#3427 = B_SPLINE_SURFACE_WITH_KNOTS('',3,1,(
    (#3428,#3429)
    ,(#3430,#3431)
    ,(#3432,#3433)
    ,(#3434,#3435)
    ,(#3436,#3437)
    ,(#3438,#3439)
    ,(#3440,#3441)
    ,(#3442,#3443)
    ,(#3444,#3445)
    ,(#3446,#3447)
    ,(#3448,#3449)
    ,(#3450,#3451)
    ,(#3452,#3453)
    ,(#3454,#3455)
    ,(#3456,#3457)
    ,(#3458,#3459)
    ,(#3460,#3461)
    ,(#3462,#3463)
    ,(#3464,#3465)
    ,(#3466,#3467)
    ,(#3468,#3469)
    ,(#3470,#3471)
    ,(#3472,#3473)
    ,(#3474,#3475)
    ,(#3476,#3477)
    ,(#3478,#3479)
    ,(#3480,#3481)
    ,(#3482,#3483)
    ,(#3484,#3485)
    ,(#3486,#3487)
    ,(#3488,#3489)
    ,(#3490,#3491)
    ,(#3492,#3493)
    ,(#3494,#3495)
    ,(#3496,#3497)
    ,(#3498,#3499)
    ,(#3500,#3501)
    ,(#3502,#3503)
    ,(#3504,#3505)
    ,(#3506,#3507)
    ,(#3508,#3509)
    ,(#3510,#3511)
    ,(#3512,#3513)
    ,(#3514,#3515)
    ,(#3516,#3517)
    ,(#3518,#3519)
    ,(#3520,#3521)
    ,(#3522,#3523)
    ,(#3524,#3525)
    ,(#3526,#3527)
    ,(#3528,#3529)
    ,(#3530,#3531)
    ,(#3532,#3533)
    ,(#3534,#3535)
    ,(#3536,#3537)
    ,(#3538,#3539)
    ,(#3540,#3541)
    ,(#3542,#3543)
    ,(#3544,#3545)
    ,(#3546,#3547)
    ,(#3548,#3549)
    ,(#3550,#3551)
    ,(#3552,#3553)
    ,(#3554,#3555)
    ,(#3556,#3557)
    ,(#3558,#3559)
    ,(#3560,#3561)
    ,(#3562,#3563)
    ,(#3564,#3565)
    ,(#3566,#3567)
    ,(#3568,#3569)
    ,(#3570,#3571)
    ,(#3572,#3573)
    ,(#3574,#3575)
    ,(#3576,#3577)
    ,(#3578,#3579)
    ,(#3580,#3581)
    ,(#3582,#3583)
    ,(#3584,#3585)
    ,(#3586,#3587)
    ,(#3588,#3589)
    ,(#3590,#3591)
    ,(#3592,#3593)
    ,(#3594,#3595)
    ,(#3596,#3597)
    ,(#3598,#3599)
    ,(#3600,#3601)
    ,(#3602,#3603)
    ,(#3604,#3605)
    ,(#3606,#3607)
    ,(#3608,#3609)
    ,(#3610,#3611)
    ,(#3612,#3613)
    ,(#3614,#3615)
    ,(#3616,#3617)
    ,(#3618,#3619)
    ,(#3620,#3621)
    ,(#3622,#3623)
    ,(#3624,#3625)
    ,(#3626,#3627)
    ,(#3628,#3629)
    ,(#3630,#3631)
    ,(#3632,#3633)
    ,(#3634,#3635)
    ,(#3636,#3637)
    ,(#3638,#3639)
    ,(#3640,#3641)
    ,(#3642,#3643)
    ,(#3644,#3645)
    ,(#3646,#3647)
    ,(#3648,#3649)
    ,(#3650,#3651)
    ,(#3652,#3653)
    ,(#3654,#3655)
    ,(#3656,#3657)
    ,(#3658,#3659)
    ,(#3660,#3661)
    ,(#3662,#3663)
    ,(#3664,#3665)
    ,(#3666,#3667)
    ,(#3668,#3669)
    ,(#3670,#3671)
    ,(#3672,#3673)
    ,(#3674,#3675)
    ,(#3676,#3677)
    ,(#3678,#3679)
    ,(#3680,#3681
    )),.UNSPECIFIED.,.T.,.F.,.F.,(1,1,2,1,1,1,1,1,1,1,1,1,1,1,1,1,1,1,1,
    1,1,1,1,1,1,1,1,1,1,1,1,1,1,1,1,1,1,1,1,1,1,1,1,1,1,1,1,1,1,1,1,1,1,
    1,1,1,1,1,1,1,1,1,1,1,1,1,1,1,1,1,1,1,1,1,1,1,1,1,1,1,1,1,1,1,1,1,1,
    1,1,1,1,1,1,1,1,1,1,1,1,1,1,1,1,1,1,1,1,1,1,1,1,1,1,1,1,1,1,1,1,1,1,
    1,1,1,1,1,2,1,1),(2,2),(-6.165650630063,-6.059677238504,0.,
    6.059677238504,6.165650630063,9.598509572477,9.76566357798,
    12.542532079954,12.758738624035,15.150310051346,15.406700940539,
    17.53756195169,17.82587241205,19.776322736503,20.088055313662,
    21.921625831703,22.24779722312,24.021479772021,24.352674532096,
    26.121333712339,26.447943484557,28.266636807539,28.579172129108,
    30.505397592353,30.794747337827,32.892649492697,33.150164915478,
    35.500427464089,35.717696464072,38.444449971565,38.612476010995,
    41.983282305539,42.089822075284,48.0429595436,53.996097012801,
    54.102636782546,57.47344307709,57.641469116519,60.368222624013,
    60.585491623996,62.935754172607,63.193269595388,65.291171750258,
    65.580521495732,67.506746958977,67.819282280546,69.637975603528,
    69.964585375745,71.733244555989,72.064439316064,73.838121864965,
    74.164293256382,75.997863774423,76.309596351581,78.260046676035,
    78.548357136395,80.679218147545,80.935609036739,83.32718046405,
    83.543387008131,86.320255510104,86.487409515608,89.920268458022,
    90.026241849581,96.085919087382,102.14559632658,102.25156971814,
    105.68442866056,105.85158266606,108.62845116803,108.84465771212,
    111.23622913943,111.49262002862,113.62348103977,113.91179150013,
    115.86224182458,116.17397440174,118.00754491978,118.3337163112,
    120.1073988601,120.43859362018,122.20725280042,122.53386257264,
    124.35255589562,124.66509121719,126.59131668043,126.88066642591,
    128.97856858078,129.23608400356,131.58634655217,131.80361555215,
    134.53036905965,134.69839509908,138.06920139362,138.17574116336,
    144.1288786312,150.08201610088,150.18855587063,153.55936216517,
    153.7273882046,156.45414171209,156.67141071208,159.02167326069,
    159.27918868347,161.37709083834,161.66644058381,163.59266604706,
    163.90520136863,165.72389469161,166.05050446383,167.81916364407,
    168.15035840414,169.92404095304,170.25021234446,172.0837828625,
    172.39551543966,174.34596576412,174.63427622448,176.76513723563,
    177.02152812482,179.41309955213,179.62930609621,182.40617459818,
    182.57332860369,186.0061875461,186.11216093766,192.17183817617,
    198.23151541467,198.33748880623),(0.,1.),.UNSPECIFIED.);
#3428 = CARTESIAN_POINT('',(-290.,14.001157350429,-16.98878343223));
#3429 = CARTESIAN_POINT('',(-270.,28.002447556246,-21.01341959096));
#3430 = CARTESIAN_POINT('',(-290.,13.998842649571,-15.01121656776));
#3431 = CARTESIAN_POINT('',(-270.,27.997552443754,-16.98658040903));
#3432 = CARTESIAN_POINT('',(-290.,13.999901054257,-13.99835738138));
#3433 = CARTESIAN_POINT('',(-270.,27.99969443694,-14.92525322343));
#3434 = CARTESIAN_POINT('',(-290.,13.927568942594,-12.42717600658));
#3435 = CARTESIAN_POINT('',(-270.,27.86252688235,-11.72619658528));
#3436 = CARTESIAN_POINT('',(-290.,13.88295310657,-11.82182680315));
#3437 = CARTESIAN_POINT('',(-270.,27.777857421478,-10.49336370698));
#3438 = CARTESIAN_POINT('',(-290.,13.760297524134,-10.7847898323));
#3439 = CARTESIAN_POINT('',(-270.,27.544963896522,-8.38038278159));
#3440 = CARTESIAN_POINT('',(-290.,13.680549795441,-10.27289392067));
#3441 = CARTESIAN_POINT('',(-270.,27.393580961125,-7.336709457121));
#3442 = CARTESIAN_POINT('',(-290.,13.501272784502,-9.409278582533));
#3443 = CARTESIAN_POINT('',(-270.,27.052982574345,-5.573785623872));
#3444 = CARTESIAN_POINT('',(-290.,13.385426956963,-8.954177697436));
#3445 = CARTESIAN_POINT('',(-270.,26.832770838642,-4.643521970752));
#3446 = CARTESIAN_POINT('',(-290.,13.150421542658,-8.207435813005));
#3447 = CARTESIAN_POINT('',(-270.,26.385340349075,-3.114042823705));
#3448 = CARTESIAN_POINT('',(-290.,12.997465800654,-7.796127845657));
#3449 = CARTESIAN_POINT('',(-270.,26.093697532348,-2.26969524243));
#3450 = CARTESIAN_POINT('',(-290.,12.707827555855,-7.141438651525));
#3451 = CARTESIAN_POINT('',(-270.,25.540063791894,-0.921670466087));
#3452 = CARTESIAN_POINT('',(-290.,12.517063924825,-6.769038155254));
#3453 = CARTESIAN_POINT('',(-270.,25.174465563518,-0.152364477221));
#3454 = CARTESIAN_POINT('',(-290.,12.173448188515,-6.192598902621));
#3455 = CARTESIAN_POINT('',(-270.,24.51361706668,1.043228558071));
#3456 = CARTESIAN_POINT('',(-290.,11.944798579554,-5.857670999258));
#3457 = CARTESIAN_POINT('',(-270.,24.072199373748,1.740855412371));
#3458 = CARTESIAN_POINT('',(-290.,11.547012681999,-5.35055056658));
#3459 = CARTESIAN_POINT('',(-270.,23.300876579623,2.80223030134));
#3460 = CARTESIAN_POINT('',(-290.,11.281072958157,-5.053175620554));
#3461 = CARTESIAN_POINT('',(-270.,22.782772961232,3.427666951699));
#3462 = CARTESIAN_POINT('',(-290.,10.827614930859,-4.609070372867));
#3463 = CARTESIAN_POINT('',(-270.,21.894986150411,4.366521484646));
#3464 = CARTESIAN_POINT('',(-290.,10.525463188389,-4.349722468467));
#3465 = CARTESIAN_POINT('',(-270.,21.300397982157,4.917547391412));
#3466 = CARTESIAN_POINT('',(-290.,10.013054400746,-3.964095258247));
#3467 = CARTESIAN_POINT('',(-270.,20.287085426845,5.740881599002));
#3468 = CARTESIAN_POINT('',(-290.,9.67576591364,-3.742992618767));
#3469 = CARTESIAN_POINT('',(-270.,19.616807043627,6.215114685298));
#3470 = CARTESIAN_POINT('',(-290.,9.098815010655,-3.412780307337));
#3471 = CARTESIAN_POINT('',(-270.,18.46523685425,6.92625080455));
#3472 = CARTESIAN_POINT('',(-290.,8.726710027287,-3.229600929465));
#3473 = CARTESIAN_POINT('',(-270.,17.719421006987,7.322215038805));
#3474 = CARTESIAN_POINT('',(-290.,8.076418231414,-2.953073599461));
#3475 = CARTESIAN_POINT('',(-270.,16.411525372578,7.921696941724));
#3476 = CARTESIAN_POINT('',(-290.,7.667992552176,-2.806955871781));
#3477 = CARTESIAN_POINT('',(-270.,15.587458517248,8.239322167042));
#3478 = CARTESIAN_POINT('',(-290.,6.930263839835,-2.583523352501));
#3479 = CARTESIAN_POINT('',(-270.,14.095378880134,8.725835647634));
#3480 = CARTESIAN_POINT('',(-290.,6.480371653981,-2.473236215974));
#3481 = CARTESIAN_POINT('',(-270.,13.18348058209,8.966396520723));
#3482 = CARTESIAN_POINT('',(-290.,5.630070758287,-2.303132985556));
#3483 = CARTESIAN_POINT('',(-270.,11.457475749298,9.337681089314));
#3484 = CARTESIAN_POINT('',(-290.,5.125624059902,-2.227335324994));
#3485 = CARTESIAN_POINT('',(-270.,10.432201011302,9.503283822091));
#3486 = CARTESIAN_POINT('',(-290.,4.106061889284,-2.111082129218));
#3487 = CARTESIAN_POINT('',(-270.,8.358503978466,9.757263653123));
#3488 = CARTESIAN_POINT('',(-290.,3.510179069091,-2.068827397248));
#3489 = CARTESIAN_POINT('',(-270.,7.145780691685,9.849620153009));
#3490 = CARTESIAN_POINT('',(-290.,1.967523837418,-1.999888002238));
#3491 = CARTESIAN_POINT('',(-270.,4.005594119656,10.000238192048));
#3492 = CARTESIAN_POINT('',(-290.,7.123508033446E-11,-2.000110028644));
#3493 = CARTESIAN_POINT('',(-270.,1.423221587643E-10,9.999765995787));
#3494 = CARTESIAN_POINT('',(-290.,-1.96752383727,-1.99988800224));
#3495 = CARTESIAN_POINT('',(-270.,-4.005594119361,10.000238192046));
#3496 = CARTESIAN_POINT('',(-290.,-3.510179069093,-2.068827397244));
#3497 = CARTESIAN_POINT('',(-270.,-7.145780691688,9.849620153019));
#3498 = CARTESIAN_POINT('',(-290.,-4.106061889289,-2.111082129203));
#3499 = CARTESIAN_POINT('',(-270.,-8.358503978476,9.757263653153));
#3500 = CARTESIAN_POINT('',(-290.,-5.125624059898,-2.227335325005));
#3501 = CARTESIAN_POINT('',(-270.,-10.43220101129,9.503283822064));
#3502 = CARTESIAN_POINT('',(-290.,-5.630070758274,-2.303132985599));
#3503 = CARTESIAN_POINT('',(-270.,-11.45747574926,9.337681089233));
#3504 = CARTESIAN_POINT('',(-290.,-6.48037165399,-2.473236215946));
#3505 = CARTESIAN_POINT('',(-270.,-13.18348058212,8.966396520812));
#3506 = CARTESIAN_POINT('',(-290.,-6.930263839876,-2.583523352371));
#3507 = CARTESIAN_POINT('',(-270.,-14.09537888022,8.725835647885));
#3508 = CARTESIAN_POINT('',(-290.,-7.667992552151,-2.806955871861));
#3509 = CARTESIAN_POINT('',(-270.,-15.58745851714,8.239322166739));
#3510 = CARTESIAN_POINT('',(-290.,-8.076418231283,-2.953073599878));
#3511 = CARTESIAN_POINT('',(-270.,-16.41152537229,7.921696940916));
#3512 = CARTESIAN_POINT('',(-290.,-8.726710027361,-3.229600929229));
#3513 = CARTESIAN_POINT('',(-270.,-17.71942100735,7.322215039872));
#3514 = CARTESIAN_POINT('',(-290.,-9.09881501109,-3.412780305945));
#3515 = CARTESIAN_POINT('',(-270.,-18.46523685518,6.926250807254));
#3516 = CARTESIAN_POINT('',(-290.,-9.675765913409,-3.742992619506));
#3517 = CARTESIAN_POINT('',(-270.,-19.61680704229,6.215114681452));
#3518 = CARTESIAN_POINT('',(-290.,-10.01305439924,-3.964095263065));
#3519 = CARTESIAN_POINT('',(-270.,-20.28708542359,5.74088158963));
#3520 = CARTESIAN_POINT('',(-290.,-10.52546318916,-4.349722466));
#3521 = CARTESIAN_POINT('',(-270.,-21.30039798706,4.917547405547));
#3522 = CARTESIAN_POINT('',(-290.,-10.82761493627,-4.609070355553));
#3523 = CARTESIAN_POINT('',(-270.,-21.89498616211,4.36652151838));
#3524 = CARTESIAN_POINT('',(-290.,-11.28107295536,-5.053175629486));
#3525 = CARTESIAN_POINT('',(-270.,-22.78277294287,3.427666898815));
#3526 = CARTESIAN_POINT('',(-290.,-11.54701266179,-5.350550631235));
#3527 = CARTESIAN_POINT('',(-270.,-23.3008765358,2.802230175086));
#3528 = CARTESIAN_POINT('',(-290.,-11.94479859056,-5.857670964027));
#3529 = CARTESIAN_POINT('',(-270.,-24.07219944357,1.740855613578));
#3530 = CARTESIAN_POINT('',(-290.,-12.17344826693,-6.192598651699));
#3531 = CARTESIAN_POINT('',(-270.,-24.51361723714,1.04322904924));
#3532 = CARTESIAN_POINT('',(-290.,-12.51706387788,-6.769038305455));
#3533 = CARTESIAN_POINT('',(-270.,-25.17446529328,-0.152365255848));
#3534 = CARTESIAN_POINT('',(-290.,-12.70782723993,-7.141439662411));
#3535 = CARTESIAN_POINT('',(-270.,-25.54006310397,-0.921672448221));
#3536 = CARTESIAN_POINT('',(-290.,-12.9974660136,-7.796127164252));
#3537 = CARTESIAN_POINT('',(-270.,-26.09369859775,-2.269692172616));
#3538 = CARTESIAN_POINT('',(-290.,-13.15042286273,-8.207431588997));
#3539 = CARTESIAN_POINT('',(-270.,-26.38534322334,-3.114034541916));
#3540 = CARTESIAN_POINT('',(-290.,-13.38542594282,-8.954180942491));
#3541 = CARTESIAN_POINT('',(-270.,-26.83276653803,-4.643534362325));
#3542 = CARTESIAN_POINT('',(-290.,-13.50126704965,-9.409296933018));
#3543 = CARTESIAN_POINT('',(-270.,-27.05297011979,-5.57382150986));
#3544 = CARTESIAN_POINT('',(-290.,-13.68055485586,-10.27287772821));
#3545 = CARTESIAN_POINT('',(-270.,-27.39359895788,-7.33665760205));
#3546 = CARTESIAN_POINT('',(-290.,-13.76032374267,-10.7847059376));
#3547 = CARTESIAN_POINT('',(-270.,-27.54502053033,-8.380219599433));
#3548 = CARTESIAN_POINT('',(-290.,-13.88292590203,-11.82191385285));
#3549 = CARTESIAN_POINT('',(-270.,-27.77777645355,-10.49359700439));
#3550 = CARTESIAN_POINT('',(-290.,-13.92743701451,-12.42759815308));
#3551 = CARTESIAN_POINT('',(-270.,-27.86224424045,-11.72701097717));
#3552 = CARTESIAN_POINT('',(-290.,-14.00011599581,-13.99766960631));
#3553 = CARTESIAN_POINT('',(-270.,-28.00022597979,-14.92372165902));
#3554 = CARTESIAN_POINT('',(-290.,-13.99988599788,-15.99999999988));
#3555 = CARTESIAN_POINT('',(-270.,-27.99977790426,-18.99999999976));
#3556 = CARTESIAN_POINT('',(-290.,-14.00011599582,-18.00233039346));
#3557 = CARTESIAN_POINT('',(-270.,-28.00022597982,-23.0762783405));
#3558 = CARTESIAN_POINT('',(-290.,-13.92743701451,-19.57240184691));
#3559 = CARTESIAN_POINT('',(-270.,-27.86224424045,-26.27298902282));
#3560 = CARTESIAN_POINT('',(-290.,-13.88292590203,-20.17808614714));
#3561 = CARTESIAN_POINT('',(-270.,-27.77777645355,-27.5064029956));
#3562 = CARTESIAN_POINT('',(-290.,-13.76032374267,-21.21529406239));
#3563 = CARTESIAN_POINT('',(-270.,-27.54502053033,-29.61978040056));
#3564 = CARTESIAN_POINT('',(-290.,-13.68055485586,-21.72712227178));
#3565 = CARTESIAN_POINT('',(-270.,-27.39359895788,-30.66334239795));
#3566 = CARTESIAN_POINT('',(-290.,-13.50126704965,-22.59070306698));
#3567 = CARTESIAN_POINT('',(-270.,-27.05297011979,-32.42617849014));
#3568 = CARTESIAN_POINT('',(-290.,-13.38542594282,-23.0458190575));
#3569 = CARTESIAN_POINT('',(-270.,-26.83276653803,-33.35646563767));
#3570 = CARTESIAN_POINT('',(-290.,-13.15042286273,-23.792568411));
#3571 = CARTESIAN_POINT('',(-270.,-26.38534322334,-34.88596545808));
#3572 = CARTESIAN_POINT('',(-290.,-12.9974660136,-24.20387283574));
#3573 = CARTESIAN_POINT('',(-270.,-26.09369859775,-35.73030782738));
#3574 = CARTESIAN_POINT('',(-290.,-12.70782723993,-24.85856033758));
#3575 = CARTESIAN_POINT('',(-270.,-25.54006310397,-37.07832755177));
#3576 = CARTESIAN_POINT('',(-290.,-12.51706387788,-25.23096169454));
#3577 = CARTESIAN_POINT('',(-270.,-25.17446529328,-37.84763474415));
#3578 = CARTESIAN_POINT('',(-290.,-12.17344826693,-25.8074013483));
#3579 = CARTESIAN_POINT('',(-270.,-24.51361723714,-39.04322904924));
#3580 = CARTESIAN_POINT('',(-290.,-11.94479859056,-26.14232903597));
#3581 = CARTESIAN_POINT('',(-270.,-24.07219944357,-39.74085561357));
#3582 = CARTESIAN_POINT('',(-290.,-11.54701266179,-26.64944936876));
#3583 = CARTESIAN_POINT('',(-270.,-23.3008765358,-40.80223017508));
#3584 = CARTESIAN_POINT('',(-290.,-11.28107295536,-26.94682437051));
#3585 = CARTESIAN_POINT('',(-270.,-22.78277294287,-41.42766689881));
#3586 = CARTESIAN_POINT('',(-290.,-10.82761493627,-27.39092964444));
#3587 = CARTESIAN_POINT('',(-270.,-21.89498616211,-42.36652151838));
#3588 = CARTESIAN_POINT('',(-290.,-10.52546318916,-27.650277534));
#3589 = CARTESIAN_POINT('',(-270.,-21.30039798706,-42.91754740554));
#3590 = CARTESIAN_POINT('',(-290.,-10.01305439924,-28.03590473693));
#3591 = CARTESIAN_POINT('',(-270.,-20.28708542359,-43.74088158963));
#3592 = CARTESIAN_POINT('',(-290.,-9.675765913409,-28.25700738049));
#3593 = CARTESIAN_POINT('',(-270.,-19.61680704229,-44.21511468145));
#3594 = CARTESIAN_POINT('',(-290.,-9.09881501109,-28.58721969405));
#3595 = CARTESIAN_POINT('',(-270.,-18.46523685518,-44.92625080725));
#3596 = CARTESIAN_POINT('',(-290.,-8.726710027361,-28.77039907077));
#3597 = CARTESIAN_POINT('',(-270.,-17.71942100735,-45.32221503987));
#3598 = CARTESIAN_POINT('',(-290.,-8.076418231283,-29.04692640012));
#3599 = CARTESIAN_POINT('',(-270.,-16.41152537229,-45.92169694091));
#3600 = CARTESIAN_POINT('',(-290.,-7.667992552151,-29.19304412813));
#3601 = CARTESIAN_POINT('',(-270.,-15.58745851714,-46.23932216673));
#3602 = CARTESIAN_POINT('',(-290.,-6.930263839876,-29.41647664762));
#3603 = CARTESIAN_POINT('',(-270.,-14.09537888022,-46.72583564788));
#3604 = CARTESIAN_POINT('',(-290.,-6.48037165399,-29.52676378405));
#3605 = CARTESIAN_POINT('',(-270.,-13.18348058212,-46.96639652081));
#3606 = CARTESIAN_POINT('',(-290.,-5.630070758274,-29.6968670144));
#3607 = CARTESIAN_POINT('',(-270.,-11.45747574926,-47.33768108923));
#3608 = CARTESIAN_POINT('',(-290.,-5.125624059898,-29.77266467499));
#3609 = CARTESIAN_POINT('',(-270.,-10.43220101129,-47.50328382206));
#3610 = CARTESIAN_POINT('',(-290.,-4.106061889289,-29.88891787079));
#3611 = CARTESIAN_POINT('',(-270.,-8.358503978476,-47.75726365315));
#3612 = CARTESIAN_POINT('',(-290.,-3.510179069093,-29.93117260275));
#3613 = CARTESIAN_POINT('',(-270.,-7.145780691689,-47.84962015302));
#3614 = CARTESIAN_POINT('',(-290.,-1.967523837493,-30.00011199774));
#3615 = CARTESIAN_POINT('',(-270.,-4.005594119806,-48.00023819202));
#3616 = CARTESIAN_POINT('',(-290.,-1.495758829295E-10,-29.99988997135));
#3617 = CARTESIAN_POINT('',(-270.,-2.990087342317E-10,-47.99976599578));
#3618 = CARTESIAN_POINT('',(-290.,1.967523837189,-30.00011199777));
#3619 = CARTESIAN_POINT('',(-270.,4.005594119198,-48.00023819207));
#3620 = CARTESIAN_POINT('',(-290.,3.510179069094,-29.93117260275));
#3621 = CARTESIAN_POINT('',(-270.,7.145780691692,-47.849620153));
#3622 = CARTESIAN_POINT('',(-290.,4.106061889294,-29.88891787078));
#3623 = CARTESIAN_POINT('',(-270.,8.358503978486,-47.75726365312));
#3624 = CARTESIAN_POINT('',(-290.,5.125624059895,-29.772664675));
#3625 = CARTESIAN_POINT('',(-270.,10.432201011283,-47.50328382209));
#3626 = CARTESIAN_POINT('',(-290.,5.63007075826,-29.69686701444));
#3627 = CARTESIAN_POINT('',(-270.,11.457475749241,-47.33768108931));
#3628 = CARTESIAN_POINT('',(-290.,6.480371653999,-29.52676378402));
#3629 = CARTESIAN_POINT('',(-270.,13.183480582152,-46.96639652072));
#3630 = CARTESIAN_POINT('',(-290.,6.930263839917,-29.41647664749));
#3631 = CARTESIAN_POINT('',(-270.,14.095378880309,-46.72583564763));
#3632 = CARTESIAN_POINT('',(-290.,7.667992552126,-29.19304412821));
#3633 = CARTESIAN_POINT('',(-270.,15.587458517038,-46.23932216704));
#3634 = CARTESIAN_POINT('',(-290.,8.076418231153,-29.04692640054));
#3635 = CARTESIAN_POINT('',(-270.,16.411525372017,-45.92169694172));
#3636 = CARTESIAN_POINT('',(-290.,8.726710027435,-28.77039907053));
#3637 = CARTESIAN_POINT('',(-270.,17.719421007728,-45.3222150388));
#3638 = CARTESIAN_POINT('',(-290.,9.098815011525,-28.58721969266));
#3639 = CARTESIAN_POINT('',(-270.,18.465236856126,-44.92625080455));
#3640 = CARTESIAN_POINT('',(-290.,9.675765913178,-28.25700738123));
#3641 = CARTESIAN_POINT('',(-270.,19.616807040958,-44.21511468529));
#3642 = CARTESIAN_POINT('',(-290.,10.013054397734,-28.03590474175));
#3643 = CARTESIAN_POINT('',(-270.,20.28708542034,-43.740881599));
#3644 = CARTESIAN_POINT('',(-290.,10.525463189931,-27.65027753153));
#3645 = CARTESIAN_POINT('',(-270.,21.300397991969,-42.91754739141));
#3646 = CARTESIAN_POINT('',(-290.,10.827614941681,-27.39092962713));
#3647 = CARTESIAN_POINT('',(-270.,21.894986173826,-42.36652148464));
#3648 = CARTESIAN_POINT('',(-290.,11.281072952574,-26.94682437944));
#3649 = CARTESIAN_POINT('',(-270.,22.782772924524,-41.42766695169));
#3650 = CARTESIAN_POINT('',(-290.,11.547012641587,-26.64944943342));
#3651 = CARTESIAN_POINT('',(-270.,23.300876491988,-40.80223030134));
#3652 = CARTESIAN_POINT('',(-290.,11.944798601575,-26.14232900074));
#3653 = CARTESIAN_POINT('',(-270.,24.072199513409,-39.74085541237));
#3654 = CARTESIAN_POINT('',(-290.,12.17344834535,-25.80740109737));
#3655 = CARTESIAN_POINT('',(-270.,24.51361740761,-39.04322855807));
#3656 = CARTESIAN_POINT('',(-290.,12.517063830944,-25.23096184474));
#3657 = CARTESIAN_POINT('',(-270.,25.17446502306,-37.84763552277));
#3658 = CARTESIAN_POINT('',(-290.,12.707826924016,-24.85856134847));
#3659 = CARTESIAN_POINT('',(-270.,25.54006241606,-37.07832953391));
#3660 = CARTESIAN_POINT('',(-290.,12.997466226556,-24.20387215434));
#3661 = CARTESIAN_POINT('',(-270.,26.093699663161,-35.73030475757));
#3662 = CARTESIAN_POINT('',(-290.,13.150424182808,-23.79256418699));
#3663 = CARTESIAN_POINT('',(-270.,26.385346097611,-34.88595717629));
#3664 = CARTESIAN_POINT('',(-290.,13.385424928692,-23.04582230256));
#3665 = CARTESIAN_POINT('',(-270.,26.832762237432,-33.35647802924));
#3666 = CARTESIAN_POINT('',(-290.,13.501261314815,-22.59072141746));
#3667 = CARTESIAN_POINT('',(-270.,27.052957665248,-32.42621437612));
#3668 = CARTESIAN_POINT('',(-290.,13.680559916289,-21.72710607932));
#3669 = CARTESIAN_POINT('',(-270.,27.393616954645,-30.66329054287));
#3670 = CARTESIAN_POINT('',(-290.,13.76034996122,-21.21521016769));
#3671 = CARTESIAN_POINT('',(-270.,27.545077164139,-29.61961721841));
#3672 = CARTESIAN_POINT('',(-290.,13.882898697504,-20.17817319684));
#3673 = CARTESIAN_POINT('',(-270.,27.777695485627,-27.50663629301));
#3674 = CARTESIAN_POINT('',(-290.,13.927305086445,-19.57282399341));
#3675 = CARTESIAN_POINT('',(-270.,27.861961598562,-26.27380341471));
#3676 = CARTESIAN_POINT('',(-290.,14.000330937375,-18.00164261861));
#3677 = CARTESIAN_POINT('',(-270.,28.000757522678,-23.07474677656));
#3678 = CARTESIAN_POINT('',(-290.,14.001157350429,-16.98878343223));
#3679 = CARTESIAN_POINT('',(-270.,28.002447556246,-21.01341959096));
#3680 = CARTESIAN_POINT('',(-290.,13.998842649571,-15.01121656776));
#3681 = CARTESIAN_POINT('',(-270.,27.997552443754,-16.98658040903));
#3682 = DEFINITIONAL_REPRESENTATION('',(#3683),#3686);
#3683 = B_SPLINE_CURVE_WITH_KNOTS('',1,(#3684,#3685),.UNSPECIFIED.,.F.,
  .F.,(2,2),(0.,94.395776300967),.PIECEWISE_BEZIER_KNOTS.);
#3684 = CARTESIAN_POINT('',(0.,0.));
#3685 = CARTESIAN_POINT('',(192.17183817617,0.));
#3686 = ( GEOMETRIC_REPRESENTATION_CONTEXT(2) 
PARAMETRIC_REPRESENTATION_CONTEXT() REPRESENTATION_CONTEXT('2D SPACE',''
  ) );
#3687 = FACE_BOUND('',#3688,.F.);
#3688 = EDGE_LOOP('',(#3689));
#3689 = ORIENTED_EDGE('',*,*,#1123,.F.);
#3690 = ADVANCED_FACE('',(#3691,#3694),#2576,.T.);
#3691 = FACE_BOUND('',#3692,.T.);
#3692 = EDGE_LOOP('',(#3693));
#3693 = ORIENTED_EDGE('',*,*,#1178,.F.);
#3694 = FACE_BOUND('',#3695,.T.);
#3695 = EDGE_LOOP('',(#3696));
#3696 = ORIENTED_EDGE('',*,*,#3697,.T.);
#3697 = EDGE_CURVE('',#3698,#3698,#3700,.T.);
#3698 = VERTEX_POINT('',#3699);
#3699 = CARTESIAN_POINT('',(-245.,33.714285714286,-21.14285714285));
#3700 = SURFACE_CURVE('',#3701,(#4404,#5110),.PCURVE_S1.);
#3701 = B_SPLINE_CURVE_WITH_KNOTS('',8,(#3702,#3703,#3704,#3705,#3706,
    #3707,#3708,#3709,#3710,#3711,#3712,#3713,#3714,#3715,#3716,#3717,
    #3718,#3719,#3720,#3721,#3722,#3723,#3724,#3725,#3726,#3727,#3728,
    #3729,#3730,#3731,#3732,#3733,#3734,#3735,#3736,#3737,#3738,#3739,
    #3740,#3741,#3742,#3743,#3744,#3745,#3746,#3747,#3748,#3749,#3750,
    #3751,#3752,#3753,#3754,#3755,#3756,#3757,#3758,#3759,#3760,#3761,
    #3762,#3763,#3764,#3765,#3766,#3767,#3768,#3769,#3770,#3771,#3772,
    #3773,#3774,#3775,#3776,#3777,#3778,#3779,#3780,#3781,#3782,#3783,
    #3784,#3785,#3786,#3787,#3788,#3789,#3790,#3791,#3792,#3793,#3794,
    #3795,#3796,#3797,#3798,#3799,#3800,#3801,#3802,#3803,#3804,#3805,
    #3806,#3807,#3808,#3809,#3810,#3811,#3812,#3813,#3814,#3815,#3816,
    #3817,#3818,#3819,#3820,#3821,#3822,#3823,#3824,#3825,#3826,#3827,
    #3828,#3829,#3830,#3831,#3832,#3833,#3834,#3835,#3836,#3837,#3838,
    #3839,#3840,#3841,#3842,#3843,#3844,#3845,#3846,#3847,#3848,#3849,
    #3850,#3851,#3852,#3853,#3854,#3855,#3856,#3857,#3858,#3859,#3860,
    #3861,#3862,#3863,#3864,#3865,#3866,#3867,#3868,#3869,#3870,#3871,
    #3872,#3873,#3874,#3875,#3876,#3877,#3878,#3879,#3880,#3881,#3882,
    #3883,#3884,#3885,#3886,#3887,#3888,#3889,#3890,#3891,#3892,#3893,
    #3894,#3895,#3896,#3897,#3898,#3899,#3900,#3901,#3902,#3903,#3904,
    #3905,#3906,#3907,#3908,#3909,#3910,#3911,#3912,#3913,#3914,#3915,
    #3916,#3917,#3918,#3919,#3920,#3921,#3922,#3923,#3924,#3925,#3926,
    #3927,#3928,#3929,#3930,#3931,#3932,#3933,#3934,#3935,#3936,#3937,
    #3938,#3939,#3940,#3941,#3942,#3943,#3944,#3945,#3946,#3947,#3948,
    #3949,#3950,#3951,#3952,#3953,#3954,#3955,#3956,#3957,#3958,#3959,
    #3960,#3961,#3962,#3963,#3964,#3965,#3966,#3967,#3968,#3969,#3970,
    #3971,#3972,#3973,#3974,#3975,#3976,#3977,#3978,#3979,#3980,#3981,
    #3982,#3983,#3984,#3985,#3986,#3987,#3988,#3989,#3990,#3991,#3992,
    #3993,#3994,#3995,#3996,#3997,#3998,#3999,#4000,#4001,#4002,#4003,
    #4004,#4005,#4006,#4007,#4008,#4009,#4010,#4011,#4012,#4013,#4014,
    #4015,#4016,#4017,#4018,#4019,#4020,#4021,#4022,#4023,#4024,#4025,
    #4026,#4027,#4028,#4029,#4030,#4031,#4032,#4033,#4034,#4035,#4036,
    #4037,#4038,#4039,#4040,#4041,#4042,#4043,#4044,#4045,#4046,#4047,
    #4048,#4049,#4050,#4051,#4052,#4053,#4054,#4055,#4056,#4057,#4058,
    #4059,#4060,#4061,#4062,#4063,#4064,#4065,#4066,#4067,#4068,#4069,
    #4070,#4071,#4072,#4073,#4074,#4075,#4076,#4077,#4078,#4079,#4080,
    #4081,#4082,#4083,#4084,#4085,#4086,#4087,#4088,#4089,#4090,#4091,
    #4092,#4093,#4094,#4095,#4096,#4097,#4098,#4099,#4100,#4101,#4102,
    #4103,#4104,#4105,#4106,#4107,#4108,#4109,#4110,#4111,#4112,#4113,
    #4114,#4115,#4116,#4117,#4118,#4119,#4120,#4121,#4122,#4123,#4124,
    #4125,#4126,#4127,#4128,#4129,#4130,#4131,#4132,#4133,#4134,#4135,
    #4136,#4137,#4138,#4139,#4140,#4141,#4142,#4143,#4144,#4145,#4146,
    #4147,#4148,#4149,#4150,#4151,#4152,#4153,#4154,#4155,#4156,#4157,
    #4158,#4159,#4160,#4161,#4162,#4163,#4164,#4165,#4166,#4167,#4168,
    #4169,#4170,#4171,#4172,#4173,#4174,#4175,#4176,#4177,#4178,#4179,
    #4180,#4181,#4182,#4183,#4184,#4185,#4186,#4187,#4188,#4189,#4190,
    #4191,#4192,#4193,#4194,#4195,#4196,#4197,#4198,#4199,#4200,#4201,
    #4202,#4203,#4204,#4205,#4206,#4207,#4208,#4209,#4210,#4211,#4212,
    #4213,#4214,#4215,#4216,#4217,#4218,#4219,#4220,#4221,#4222,#4223,
    #4224,#4225,#4226,#4227,#4228,#4229,#4230,#4231,#4232,#4233,#4234,
    #4235,#4236,#4237,#4238,#4239,#4240,#4241,#4242,#4243,#4244,#4245,
    #4246,#4247,#4248,#4249,#4250,#4251,#4252,#4253,#4254,#4255,#4256,
    #4257,#4258,#4259,#4260,#4261,#4262,#4263,#4264,#4265,#4266,#4267,
    #4268,#4269,#4270,#4271,#4272,#4273,#4274,#4275,#4276,#4277,#4278,
    #4279,#4280,#4281,#4282,#4283,#4284,#4285,#4286,#4287,#4288,#4289,
    #4290,#4291,#4292,#4293,#4294,#4295,#4296,#4297,#4298,#4299,#4300,
    #4301,#4302,#4303,#4304,#4305,#4306,#4307,#4308,#4309,#4310,#4311,
    #4312,#4313,#4314,#4315,#4316,#4317,#4318,#4319,#4320,#4321,#4322,
    #4323,#4324,#4325,#4326,#4327,#4328,#4329,#4330,#4331,#4332,#4333,
    #4334,#4335,#4336,#4337,#4338,#4339,#4340,#4341,#4342,#4343,#4344,
    #4345,#4346,#4347,#4348,#4349,#4350,#4351,#4352,#4353,#4354,#4355,
    #4356,#4357,#4358,#4359,#4360,#4361,#4362,#4363,#4364,#4365,#4366,
    #4367,#4368,#4369,#4370,#4371,#4372,#4373,#4374,#4375,#4376,#4377,
    #4378,#4379,#4380,#4381,#4382,#4383,#4384,#4385,#4386,#4387,#4388,
    #4389,#4390,#4391,#4392,#4393,#4394,#4395,#4396,#4397,#4398,#4399,
    #4400,#4401,#4402,#4403),.UNSPECIFIED.,.T.,.F.,(9,7,7,7,7,7,7,7,7,7,
    7,7,7,7,7,7,7,7,7,7,7,7,7,7,7,7,7,7,7,7,7,7,7,7,7,7,7,7,7,7,7,7,7,7,
    7,7,7,7,7,7,7,7,7,7,7,7,7,7,7,7,7,7,7,7,7,7,7,7,7,7,7,7,7,7,7,7,7,7,
    7,7,7,7,7,7,7,7,7,7,7,7,7,7,7,7,7,7,7,7,7,7,9),(0.,
    1.899915261694E-02,2.900590023965E-02,3.901093017352E-02,
    4.601319833711E-02,5.201530227314E-02,6.402029334904E-02,
    7.302399206455E-02,7.902648586755E-02,8.903054050522E-02,
    0.100035405913,0.107038618045,0.117043556015,0.128048960486,
    0.140054895111,0.149059181256,0.156062526713,0.166067016704,
    0.177071579837,0.185074960057,0.198079879395,0.204082077352,
    0.211084402666,0.217086395792,0.227089793429,0.237093158023,
    0.248096859077,0.259100425397,0.277103873264,0.288105475824,
    0.297106853124,0.310109289141,0.317110506325,0.324111739563,
    0.336113634378,0.345115099475,0.351116133835,0.361117841813,
    0.3721197178,0.378120748178,0.388122387999,0.399124043332,
    0.407125097821,0.416126021408,0.425126579324,0.432126875207,
    0.442126893564,0.453126904321,0.468126906246,0.484125375523,
    0.496124683715,0.502124374406,0.509124013588,0.52712170231,
    0.538120503087,0.547120063417,0.553119780796,0.563119291102,
    0.574118683239,0.585118301667,0.596117953336,0.604117574842,
    0.61611692305,0.628116273998,0.640115667977,0.649115048711,
    0.656114578843,0.666113618527,0.677112186531,0.685111206623,
    0.698109041067,0.704107969111,0.711106479658,0.717105202983,
    0.727103150911,0.737101065815,0.748098772209,0.759096343942,
    0.777089983787,0.788085592831,0.797082066309,0.810077418782,
    0.817074821801,0.824072240867,0.836067597218,0.845064158444,
    0.851061923525,0.861058182713,0.872054065034,0.878051826136,
    0.888048017242,0.89804408791,0.90604100313,0.915037559176,
    0.924033790859,0.931030633901,0.942025285277,0.953019704725,
    0.968014263785,0.984013919367,1.),.UNSPECIFIED.);
#3702 = CARTESIAN_POINT('',(-245.,33.714285714286,-21.14285714285));
#3703 = CARTESIAN_POINT('',(-245.,33.714966011715,-21.6954518252));
#3704 = CARTESIAN_POINT('',(-245.,33.71545026934,-22.24835082538));
#3705 = CARTESIAN_POINT('',(-245.,33.715368084113,-22.80150966989));
#3706 = CARTESIAN_POINT('',(-245.,33.714350383273,-23.35488254181));
#3707 = CARTESIAN_POINT('',(-245.,33.712028940492,-23.90842221169));
#3708 = CARTESIAN_POINT('',(-245.,33.708035892019,-24.46207996833));
#3709 = CARTESIAN_POINT('',(-245.,33.702003252829,-25.01580554976));
#3710 = CARTESIAN_POINT('',(-245.,33.689116699959,-25.86119964365));
#3711 = CARTESIAN_POINT('',(-245.,33.6840027389,-26.15286883123));
#3712 = CARTESIAN_POINT('',(-245.,33.678166677058,-26.4445422719));
#3713 = CARTESIAN_POINT('',(-245.,33.671554641902,-26.73620760084));
#3714 = CARTESIAN_POINT('',(-245.,33.664112760901,-27.02785245319));
#3715 = CARTESIAN_POINT('',(-245.,33.655787161525,-27.31946446412));
#3716 = CARTESIAN_POINT('',(-245.,33.646523971243,-27.61103126878));
#3717 = CARTESIAN_POINT('',(-245.,33.626016424047,-28.19399969742));
#3718 = CARTESIAN_POINT('',(-245.,33.614769942092,-28.48541222924));
#3719 = CARTESIAN_POINT('',(-245.,33.602482774668,-28.77676760095));
#3720 = CARTESIAN_POINT('',(-245.,33.589098236733,-29.06805656975));
#3721 = CARTESIAN_POINT('',(-245.,33.57455234139,-29.3592708867));
#3722 = CARTESIAN_POINT('',(-245.,33.558777205133,-29.65040268959));
#3723 = CARTESIAN_POINT('',(-245.,33.541705572126,-29.94144354866));
#3724 = CARTESIAN_POINT('',(-245.,33.510378384961,-30.43600446674));
#3725 = CARTESIAN_POINT('',(-245.,33.496815273074,-30.63956977997));
#3726 = CARTESIAN_POINT('',(-245.,33.482565009512,-30.84307635878));
#3727 = CARTESIAN_POINT('',(-245.,33.467605481905,-31.04652145686));
#3728 = CARTESIAN_POINT('',(-245.,33.45191457788,-31.24990232795));
#3729 = CARTESIAN_POINT('',(-245.,33.435470185066,-31.45321622576));
#3730 = CARTESIAN_POINT('',(-245.,33.418250191091,-31.65646040402));
#3731 = CARTESIAN_POINT('',(-245.,33.384788323116,-32.033783935));
#3732 = CARTESIAN_POINT('',(-245.,33.368757929036,-32.20788280665));
#3733 = CARTESIAN_POINT('',(-245.,33.352127550404,-32.38192657837));
#3734 = CARTESIAN_POINT('',(-245.,33.334883406126,-32.55591277632));
#3735 = CARTESIAN_POINT('',(-245.,33.317011684958,-32.72983860592));
#3736 = CARTESIAN_POINT('',(-245.,33.298498545502,-32.90370095176));
#3737 = CARTESIAN_POINT('',(-245.,33.27933011621,-33.07749637768));
#3738 = CARTESIAN_POINT('',(-245.,33.219814665142,-33.5986932938));
#3739 = CARTESIAN_POINT('',(-245.,33.177456630483,-33.94589460131));
#3740 = CARTESIAN_POINT('',(-245.,33.13230281897,-34.29277167197));
#3741 = CARTESIAN_POINT('',(-245.,33.08423765817,-34.63927112849));
#3742 = CARTESIAN_POINT('',(-245.,33.03314557565,-34.98533959359));
#3743 = CARTESIAN_POINT('',(-245.,32.978910998979,-35.33092369));
#3744 = CARTESIAN_POINT('',(-245.,32.921418355723,-35.67597004043));
#3745 = CARTESIAN_POINT('',(-245.,32.814902587826,-36.27876540853));
#3746 = CARTESIAN_POINT('',(-245.,32.767354346167,-36.53677373283));
#3747 = CARTESIAN_POINT('',(-245.,32.717861134396,-36.79443220251));
#3748 = CARTESIAN_POINT('',(-245.,32.666373490058,-37.05171337623));
#3749 = CARTESIAN_POINT('',(-245.,32.61284000907,-37.30858326373));
#3750 = CARTESIAN_POINT('',(-245.,32.557208652463,-37.56500418015));
#3751 = CARTESIAN_POINT('',(-245.,32.499428053134,-37.82093760044));
#3752 = CARTESIAN_POINT('',(-245.,32.399462482421,-38.24662074998));
#3753 = CARTESIAN_POINT('',(-245.,32.35849857206,-38.41666246485));
#3754 = CARTESIAN_POINT('',(-245.,32.316541967781,-38.58646155168));
#3755 = CARTESIAN_POINT('',(-245.,32.273577545858,-38.75600740384));
#3756 = CARTESIAN_POINT('',(-245.,32.229590182564,-38.92528941471));
#3757 = CARTESIAN_POINT('',(-245.,32.184564754172,-39.09429697765));
#3758 = CARTESIAN_POINT('',(-245.,32.138486136956,-39.26301948604));
#3759 = CARTESIAN_POINT('',(-245.,32.012761789719,-39.71215489156));
#3760 = CARTESIAN_POINT('',(-245.,31.931214784888,-39.99204925016));
#3761 = CARTESIAN_POINT('',(-245.,31.846629093247,-40.27107817531));
#3762 = CARTESIAN_POINT('',(-245.,31.758941679961,-40.5491666825));
#3763 = CARTESIAN_POINT('',(-245.,31.668090339776,-40.82623619819));
#3764 = CARTESIAN_POINT('',(-245.,31.574011407968,-41.10221363255));
#3765 = CARTESIAN_POINT('',(-245.,31.476640417269,-41.3770293632));
#3766 = CARTESIAN_POINT('',(-245.,31.265114431864,-41.95154745694));
#3767 = CARTESIAN_POINT('',(-245.,31.150250188266,-42.25099597484));
#3768 = CARTESIAN_POINT('',(-245.,31.031257690672,-42.54883660329));
#3769 = CARTESIAN_POINT('',(-245.,30.908012243276,-42.84499392024));
#3770 = CARTESIAN_POINT('',(-245.,30.780461593992,-43.13934484409));
#3771 = CARTESIAN_POINT('',(-245.,30.64857303467,-43.43175024591));
#3772 = CARTESIAN_POINT('',(-245.,30.512264135569,-43.72209877814));
#3773 = CARTESIAN_POINT('',(-245.,30.281897625724,-44.19363542468));
#3774 = CARTESIAN_POINT('',(-245.,30.190501375209,-44.37612665158));
#3775 = CARTESIAN_POINT('',(-245.,30.097278197855,-44.55769882051));
#3776 = CARTESIAN_POINT('',(-245.,30.002211979325,-44.73831847045));
#3777 = CARTESIAN_POINT('',(-245.,29.905289049878,-44.91795174604));
#3778 = CARTESIAN_POINT('',(-245.,29.806498184365,-45.09656439757));
#3779 = CARTESIAN_POINT('',(-245.,29.705830602233,-45.27412178102));
#3780 = CARTESIAN_POINT('',(-245.,29.456773947182,-45.70269348171));
#3781 = CARTESIAN_POINT('',(-245.,29.306429974007,-45.95257587506));
#3782 = CARTESIAN_POINT('',(-245.,29.152236101749,-46.20012819508));
#3783 = CARTESIAN_POINT('',(-245.,28.994188135239,-46.44524611724));
#3784 = CARTESIAN_POINT('',(-245.,28.832278834552,-46.68782394172));
#3785 = CARTESIAN_POINT('',(-245.,28.66649567061,-46.92775357533));
#3786 = CARTESIAN_POINT('',(-245.,28.496827132225,-47.16492738908));
#3787 = CARTESIAN_POINT('',(-245.,28.132373555652,-47.65699363076));
#3788 = CARTESIAN_POINT('',(-245.,27.936780219644,-47.9112850997));
#3789 = CARTESIAN_POINT('',(-245.,27.736551535945,-48.16199502647));
#3790 = CARTESIAN_POINT('',(-245.,27.53172469629,-48.40898383568));
#3791 = CARTESIAN_POINT('',(-245.,27.322358878931,-48.65213157456));
#3792 = CARTESIAN_POINT('',(-245.,27.108506590803,-48.89131251044));
#3793 = CARTESIAN_POINT('',(-245.,26.890195654479,-49.1263791326));
#3794 = CARTESIAN_POINT('',(-245.,26.424558284216,-49.60905815326));
#3795 = CARTESIAN_POINT('',(-245.,26.176406402097,-49.85587018005));
#3796 = CARTESIAN_POINT('',(-245.,25.923176627193,-50.09754604042));
#3797 = CARTESIAN_POINT('',(-245.,25.665016317641,-50.33398555082));
#3798 = CARTESIAN_POINT('',(-245.,25.402026721805,-50.5650362414));
#3799 = CARTESIAN_POINT('',(-245.,25.134405305762,-50.79067026026));
#3800 = CARTESIAN_POINT('',(-245.,24.862196174877,-51.01064939657));
#3801 = CARTESIAN_POINT('',(-245.,24.378201420288,-51.38576882642));
#3802 = CARTESIAN_POINT('',(-245.,24.1683217975,-51.54336437307));
#3803 = CARTESIAN_POINT('',(-245.,23.956061764397,-51.69777752695));
#3804 = CARTESIAN_POINT('',(-245.,23.741496352604,-51.84899396513));
#3805 = CARTESIAN_POINT('',(-245.,23.524700582979,-51.99699929625));
#3806 = CARTESIAN_POINT('',(-245.,23.305749481979,-52.14177916391));
#3807 = CARTESIAN_POINT('',(-245.,23.084718098018,-52.28331935004));
#3808 = CARTESIAN_POINT('',(-245.,22.688208330109,-52.52916224801));
#3809 = CARTESIAN_POINT('',(-245.,22.513522211082,-52.63474671608));
#3810 = CARTESIAN_POINT('',(-245.,22.337658798961,-52.73836703036));
#3811 = CARTESIAN_POINT('',(-245.,22.160653830744,-52.84003130285));
#3812 = CARTESIAN_POINT('',(-245.,21.982543142209,-52.93974800966));
#3813 = CARTESIAN_POINT('',(-245.,21.803362667918,-53.03752599105));
#3814 = CARTESIAN_POINT('',(-245.,21.623148441213,-53.1333744514));
#3815 = CARTESIAN_POINT('',(-245.,21.183070011026,-53.3614826626));
#3816 = CARTESIAN_POINT('',(-245.,20.922168767151,-53.49173963147));
#3817 = CARTESIAN_POINT('',(-245.,20.659335224477,-53.61811545062));
#3818 = CARTESIAN_POINT('',(-245.,20.394674667731,-53.74061375235));
#3819 = CARTESIAN_POINT('',(-245.,20.128286884968,-53.85925837814));
#3820 = CARTESIAN_POINT('',(-245.,19.860263757684,-53.97411230353));
#3821 = CARTESIAN_POINT('',(-245.,19.590692860548,-54.08525732628));
#3822 = CARTESIAN_POINT('',(-245.,19.021548884111,-54.31095539041));
#3823 = CARTESIAN_POINT('',(-245.,18.721654732471,-54.42475018022));
#3824 = CARTESIAN_POINT('',(-245.,18.420122440081,-54.53418163709));
#3825 = CARTESIAN_POINT('',(-245.,18.117050560013,-54.63935188063));
#3826 = CARTESIAN_POINT('',(-245.,17.812577970553,-54.74031714191));
#3827 = CARTESIAN_POINT('',(-245.,17.506827115044,-54.83714494891));
#3828 = CARTESIAN_POINT('',(-245.,17.199854925166,-54.92996554921));
#3829 = CARTESIAN_POINT('',(-245.,16.667681410953,-55.08352718165));
#3830 = CARTESIAN_POINT('',(-245.,16.443008707844,-55.14611445805));
#3831 = CARTESIAN_POINT('',(-245.,16.217769772657,-55.20666979308));
#3832 = CARTESIAN_POINT('',(-245.,15.991997019696,-55.26523178644));
#3833 = CARTESIAN_POINT('',(-245.,15.765722863267,-55.32183903781));
#3834 = CARTESIAN_POINT('',(-245.,15.538979717674,-55.37653014689));
#3835 = CARTESIAN_POINT('',(-245.,15.311799997223,-55.42934371336));
#3836 = CARTESIAN_POINT('',(-245.,14.714408618152,-55.56314844737));
#3837 = CARTESIAN_POINT('',(-245.,14.343523662207,-55.64112517397));
#3838 = CARTESIAN_POINT('',(-245.,13.97171064978,-55.71441424958));
#3839 = CARTESIAN_POINT('',(-245.,13.598995360103,-55.78318995665));
#3840 = CARTESIAN_POINT('',(-245.,13.225531916679,-55.84762135463));
#3841 = CARTESIAN_POINT('',(-245.,12.851361029847,-55.90788362223));
#3842 = CARTESIAN_POINT('',(-245.,12.476584796602,-55.96414950536));
#3843 = CARTESIAN_POINT('',(-245.,11.928055628429,-56.04079760921));
#3844 = CARTESIAN_POINT('',(-245.,11.754723138419,-56.06418762038));
#3845 = CARTESIAN_POINT('',(-245.,11.581285190978,-56.08678074941));
#3846 = CARTESIAN_POINT('',(-245.,11.407749520761,-56.10859420849));
#3847 = CARTESIAN_POINT('',(-245.,11.234122870112,-56.12964485101));
#3848 = CARTESIAN_POINT('',(-245.,11.060410989066,-56.1499491715));
#3849 = CARTESIAN_POINT('',(-245.,10.886618635344,-56.16952330569));
#3850 = CARTESIAN_POINT('',(-245.,10.509909258909,-56.21038529184));
#3851 = CARTESIAN_POINT('',(-245.,10.30696614416,-56.23141527991));
#3852 = CARTESIAN_POINT('',(-245.,10.103926672791,-56.25149877034));
#3853 = CARTESIAN_POINT('',(-245.,9.900797287481,-56.2706615388));
#3854 = CARTESIAN_POINT('',(-245.,9.697584430908,-56.28892936093));
#3855 = CARTESIAN_POINT('',(-245.,9.494294545751,-56.3063280124));
#3856 = CARTESIAN_POINT('',(-245.,9.290934074688,-56.32288326885));
#3857 = CARTESIAN_POINT('',(-245.,8.91314550529,-56.35211030918));
#3858 = CARTESIAN_POINT('',(-245.,8.738734424546,-56.36499901248));
#3859 = CARTESIAN_POINT('',(-245.,8.564280275362,-56.37730324775));
#3860 = CARTESIAN_POINT('',(-245.,8.389787114936,-56.38903924688));
#3861 = CARTESIAN_POINT('',(-245.,8.215259000462,-56.40022324179));
#3862 = CARTESIAN_POINT('',(-245.,8.04069998914,-56.41087146436));
#3863 = CARTESIAN_POINT('',(-245.,7.866114138164,-56.4210001465));
#3864 = CARTESIAN_POINT('',(-245.,7.400488911691,-56.44666793097));
#3865 = CARTESIAN_POINT('',(-245.,7.109412528643,-56.46131106838));
#3866 = CARTESIAN_POINT('',(-245.,6.818298663253,-56.47463486501));
#3867 = CARTESIAN_POINT('',(-245.,6.527150894906,-56.48670927685));
#3868 = CARTESIAN_POINT('',(-245.,6.235968484968,-56.4976025122));
#3869 = CARTESIAN_POINT('',(-245.,5.94475331487,-56.50738496273));
#3870 = CARTESIAN_POINT('',(-245.,5.653509352005,-56.51612883648));
#3871 = CARTESIAN_POINT('',(-245.,5.070960896985,-56.53167812372));
#3872 = CARTESIAN_POINT('',(-245.,4.779658818345,-56.53848373494));
#3873 = CARTESIAN_POINT('',(-245.,4.48833046058,-56.54439077924));
#3874 = CARTESIAN_POINT('',(-245.,4.196977876744,-56.54946970927));
#3875 = CARTESIAN_POINT('',(-245.,3.905603119896,-56.55379097767));
#3876 = CARTESIAN_POINT('',(-245.,3.614208243092,-56.55742503708));
#3877 = CARTESIAN_POINT('',(-245.,3.322795299389,-56.56044234015));
#3878 = CARTESIAN_POINT('',(-245.,2.710794488541,-56.56563143882));
#3879 = CARTESIAN_POINT('',(-245.,2.390203258491,-56.56768851065));
#3880 = CARTESIAN_POINT('',(-245.,2.069595384309,-56.56917832747));
#3881 = CARTESIAN_POINT('',(-245.,1.748973598615,-56.57019466174));
#3882 = CARTESIAN_POINT('',(-245.,1.428340634027,-56.57083128594));
#3883 = CARTESIAN_POINT('',(-245.,1.107699223163,-56.57118197254));
#3884 = CARTESIAN_POINT('',(-245.,0.787052098643,-56.571340494));
#3885 = CARTESIAN_POINT('',(-245.,0.145755813708,-56.57146075084));
#3886 = CARTESIAN_POINT('',(-245.,-0.174892073287,-56.57138999547));
#3887 = CARTESIAN_POINT('',(-245.,-0.495540106716,-56.57147997894));
#3888 = CARTESIAN_POINT('',(-245.,-0.816186778365,-56.57146159057));
#3889 = CARTESIAN_POINT('',(-245.,-1.136830649198,-56.57122678651));
#3890 = CARTESIAN_POINT('',(-245.,-1.457470176497,-56.57076355842));
#3891 = CARTESIAN_POINT('',(-245.,-1.778103619846,-56.5699215249));
#3892 = CARTESIAN_POINT('',(-245.,-2.623319907344,-56.56650527467));
#3893 = CARTESIAN_POINT('',(-245.,-3.147887634335,-56.56316291007));
#3894 = CARTESIAN_POINT('',(-245.,-3.672425815466,-56.55818772762));
#3895 = CARTESIAN_POINT('',(-245.,-4.196924013554,-56.55116860972));
#3896 = CARTESIAN_POINT('',(-245.,-4.721368019614,-56.5416943209));
#3897 = CARTESIAN_POINT('',(-245.,-5.245739858907,-56.5293537296));
#3898 = CARTESIAN_POINT('',(-245.,-5.77001779699,-56.51373603014));
#3899 = CARTESIAN_POINT('',(-245.,-6.614480771574,-56.48263396539));
#3900 = CARTESIAN_POINT('',(-245.,-6.934748298446,-56.4694601806));
#3901 = CARTESIAN_POINT('',(-245.,-7.254970077582,-56.45481215863));
#3902 = CARTESIAN_POINT('',(-245.,-7.575161090518,-56.43860817464));
#3903 = CARTESIAN_POINT('',(-245.,-7.89528940023,-56.42074211487));
#3904 = CARTESIAN_POINT('',(-245.,-8.215314325387,-56.40110473728));
#3905 = CARTESIAN_POINT('',(-245.,-8.535227225595,-56.37960670311));
#3906 = CARTESIAN_POINT('',(-245.,-9.116613437981,-56.33694669128));
#3907 = CARTESIAN_POINT('',(-245.,-9.378141386468,-56.31643455533));
#3908 = CARTESIAN_POINT('',(-245.,-9.639558737926,-56.29455258365));
#3909 = CARTESIAN_POINT('',(-245.,-9.900851799316,-56.27124599356));
#3910 = CARTESIAN_POINT('',(-245.,-10.16200687759,-56.24646000241));
#3911 = CARTESIAN_POINT('',(-245.,-10.42301027973,-56.22013982752));
#3912 = CARTESIAN_POINT('',(-245.,-10.68384831268,-56.19223068625));
#3913 = CARTESIAN_POINT('',(-245.,-11.32102761755,-56.11998882144));
#3914 = CARTESIAN_POINT('',(-245.,-11.69716425843,-56.07386964431));
#3915 = CARTESIAN_POINT('',(-245.,-12.0728940369,-56.02416665293));
#3916 = CARTESIAN_POINT('',(-245.,-12.4480921885,-55.97068470588));
#3917 = CARTESIAN_POINT('',(-245.,-12.82272202985,-55.91326661449));
#3918 = CARTESIAN_POINT('',(-245.,-13.196677496,-55.85172899131));
#3919 = CARTESIAN_POINT('',(-245.,-13.56988347757,-55.78590271606));
#3920 = CARTESIAN_POINT('',(-245.,-14.14274989017,-55.67776801419));
#3921 = CARTESIAN_POINT('',(-245.,-14.34300459913,-55.63862813629));
#3922 = CARTESIAN_POINT('',(-245.,-14.54300446746,-55.59816747364));
#3923 = CARTESIAN_POINT('',(-245.,-14.74273784911,-55.55635880569));
#3924 = CARTESIAN_POINT('',(-245.,-14.9421895165,-55.51317541175));
#3925 = CARTESIAN_POINT('',(-245.,-15.14134066053,-55.468591071));
#3926 = CARTESIAN_POINT('',(-245.,-15.34016889063,-55.42258006247));
#3927 = CARTESIAN_POINT('',(-245.,-15.73712803393,-55.32765415879));
#3928 = CARTESIAN_POINT('',(-245.,-15.93526117192,-55.27873888253));
#3929 = CARTESIAN_POINT('',(-245.,-16.13302593364,-55.22834547749));
#3930 = CARTESIAN_POINT('',(-245.,-16.33040060402,-55.17644808489));
#3931 = CARTESIAN_POINT('',(-245.,-16.52736346803,-55.12302084595));
#3932 = CARTESIAN_POINT('',(-245.,-16.7238928106,-55.06803790189));
#3933 = CARTESIAN_POINT('',(-245.,-16.91996691669,-55.01147339394));
#3934 = CARTESIAN_POINT('',(-245.,-17.45086735208,-54.85357997587));
#3935 = CARTESIAN_POINT('',(-245.,-17.78478272134,-54.74913103506));
#3936 = CARTESIAN_POINT('',(-245.,-18.11718368097,-54.6398307642));
#3937 = CARTESIAN_POINT('',(-245.,-18.44799037327,-54.52551411048));
#3938 = CARTESIAN_POINT('',(-245.,-18.77695435763,-54.40617676977));
#3939 = CARTESIAN_POINT('',(-245.,-19.10400534022,-54.28163353497));
#3940 = CARTESIAN_POINT('',(-245.,-19.42894473517,-54.1518271723));
#3941 = CARTESIAN_POINT('',(-245.,-19.99363849908,-53.91525965491));
#3942 = CARTESIAN_POINT('',(-245.,-20.23438445813,-53.81085322939));
#3943 = CARTESIAN_POINT('',(-245.,-20.47380262324,-53.70336893817));
#3944 = CARTESIAN_POINT('',(-245.,-20.71182547787,-53.59277016984));
#3945 = CARTESIAN_POINT('',(-245.,-20.94838049277,-53.47903467291));
#3946 = CARTESIAN_POINT('',(-245.,-21.18339116563,-53.36214772491));
#3947 = CARTESIAN_POINT('',(-245.,-21.41677806082,-53.24209530155));
#3948 = CARTESIAN_POINT('',(-245.,-21.80291585782,-53.03669775312));
#3949 = CARTESIAN_POINT('',(-245.,-21.95661629883,-52.95312213687));
#3950 = CARTESIAN_POINT('',(-245.,-22.10953838513,-52.86812422934));
#3951 = CARTESIAN_POINT('',(-245.,-22.26165940928,-52.78169816887));
#3952 = CARTESIAN_POINT('',(-245.,-22.41295674331,-52.69383839989));
#3953 = CARTESIAN_POINT('',(-245.,-22.5634078388,-52.60453967295));
#3954 = CARTESIAN_POINT('',(-245.,-22.71299022682,-52.51379704471));
#3955 = CARTESIAN_POINT('',(-245.,-23.10949994122,-52.26795417841));
#3956 = CARTESIAN_POINT('',(-245.,-23.35484280762,-52.11028558573));
#3957 = CARTESIAN_POINT('',(-245.,-23.59760713143,-51.94861935061));
#3958 = CARTESIAN_POINT('',(-245.,-23.83768996862,-51.78297499533));
#3959 = CARTESIAN_POINT('',(-245.,-24.0749883991,-51.61337219749));
#3960 = CARTESIAN_POINT('',(-245.,-24.30939950887,-51.4398306738));
#3961 = CARTESIAN_POINT('',(-245.,-24.54082037227,-51.26237006386));
#3962 = CARTESIAN_POINT('',(-245.,-25.02030839862,-50.88151358956));
#3963 = CARTESIAN_POINT('',(-245.,-25.2677237818,-50.67729321808));
#3964 = CARTESIAN_POINT('',(-245.,-25.51126878278,-50.46840023637));
#3965 = CARTESIAN_POINT('',(-245.,-25.75085717868,-50.2549501701));
#3966 = CARTESIAN_POINT('',(-245.,-25.98638160893,-50.03702492329));
#3967 = CARTESIAN_POINT('',(-245.,-26.21772890729,-49.81469741804));
#3968 = CARTESIAN_POINT('',(-245.,-26.4448045758,-49.58807088904));
#3969 = CARTESIAN_POINT('',(-245.,-26.78897021249,-49.23130927763));
#3970 = CARTESIAN_POINT('',(-245.,-26.90913485942,-49.10413647693));
#3971 = CARTESIAN_POINT('',(-245.,-27.02798457069,-48.97572656536));
#3972 = CARTESIAN_POINT('',(-245.,-27.14551050733,-48.8460996632));
#3973 = CARTESIAN_POINT('',(-245.,-27.26170425618,-48.71527628062));
#3974 = CARTESIAN_POINT('',(-245.,-27.37655782986,-48.58327731764));
#3975 = CARTESIAN_POINT('',(-245.,-27.49006366676,-48.45012406415));
#3976 = CARTESIAN_POINT('',(-245.,-27.78913145694,-48.09203015983));
#3977 = CARTESIAN_POINT('',(-245.,-27.97228022126,-47.86506752048));
#3978 = CARTESIAN_POINT('',(-245.,-28.15164783611,-47.63506378457));
#3979 = CARTESIAN_POINT('',(-245.,-28.32716272443,-47.4021049715));
#3980 = CARTESIAN_POINT('',(-245.,-28.49877541371,-47.16628112579));
#3981 = CARTESIAN_POINT('',(-245.,-28.66648897709,-46.92769867277));
#3982 = CARTESIAN_POINT('',(-245.,-28.83033932198,-46.68647362145));
#3983 = CARTESIAN_POINT('',(-245.,-29.16630755559,-46.17456442553));
#3984 = CARTESIAN_POINT('',(-245.,-29.33761693341,-45.90334979208));
#3985 = CARTESIAN_POINT('',(-245.,-29.50424412416,-45.62920360839));
#3986 = CARTESIAN_POINT('',(-245.,-29.66625136692,-45.35226747626));
#3987 = CARTESIAN_POINT('',(-245.,-29.82359819495,-45.07267856582));
#3988 = CARTESIAN_POINT('',(-245.,-29.97627740998,-44.79056992389));
#3989 = CARTESIAN_POINT('',(-245.,-30.12442446666,-44.50607270945));
#3990 = CARTESIAN_POINT('',(-245.,-30.37252616733,-44.01077273081));
#3991 = CARTESIAN_POINT('',(-245.,-30.47460747585,-43.80103304638));
#3992 = CARTESIAN_POINT('',(-245.,-30.57432923131,-43.59014858184));
#3993 = CARTESIAN_POINT('',(-245.,-30.67171373604,-43.37816821843));
#3994 = CARTESIAN_POINT('',(-245.,-30.76678371143,-43.16513991944));
#3995 = CARTESIAN_POINT('',(-245.,-30.859562298,-42.95111073021));
#3996 = CARTESIAN_POINT('',(-245.,-30.95007305535,-42.73612677817));
#3997 = CARTESIAN_POINT('',(-245.,-31.13763733416,-42.27736016799));
#3998 = CARTESIAN_POINT('',(-245.,-31.23409424205,-42.03334069508));
#3999 = CARTESIAN_POINT('',(-245.,-31.32775691668,-41.7882285018));
#4000 = CARTESIAN_POINT('',(-245.,-31.4186715994,-41.54207723032));
#4001 = CARTESIAN_POINT('',(-245.,-31.50688454204,-41.29494051728));
#4002 = CARTESIAN_POINT('',(-245.,-31.59244200696,-41.04687199369));
#4003 = CARTESIAN_POINT('',(-245.,-31.67539026703,-40.79792528501));
#4004 = CARTESIAN_POINT('',(-245.,-31.83615767845,-40.29839288439));
#4005 = CARTESIAN_POINT('',(-245.,-31.91397765144,-40.0478048762));
#4006 = CARTESIAN_POINT('',(-245.,-31.98928072737,-39.79644849058));
#4007 = CARTESIAN_POINT('',(-245.,-32.06211441723,-39.54437206094));
#4008 = CARTESIAN_POINT('',(-245.,-32.13252793643,-39.29161681362));
#4009 = CARTESIAN_POINT('',(-245.,-32.20057160086,-39.03821993131));
#4010 = CARTESIAN_POINT('',(-245.,-32.2662962231,-38.78421761654));
#4011 = CARTESIAN_POINT('',(-245.,-32.37910642391,-38.33165358988));
#4012 = CARTESIAN_POINT('',(-245.,-32.42708839601,-38.13331487275));
#4013 = CARTESIAN_POINT('',(-245.,-32.47372235767,-37.93464907672));
#4014 = CARTESIAN_POINT('',(-245.,-32.51903224174,-37.73567327468));
#4015 = CARTESIAN_POINT('',(-245.,-32.56304198105,-37.53640453954));
#4016 = CARTESIAN_POINT('',(-245.,-32.60577550843,-37.33685994421));
#4017 = CARTESIAN_POINT('',(-245.,-32.64725675672,-37.1370565616));
#4018 = CARTESIAN_POINT('',(-245.,-32.74501147955,-36.65124430912));
#4019 = CARTESIAN_POINT('',(-245.,-32.80000809505,-36.36498007457));
#4020 = CARTESIAN_POINT('',(-245.,-32.85256941573,-36.07826347911));
#4021 = CARTESIAN_POINT('',(-245.,-32.90276136171,-35.79112469884));
#4022 = CARTESIAN_POINT('',(-245.,-32.95064990981,-35.50359181631));
#4023 = CARTESIAN_POINT('',(-245.,-32.99630277665,-35.21569615366));
#4024 = CARTESIAN_POINT('',(-245.,-33.03978873778,-34.92747049023));
#4025 = CARTESIAN_POINT('',(-245.,-33.12669897331,-34.32155707923));
#4026 = CARTESIAN_POINT('',(-245.,-33.16968287133,-34.00379783454));
#4027 = CARTESIAN_POINT('',(-245.,-33.21021979344,-33.68571264317));
#4028 = CARTESIAN_POINT('',(-245.,-33.24838842483,-33.36732673601));
#4029 = CARTESIAN_POINT('',(-245.,-33.28429070836,-33.04869370186));
#4030 = CARTESIAN_POINT('',(-245.,-33.31802208913,-32.72985496304));
#4031 = CARTESIAN_POINT('',(-245.,-33.34964763504,-32.41080667784));
#4032 = CARTESIAN_POINT('',(-245.,-33.4196351543,-31.65626029722));
#4033 = CARTESIAN_POINT('',(-245.,-33.45626286422,-31.22059971068));
#4034 = CARTESIAN_POINT('',(-245.,-33.48935101797,-30.78464530273));
#4035 = CARTESIAN_POINT('',(-245.,-33.51910962922,-30.34844501529));
#4036 = CARTESIAN_POINT('',(-245.,-33.54574913284,-29.91204411244));
#4037 = CARTESIAN_POINT('',(-245.,-33.56948038243,-29.47548542138));
#4038 = CARTESIAN_POINT('',(-245.,-33.59051410339,-29.03880873178));
#4039 = CARTESIAN_POINT('',(-245.,-33.62883998471,-28.13621731451));
#4040 = CARTESIAN_POINT('',(-245.,-33.64578809998,-27.67028979584));
#4041 = CARTESIAN_POINT('',(-245.,-33.6601399865,-27.20428339358));
#4042 = CARTESIAN_POINT('',(-245.,-33.67213194111,-26.73821260459));
#4043 = CARTESIAN_POINT('',(-245.,-33.68200058002,-26.27208982306));
#4044 = CARTESIAN_POINT('',(-245.,-33.68998270034,-25.80592533675));
#4045 = CARTESIAN_POINT('',(-245.,-33.6963151417,-25.33972732318));
#4046 = CARTESIAN_POINT('',(-245.,-33.70492441755,-24.52381944224));
#4047 = CARTESIAN_POINT('',(-245.,-33.70781941726,-24.1741159731));
#4048 = CARTESIAN_POINT('',(-245.,-33.71001950627,-23.82439407159));
#4049 = CARTESIAN_POINT('',(-245.,-33.71162454398,-23.4746563709));
#4050 = CARTESIAN_POINT('',(-245.,-33.71273438981,-23.12490550422));
#4051 = CARTESIAN_POINT('',(-245.,-33.71344890316,-22.77514410476));
#4052 = CARTESIAN_POINT('',(-245.,-33.71386794344,-22.42537480571));
#4053 = CARTESIAN_POINT('',(-245.,-33.71420308403,-21.90071189082));
#4054 = CARTESIAN_POINT('',(-245.,-33.71425841896,-21.72582283565));
#4055 = CARTESIAN_POINT('',(-245.,-33.71428195573,-21.55093325005));
#4056 = CARTESIAN_POINT('',(-245.,-33.71429084694,-21.37604330995));
#4057 = CARTESIAN_POINT('',(-245.,-33.71429481687,-21.20115319195));
#4058 = CARTESIAN_POINT('',(-245.,-33.71429616155,-21.02626307327));
#4059 = CARTESIAN_POINT('',(-245.,-33.71428974869,-20.85137313181));
#4060 = CARTESIAN_POINT('',(-245.,-33.71423183154,-20.47244569488));
#4061 = CARTESIAN_POINT('',(-245.,-33.71416806233,-20.26840873966));
#4062 = CARTESIAN_POINT('',(-245.,-33.71405188845,-20.06437320315));
#4063 = CARTESIAN_POINT('',(-245.,-33.71386348826,-19.860339608));
#4064 = CARTESIAN_POINT('',(-245.,-33.71358304014,-19.65630847691));
#4065 = CARTESIAN_POINT('',(-245.,-33.71319072245,-19.45228033254));
#4066 = CARTESIAN_POINT('',(-245.,-33.71266671356,-19.24825569758));
#4067 = CARTESIAN_POINT('',(-245.,-33.71025426953,-18.51965101144));
#4068 = CARTESIAN_POINT('',(-245.,-33.70751572604,-17.99508365017));
#4069 = CARTESIAN_POINT('',(-245.,-33.70343836215,-17.47053794114));
#4070 = CARTESIAN_POINT('',(-245.,-33.69768501484,-16.94602134723));
#4071 = CARTESIAN_POINT('',(-245.,-33.68991855735,-16.42154386389));
#4072 = CARTESIAN_POINT('',(-245.,-33.67980189916,-15.89711801918));
#4073 = CARTESIAN_POINT('',(-245.,-33.66699798597,-15.37275887376));
#4074 = CARTESIAN_POINT('',(-245.,-33.64149683176,-14.52808762176));
#4075 = CARTESIAN_POINT('',(-245.,-33.6306954706,-14.20772172027));
#4076 = CARTESIAN_POINT('',(-245.,-33.61868388074,-13.88739772639));
#4077 = CARTESIAN_POINT('',(-245.,-33.60539337136,-13.56710856904));
#4078 = CARTESIAN_POINT('',(-245.,-33.59074688112,-13.24686067601));
#4079 = CARTESIAN_POINT('',(-245.,-33.57465833184,-12.92667399981));
#4080 = CARTESIAN_POINT('',(-245.,-33.55704134809,-12.60656874648));
#4081 = CARTESIAN_POINT('',(-245.,-33.52208493156,-12.02471429654));
#4082 = CARTESIAN_POINT('',(-245.,-33.50527661269,-11.76293380555));
#4083 = CARTESIAN_POINT('',(-245.,-33.4873454666,-11.50122620311));
#4084 = CARTESIAN_POINT('',(-245.,-33.46824607688,-11.23960170082));
#4085 = CARTESIAN_POINT('',(-245.,-33.44793302714,-10.97807051029));
#4086 = CARTESIAN_POINT('',(-245.,-33.42636090099,-10.71664284313));
#4087 = CARTESIAN_POINT('',(-245.,-33.40348428203,-10.45532891096));
#4088 = CARTESIAN_POINT('',(-245.,-33.36310670683,-10.02001196383));
#4089 = CARTESIAN_POINT('',(-245.,-33.34635539891,-9.845941236679));
#4090 = CARTESIAN_POINT('',(-245.,-33.32899088099,-9.671928273794));
#4091 = CARTESIAN_POINT('',(-245.,-33.31099989484,-9.497975452783));
#4092 = CARTESIAN_POINT('',(-245.,-33.29236887318,-9.324085999012));
#4093 = CARTESIAN_POINT('',(-245.,-33.27308393963,-9.150263985596));
#4094 = CARTESIAN_POINT('',(-245.,-33.25313090872,-8.976514333406));
#4095 = CARTESIAN_POINT('',(-245.,-33.19810264543,-8.513390813924));
#4096 = CARTESIAN_POINT('',(-245.,-33.16181333786,-8.224158492638));
#4097 = CARTESIAN_POINT('',(-245.,-33.12355972441,-7.935174642542));
#4098 = CARTESIAN_POINT('',(-245.,-33.08327416629,-7.646468058969));
#4099 = CARTESIAN_POINT('',(-245.,-33.0408890247,-7.358067537254));
#4100 = CARTESIAN_POINT('',(-245.,-32.99633666085,-7.070001872731));
#4101 = CARTESIAN_POINT('',(-245.,-32.94954943593,-6.782299860733));
#4102 = CARTESIAN_POINT('',(-245.,-32.84646135363,-6.178951764341));
#4103 = CARTESIAN_POINT('',(-245.,-32.78967704587,-5.863384243993));
#4104 = CARTESIAN_POINT('',(-245.,-32.7300129268,-5.548334880157));
#4105 = CARTESIAN_POINT('',(-245.,-32.66738976176,-5.23381659424));
#4106 = CARTESIAN_POINT('',(-245.,-32.60170964874,-4.91990366365));
#4107 = CARTESIAN_POINT('',(-245.,-32.53287209525,-4.606683036816));
#4108 = CARTESIAN_POINT('',(-245.,-32.46079260621,-4.294200336583));
#4109 = CARTESIAN_POINT('',(-245.,-32.30995968839,-3.670872260583));
#4110 = CARTESIAN_POINT('',(-245.,-32.2312074192,-3.360028471158));
#4111 = CARTESIAN_POINT('',(-245.,-32.14902368659,-3.05005601869));
#4112 = CARTESIAN_POINT('',(-245.,-32.06331855017,-2.741038761321));
#4113 = CARTESIAN_POINT('',(-245.,-31.97399383634,-2.433020412081));
#4114 = CARTESIAN_POINT('',(-245.,-31.88095728649,-2.126065430138));
#4115 = CARTESIAN_POINT('',(-245.,-31.78413260843,-1.820306792643));
#4116 = CARTESIAN_POINT('',(-245.,-31.58273201552,-1.211353318857));
#4117 = CARTESIAN_POINT('',(-245.,-31.47815947707,-0.908166341357));
#4118 = CARTESIAN_POINT('',(-245.,-31.3696232236,-0.606359503388));
#4119 = CARTESIAN_POINT('',(-245.,-31.25704822592,-0.30603392111));
#4120 = CARTESIAN_POINT('',(-245.,-31.14034558854,-7.286227030875E-03));
#4121 = CARTESIAN_POINT('',(-245.,-31.01942173161,0.289789162448));
#4122 = CARTESIAN_POINT('',(-245.,-30.89420098628,0.585087679646));
#4123 = CARTESIAN_POINT('',(-245.,-30.67040730907,1.091852870014));
#4124 = CARTESIAN_POINT('',(-245.,-30.57388194671,1.30421334182));
#4125 = CARTESIAN_POINT('',(-245.,-30.47503698216,1.515512571337));
#4126 = CARTESIAN_POINT('',(-245.,-30.3738501124,1.7257017287));
#4127 = CARTESIAN_POINT('',(-245.,-30.27029903443,1.934731984042));
#4128 = CARTESIAN_POINT('',(-245.,-30.16436144522,2.142554507497));
#4129 = CARTESIAN_POINT('',(-245.,-30.05601504177,2.349120469199));
#4130 = CARTESIAN_POINT('',(-245.,-29.7790724039,2.862269737758));
#4131 = CARTESIAN_POINT('',(-245.,-29.60743509187,3.167230020875));
#4132 = CARTESIAN_POINT('',(-245.,-29.43022765286,3.469081124137));
#4133 = CARTESIAN_POINT('',(-245.,-29.24754052658,3.76763985091));
#4134 = CARTESIAN_POINT('',(-245.,-29.05925877706,4.062722939992));
#4135 = CARTESIAN_POINT('',(-245.,-28.86543787866,4.354147391408));
#4136 = CARTESIAN_POINT('',(-245.,-28.66602938242,4.641728605738));
#4137 = CARTESIAN_POINT('',(-245.,-28.25603176774,5.208836977204));
#4138 = CARTESIAN_POINT('',(-245.,-28.0454374614,5.488367726935));
#4139 = CARTESIAN_POINT('',(-245.,-27.82925951148,5.763684811054));
#4140 = CARTESIAN_POINT('',(-245.,-27.60765406422,6.034667135159));
#4141 = CARTESIAN_POINT('',(-245.,-27.38056123311,6.301077634669));
#4142 = CARTESIAN_POINT('',(-245.,-27.14816600674,6.562825628923));
#4143 = CARTESIAN_POINT('',(-245.,-26.91044063631,6.819678922688));
#4144 = CARTESIAN_POINT('',(-245.,-26.42455828176,7.32334388305));
#4145 = CARTESIAN_POINT('',(-245.,-26.17640639974,7.570155913694));
#4146 = CARTESIAN_POINT('',(-245.,-25.92317662576,7.811831772939));
#4147 = CARTESIAN_POINT('',(-245.,-25.66501631636,8.048271279407));
#4148 = CARTESIAN_POINT('',(-245.,-25.40202672184,8.279321964236));
#4149 = CARTESIAN_POINT('',(-245.,-25.13440530606,8.504955976353));
#4150 = CARTESIAN_POINT('',(-245.,-24.86219617586,8.724935109041));
#4151 = CARTESIAN_POINT('',(-245.,-24.37820142242,9.100054534786));
#4152 = CARTESIAN_POINT('',(-245.,-24.16832179991,9.257650080693));
#4153 = CARTESIAN_POINT('',(-245.,-23.95606176674,9.412063234754));
#4154 = CARTESIAN_POINT('',(-245.,-23.74149635463,9.5632796738));
#4155 = CARTESIAN_POINT('',(-245.,-23.52470058454,9.711285006217));
#4156 = CARTESIAN_POINT('',(-245.,-23.30574948301,9.856064875345));
#4157 = CARTESIAN_POINT('',(-245.,-23.08471809855,9.99760506287));
#4158 = CARTESIAN_POINT('',(-245.,-22.68820832993,10.243447962777));
#4159 = CARTESIAN_POINT('',(-245.,-22.51352221068,10.349032431464));
#4160 = CARTESIAN_POINT('',(-245.,-22.33765879841,10.452652746163));
#4161 = CARTESIAN_POINT('',(-245.,-22.16065383011,10.554317018885));
#4162 = CARTESIAN_POINT('',(-245.,-21.98254314155,10.654033725777));
#4163 = CARTESIAN_POINT('',(-245.,-21.80336266728,10.751811707117));
#4164 = CARTESIAN_POINT('',(-245.,-21.62314844062,10.847660167319));
#4165 = CARTESIAN_POINT('',(-245.,-21.18307001059,11.075768378044));
#4166 = CARTESIAN_POINT('',(-245.,-20.92216876681,11.206025346527));
#4167 = CARTESIAN_POINT('',(-245.,-20.65933522423,11.332401165218));
#4168 = CARTESIAN_POINT('',(-245.,-20.39467466758,11.454899466565));
#4169 = CARTESIAN_POINT('',(-245.,-20.12828688491,11.573544092123));
#4170 = CARTESIAN_POINT('',(-245.,-19.8602637577,11.68839801741));
#4171 = CARTESIAN_POINT('',(-245.,-19.59069286065,11.799543040082));
#4172 = CARTESIAN_POINT('',(-245.,-19.02154888428,12.025241104217));
#4173 = CARTESIAN_POINT('',(-245.,-18.72165473262,12.139035894117));
#4174 = CARTESIAN_POINT('',(-245.,-18.42012244017,12.24846735112));
#4175 = CARTESIAN_POINT('',(-245.,-18.11705056005,12.353637594815));
#4176 = CARTESIAN_POINT('',(-245.,-17.81257797055,12.454602856232));
#4177 = CARTESIAN_POINT('',(-245.,-17.50682711501,12.55143066329));
#4178 = CARTESIAN_POINT('',(-245.,-17.19985492512,12.644251263636));
#4179 = CARTESIAN_POINT('',(-245.,-16.66768141089,12.797812896099));
#4180 = CARTESIAN_POINT('',(-245.,-16.44300870779,12.860400172497));
#4181 = CARTESIAN_POINT('',(-245.,-16.2177697726,12.920955507519));
#4182 = CARTESIAN_POINT('',(-245.,-15.99199701965,12.979517500857));
#4183 = CARTESIAN_POINT('',(-245.,-15.76572286323,13.036124752204));
#4184 = CARTESIAN_POINT('',(-245.,-15.53897971764,13.090815861254));
#4185 = CARTESIAN_POINT('',(-245.,-15.3117999972,13.143629427698));
#4186 = CARTESIAN_POINT('',(-245.,-14.71440861816,13.277434161651));
#4187 = CARTESIAN_POINT('',(-245.,-14.34352366217,13.35541088822));
#4188 = CARTESIAN_POINT('',(-245.,-13.97171064986,13.42869996382));
#4189 = CARTESIAN_POINT('',(-245.,-13.59899536001,13.497475670881));
#4190 = CARTESIAN_POINT('',(-245.,-13.22553191677,13.561907068867));
#4191 = CARTESIAN_POINT('',(-245.,-12.85136102981,13.622169336482));
#4192 = CARTESIAN_POINT('',(-245.,-12.47658479662,13.678435219611));
#4193 = CARTESIAN_POINT('',(-245.,-11.92805562843,13.755083323486));
#4194 = CARTESIAN_POINT('',(-245.,-11.75472313842,13.778473334656));
#4195 = CARTESIAN_POINT('',(-245.,-11.58128519098,13.80106646369));
#4196 = CARTESIAN_POINT('',(-245.,-11.40774952076,13.822879922783));
#4197 = CARTESIAN_POINT('',(-245.,-11.23412287011,13.843930565305));
#4198 = CARTESIAN_POINT('',(-245.,-11.06041098906,13.8642348858));
#4199 = CARTESIAN_POINT('',(-245.,-10.88661863534,13.88380901999));
#4200 = CARTESIAN_POINT('',(-245.,-10.5099092589,13.924671006141));
#4201 = CARTESIAN_POINT('',(-245.,-10.30696614415,13.945700994216));
#4202 = CARTESIAN_POINT('',(-245.,-10.10392667278,13.965784484653));
#4203 = CARTESIAN_POINT('',(-245.,-9.900797287477,13.984947253108));
#4204 = CARTESIAN_POINT('',(-245.,-9.697584430904,14.00321507524));
#4205 = CARTESIAN_POINT('',(-245.,-9.494294545748,14.020613726704));
#4206 = CARTESIAN_POINT('',(-245.,-9.290934074685,14.037168983158));
#4207 = CARTESIAN_POINT('',(-245.,-8.913145505287,14.066396023489));
#4208 = CARTESIAN_POINT('',(-245.,-8.738734424544,14.079284726786));
#4209 = CARTESIAN_POINT('',(-245.,-8.564280275361,14.09158896205));
#4210 = CARTESIAN_POINT('',(-245.,-8.389787114934,14.103324961184));
#4211 = CARTESIAN_POINT('',(-245.,-8.215259000462,14.114508956086));
#4212 = CARTESIAN_POINT('',(-245.,-8.04069998914,14.125157178658));
#4213 = CARTESIAN_POINT('',(-245.,-7.866114138165,14.1352858608));
#4214 = CARTESIAN_POINT('',(-245.,-7.400488911693,14.160953645265));
#4215 = CARTESIAN_POINT('',(-245.,-7.109412528646,14.175596782669));
#4216 = CARTESIAN_POINT('',(-245.,-6.818298663257,14.188920579299));
#4217 = CARTESIAN_POINT('',(-245.,-6.52715089491,14.200994991136));
#4218 = CARTESIAN_POINT('',(-245.,-6.235968484973,14.211888226487));
#4219 = CARTESIAN_POINT('',(-245.,-5.944753314876,14.221670677011));
#4220 = CARTESIAN_POINT('',(-245.,-5.653509352011,14.230414550757));
#4221 = CARTESIAN_POINT('',(-245.,-5.070960896991,14.245963837994));
#4222 = CARTESIAN_POINT('',(-245.,-4.779658818352,14.252769449213));
#4223 = CARTESIAN_POINT('',(-245.,-4.488330460586,14.258676493515));
#4224 = CARTESIAN_POINT('',(-245.,-4.196977876751,14.263755423544));
#4225 = CARTESIAN_POINT('',(-245.,-3.905603119903,14.268076691944));
#4226 = CARTESIAN_POINT('',(-245.,-3.614208243098,14.271710751356));
#4227 = CARTESIAN_POINT('',(-245.,-3.322795299394,14.274728054425));
#4228 = CARTESIAN_POINT('',(-245.,-2.710794488547,14.279917153099));
#4229 = CARTESIAN_POINT('',(-245.,-2.390203258496,14.281974224927));
#4230 = CARTESIAN_POINT('',(-245.,-2.069595384314,14.283464041746));
#4231 = CARTESIAN_POINT('',(-245.,-1.748973598619,14.284480376023));
#4232 = CARTESIAN_POINT('',(-245.,-1.428340634031,14.285117000226));
#4233 = CARTESIAN_POINT('',(-245.,-1.107699223167,14.285467686824));
#4234 = CARTESIAN_POINT('',(-245.,-0.787052098646,14.285626208285));
#4235 = CARTESIAN_POINT('',(-245.,-0.145755813696,14.285746465131));
#4236 = CARTESIAN_POINT('',(-245.,0.17489207325,14.285675709756));
#4237 = CARTESIAN_POINT('',(-245.,0.49554010675,14.285765693231));
#4238 = CARTESIAN_POINT('',(-245.,0.816186778365,14.28574730487));
#4239 = CARTESIAN_POINT('',(-245.,1.136830649163,14.285512500803));
#4240 = CARTESIAN_POINT('',(-245.,1.457470176534,14.285049272714));
#4241 = CARTESIAN_POINT('',(-245.,1.778103619832,14.284207239199));
#4242 = CARTESIAN_POINT('',(-245.,2.623319907346,14.280790988972));
#4243 = CARTESIAN_POINT('',(-245.,3.147887634337,14.277448624377));
#4244 = CARTESIAN_POINT('',(-245.,3.672425815468,14.27247344192));
#4245 = CARTESIAN_POINT('',(-245.,4.196924013556,14.265454324026));
#4246 = CARTESIAN_POINT('',(-245.,4.721368019615,14.2559800352));
#4247 = CARTESIAN_POINT('',(-245.,5.245739858908,14.243639443905));
#4248 = CARTESIAN_POINT('',(-245.,5.77001779699,14.228021744441));
#4249 = CARTESIAN_POINT('',(-245.,6.614480771578,14.196919679681));
#4250 = CARTESIAN_POINT('',(-245.,6.93474829843,14.183745894896));
#4251 = CARTESIAN_POINT('',(-245.,7.254970077595,14.169097872915));
#4252 = CARTESIAN_POINT('',(-245.,7.575161090513,14.152893888925));
#4253 = CARTESIAN_POINT('',(-245.,7.895289400209,14.135027829158));
#4254 = CARTESIAN_POINT('',(-245.,8.215314325397,14.115390451556));
#4255 = CARTESIAN_POINT('',(-245.,8.535227225582,14.093892417387));
#4256 = CARTESIAN_POINT('',(-245.,9.116613437972,14.051232405553));
#4257 = CARTESIAN_POINT('',(-245.,9.378141386459,14.030720269604));
#4258 = CARTESIAN_POINT('',(-245.,9.639558737916,14.008838297919));
#4259 = CARTESIAN_POINT('',(-245.,9.900851799306,13.985531707833));
#4260 = CARTESIAN_POINT('',(-245.,10.162006877588,13.960745716681));
#4261 = CARTESIAN_POINT('',(-245.,10.423010279724,13.934425541799));
#4262 = CARTESIAN_POINT('',(-245.,10.683848312675,13.906516400523));
#4263 = CARTESIAN_POINT('',(-245.,11.321027617519,13.834274535731));
#4264 = CARTESIAN_POINT('',(-245.,11.697164258535,13.788155358593));
#4265 = CARTESIAN_POINT('',(-245.,12.072894036734,13.738452367265));
#4266 = CARTESIAN_POINT('',(-245.,12.44809218871,13.684970420171));
#4267 = CARTESIAN_POINT('',(-245.,12.822722029709,13.627552328852));
#4268 = CARTESIAN_POINT('',(-245.,13.196677496103,13.566014705639));
#4269 = CARTESIAN_POINT('',(-245.,13.569883477565,13.500188430406));
#4270 = CARTESIAN_POINT('',(-245.,14.14274989019,13.392053728518));
#4271 = CARTESIAN_POINT('',(-245.,14.343004599139,13.352913850614));
#4272 = CARTESIAN_POINT('',(-245.,14.543004467474,13.312453187951));
#4273 = CARTESIAN_POINT('',(-245.,14.742737849119,13.270644519984));
#4274 = CARTESIAN_POINT('',(-245.,14.942189516496,13.227461126028));
#4275 = CARTESIAN_POINT('',(-245.,15.141340660524,13.182876785256));
#4276 = CARTESIAN_POINT('',(-245.,15.340168890615,13.136865776703));
#4277 = CARTESIAN_POINT('',(-245.,15.737128033892,13.041939872981));
#4278 = CARTESIAN_POINT('',(-245.,15.935261171878,12.993024596699));
#4279 = CARTESIAN_POINT('',(-245.,16.133025933587,12.942631191639));
#4280 = CARTESIAN_POINT('',(-245.,16.330400603968,12.890733799024));
#4281 = CARTESIAN_POINT('',(-245.,16.52736346797,12.837306560077));
#4282 = CARTESIAN_POINT('',(-245.,16.723892810542,12.782323616021));
#4283 = CARTESIAN_POINT('',(-245.,16.919966916633,12.72575910808));
#4284 = CARTESIAN_POINT('',(-245.,17.450867352053,12.567865690067));
#4285 = CARTESIAN_POINT('',(-245.,17.784782721316,12.463416749333));
#4286 = CARTESIAN_POINT('',(-245.,18.117183681016,12.354116478553));
#4287 = CARTESIAN_POINT('',(-245.,18.447990373366,12.239799825077));
#4288 = CARTESIAN_POINT('',(-245.,18.776954357782,12.120462484462));
#4289 = CARTESIAN_POINT('',(-245.,19.104005340409,11.995919249794));
#4290 = CARTESIAN_POINT('',(-245.,19.428944735368,11.86611288714));
#4291 = CARTESIAN_POINT('',(-245.,19.99363849922,11.629545369584));
#4292 = CARTESIAN_POINT('',(-245.,20.234384458229,11.525138943947));
#4293 = CARTESIAN_POINT('',(-245.,20.473802623252,11.417654652488));
#4294 = CARTESIAN_POINT('',(-245.,20.711825477755,11.307055883804));
#4295 = CARTESIAN_POINT('',(-245.,20.948380492496,11.193320386451));
#4296 = CARTESIAN_POINT('',(-245.,21.183391165212,11.076433438045));
#4297 = CARTESIAN_POINT('',(-245.,21.416778060297,10.956381014382));
#4298 = CARTESIAN_POINT('',(-245.,21.802915857202,10.750983465681));
#4299 = CARTESIAN_POINT('',(-245.,21.956616298192,10.667407849383));
#4300 = CARTESIAN_POINT('',(-245.,22.109538384508,10.582409941896));
#4301 = CARTESIAN_POINT('',(-245.,22.261659408702,10.495983881568));
#4302 = CARTESIAN_POINT('',(-245.,22.412956742833,10.408124112857));
#4303 = CARTESIAN_POINT('',(-245.,22.563407838472,10.318825386326));
#4304 = CARTESIAN_POINT('',(-245.,22.712990226697,10.228082758647));
#4305 = CARTESIAN_POINT('',(-245.,23.109499941793,9.982239894282));
#4306 = CARTESIAN_POINT('',(-245.,23.354842808773,9.824571303189));
#4307 = CARTESIAN_POINT('',(-245.,23.597607133177,9.662905069715));
#4308 = CARTESIAN_POINT('',(-245.,23.837689970861,9.497260715794));
#4309 = CARTESIAN_POINT('',(-245.,24.074988401596,9.327657918684));
#4310 = CARTESIAN_POINT('',(-245.,24.309399511275,9.154116394749));
#4311 = CARTESIAN_POINT('',(-245.,24.540820374112,8.976655783244));
#4312 = CARTESIAN_POINT('',(-245.,25.020308398002,8.595799302204));
#4313 = CARTESIAN_POINT('',(-245.,25.267723779154,8.391578924986));
#4314 = CARTESIAN_POINT('',(-245.,25.511268777378,8.182685935779));
#4315 = CARTESIAN_POINT('',(-245.,25.750857170933,7.969235863031));
#4316 = CARTESIAN_POINT('',(-245.,25.986381599795,7.751310612292));
#4317 = CARTESIAN_POINT('',(-245.,26.217728898106,7.528983106902));
#4318 = CARTESIAN_POINT('',(-245.,26.444804568789,7.302356583866));
#4319 = CARTESIAN_POINT('',(-245.,26.788970213083,6.945594993364));
#4320 = CARTESIAN_POINT('',(-245.,26.90913486365,6.818422202704));
#4321 = CARTESIAN_POINT('',(-245.,27.027984579198,6.690012303018));
#4322 = CARTESIAN_POINT('',(-245.,27.145510520461,6.56038541369));
#4323 = CARTESIAN_POINT('',(-245.,27.261704273927,6.429562043907));
#4324 = CARTESIAN_POINT('',(-245.,27.376557851836,6.297563092654));
#4325 = CARTESIAN_POINT('',(-245.,27.490063692183,6.164409848716));
#4326 = CARTESIAN_POINT('',(-245.,27.789131489023,5.806315960172));
#4327 = CARTESIAN_POINT('',(-245.,27.972280250646,5.579353320622));
#4328 = CARTESIAN_POINT('',(-245.,28.151647864755,5.349349579097));
#4329 = CARTESIAN_POINT('',(-245.,28.327162743371,5.116390734665));
#4330 = CARTESIAN_POINT('',(-245.,28.498775407347,4.880566821708));
#4331 = CARTESIAN_POINT('',(-245.,28.666488936675,4.641984279049));
#4332 = CARTESIAN_POINT('',(-245.,28.830339253104,4.400759144872));
#4333 = CARTESIAN_POINT('',(-245.,29.150309289465,3.913225947031));
#4334 = CARTESIAN_POINT('',(-245.,29.306430669358,3.666913904701));
#4335 = CARTESIAN_POINT('',(-245.,29.458701935383,3.418167316386));
#4336 = CARTESIAN_POINT('',(-245.,29.607124432835,3.167095268822));
#4337 = CARTESIAN_POINT('',(-245.,29.75169894822,2.913803559403));
#4338 = CARTESIAN_POINT('',(-245.,29.892436365799,2.658394686028));
#4339 = CARTESIAN_POINT('',(-245.,30.02936832414,2.400967836947));
#4340 = CARTESIAN_POINT('',(-245.,30.269110293434,1.934138192923));
#4341 = CARTESIAN_POINT('',(-245.,30.373265045924,1.725425343301));
#4342 = CARTESIAN_POINT('',(-245.,30.475044421937,1.515529130549));
#4343 = CARTESIAN_POINT('',(-245.,30.574470713267,1.30449835348));
#4344 = CARTESIAN_POINT('',(-245.,30.67156621171,1.092381810906));
#4345 = CARTESIAN_POINT('',(-245.,30.76635320906,0.879228301638));
#4346 = CARTESIAN_POINT('',(-245.,30.858853997112,0.665086624489));
#4347 = CARTESIAN_POINT('',(-245.,31.05060764519,0.208038690609));
#4348 = CARTESIAN_POINT('',(-245.,31.149255582141,-3.511243399348E-02));
#4349 = CARTESIAN_POINT('',(-245.,31.24507820307,-0.279392235479));
#4350 = CARTESIAN_POINT('',(-245.,31.338121072851,-0.52474638086));
#4351 = CARTESIAN_POINT('',(-245.,31.428430954132,-0.771121283474));
#4352 = CARTESIAN_POINT('',(-245.,31.516054964802,-1.018463622231));
#4353 = CARTESIAN_POINT('',(-245.,31.601039735452,-1.266719860862));
#4354 = CARTESIAN_POINT('',(-245.,31.765818427693,-1.76494269182));
#4355 = CARTESIAN_POINT('',(-245.,31.845612991918,-2.014910628578));
#4356 = CARTESIAN_POINT('',(-245.,31.922860259418,-2.265682053944));
#4357 = CARTESIAN_POINT('',(-245.,31.997607154379,-2.517205636021));
#4358 = CARTESIAN_POINT('',(-245.,32.069901594391,-2.769435504578));
#4359 = CARTESIAN_POINT('',(-245.,32.139792559567,-3.022330521115));
#4360 = CARTESIAN_POINT('',(-245.,32.207330161667,-3.275853548924));
#4361 = CARTESIAN_POINT('',(-245.,32.323302836387,-3.727611029128));
#4362 = CARTESIAN_POINT('',(-245.,32.372647382162,-3.925610452414));
#4363 = CARTESIAN_POINT('',(-245.,32.420623200297,-4.123952150082));
#4364 = CARTESIAN_POINT('',(-245.,32.467254140547,-4.322619279193));
#4365 = CARTESIAN_POINT('',(-245.,32.512564052666,-4.521594996809));
#4366 = CARTESIAN_POINT('',(-245.,32.556576786409,-4.720862459993));
#4367 = CARTESIAN_POINT('',(-245.,32.599316191531,-4.920404825807));
#4368 = CARTESIAN_POINT('',(-245.,32.706002274405,-5.434166277752));
#4369 = CARTESIAN_POINT('',(-245.,32.768113166338,-5.748767444568));
#4370 = CARTESIAN_POINT('',(-245.,32.827234546817,-6.063938226257));
#4371 = CARTESIAN_POINT('',(-245.,32.883455595843,-6.379635233935));
#4372 = CARTESIAN_POINT('',(-245.,32.936865065938,-6.695820351808));
#4373 = CARTESIAN_POINT('',(-245.,32.987554008352,-7.01245069427));
#4374 = CARTESIAN_POINT('',(-245.,33.035615079724,-7.329480383659));
#4375 = CARTESIAN_POINT('',(-245.,33.12666081838,-7.964261218327));
#4376 = CARTESIAN_POINT('',(-245.,33.169645674158,-8.282019453857));
#4377 = CARTESIAN_POINT('',(-245.,33.210189439277,-8.600089346047));
#4378 = CARTESIAN_POINT('',(-245.,33.248365583117,-8.918450051004));
#4379 = CARTESIAN_POINT('',(-245.,33.284283580575,-9.237036833492));
#4380 = CARTESIAN_POINT('',(-245.,33.318042862461,-9.555803784463));
#4381 = CARTESIAN_POINT('',(-245.,33.349695843798,-9.874775046874));
#4382 = CARTESIAN_POINT('',(-245.,33.419755836655,-10.62919902199));
#4383 = CARTESIAN_POINT('',(-245.,33.456427108984,-11.06481565413));
#4384 = CARTESIAN_POINT('',(-245.,33.489549817808,-11.50073738654));
#4385 = CARTESIAN_POINT('',(-245.,33.519326574261,-11.93692685809));
#4386 = CARTESIAN_POINT('',(-245.,33.545960539097,-12.37334960178));
#4387 = CARTESIAN_POINT('',(-245.,33.569655225645,-12.80997400619));
#4388 = CARTESIAN_POINT('',(-245.,33.590614302775,-13.24677127684));
#4389 = CARTESIAN_POINT('',(-245.,33.628703674916,-14.14994821014));
#4390 = CARTESIAN_POINT('',(-245.,33.645483861235,-14.61634615852));
#4391 = CARTESIAN_POINT('',(-245.,33.659635918873,-15.08286838596));
#4392 = CARTESIAN_POINT('',(-245.,33.671413476106,-15.54947630826));
#4393 = CARTESIAN_POINT('',(-245.,33.681069827419,-16.01613361391));
#4394 = CARTESIAN_POINT('',(-245.,33.688857933512,-16.48280626407));
#4395 = CARTESIAN_POINT('',(-245.,33.695030421295,-16.94946249257));
#4396 = CARTESIAN_POINT('',(-245.,33.704644666141,-17.88228722259));
#4397 = CARTESIAN_POINT('',(-245.,33.708088818969,-18.34845454188));
#4398 = CARTESIAN_POINT('',(-245.,33.710423939046,-18.81454528218));
#4399 = CARTESIAN_POINT('',(-245.,33.711901797049,-19.28053053857));
#4400 = CARTESIAN_POINT('',(-245.,33.712774289485,-19.7463819531));
#4401 = CARTESIAN_POINT('',(-245.,33.713293690519,-20.21207168485));
#4402 = CARTESIAN_POINT('',(-245.,33.713712903801,-20.67757238019));
#4403 = CARTESIAN_POINT('',(-245.,33.714285714286,-21.14285714285));
#4404 = PCURVE('',#2576,#4405);
#4405 = DEFINITIONAL_REPRESENTATION('',(#4406),#5109);
#4406 = B_SPLINE_CURVE_WITH_KNOTS('',8,(#4407,#4408,#4409,#4410,#4411,
    #4412,#4413,#4414,#4415,#4416,#4417,#4418,#4419,#4420,#4421,#4422,
    #4423,#4424,#4425,#4426,#4427,#4428,#4429,#4430,#4431,#4432,#4433,
    #4434,#4435,#4436,#4437,#4438,#4439,#4440,#4441,#4442,#4443,#4444,
    #4445,#4446,#4447,#4448,#4449,#4450,#4451,#4452,#4453,#4454,#4455,
    #4456,#4457,#4458,#4459,#4460,#4461,#4462,#4463,#4464,#4465,#4466,
    #4467,#4468,#4469,#4470,#4471,#4472,#4473,#4474,#4475,#4476,#4477,
    #4478,#4479,#4480,#4481,#4482,#4483,#4484,#4485,#4486,#4487,#4488,
    #4489,#4490,#4491,#4492,#4493,#4494,#4495,#4496,#4497,#4498,#4499,
    #4500,#4501,#4502,#4503,#4504,#4505,#4506,#4507,#4508,#4509,#4510,
    #4511,#4512,#4513,#4514,#4515,#4516,#4517,#4518,#4519,#4520,#4521,
    #4522,#4523,#4524,#4525,#4526,#4527,#4528,#4529,#4530,#4531,#4532,
    #4533,#4534,#4535,#4536,#4537,#4538,#4539,#4540,#4541,#4542,#4543,
    #4544,#4545,#4546,#4547,#4548,#4549,#4550,#4551,#4552,#4553,#4554,
    #4555,#4556,#4557,#4558,#4559,#4560,#4561,#4562,#4563,#4564,#4565,
    #4566,#4567,#4568,#4569,#4570,#4571,#4572,#4573,#4574,#4575,#4576,
    #4577,#4578,#4579,#4580,#4581,#4582,#4583,#4584,#4585,#4586,#4587,
    #4588,#4589,#4590,#4591,#4592,#4593,#4594,#4595,#4596,#4597,#4598,
    #4599,#4600,#4601,#4602,#4603,#4604,#4605,#4606,#4607,#4608,#4609,
    #4610,#4611,#4612,#4613,#4614,#4615,#4616,#4617,#4618,#4619,#4620,
    #4621,#4622,#4623,#4624,#4625,#4626,#4627,#4628,#4629,#4630,#4631,
    #4632,#4633,#4634,#4635,#4636,#4637,#4638,#4639,#4640,#4641,#4642,
    #4643,#4644,#4645,#4646,#4647,#4648,#4649,#4650,#4651,#4652,#4653,
    #4654,#4655,#4656,#4657,#4658,#4659,#4660,#4661,#4662,#4663,#4664,
    #4665,#4666,#4667,#4668,#4669,#4670,#4671,#4672,#4673,#4674,#4675,
    #4676,#4677,#4678,#4679,#4680,#4681,#4682,#4683,#4684,#4685,#4686,
    #4687,#4688,#4689,#4690,#4691,#4692,#4693,#4694,#4695,#4696,#4697,
    #4698,#4699,#4700,#4701,#4702,#4703,#4704,#4705,#4706,#4707,#4708,
    #4709,#4710,#4711,#4712,#4713,#4714,#4715,#4716,#4717,#4718,#4719,
    #4720,#4721,#4722,#4723,#4724,#4725,#4726,#4727,#4728,#4729,#4730,
    #4731,#4732,#4733,#4734,#4735,#4736,#4737,#4738,#4739,#4740,#4741,
    #4742,#4743,#4744,#4745,#4746,#4747,#4748,#4749,#4750,#4751,#4752,
    #4753,#4754,#4755,#4756,#4757,#4758,#4759,#4760,#4761,#4762,#4763,
    #4764,#4765,#4766,#4767,#4768,#4769,#4770,#4771,#4772,#4773,#4774,
    #4775,#4776,#4777,#4778,#4779,#4780,#4781,#4782,#4783,#4784,#4785,
    #4786,#4787,#4788,#4789,#4790,#4791,#4792,#4793,#4794,#4795,#4796,
    #4797,#4798,#4799,#4800,#4801,#4802,#4803,#4804,#4805,#4806,#4807,
    #4808,#4809,#4810,#4811,#4812,#4813,#4814,#4815,#4816,#4817,#4818,
    #4819,#4820,#4821,#4822,#4823,#4824,#4825,#4826,#4827,#4828,#4829,
    #4830,#4831,#4832,#4833,#4834,#4835,#4836,#4837,#4838,#4839,#4840,
    #4841,#4842,#4843,#4844,#4845,#4846,#4847,#4848,#4849,#4850,#4851,
    #4852,#4853,#4854,#4855,#4856,#4857,#4858,#4859,#4860,#4861,#4862,
    #4863,#4864,#4865,#4866,#4867,#4868,#4869,#4870,#4871,#4872,#4873,
    #4874,#4875,#4876,#4877,#4878,#4879,#4880,#4881,#4882,#4883,#4884,
    #4885,#4886,#4887,#4888,#4889,#4890,#4891,#4892,#4893,#4894,#4895,
    #4896,#4897,#4898,#4899,#4900,#4901,#4902,#4903,#4904,#4905,#4906,
    #4907,#4908,#4909,#4910,#4911,#4912,#4913,#4914,#4915,#4916,#4917,
    #4918,#4919,#4920,#4921,#4922,#4923,#4924,#4925,#4926,#4927,#4928,
    #4929,#4930,#4931,#4932,#4933,#4934,#4935,#4936,#4937,#4938,#4939,
    #4940,#4941,#4942,#4943,#4944,#4945,#4946,#4947,#4948,#4949,#4950,
    #4951,#4952,#4953,#4954,#4955,#4956,#4957,#4958,#4959,#4960,#4961,
    #4962,#4963,#4964,#4965,#4966,#4967,#4968,#4969,#4970,#4971,#4972,
    #4973,#4974,#4975,#4976,#4977,#4978,#4979,#4980,#4981,#4982,#4983,
    #4984,#4985,#4986,#4987,#4988,#4989,#4990,#4991,#4992,#4993,#4994,
    #4995,#4996,#4997,#4998,#4999,#5000,#5001,#5002,#5003,#5004,#5005,
    #5006,#5007,#5008,#5009,#5010,#5011,#5012,#5013,#5014,#5015,#5016,
    #5017,#5018,#5019,#5020,#5021,#5022,#5023,#5024,#5025,#5026,#5027,
    #5028,#5029,#5030,#5031,#5032,#5033,#5034,#5035,#5036,#5037,#5038,
    #5039,#5040,#5041,#5042,#5043,#5044,#5045,#5046,#5047,#5048,#5049,
    #5050,#5051,#5052,#5053,#5054,#5055,#5056,#5057,#5058,#5059,#5060,
    #5061,#5062,#5063,#5064,#5065,#5066,#5067,#5068,#5069,#5070,#5071,
    #5072,#5073,#5074,#5075,#5076,#5077,#5078,#5079,#5080,#5081,#5082,
    #5083,#5084,#5085,#5086,#5087,#5088,#5089,#5090,#5091,#5092,#5093,
    #5094,#5095,#5096,#5097,#5098,#5099,#5100,#5101,#5102,#5103,#5104,
    #5105,#5106,#5107,#5108),.UNSPECIFIED.,.T.,.F.,(9,7,7,7,7,7,7,7,7,7,
    7,7,7,7,7,7,7,7,7,7,7,7,7,7,7,7,7,7,7,7,7,7,7,7,7,7,7,7,7,7,7,7,7,7,
    7,7,7,7,7,7,7,7,7,7,7,7,7,7,7,7,7,7,7,7,7,7,7,7,7,7,7,7,7,7,7,7,7,7,
    7,7,7,7,7,7,7,7,7,7,7,7,7,7,7,7,7,7,7,7,7,7,9),(0.,
    1.899915261694E-02,2.900590023965E-02,3.901093017352E-02,
    4.601319833711E-02,5.201530227314E-02,6.402029334904E-02,
    7.302399206455E-02,7.902648586755E-02,8.903054050522E-02,
    0.100035405913,0.107038618045,0.117043556015,0.128048960486,
    0.140054895111,0.149059181256,0.156062526713,0.166067016704,
    0.177071579837,0.185074960057,0.198079879395,0.204082077352,
    0.211084402666,0.217086395792,0.227089793429,0.237093158023,
    0.248096859077,0.259100425397,0.277103873264,0.288105475824,
    0.297106853124,0.310109289141,0.317110506325,0.324111739563,
    0.336113634378,0.345115099475,0.351116133835,0.361117841813,
    0.3721197178,0.378120748178,0.388122387999,0.399124043332,
    0.407125097821,0.416126021408,0.425126579324,0.432126875207,
    0.442126893564,0.453126904321,0.468126906246,0.484125375523,
    0.496124683715,0.502124374406,0.509124013588,0.52712170231,
    0.538120503087,0.547120063417,0.553119780796,0.563119291102,
    0.574118683239,0.585118301667,0.596117953336,0.604117574842,
    0.61611692305,0.628116273998,0.640115667977,0.649115048711,
    0.656114578843,0.666113618527,0.677112186531,0.685111206623,
    0.698109041067,0.704107969111,0.711106479658,0.717105202983,
    0.727103150911,0.737101065815,0.748098772209,0.759096343942,
    0.777089983787,0.788085592831,0.797082066309,0.810077418782,
    0.817074821801,0.824072240867,0.836067597218,0.845064158444,
    0.851061923525,0.861058182713,0.872054065034,0.878051826136,
    0.888048017242,0.89804408791,0.90604100313,0.915037559176,
    0.924033790859,0.931030633901,0.942025285277,0.953019704725,
    0.968014263785,0.984013919367,1.),.UNSPECIFIED.);
#4407 = CARTESIAN_POINT('',(178.85714285714,-233.7142857142));
#4408 = CARTESIAN_POINT('',(178.30454817479,-233.7149660117));
#4409 = CARTESIAN_POINT('',(177.75164917461,-233.7154502693));
#4410 = CARTESIAN_POINT('',(177.19849033011,-233.7153680841));
#4411 = CARTESIAN_POINT('',(176.64511745818,-233.7143503832));
#4412 = CARTESIAN_POINT('',(176.0915777883,-233.7120289404));
#4413 = CARTESIAN_POINT('',(175.53792003166,-233.708035892));
#4414 = CARTESIAN_POINT('',(174.98419445023,-233.7020032528));
#4415 = CARTESIAN_POINT('',(174.13880035634,-233.6891166999));
#4416 = CARTESIAN_POINT('',(173.84713116876,-233.6840027389));
#4417 = CARTESIAN_POINT('',(173.55545772809,-233.678166677));
#4418 = CARTESIAN_POINT('',(173.26379239915,-233.6715546419));
#4419 = CARTESIAN_POINT('',(172.9721475468,-233.6641127609));
#4420 = CARTESIAN_POINT('',(172.68053553587,-233.6557871615));
#4421 = CARTESIAN_POINT('',(172.38896873122,-233.6465239712));
#4422 = CARTESIAN_POINT('',(171.80600030257,-233.626016424));
#4423 = CARTESIAN_POINT('',(171.51458777075,-233.614769942));
#4424 = CARTESIAN_POINT('',(171.22323239904,-233.6024827746));
#4425 = CARTESIAN_POINT('',(170.93194343024,-233.5890982367));
#4426 = CARTESIAN_POINT('',(170.64072911329,-233.5745523413));
#4427 = CARTESIAN_POINT('',(170.3495973104,-233.5587772051));
#4428 = CARTESIAN_POINT('',(170.05855645133,-233.5417055721));
#4429 = CARTESIAN_POINT('',(169.56399553325,-233.5103783849));
#4430 = CARTESIAN_POINT('',(169.36043022002,-233.496815273));
#4431 = CARTESIAN_POINT('',(169.15692364122,-233.4825650095));
#4432 = CARTESIAN_POINT('',(168.95347854313,-233.4676054819));
#4433 = CARTESIAN_POINT('',(168.75009767204,-233.4519145778));
#4434 = CARTESIAN_POINT('',(168.54678377423,-233.435470185));
#4435 = CARTESIAN_POINT('',(168.34353959597,-233.418250191));
#4436 = CARTESIAN_POINT('',(167.96621606499,-233.3847883231));
#4437 = CARTESIAN_POINT('',(167.79211719334,-233.368757929));
#4438 = CARTESIAN_POINT('',(167.61807342162,-233.3521275504));
#4439 = CARTESIAN_POINT('',(167.44408722367,-233.3348834061));
#4440 = CARTESIAN_POINT('',(167.27016139407,-233.3170116849));
#4441 = CARTESIAN_POINT('',(167.09629904823,-233.2984985455));
#4442 = CARTESIAN_POINT('',(166.92250362231,-233.2793301162));
#4443 = CARTESIAN_POINT('',(166.40130670619,-233.2198146651));
#4444 = CARTESIAN_POINT('',(166.05410539868,-233.1774566304));
#4445 = CARTESIAN_POINT('',(165.70722832802,-233.1323028189));
#4446 = CARTESIAN_POINT('',(165.3607288715,-233.0842376581));
#4447 = CARTESIAN_POINT('',(165.0146604064,-233.0331455756));
#4448 = CARTESIAN_POINT('',(164.66907630999,-232.9789109989));
#4449 = CARTESIAN_POINT('',(164.32402995956,-232.9214183557));
#4450 = CARTESIAN_POINT('',(163.72123459146,-232.8149025878));
#4451 = CARTESIAN_POINT('',(163.46322626716,-232.7673543461));
#4452 = CARTESIAN_POINT('',(163.20556779748,-232.7178611343));
#4453 = CARTESIAN_POINT('',(162.94828662376,-232.66637349));
#4454 = CARTESIAN_POINT('',(162.69141673626,-232.612840009));
#4455 = CARTESIAN_POINT('',(162.43499581984,-232.5572086524));
#4456 = CARTESIAN_POINT('',(162.17906239956,-232.4994280531));
#4457 = CARTESIAN_POINT('',(161.75337925001,-232.3994624824));
#4458 = CARTESIAN_POINT('',(161.58333753515,-232.358498572));
#4459 = CARTESIAN_POINT('',(161.41353844832,-232.3165419677));
#4460 = CARTESIAN_POINT('',(161.24399259615,-232.2735775458));
#4461 = CARTESIAN_POINT('',(161.07471058528,-232.2295901825));
#4462 = CARTESIAN_POINT('',(160.90570302234,-232.1845647541));
#4463 = CARTESIAN_POINT('',(160.73698051395,-232.1384861369));
#4464 = CARTESIAN_POINT('',(160.28784510843,-232.0127617897));
#4465 = CARTESIAN_POINT('',(160.00795074983,-231.9312147848));
#4466 = CARTESIAN_POINT('',(159.72892182468,-231.8466290932));
#4467 = CARTESIAN_POINT('',(159.45083331749,-231.7589416799));
#4468 = CARTESIAN_POINT('',(159.1737638018,-231.6680903397));
#4469 = CARTESIAN_POINT('',(158.89778636744,-231.5740114079));
#4470 = CARTESIAN_POINT('',(158.62297063679,-231.4766404172));
#4471 = CARTESIAN_POINT('',(158.04845254305,-231.2651144318));
#4472 = CARTESIAN_POINT('',(157.74900402515,-231.1502501882));
#4473 = CARTESIAN_POINT('',(157.4511633967,-231.0312576906));
#4474 = CARTESIAN_POINT('',(157.15500607975,-230.9080122432));
#4475 = CARTESIAN_POINT('',(156.8606551559,-230.7804615939));
#4476 = CARTESIAN_POINT('',(156.56824975408,-230.6485730346));
#4477 = CARTESIAN_POINT('',(156.27790122185,-230.5122641355));
#4478 = CARTESIAN_POINT('',(155.80636457531,-230.2818976257));
#4479 = CARTESIAN_POINT('',(155.62387334841,-230.1905013752));
#4480 = CARTESIAN_POINT('',(155.44230117948,-230.0972781978));
#4481 = CARTESIAN_POINT('',(155.26168152954,-230.0022119793));
#4482 = CARTESIAN_POINT('',(155.08204825395,-229.9052890498));
#4483 = CARTESIAN_POINT('',(154.90343560242,-229.8064981843));
#4484 = CARTESIAN_POINT('',(154.72587821897,-229.7058306022));
#4485 = CARTESIAN_POINT('',(154.29730651828,-229.4567739471));
#4486 = CARTESIAN_POINT('',(154.04742412493,-229.306429974));
#4487 = CARTESIAN_POINT('',(153.79987180491,-229.1522361017));
#4488 = CARTESIAN_POINT('',(153.55475388275,-228.9941881352));
#4489 = CARTESIAN_POINT('',(153.31217605827,-228.8322788345));
#4490 = CARTESIAN_POINT('',(153.07224642466,-228.6664956706));
#4491 = CARTESIAN_POINT('',(152.83507261091,-228.4968271322));
#4492 = CARTESIAN_POINT('',(152.34300636923,-228.1323735556));
#4493 = CARTESIAN_POINT('',(152.08871490029,-227.9367802196));
#4494 = CARTESIAN_POINT('',(151.83800497352,-227.7365515359));
#4495 = CARTESIAN_POINT('',(151.59101616431,-227.5317246962));
#4496 = CARTESIAN_POINT('',(151.34786842544,-227.3223588789));
#4497 = CARTESIAN_POINT('',(151.10868748955,-227.1085065908));
#4498 = CARTESIAN_POINT('',(150.87362086739,-226.8901956544));
#4499 = CARTESIAN_POINT('',(150.39094184673,-226.4245582842));
#4500 = CARTESIAN_POINT('',(150.14412981994,-226.176406402));
#4501 = CARTESIAN_POINT('',(149.90245395957,-225.9231766271));
#4502 = CARTESIAN_POINT('',(149.66601444918,-225.6650163176));
#4503 = CARTESIAN_POINT('',(149.43496375859,-225.4020267218));
#4504 = CARTESIAN_POINT('',(149.20932973973,-225.1344053057));
#4505 = CARTESIAN_POINT('',(148.98935060342,-224.8621961748));
#4506 = CARTESIAN_POINT('',(148.61423117357,-224.3782014202));
#4507 = CARTESIAN_POINT('',(148.45663562692,-224.1683217975));
#4508 = CARTESIAN_POINT('',(148.30222247305,-223.9560617643));
#4509 = CARTESIAN_POINT('',(148.15100603486,-223.7414963526));
#4510 = CARTESIAN_POINT('',(148.00300070374,-223.5247005829));
#4511 = CARTESIAN_POINT('',(147.85822083608,-223.3057494819));
#4512 = CARTESIAN_POINT('',(147.71668064995,-223.084718098));
#4513 = CARTESIAN_POINT('',(147.47083775198,-222.6882083301));
#4514 = CARTESIAN_POINT('',(147.36525328391,-222.513522211));
#4515 = CARTESIAN_POINT('',(147.26163296963,-222.3376587989));
#4516 = CARTESIAN_POINT('',(147.15996869714,-222.1606538307));
#4517 = CARTESIAN_POINT('',(147.06025199033,-221.9825431422));
#4518 = CARTESIAN_POINT('',(146.96247400894,-221.8033626679));
#4519 = CARTESIAN_POINT('',(146.86662554859,-221.6231484412));
#4520 = CARTESIAN_POINT('',(146.63851733739,-221.183070011));
#4521 = CARTESIAN_POINT('',(146.50826036853,-220.9221687671));
#4522 = CARTESIAN_POINT('',(146.38188454937,-220.6593352244));
#4523 = CARTESIAN_POINT('',(146.25938624764,-220.3946746677));
#4524 = CARTESIAN_POINT('',(146.14074162186,-220.1282868849));
#4525 = CARTESIAN_POINT('',(146.02588769646,-219.8602637576));
#4526 = CARTESIAN_POINT('',(145.91474267371,-219.5906928605));
#4527 = CARTESIAN_POINT('',(145.68904460958,-219.0215488841));
#4528 = CARTESIAN_POINT('',(145.57524981977,-218.7216547324));
#4529 = CARTESIAN_POINT('',(145.4658183629,-218.42012244));
#4530 = CARTESIAN_POINT('',(145.36064811937,-218.11705056));
#4531 = CARTESIAN_POINT('',(145.25968285808,-217.8125779705));
#4532 = CARTESIAN_POINT('',(145.16285505108,-217.506827115));
#4533 = CARTESIAN_POINT('',(145.07003445078,-217.1998549251));
#4534 = CARTESIAN_POINT('',(144.91647281834,-216.6676814109));
#4535 = CARTESIAN_POINT('',(144.85388554194,-216.4430087078));
#4536 = CARTESIAN_POINT('',(144.79333020691,-216.2177697726));
#4537 = CARTESIAN_POINT('',(144.73476821355,-215.9919970196));
#4538 = CARTESIAN_POINT('',(144.67816096218,-215.7657228632));
#4539 = CARTESIAN_POINT('',(144.62346985311,-215.5389797176));
#4540 = CARTESIAN_POINT('',(144.57065628663,-215.3117999972));
#4541 = CARTESIAN_POINT('',(144.43685155262,-214.7144086181));
#4542 = CARTESIAN_POINT('',(144.35887482602,-214.3435236622));
#4543 = CARTESIAN_POINT('',(144.28558575041,-213.9717106497));
#4544 = CARTESIAN_POINT('',(144.21681004334,-213.5989953601));
#4545 = CARTESIAN_POINT('',(144.15237864536,-213.2255319166));
#4546 = CARTESIAN_POINT('',(144.09211637776,-212.8513610298));
#4547 = CARTESIAN_POINT('',(144.03585049463,-212.4765847966));
#4548 = CARTESIAN_POINT('',(143.95920239078,-211.9280556284));
#4549 = CARTESIAN_POINT('',(143.93581237961,-211.7547231384));
#4550 = CARTESIAN_POINT('',(143.91321925058,-211.5812851909));
#4551 = CARTESIAN_POINT('',(143.8914057915,-211.4077495207));
#4552 = CARTESIAN_POINT('',(143.87035514898,-211.2341228701));
#4553 = CARTESIAN_POINT('',(143.85005082849,-211.060410989));
#4554 = CARTESIAN_POINT('',(143.8304766943,-210.8866186353));
#4555 = CARTESIAN_POINT('',(143.78961470815,-210.5099092589));
#4556 = CARTESIAN_POINT('',(143.76858472008,-210.3069661441));
#4557 = CARTESIAN_POINT('',(143.74850122965,-210.1039266727));
#4558 = CARTESIAN_POINT('',(143.72933846119,-209.9007972874));
#4559 = CARTESIAN_POINT('',(143.71107063906,-209.6975844309));
#4560 = CARTESIAN_POINT('',(143.6936719876,-209.4942945457));
#4561 = CARTESIAN_POINT('',(143.67711673114,-209.2909340746));
#4562 = CARTESIAN_POINT('',(143.64788969081,-208.9131455052));
#4563 = CARTESIAN_POINT('',(143.63500098751,-208.7387344245));
#4564 = CARTESIAN_POINT('',(143.62269675224,-208.5642802753));
#4565 = CARTESIAN_POINT('',(143.61096075311,-208.3897871149));
#4566 = CARTESIAN_POINT('',(143.59977675821,-208.2152590004));
#4567 = CARTESIAN_POINT('',(143.58912853563,-208.0406999891));
#4568 = CARTESIAN_POINT('',(143.57899985349,-207.8661141381));
#4569 = CARTESIAN_POINT('',(143.55333206902,-207.4004889116));
#4570 = CARTESIAN_POINT('',(143.53868893161,-207.1094125286));
#4571 = CARTESIAN_POINT('',(143.52536513498,-206.8182986632));
#4572 = CARTESIAN_POINT('',(143.51329072314,-206.5271508949));
#4573 = CARTESIAN_POINT('',(143.50239748779,-206.2359684849));
#4574 = CARTESIAN_POINT('',(143.49261503726,-205.9447533148));
#4575 = CARTESIAN_POINT('',(143.48387116351,-205.653509352));
#4576 = CARTESIAN_POINT('',(143.46832187627,-205.0709608969));
#4577 = CARTESIAN_POINT('',(143.46151626506,-204.7796588183));
#4578 = CARTESIAN_POINT('',(143.45560922075,-204.4883304605));
#4579 = CARTESIAN_POINT('',(143.45053029072,-204.1969778767));
#4580 = CARTESIAN_POINT('',(143.44620902232,-203.9056031198));
#4581 = CARTESIAN_POINT('',(143.44257496291,-203.614208243));
#4582 = CARTESIAN_POINT('',(143.43955765984,-203.3227952993));
#4583 = CARTESIAN_POINT('',(143.43436856117,-202.7107944885));
#4584 = CARTESIAN_POINT('',(143.43231148934,-202.3902032584));
#4585 = CARTESIAN_POINT('',(143.43082167253,-202.0695953843));
#4586 = CARTESIAN_POINT('',(143.42980533825,-201.7489735986));
#4587 = CARTESIAN_POINT('',(143.42916871405,-201.428340634));
#4588 = CARTESIAN_POINT('',(143.42881802745,-201.1076992231));
#4589 = CARTESIAN_POINT('',(143.42865950599,-200.7870520986));
#4590 = CARTESIAN_POINT('',(143.42853924915,-200.1457558137));
#4591 = CARTESIAN_POINT('',(143.42861000453,-199.8251079267));
#4592 = CARTESIAN_POINT('',(143.42852002105,-199.5044598932));
#4593 = CARTESIAN_POINT('',(143.42853840942,-199.1838132216));
#4594 = CARTESIAN_POINT('',(143.42877321348,-198.8631693508));
#4595 = CARTESIAN_POINT('',(143.42923644158,-198.5425298235));
#4596 = CARTESIAN_POINT('',(143.43007847509,-198.2218963801));
#4597 = CARTESIAN_POINT('',(143.43349472532,-197.3766800926));
#4598 = CARTESIAN_POINT('',(143.43683708992,-196.8521123656));
#4599 = CARTESIAN_POINT('',(143.44181227238,-196.3275741845));
#4600 = CARTESIAN_POINT('',(143.44883139027,-195.8030759864));
#4601 = CARTESIAN_POINT('',(143.45830567909,-195.2786319803));
#4602 = CARTESIAN_POINT('',(143.47064627039,-194.754260141));
#4603 = CARTESIAN_POINT('',(143.48626396985,-194.229982203));
#4604 = CARTESIAN_POINT('',(143.5173660346,-193.3855192284));
#4605 = CARTESIAN_POINT('',(143.53053981939,-193.0652517015));
#4606 = CARTESIAN_POINT('',(143.54518784136,-192.7450299224));
#4607 = CARTESIAN_POINT('',(143.56139182535,-192.4248389094));
#4608 = CARTESIAN_POINT('',(143.57925788512,-192.1047105997));
#4609 = CARTESIAN_POINT('',(143.59889526271,-191.7846856746));
#4610 = CARTESIAN_POINT('',(143.62039329688,-191.4647727744));
#4611 = CARTESIAN_POINT('',(143.66305330871,-190.883386562));
#4612 = CARTESIAN_POINT('',(143.68356544466,-190.6218586135));
#4613 = CARTESIAN_POINT('',(143.70544741634,-190.360441262));
#4614 = CARTESIAN_POINT('',(143.72875400643,-190.0991482006));
#4615 = CARTESIAN_POINT('',(143.75353999758,-189.8379931224));
#4616 = CARTESIAN_POINT('',(143.77986017247,-189.5769897202));
#4617 = CARTESIAN_POINT('',(143.80776931375,-189.3161516873));
#4618 = CARTESIAN_POINT('',(143.88001117855,-188.6789723824));
#4619 = CARTESIAN_POINT('',(143.92613035568,-188.3028357415));
#4620 = CARTESIAN_POINT('',(143.97583334706,-187.927105963));
#4621 = CARTESIAN_POINT('',(144.02931529411,-187.5519078114));
#4622 = CARTESIAN_POINT('',(144.0867333855,-187.1772779701));
#4623 = CARTESIAN_POINT('',(144.14827100868,-186.8033225039));
#4624 = CARTESIAN_POINT('',(144.21409728393,-186.4301165224));
#4625 = CARTESIAN_POINT('',(144.3222319858,-185.8572501098));
#4626 = CARTESIAN_POINT('',(144.3613718637,-185.6569954008));
#4627 = CARTESIAN_POINT('',(144.40183252635,-185.4569955325));
#4628 = CARTESIAN_POINT('',(144.4436411943,-185.2572621508));
#4629 = CARTESIAN_POINT('',(144.48682458824,-185.0578104834));
#4630 = CARTESIAN_POINT('',(144.53140892899,-184.8586593394));
#4631 = CARTESIAN_POINT('',(144.57741993752,-184.6598311093));
#4632 = CARTESIAN_POINT('',(144.6723458412,-184.262871966));
#4633 = CARTESIAN_POINT('',(144.72126111746,-184.064738828));
#4634 = CARTESIAN_POINT('',(144.7716545225,-183.8669740663));
#4635 = CARTESIAN_POINT('',(144.82355191511,-183.6695993959));
#4636 = CARTESIAN_POINT('',(144.87697915404,-183.4726365319));
#4637 = CARTESIAN_POINT('',(144.9319620981,-183.2761071893));
#4638 = CARTESIAN_POINT('',(144.98852660605,-183.0800330833));
#4639 = CARTESIAN_POINT('',(145.14642002412,-182.5491326479));
#4640 = CARTESIAN_POINT('',(145.25086896493,-182.2152172786));
#4641 = CARTESIAN_POINT('',(145.36016923579,-181.882816319));
#4642 = CARTESIAN_POINT('',(145.47448588951,-181.5520096267));
#4643 = CARTESIAN_POINT('',(145.59382323022,-181.2230456423));
#4644 = CARTESIAN_POINT('',(145.71836646502,-180.8959946597));
#4645 = CARTESIAN_POINT('',(145.8481728277,-180.5710552648));
#4646 = CARTESIAN_POINT('',(146.08474034508,-180.0063615009));
#4647 = CARTESIAN_POINT('',(146.1891467706,-179.7656155418));
#4648 = CARTESIAN_POINT('',(146.29663106182,-179.5261973767));
#4649 = CARTESIAN_POINT('',(146.40722983015,-179.2881745221));
#4650 = CARTESIAN_POINT('',(146.52096532708,-179.0516195072));
#4651 = CARTESIAN_POINT('',(146.63785227508,-178.8166088343));
#4652 = CARTESIAN_POINT('',(146.75790469844,-178.5832219391));
#4653 = CARTESIAN_POINT('',(146.96330224687,-178.1970841421));
#4654 = CARTESIAN_POINT('',(147.04687786312,-178.0433837011));
#4655 = CARTESIAN_POINT('',(147.13187577065,-177.8904616148));
#4656 = CARTESIAN_POINT('',(147.21830183112,-177.7383405907));
#4657 = CARTESIAN_POINT('',(147.3061616001,-177.5870432566));
#4658 = CARTESIAN_POINT('',(147.39546032704,-177.4365921611));
#4659 = CARTESIAN_POINT('',(147.48620295528,-177.2870097731));
#4660 = CARTESIAN_POINT('',(147.73204582158,-176.8905000587));
#4661 = CARTESIAN_POINT('',(147.88971441426,-176.6451571923));
#4662 = CARTESIAN_POINT('',(148.05138064938,-176.4023928685));
#4663 = CARTESIAN_POINT('',(148.21702500466,-176.1623100313));
#4664 = CARTESIAN_POINT('',(148.3866278025,-175.9250116008));
#4665 = CARTESIAN_POINT('',(148.56016932619,-175.6906004911));
#4666 = CARTESIAN_POINT('',(148.73762993614,-175.4591796277));
#4667 = CARTESIAN_POINT('',(149.11848641044,-174.9796916013));
#4668 = CARTESIAN_POINT('',(149.32270678191,-174.7322762181));
#4669 = CARTESIAN_POINT('',(149.53159976363,-174.4887312172));
#4670 = CARTESIAN_POINT('',(149.74504982989,-174.2491428213));
#4671 = CARTESIAN_POINT('',(149.9629750767,-174.013618391));
#4672 = CARTESIAN_POINT('',(150.18530258195,-173.7822710927));
#4673 = CARTESIAN_POINT('',(150.41192911095,-173.5551954241));
#4674 = CARTESIAN_POINT('',(150.76869072236,-173.2110297875));
#4675 = CARTESIAN_POINT('',(150.89586352306,-173.0908651405));
#4676 = CARTESIAN_POINT('',(151.02427343464,-172.9720154293));
#4677 = CARTESIAN_POINT('',(151.15390033679,-172.8544894926));
#4678 = CARTESIAN_POINT('',(151.28472371937,-172.7382957438));
#4679 = CARTESIAN_POINT('',(151.41672268235,-172.6234421701));
#4680 = CARTESIAN_POINT('',(151.54987593585,-172.5099363332));
#4681 = CARTESIAN_POINT('',(151.90796984016,-172.210868543));
#4682 = CARTESIAN_POINT('',(152.13493247951,-172.0277197787));
#4683 = CARTESIAN_POINT('',(152.36493621542,-171.8483521638));
#4684 = CARTESIAN_POINT('',(152.59789502849,-171.6728372755));
#4685 = CARTESIAN_POINT('',(152.8337188742,-171.5012245862));
#4686 = CARTESIAN_POINT('',(153.07230132722,-171.3335110229));
#4687 = CARTESIAN_POINT('',(153.31352637854,-171.169660678));
#4688 = CARTESIAN_POINT('',(153.82543557446,-170.8336924444));
#4689 = CARTESIAN_POINT('',(154.09665020791,-170.6623830665));
#4690 = CARTESIAN_POINT('',(154.3707963916,-170.4957558758));
#4691 = CARTESIAN_POINT('',(154.64773252374,-170.333748633));
#4692 = CARTESIAN_POINT('',(154.92732143417,-170.176401805));
#4693 = CARTESIAN_POINT('',(155.2094300761,-170.02372259));
#4694 = CARTESIAN_POINT('',(155.49392729054,-169.8755755333));
#4695 = CARTESIAN_POINT('',(155.98922726918,-169.6274738326));
#4696 = CARTESIAN_POINT('',(156.19896695361,-169.5253925241));
#4697 = CARTESIAN_POINT('',(156.40985141815,-169.4256707686));
#4698 = CARTESIAN_POINT('',(156.62183178156,-169.3282862639));
#4699 = CARTESIAN_POINT('',(156.83486008055,-169.2332162885));
#4700 = CARTESIAN_POINT('',(157.04888926978,-169.1404377019));
#4701 = CARTESIAN_POINT('',(157.26387322182,-169.0499269446));
#4702 = CARTESIAN_POINT('',(157.722639832,-168.8623626658));
#4703 = CARTESIAN_POINT('',(157.96665930491,-168.7659057579));
#4704 = CARTESIAN_POINT('',(158.21177149819,-168.6722430833));
#4705 = CARTESIAN_POINT('',(158.45792276967,-168.5813284005));
#4706 = CARTESIAN_POINT('',(158.70505948271,-168.4931154579));
#4707 = CARTESIAN_POINT('',(158.9531280063,-168.407557993));
#4708 = CARTESIAN_POINT('',(159.20207471498,-168.3246097329));
#4709 = CARTESIAN_POINT('',(159.7016071156,-168.1638423215));
#4710 = CARTESIAN_POINT('',(159.95219512379,-168.0860223485));
#4711 = CARTESIAN_POINT('',(160.20355150942,-168.0107192726));
#4712 = CARTESIAN_POINT('',(160.45562793905,-167.9378855827));
#4713 = CARTESIAN_POINT('',(160.70838318637,-167.8674720635));
#4714 = CARTESIAN_POINT('',(160.96178006868,-167.7994283991));
#4715 = CARTESIAN_POINT('',(161.21578238345,-167.7337037768));
#4716 = CARTESIAN_POINT('',(161.66834641011,-167.620893576));
#4717 = CARTESIAN_POINT('',(161.86668512724,-167.5729116039));
#4718 = CARTESIAN_POINT('',(162.06535092327,-167.5262776423));
#4719 = CARTESIAN_POINT('',(162.26432672532,-167.4809677582));
#4720 = CARTESIAN_POINT('',(162.46359546045,-167.4369580189));
#4721 = CARTESIAN_POINT('',(162.66314005578,-167.3942244915));
#4722 = CARTESIAN_POINT('',(162.86294343839,-167.3527432432));
#4723 = CARTESIAN_POINT('',(163.34875569087,-167.2549885204));
#4724 = CARTESIAN_POINT('',(163.63501992542,-167.1999919049));
#4725 = CARTESIAN_POINT('',(163.92173652088,-167.1474305842));
#4726 = CARTESIAN_POINT('',(164.20887530115,-167.0972386382));
#4727 = CARTESIAN_POINT('',(164.49640818368,-167.0493500901));
#4728 = CARTESIAN_POINT('',(164.78430384633,-167.0036972233));
#4729 = CARTESIAN_POINT('',(165.07252950976,-166.9602112622));
#4730 = CARTESIAN_POINT('',(165.67844292076,-166.8733010266));
#4731 = CARTESIAN_POINT('',(165.99620216546,-166.8303171286));
#4732 = CARTESIAN_POINT('',(166.31428735682,-166.7897802065));
#4733 = CARTESIAN_POINT('',(166.63267326398,-166.7516115751));
#4734 = CARTESIAN_POINT('',(166.95130629813,-166.7157092916));
#4735 = CARTESIAN_POINT('',(167.27014503695,-166.6819779108));
#4736 = CARTESIAN_POINT('',(167.58919332216,-166.6503523649));
#4737 = CARTESIAN_POINT('',(168.34373970277,-166.5803648456));
#4738 = CARTESIAN_POINT('',(168.77940028931,-166.5437371357));
#4739 = CARTESIAN_POINT('',(169.21535469726,-166.510648982));
#4740 = CARTESIAN_POINT('',(169.65155498471,-166.4808903707));
#4741 = CARTESIAN_POINT('',(170.08795588755,-166.4542508671));
#4742 = CARTESIAN_POINT('',(170.52451457861,-166.4305196175));
#4743 = CARTESIAN_POINT('',(170.96119126821,-166.4094858966));
#4744 = CARTESIAN_POINT('',(171.86378268548,-166.3711600152));
#4745 = CARTESIAN_POINT('',(172.32971020415,-166.3542119));
#4746 = CARTESIAN_POINT('',(172.79571660641,-166.3398600134));
#4747 = CARTESIAN_POINT('',(173.2617873954,-166.3278680588));
#4748 = CARTESIAN_POINT('',(173.72791017693,-166.3179994199));
#4749 = CARTESIAN_POINT('',(174.19407466324,-166.3100172996));
#4750 = CARTESIAN_POINT('',(174.66027267681,-166.3036848582));
#4751 = CARTESIAN_POINT('',(175.47618055776,-166.2950755824));
#4752 = CARTESIAN_POINT('',(175.82588402689,-166.2921805827));
#4753 = CARTESIAN_POINT('',(176.1756059284,-166.2899804937));
#4754 = CARTESIAN_POINT('',(176.5253436291,-166.288375456));
#4755 = CARTESIAN_POINT('',(176.87509449577,-166.2872656101));
#4756 = CARTESIAN_POINT('',(177.22485589523,-166.2865510968));
#4757 = CARTESIAN_POINT('',(177.57462519428,-166.2861320565));
#4758 = CARTESIAN_POINT('',(178.09928810918,-166.2857969159));
#4759 = CARTESIAN_POINT('',(178.27417716434,-166.285741581));
#4760 = CARTESIAN_POINT('',(178.44906674994,-166.2857180442));
#4761 = CARTESIAN_POINT('',(178.62395669004,-166.285709153));
#4762 = CARTESIAN_POINT('',(178.79884680805,-166.2857051831));
#4763 = CARTESIAN_POINT('',(178.97373692673,-166.2857038384));
#4764 = CARTESIAN_POINT('',(179.14862686819,-166.2857102513));
#4765 = CARTESIAN_POINT('',(179.52755430511,-166.2857681684));
#4766 = CARTESIAN_POINT('',(179.73159126033,-166.2858319376));
#4767 = CARTESIAN_POINT('',(179.93562679684,-166.2859481115));
#4768 = CARTESIAN_POINT('',(180.13966039199,-166.2861365117));
#4769 = CARTESIAN_POINT('',(180.34369152308,-166.2864169598));
#4770 = CARTESIAN_POINT('',(180.54771966745,-166.2868092775));
#4771 = CARTESIAN_POINT('',(180.75174430241,-166.2873332864));
#4772 = CARTESIAN_POINT('',(181.48034898855,-166.2897457304));
#4773 = CARTESIAN_POINT('',(182.00491634982,-166.2924842739));
#4774 = CARTESIAN_POINT('',(182.52946205885,-166.2965616378));
#4775 = CARTESIAN_POINT('',(183.05397865276,-166.3023149851));
#4776 = CARTESIAN_POINT('',(183.5784561361,-166.3100814426));
#4777 = CARTESIAN_POINT('',(184.10288198081,-166.3201981008));
#4778 = CARTESIAN_POINT('',(184.62724112623,-166.333002014));
#4779 = CARTESIAN_POINT('',(185.47191237823,-166.3585031682));
#4780 = CARTESIAN_POINT('',(185.79227827972,-166.3693045293));
#4781 = CARTESIAN_POINT('',(186.1126022736,-166.3813161192));
#4782 = CARTESIAN_POINT('',(186.43289143095,-166.3946066286));
#4783 = CARTESIAN_POINT('',(186.75313932399,-166.4092531188));
#4784 = CARTESIAN_POINT('',(187.07332600018,-166.4253416681));
#4785 = CARTESIAN_POINT('',(187.39343125351,-166.4429586519));
#4786 = CARTESIAN_POINT('',(187.97528570345,-166.4779150684));
#4787 = CARTESIAN_POINT('',(188.23706619444,-166.4947233873));
#4788 = CARTESIAN_POINT('',(188.49877379688,-166.5126545334));
#4789 = CARTESIAN_POINT('',(188.76039829917,-166.5317539231));
#4790 = CARTESIAN_POINT('',(189.0219294897,-166.5520669728));
#4791 = CARTESIAN_POINT('',(189.28335715686,-166.573639099));
#4792 = CARTESIAN_POINT('',(189.54467108903,-166.5965157179));
#4793 = CARTESIAN_POINT('',(189.97998803617,-166.6368932931));
#4794 = CARTESIAN_POINT('',(190.15405876332,-166.653644601));
#4795 = CARTESIAN_POINT('',(190.3280717262,-166.671009119));
#4796 = CARTESIAN_POINT('',(190.50202454721,-166.6890001051));
#4797 = CARTESIAN_POINT('',(190.67591400098,-166.7076311268));
#4798 = CARTESIAN_POINT('',(190.8497360144,-166.7269160603));
#4799 = CARTESIAN_POINT('',(191.02348566659,-166.7468690912));
#4800 = CARTESIAN_POINT('',(191.48660918607,-166.8018973545));
#4801 = CARTESIAN_POINT('',(191.77584150736,-166.8381866621));
#4802 = CARTESIAN_POINT('',(192.06482535745,-166.8764402755));
#4803 = CARTESIAN_POINT('',(192.35353194103,-166.9167258337));
#4804 = CARTESIAN_POINT('',(192.64193246274,-166.9591109752));
#4805 = CARTESIAN_POINT('',(192.92999812726,-167.0036633391));
#4806 = CARTESIAN_POINT('',(193.21770013926,-167.050450564));
#4807 = CARTESIAN_POINT('',(193.82104823565,-167.1535386463));
#4808 = CARTESIAN_POINT('',(194.136615756,-167.2103229541));
#4809 = CARTESIAN_POINT('',(194.45166511984,-167.2699870731));
#4810 = CARTESIAN_POINT('',(194.76618340576,-167.3326102382));
#4811 = CARTESIAN_POINT('',(195.08009633635,-167.3982903512));
#4812 = CARTESIAN_POINT('',(195.39331696318,-167.4671279047));
#4813 = CARTESIAN_POINT('',(195.70579966341,-167.5392073937));
#4814 = CARTESIAN_POINT('',(196.32912773941,-167.6900403116));
#4815 = CARTESIAN_POINT('',(196.63997152884,-167.7687925807));
#4816 = CARTESIAN_POINT('',(196.94994398131,-167.8509763134));
#4817 = CARTESIAN_POINT('',(197.25896123867,-167.9366814498));
#4818 = CARTESIAN_POINT('',(197.56697958791,-168.0260061636));
#4819 = CARTESIAN_POINT('',(197.87393456986,-168.1190427135));
#4820 = CARTESIAN_POINT('',(198.17969320735,-168.2158673915));
#4821 = CARTESIAN_POINT('',(198.78864668114,-168.4172679844));
#4822 = CARTESIAN_POINT('',(199.09183365864,-168.5218405229));
#4823 = CARTESIAN_POINT('',(199.39364049661,-168.6303767764));
#4824 = CARTESIAN_POINT('',(199.69396607889,-168.742951774));
#4825 = CARTESIAN_POINT('',(199.99271377296,-168.8596544114));
#4826 = CARTESIAN_POINT('',(200.28978916244,-168.9805782683));
#4827 = CARTESIAN_POINT('',(200.58508767964,-169.1057990137));
#4828 = CARTESIAN_POINT('',(201.09185287001,-169.3295926909));
#4829 = CARTESIAN_POINT('',(201.30421334182,-169.4261180532));
#4830 = CARTESIAN_POINT('',(201.51551257133,-169.5249630178));
#4831 = CARTESIAN_POINT('',(201.7257017287,-169.6261498875));
#4832 = CARTESIAN_POINT('',(201.93473198404,-169.7297009655));
#4833 = CARTESIAN_POINT('',(202.14255450749,-169.8356385547));
#4834 = CARTESIAN_POINT('',(202.34912046919,-169.9439849582));
#4835 = CARTESIAN_POINT('',(202.86226973775,-170.220927596));
#4836 = CARTESIAN_POINT('',(203.16723002087,-170.3925649081));
#4837 = CARTESIAN_POINT('',(203.46908112413,-170.5697723471));
#4838 = CARTESIAN_POINT('',(203.76763985091,-170.7524594734));
#4839 = CARTESIAN_POINT('',(204.06272293999,-170.9407412229));
#4840 = CARTESIAN_POINT('',(204.3541473914,-171.1345621213));
#4841 = CARTESIAN_POINT('',(204.64172860573,-171.3339706175));
#4842 = CARTESIAN_POINT('',(205.2088369772,-171.7439682322));
#4843 = CARTESIAN_POINT('',(205.48836772693,-171.9545625385));
#4844 = CARTESIAN_POINT('',(205.76368481105,-172.1707404885));
#4845 = CARTESIAN_POINT('',(206.03466713515,-172.3923459357));
#4846 = CARTESIAN_POINT('',(206.30107763466,-172.6194387668));
#4847 = CARTESIAN_POINT('',(206.56282562892,-172.8518339932));
#4848 = CARTESIAN_POINT('',(206.81967892268,-173.0895593636));
#4849 = CARTESIAN_POINT('',(207.32334388305,-173.5754417182));
#4850 = CARTESIAN_POINT('',(207.57015591369,-173.8235936002));
#4851 = CARTESIAN_POINT('',(207.81183177293,-174.0768233742));
#4852 = CARTESIAN_POINT('',(208.0482712794,-174.3349836836));
#4853 = CARTESIAN_POINT('',(208.27932196423,-174.5979732781));
#4854 = CARTESIAN_POINT('',(208.50495597635,-174.8655946939));
#4855 = CARTESIAN_POINT('',(208.72493510904,-175.1378038241));
#4856 = CARTESIAN_POINT('',(209.10005453478,-175.6217985775));
#4857 = CARTESIAN_POINT('',(209.25765008069,-175.8316782));
#4858 = CARTESIAN_POINT('',(209.41206323475,-176.0439382332));
#4859 = CARTESIAN_POINT('',(209.5632796738,-176.2585036453));
#4860 = CARTESIAN_POINT('',(209.71128500621,-176.4752994154));
#4861 = CARTESIAN_POINT('',(209.85606487534,-176.6942505169));
#4862 = CARTESIAN_POINT('',(209.99760506287,-176.9152819014));
#4863 = CARTESIAN_POINT('',(210.24344796277,-177.31179167));
#4864 = CARTESIAN_POINT('',(210.34903243146,-177.4864777893));
#4865 = CARTESIAN_POINT('',(210.45265274616,-177.6623412015));
#4866 = CARTESIAN_POINT('',(210.55431701888,-177.8393461698));
#4867 = CARTESIAN_POINT('',(210.65403372577,-178.0174568584));
#4868 = CARTESIAN_POINT('',(210.75181170711,-178.1966373327));
#4869 = CARTESIAN_POINT('',(210.84766016731,-178.3768515593));
#4870 = CARTESIAN_POINT('',(211.07576837804,-178.8169299894));
#4871 = CARTESIAN_POINT('',(211.20602534652,-179.0778312331));
#4872 = CARTESIAN_POINT('',(211.33240116521,-179.3406647757));
#4873 = CARTESIAN_POINT('',(211.45489946656,-179.6053253324));
#4874 = CARTESIAN_POINT('',(211.57354409212,-179.871713115));
#4875 = CARTESIAN_POINT('',(211.68839801741,-180.1397362422));
#4876 = CARTESIAN_POINT('',(211.79954304008,-180.4093071393));
#4877 = CARTESIAN_POINT('',(212.02524110421,-180.9784511157));
#4878 = CARTESIAN_POINT('',(212.13903589411,-181.2783452673));
#4879 = CARTESIAN_POINT('',(212.24846735112,-181.5798775598));
#4880 = CARTESIAN_POINT('',(212.35363759481,-181.8829494399));
#4881 = CARTESIAN_POINT('',(212.45460285623,-182.1874220294));
#4882 = CARTESIAN_POINT('',(212.55143066329,-182.4931728849));
#4883 = CARTESIAN_POINT('',(212.64425126363,-182.8001450748));
#4884 = CARTESIAN_POINT('',(212.79781289609,-183.3323185891));
#4885 = CARTESIAN_POINT('',(212.86040017249,-183.5569912922));
#4886 = CARTESIAN_POINT('',(212.92095550751,-183.7822302273));
#4887 = CARTESIAN_POINT('',(212.97951750085,-184.0080029803));
#4888 = CARTESIAN_POINT('',(213.0361247522,-184.2342771367));
#4889 = CARTESIAN_POINT('',(213.09081586125,-184.4610202823));
#4890 = CARTESIAN_POINT('',(213.14362942769,-184.6882000027));
#4891 = CARTESIAN_POINT('',(213.27743416165,-185.2855913818));
#4892 = CARTESIAN_POINT('',(213.35541088822,-185.6564763378));
#4893 = CARTESIAN_POINT('',(213.42869996382,-186.0282893501));
#4894 = CARTESIAN_POINT('',(213.49747567088,-186.4010046399));
#4895 = CARTESIAN_POINT('',(213.56190706886,-186.7744680832));
#4896 = CARTESIAN_POINT('',(213.62216933648,-187.1486389701));
#4897 = CARTESIAN_POINT('',(213.67843521961,-187.5234152033));
#4898 = CARTESIAN_POINT('',(213.75508332348,-188.0719443715));
#4899 = CARTESIAN_POINT('',(213.77847333465,-188.2452768615));
#4900 = CARTESIAN_POINT('',(213.80106646369,-188.418714809));
#4901 = CARTESIAN_POINT('',(213.82287992278,-188.5922504792));
#4902 = CARTESIAN_POINT('',(213.8439305653,-188.7658771298));
#4903 = CARTESIAN_POINT('',(213.8642348858,-188.9395890109));
#4904 = CARTESIAN_POINT('',(213.88380901999,-189.1133813646));
#4905 = CARTESIAN_POINT('',(213.92467100614,-189.490090741));
#4906 = CARTESIAN_POINT('',(213.94570099421,-189.6930338558));
#4907 = CARTESIAN_POINT('',(213.96578448465,-189.8960733272));
#4908 = CARTESIAN_POINT('',(213.9849472531,-190.0992027125));
#4909 = CARTESIAN_POINT('',(214.00321507524,-190.302415569));
#4910 = CARTESIAN_POINT('',(214.0206137267,-190.5057054542));
#4911 = CARTESIAN_POINT('',(214.03716898315,-190.7090659253));
#4912 = CARTESIAN_POINT('',(214.06639602348,-191.0868544947));
#4913 = CARTESIAN_POINT('',(214.07928472678,-191.2612655754));
#4914 = CARTESIAN_POINT('',(214.09158896205,-191.4357197246));
#4915 = CARTESIAN_POINT('',(214.10332496118,-191.610212885));
#4916 = CARTESIAN_POINT('',(214.11450895608,-191.7847409995));
#4917 = CARTESIAN_POINT('',(214.12515717865,-191.9593000108));
#4918 = CARTESIAN_POINT('',(214.1352858608,-192.1338858618));
#4919 = CARTESIAN_POINT('',(214.16095364526,-192.5995110883));
#4920 = CARTESIAN_POINT('',(214.17559678266,-192.8905874713));
#4921 = CARTESIAN_POINT('',(214.18892057929,-193.1817013367));
#4922 = CARTESIAN_POINT('',(214.20099499113,-193.472849105));
#4923 = CARTESIAN_POINT('',(214.21188822648,-193.764031515));
#4924 = CARTESIAN_POINT('',(214.22167067701,-194.0552466851));
#4925 = CARTESIAN_POINT('',(214.23041455075,-194.3464906479));
#4926 = CARTESIAN_POINT('',(214.24596383799,-194.929039103));
#4927 = CARTESIAN_POINT('',(214.25276944921,-195.2203411816));
#4928 = CARTESIAN_POINT('',(214.25867649351,-195.5116695394));
#4929 = CARTESIAN_POINT('',(214.26375542354,-195.8030221232));
#4930 = CARTESIAN_POINT('',(214.26807669194,-196.09439688));
#4931 = CARTESIAN_POINT('',(214.27171075135,-196.3857917569));
#4932 = CARTESIAN_POINT('',(214.27472805442,-196.6772047006));
#4933 = CARTESIAN_POINT('',(214.27991715309,-197.2892055114));
#4934 = CARTESIAN_POINT('',(214.28197422492,-197.6097967415));
#4935 = CARTESIAN_POINT('',(214.28346404174,-197.9304046156));
#4936 = CARTESIAN_POINT('',(214.28448037602,-198.2510264013));
#4937 = CARTESIAN_POINT('',(214.28511700022,-198.5716593659));
#4938 = CARTESIAN_POINT('',(214.28546768682,-198.8923007768));
#4939 = CARTESIAN_POINT('',(214.28562620828,-199.2129479013));
#4940 = CARTESIAN_POINT('',(214.28574646513,-199.8542441863));
#4941 = CARTESIAN_POINT('',(214.28567570975,-200.1748920732));
#4942 = CARTESIAN_POINT('',(214.28576569323,-200.4955401067));
#4943 = CARTESIAN_POINT('',(214.28574730487,-200.8161867783));
#4944 = CARTESIAN_POINT('',(214.2855125008,-201.1368306491));
#4945 = CARTESIAN_POINT('',(214.28504927271,-201.4574701765));
#4946 = CARTESIAN_POINT('',(214.28420723919,-201.7781036198));
#4947 = CARTESIAN_POINT('',(214.28079098897,-202.6233199073));
#4948 = CARTESIAN_POINT('',(214.27744862437,-203.1478876343));
#4949 = CARTESIAN_POINT('',(214.27247344192,-203.6724258154));
#4950 = CARTESIAN_POINT('',(214.26545432402,-204.1969240135));
#4951 = CARTESIAN_POINT('',(214.2559800352,-204.7213680196));
#4952 = CARTESIAN_POINT('',(214.2436394439,-205.2457398589));
#4953 = CARTESIAN_POINT('',(214.22802174444,-205.7700177969));
#4954 = CARTESIAN_POINT('',(214.19691967968,-206.6144807715));
#4955 = CARTESIAN_POINT('',(214.18374589489,-206.9347482984));
#4956 = CARTESIAN_POINT('',(214.16909787291,-207.2549700775));
#4957 = CARTESIAN_POINT('',(214.15289388892,-207.5751610905));
#4958 = CARTESIAN_POINT('',(214.13502782915,-207.8952894002));
#4959 = CARTESIAN_POINT('',(214.11539045155,-208.2153143253));
#4960 = CARTESIAN_POINT('',(214.09389241738,-208.5352272255));
#4961 = CARTESIAN_POINT('',(214.05123240555,-209.1166134379));
#4962 = CARTESIAN_POINT('',(214.0307202696,-209.3781413864));
#4963 = CARTESIAN_POINT('',(214.00883829791,-209.6395587379));
#4964 = CARTESIAN_POINT('',(213.98553170783,-209.9008517993));
#4965 = CARTESIAN_POINT('',(213.96074571668,-210.1620068775));
#4966 = CARTESIAN_POINT('',(213.93442554179,-210.4230102797));
#4967 = CARTESIAN_POINT('',(213.90651640052,-210.6838483126));
#4968 = CARTESIAN_POINT('',(213.83427453573,-211.3210276175));
#4969 = CARTESIAN_POINT('',(213.78815535859,-211.6971642585));
#4970 = CARTESIAN_POINT('',(213.73845236726,-212.0728940367));
#4971 = CARTESIAN_POINT('',(213.68497042017,-212.4480921887));
#4972 = CARTESIAN_POINT('',(213.62755232885,-212.8227220297));
#4973 = CARTESIAN_POINT('',(213.56601470563,-213.1966774961));
#4974 = CARTESIAN_POINT('',(213.5001884304,-213.5698834775));
#4975 = CARTESIAN_POINT('',(213.39205372851,-214.1427498901));
#4976 = CARTESIAN_POINT('',(213.35291385061,-214.3430045991));
#4977 = CARTESIAN_POINT('',(213.31245318795,-214.5430044674));
#4978 = CARTESIAN_POINT('',(213.27064451998,-214.7427378491));
#4979 = CARTESIAN_POINT('',(213.22746112602,-214.9421895164));
#4980 = CARTESIAN_POINT('',(213.18287678525,-215.1413406605));
#4981 = CARTESIAN_POINT('',(213.1368657767,-215.3401688906));
#4982 = CARTESIAN_POINT('',(213.04193987298,-215.7371280338));
#4983 = CARTESIAN_POINT('',(212.99302459669,-215.9352611718));
#4984 = CARTESIAN_POINT('',(212.94263119163,-216.1330259335));
#4985 = CARTESIAN_POINT('',(212.89073379902,-216.3304006039));
#4986 = CARTESIAN_POINT('',(212.83730656007,-216.5273634679));
#4987 = CARTESIAN_POINT('',(212.78232361602,-216.7238928105));
#4988 = CARTESIAN_POINT('',(212.72575910808,-216.9199669166));
#4989 = CARTESIAN_POINT('',(212.56786569006,-217.450867352));
#4990 = CARTESIAN_POINT('',(212.46341674933,-217.7847827213));
#4991 = CARTESIAN_POINT('',(212.35411647855,-218.117183681));
#4992 = CARTESIAN_POINT('',(212.23979982507,-218.4479903733));
#4993 = CARTESIAN_POINT('',(212.12046248446,-218.7769543577));
#4994 = CARTESIAN_POINT('',(211.99591924979,-219.1040053404));
#4995 = CARTESIAN_POINT('',(211.86611288714,-219.4289447353));
#4996 = CARTESIAN_POINT('',(211.62954536958,-219.9936384992));
#4997 = CARTESIAN_POINT('',(211.52513894394,-220.2343844582));
#4998 = CARTESIAN_POINT('',(211.41765465248,-220.4738026232));
#4999 = CARTESIAN_POINT('',(211.3070558838,-220.7118254777));
#5000 = CARTESIAN_POINT('',(211.19332038645,-220.9483804924));
#5001 = CARTESIAN_POINT('',(211.07643343804,-221.1833911652));
#5002 = CARTESIAN_POINT('',(210.95638101438,-221.4167780602));
#5003 = CARTESIAN_POINT('',(210.75098346568,-221.8029158572));
#5004 = CARTESIAN_POINT('',(210.66740784938,-221.9566162981));
#5005 = CARTESIAN_POINT('',(210.58240994189,-222.1095383845));
#5006 = CARTESIAN_POINT('',(210.49598388156,-222.2616594087));
#5007 = CARTESIAN_POINT('',(210.40812411285,-222.4129567428));
#5008 = CARTESIAN_POINT('',(210.31882538632,-222.5634078384));
#5009 = CARTESIAN_POINT('',(210.22808275864,-222.7129902266));
#5010 = CARTESIAN_POINT('',(209.98223989428,-223.1094999417));
#5011 = CARTESIAN_POINT('',(209.82457130318,-223.3548428087));
#5012 = CARTESIAN_POINT('',(209.66290506971,-223.5976071331));
#5013 = CARTESIAN_POINT('',(209.49726071579,-223.8376899708));
#5014 = CARTESIAN_POINT('',(209.32765791868,-224.0749884015));
#5015 = CARTESIAN_POINT('',(209.15411639474,-224.3093995112));
#5016 = CARTESIAN_POINT('',(208.97665578324,-224.5408203741));
#5017 = CARTESIAN_POINT('',(208.5957993022,-225.020308398));
#5018 = CARTESIAN_POINT('',(208.39157892498,-225.2677237791));
#5019 = CARTESIAN_POINT('',(208.18268593577,-225.5112687773));
#5020 = CARTESIAN_POINT('',(207.96923586303,-225.7508571709));
#5021 = CARTESIAN_POINT('',(207.75131061229,-225.9863815997));
#5022 = CARTESIAN_POINT('',(207.5289831069,-226.2177288981));
#5023 = CARTESIAN_POINT('',(207.30235658386,-226.4448045687));
#5024 = CARTESIAN_POINT('',(206.94559499336,-226.788970213));
#5025 = CARTESIAN_POINT('',(206.8184222027,-226.9091348636));
#5026 = CARTESIAN_POINT('',(206.69001230301,-227.0279845791));
#5027 = CARTESIAN_POINT('',(206.56038541369,-227.1455105204));
#5028 = CARTESIAN_POINT('',(206.4295620439,-227.2617042739));
#5029 = CARTESIAN_POINT('',(206.29756309265,-227.3765578518));
#5030 = CARTESIAN_POINT('',(206.16440984871,-227.4900636921));
#5031 = CARTESIAN_POINT('',(205.80631596017,-227.789131489));
#5032 = CARTESIAN_POINT('',(205.57935332062,-227.9722802506));
#5033 = CARTESIAN_POINT('',(205.34934957909,-228.1516478647));
#5034 = CARTESIAN_POINT('',(205.11639073466,-228.3271627433));
#5035 = CARTESIAN_POINT('',(204.8805668217,-228.4987754073));
#5036 = CARTESIAN_POINT('',(204.64198427904,-228.6664889366));
#5037 = CARTESIAN_POINT('',(204.40075914487,-228.8303392531));
#5038 = CARTESIAN_POINT('',(203.91322594703,-229.1503092894));
#5039 = CARTESIAN_POINT('',(203.6669139047,-229.3064306693));
#5040 = CARTESIAN_POINT('',(203.41816731638,-229.4587019353));
#5041 = CARTESIAN_POINT('',(203.16709526882,-229.6071244328));
#5042 = CARTESIAN_POINT('',(202.9138035594,-229.7516989482));
#5043 = CARTESIAN_POINT('',(202.65839468602,-229.8924363657));
#5044 = CARTESIAN_POINT('',(202.40096783694,-230.0293683241));
#5045 = CARTESIAN_POINT('',(201.93413819292,-230.2691102934));
#5046 = CARTESIAN_POINT('',(201.7254253433,-230.3732650459));
#5047 = CARTESIAN_POINT('',(201.51552913054,-230.4750444219));
#5048 = CARTESIAN_POINT('',(201.30449835348,-230.5744707132));
#5049 = CARTESIAN_POINT('',(201.0923818109,-230.6715662117));
#5050 = CARTESIAN_POINT('',(200.87922830163,-230.766353209));
#5051 = CARTESIAN_POINT('',(200.66508662448,-230.8588539971));
#5052 = CARTESIAN_POINT('',(200.2080386906,-231.0506076451));
#5053 = CARTESIAN_POINT('',(199.964887566,-231.1492555821));
#5054 = CARTESIAN_POINT('',(199.72060776452,-231.245078203));
#5055 = CARTESIAN_POINT('',(199.47525361914,-231.3381210728));
#5056 = CARTESIAN_POINT('',(199.22887871652,-231.4284309541));
#5057 = CARTESIAN_POINT('',(198.98153637776,-231.5160549648));
#5058 = CARTESIAN_POINT('',(198.73328013913,-231.6010397354));
#5059 = CARTESIAN_POINT('',(198.23505730818,-231.7658184276));
#5060 = CARTESIAN_POINT('',(197.98508937142,-231.8456129919));
#5061 = CARTESIAN_POINT('',(197.73431794605,-231.9228602594));
#5062 = CARTESIAN_POINT('',(197.48279436397,-231.9976071543));
#5063 = CARTESIAN_POINT('',(197.23056449542,-232.0699015943));
#5064 = CARTESIAN_POINT('',(196.97766947888,-232.1397925595));
#5065 = CARTESIAN_POINT('',(196.72414645107,-232.2073301616));
#5066 = CARTESIAN_POINT('',(196.27238897087,-232.3233028363));
#5067 = CARTESIAN_POINT('',(196.07438954758,-232.3726473821));
#5068 = CARTESIAN_POINT('',(195.87604784991,-232.4206232002));
#5069 = CARTESIAN_POINT('',(195.6773807208,-232.4672541405));
#5070 = CARTESIAN_POINT('',(195.47840500319,-232.5125640526));
#5071 = CARTESIAN_POINT('',(195.27913754,-232.5565767864));
#5072 = CARTESIAN_POINT('',(195.07959517419,-232.5993161915));
#5073 = CARTESIAN_POINT('',(194.56583372224,-232.7060022744));
#5074 = CARTESIAN_POINT('',(194.25123255543,-232.7681131663));
#5075 = CARTESIAN_POINT('',(193.93606177374,-232.8272345468));
#5076 = CARTESIAN_POINT('',(193.62036476606,-232.8834555958));
#5077 = CARTESIAN_POINT('',(193.30417964819,-232.9368650659));
#5078 = CARTESIAN_POINT('',(192.98754930573,-232.9875540083));
#5079 = CARTESIAN_POINT('',(192.67051961634,-233.0356150797));
#5080 = CARTESIAN_POINT('',(192.03573878167,-233.1266608183));
#5081 = CARTESIAN_POINT('',(191.71798054614,-233.1696456741));
#5082 = CARTESIAN_POINT('',(191.39991065395,-233.2101894392));
#5083 = CARTESIAN_POINT('',(191.08154994899,-233.2483655831));
#5084 = CARTESIAN_POINT('',(190.7629631665,-233.2842835805));
#5085 = CARTESIAN_POINT('',(190.44419621553,-233.3180428624));
#5086 = CARTESIAN_POINT('',(190.12522495312,-233.3496958437));
#5087 = CARTESIAN_POINT('',(189.370800978,-233.4197558366));
#5088 = CARTESIAN_POINT('',(188.93518434586,-233.4564271089));
#5089 = CARTESIAN_POINT('',(188.49926261346,-233.4895498178));
#5090 = CARTESIAN_POINT('',(188.0630731419,-233.5193265742));
#5091 = CARTESIAN_POINT('',(187.62665039821,-233.545960539));
#5092 = CARTESIAN_POINT('',(187.1900259938,-233.5696552256));
#5093 = CARTESIAN_POINT('',(186.75322872315,-233.5906143027));
#5094 = CARTESIAN_POINT('',(185.85005178985,-233.6287036749));
#5095 = CARTESIAN_POINT('',(185.38365384147,-233.6454838612));
#5096 = CARTESIAN_POINT('',(184.91713161403,-233.6596359188));
#5097 = CARTESIAN_POINT('',(184.45052369173,-233.6714134761));
#5098 = CARTESIAN_POINT('',(183.98386638608,-233.6810698274));
#5099 = CARTESIAN_POINT('',(183.51719373592,-233.6888579335));
#5100 = CARTESIAN_POINT('',(183.05053750742,-233.6950304212));
#5101 = CARTESIAN_POINT('',(182.1177127774,-233.7046446661));
#5102 = CARTESIAN_POINT('',(181.65154545811,-233.7080888189));
#5103 = CARTESIAN_POINT('',(181.18545471781,-233.710423939));
#5104 = CARTESIAN_POINT('',(180.71946946142,-233.711901797));
#5105 = CARTESIAN_POINT('',(180.25361804689,-233.7127742894));
#5106 = CARTESIAN_POINT('',(179.78792831514,-233.7132936905));
#5107 = CARTESIAN_POINT('',(179.32242761981,-233.7137129038));
#5108 = CARTESIAN_POINT('',(178.85714285714,-233.7142857142));
#5109 = ( GEOMETRIC_REPRESENTATION_CONTEXT(2) 
PARAMETRIC_REPRESENTATION_CONTEXT() REPRESENTATION_CONTEXT('2D SPACE',''
  ) );
#5110 = PCURVE('',#5111,#5366);
#5111 = B_SPLINE_SURFACE_WITH_KNOTS('',3,1,(
    (#5112,#5113)
    ,(#5114,#5115)
    ,(#5116,#5117)
    ,(#5118,#5119)
    ,(#5120,#5121)
    ,(#5122,#5123)
    ,(#5124,#5125)
    ,(#5126,#5127)
    ,(#5128,#5129)
    ,(#5130,#5131)
    ,(#5132,#5133)
    ,(#5134,#5135)
    ,(#5136,#5137)
    ,(#5138,#5139)
    ,(#5140,#5141)
    ,(#5142,#5143)
    ,(#5144,#5145)
    ,(#5146,#5147)
    ,(#5148,#5149)
    ,(#5150,#5151)
    ,(#5152,#5153)
    ,(#5154,#5155)
    ,(#5156,#5157)
    ,(#5158,#5159)
    ,(#5160,#5161)
    ,(#5162,#5163)
    ,(#5164,#5165)
    ,(#5166,#5167)
    ,(#5168,#5169)
    ,(#5170,#5171)
    ,(#5172,#5173)
    ,(#5174,#5175)
    ,(#5176,#5177)
    ,(#5178,#5179)
    ,(#5180,#5181)
    ,(#5182,#5183)
    ,(#5184,#5185)
    ,(#5186,#5187)
    ,(#5188,#5189)
    ,(#5190,#5191)
    ,(#5192,#5193)
    ,(#5194,#5195)
    ,(#5196,#5197)
    ,(#5198,#5199)
    ,(#5200,#5201)
    ,(#5202,#5203)
    ,(#5204,#5205)
    ,(#5206,#5207)
    ,(#5208,#5209)
    ,(#5210,#5211)
    ,(#5212,#5213)
    ,(#5214,#5215)
    ,(#5216,#5217)
    ,(#5218,#5219)
    ,(#5220,#5221)
    ,(#5222,#5223)
    ,(#5224,#5225)
    ,(#5226,#5227)
    ,(#5228,#5229)
    ,(#5230,#5231)
    ,(#5232,#5233)
    ,(#5234,#5235)
    ,(#5236,#5237)
    ,(#5238,#5239)
    ,(#5240,#5241)
    ,(#5242,#5243)
    ,(#5244,#5245)
    ,(#5246,#5247)
    ,(#5248,#5249)
    ,(#5250,#5251)
    ,(#5252,#5253)
    ,(#5254,#5255)
    ,(#5256,#5257)
    ,(#5258,#5259)
    ,(#5260,#5261)
    ,(#5262,#5263)
    ,(#5264,#5265)
    ,(#5266,#5267)
    ,(#5268,#5269)
    ,(#5270,#5271)
    ,(#5272,#5273)
    ,(#5274,#5275)
    ,(#5276,#5277)
    ,(#5278,#5279)
    ,(#5280,#5281)
    ,(#5282,#5283)
    ,(#5284,#5285)
    ,(#5286,#5287)
    ,(#5288,#5289)
    ,(#5290,#5291)
    ,(#5292,#5293)
    ,(#5294,#5295)
    ,(#5296,#5297)
    ,(#5298,#5299)
    ,(#5300,#5301)
    ,(#5302,#5303)
    ,(#5304,#5305)
    ,(#5306,#5307)
    ,(#5308,#5309)
    ,(#5310,#5311)
    ,(#5312,#5313)
    ,(#5314,#5315)
    ,(#5316,#5317)
    ,(#5318,#5319)
    ,(#5320,#5321)
    ,(#5322,#5323)
    ,(#5324,#5325)
    ,(#5326,#5327)
    ,(#5328,#5329)
    ,(#5330,#5331)
    ,(#5332,#5333)
    ,(#5334,#5335)
    ,(#5336,#5337)
    ,(#5338,#5339)
    ,(#5340,#5341)
    ,(#5342,#5343)
    ,(#5344,#5345)
    ,(#5346,#5347)
    ,(#5348,#5349)
    ,(#5350,#5351)
    ,(#5352,#5353)
    ,(#5354,#5355)
    ,(#5356,#5357)
    ,(#5358,#5359)
    ,(#5360,#5361)
    ,(#5362,#5363)
    ,(#5364,#5365
    )),.UNSPECIFIED.,.T.,.F.,.F.,(1,1,2,1,1,1,1,1,1,1,1,1,1,1,1,1,1,1,1,
    1,1,1,1,1,1,1,1,1,1,1,1,1,1,1,1,1,1,1,1,1,1,1,1,1,1,1,1,1,1,1,1,1,1,
    1,1,1,1,1,1,1,1,1,1,1,1,1,1,1,1,1,1,1,1,1,1,1,1,1,1,1,1,1,1,1,1,1,1,
    1,1,1,1,1,1,1,1,1,1,1,1,1,1,1,1,1,1,1,1,1,1,1,1,1,1,1,1,1,1,1,1,1,1,
    1,1,1,1,1,2,1,1),(2,2),(-8.079096388319,-8.00504418904,0.,
    8.00504418904,8.079096388319,12.679046084102,12.79586108298,
    16.565042784589,16.716171650915,20.002969554422,20.182257247953,
    23.143850491769,23.345575705824,26.080908586303,26.299189933035,
    28.884964550461,29.113568943759,31.617788202307,31.850152204016,
    34.338137044422,34.567522740966,37.105173404444,37.324885539813,
    39.981719370812,40.18529714344,43.039826766778,43.221119150462,
    46.373327922851,46.526350940844,50.131704707559,50.250074436721,
    54.646444606944,54.721506607561,62.375576754816,70.0296469032,
    70.104708903817,74.50107907404,74.619448803203,78.224802569918,
    78.377825587911,81.530034360299,81.711326743983,84.565856367322,
    84.769434139949,87.426267970948,87.645980106317,90.183630769795,
    90.413016466339,92.901001306745,93.133365308454,95.637584567002,
    95.8661889603,98.451963577726,98.670244924458,101.40557780493,
    101.60730301899,104.5688962628,104.74818395633,108.03498185984,
    108.18611072617,111.95529242778,112.07210742666,116.67205712244,
    116.74610932172,124.75115350983,132.7561976998,132.83024989908,
    137.43019959486,137.54701459374,141.31619629535,141.46732516167,
    144.75412306518,144.93341075871,147.89500400253,148.09672921658,
    150.83206209706,151.05034344379,153.63611806122,153.86472245452,
    156.36894171306,156.60130571477,159.08929055518,159.31867625172,
    161.8563269152,162.07603905057,164.73287288157,164.9364506542,
    167.79098027753,167.97227266122,171.12448143361,171.2775044516,
    174.88285821832,175.00122794748,179.3975981177,179.47266011832,
    187.12673026496,194.78080041396,194.85586241457,199.2522325848,
    199.37060231396,202.97595608067,203.12897909867,206.28118787106,
    206.46248025474,209.31700987808,209.52058765071,212.1774214817,
    212.39713361707,214.93478428055,215.1641699771,217.6521548175,
    217.88451881921,220.38873807776,220.61734247106,223.20311708848,
    223.42139843521,226.15673131569,226.35845652975,229.32004977357,
    229.4993374671,232.7861353706,232.93726423693,236.70644593854,
    236.82326093742,241.4232106332,241.49726283248,249.50230702152,
    257.50735121056,257.58140340984),(0.,1.),.UNSPECIFIED.);
#5112 = CARTESIAN_POINT('',(-270.,28.002490359819,-21.04863085623));
#5113 = CARTESIAN_POINT('',(-235.,36.003287520961,-24.66009988968));
#5114 = CARTESIAN_POINT('',(-270.,27.997509640181,-16.95136914376));
#5115 = CARTESIAN_POINT('',(-235.,35.996712479039,-19.33990011031));
#5116 = CARTESIAN_POINT('',(-270.,27.999753209634,-14.8707491639));
#5117 = CARTESIAN_POINT('',(-235.,35.99960734496,-16.63901638938));
#5118 = CARTESIAN_POINT('',(-270.,27.856348052992,-11.61626432852));
#5119 = CARTESIAN_POINT('',(-235.,35.820370115759,-12.41333737299));
#5120 = CARTESIAN_POINT('',(-270.,27.769739244254,-10.38894178096));
#5121 = CARTESIAN_POINT('',(-235.,35.71207895293,-10.81956950638));
#5122 = CARTESIAN_POINT('',(-270.,27.524535743989,-8.223846502978));
#5123 = CARTESIAN_POINT('',(-235.,35.405402634976,-8.00736538216));
#5124 = CARTESIAN_POINT('',(-270.,27.371522579789,-7.197464080435));
#5125 = CARTESIAN_POINT('',(-235.,35.214062501763,-6.673780069742));
#5126 = CARTESIAN_POINT('',(-270.,27.010746490438,-5.381899564445));
#5127 = CARTESIAN_POINT('',(-235.,34.762729602128,-4.31333116735));
#5128 = CARTESIAN_POINT('',(-270.,26.79071814369,-4.478328818536));
#5129 = CARTESIAN_POINT('',(-235.,34.48740947528,-3.137779154945));
#5130 = CARTESIAN_POINT('',(-270.,26.314614511988,-2.897491609738));
#5131 = CARTESIAN_POINT('',(-235.,33.8911813933,-1.078967526776));
#5132 = CARTESIAN_POINT('',(-270.,26.026559411643,-2.087505527107));
#5133 = CARTESIAN_POINT('',(-235.,33.530200622558,-2.285813163271E-02));
#5134 = CARTESIAN_POINT('',(-270.,25.435939443166,-0.692097241465));
#5135 = CARTESIAN_POINT('',(-235.,32.789105813003,1.799404071755));
#5136 = CARTESIAN_POINT('',(-270.,25.078899703738,3.693606305321E-02));
#5137 = CARTESIAN_POINT('',(-235.,32.3405247525,2.753069542458));
#5138 = CARTESIAN_POINT('',(-270.,24.374025587394,1.273188225144));
#5139 = CARTESIAN_POINT('',(-235.,31.453310964492,4.37364075291));
#5140 = CARTESIAN_POINT('',(-270.,23.947524908011,1.926750136579));
#5141 = CARTESIAN_POINT('',(-235.,30.915449150541,5.2322962281));
#5142 = CARTESIAN_POINT('',(-270.,23.127543852495,3.019816170867));
#5143 = CARTESIAN_POINT('',(-235.,29.878965597327,6.672046675043));
#5144 = CARTESIAN_POINT('',(-270.,22.631643353622,3.599929327902));
#5145 = CARTESIAN_POINT('',(-235.,29.250592144059,7.438163688579));
#5146 = CARTESIAN_POINT('',(-270.,21.693859066368,4.560324774254));
#5147 = CARTESIAN_POINT('',(-235.,28.059150042549,8.710023962138));
#5148 = CARTESIAN_POINT('',(-270.,21.128914948562,5.06755944886));
#5149 = CARTESIAN_POINT('',(-235.,27.339433981964,9.383614724624));
#5150 = CARTESIAN_POINT('',(-270.,20.067906424643,5.902457291045));
#5151 = CARTESIAN_POINT('',(-235.,25.98412595424,10.495312144479));
#5152 = CARTESIAN_POINT('',(-270.,19.433886444694,6.337104284524));
#5153 = CARTESIAN_POINT('',(-235.,25.172070865691,11.075553897611));
#5154 = CARTESIAN_POINT('',(-270.,18.240293563618,7.051259182103));
#5155 = CARTESIAN_POINT('',(-235.,23.639614917743,12.031101199379));
#5156 = CARTESIAN_POINT('',(-270.,17.535581051322,7.413939807751));
#5157 = CARTESIAN_POINT('',(-235.,22.732721891942,12.517411583787));
#5158 = CARTESIAN_POINT('',(-270.,16.194027806989,8.010157997225));
#5159 = CARTESIAN_POINT('',(-235.,21.002941190909,13.318192196645));
#5160 = CARTESIAN_POINT('',(-270.,15.413499596996,8.301985120002));
#5161 = CARTESIAN_POINT('',(-235.,19.994720182898,13.710763747524));
#5162 = CARTESIAN_POINT('',(-270.,13.89810174429,8.781513890264));
#5163 = CARTESIAN_POINT('',(-235.,18.034589374988,14.356474761068));
#5164 = CARTESIAN_POINT('',(-270.,13.02956667894,9.003948309672));
#5165 = CARTESIAN_POINT('',(-235.,16.909764509281,14.65630095095));
#5166 = CARTESIAN_POINT('',(-270.,11.292221443374,9.366974525871));
#5167 = CARTESIAN_POINT('',(-235.,14.657896408828,15.14583788291));
#5168 = CARTESIAN_POINT('',(-270.,10.307733931761,9.521472707582));
#5169 = CARTESIAN_POINT('',(-235.,13.380908968615,15.354296245643));
#5170 = CARTESIAN_POINT('',(-270.,8.23700133405,9.768030524915));
#5171 = CARTESIAN_POINT('',(-235.,10.693860295791,15.68696725323));
#5172 = CARTESIAN_POINT('',(-270.,7.060736354244,9.855125430991));
#5173 = CARTESIAN_POINT('',(-235.,9.166955506614,15.804512722171));
#5174 = CARTESIAN_POINT('',(-270.,3.950791333305,10.000231731666));
#5175 = CARTESIAN_POINT('',(-235.,5.129493504228,16.000308013983));
#5176 = CARTESIAN_POINT('',(-270.,1.423415586788E-10,9.999770518813));
#5177 = CARTESIAN_POINT('',(-235.,1.829579450118E-10,15.999694977317));
#5178 = CARTESIAN_POINT('',(-270.,-3.95079133301,10.000231731663));
#5179 = CARTESIAN_POINT('',(-235.,-5.129493503848,16.000308013982));
#5180 = CARTESIAN_POINT('',(-270.,-7.060736354247,9.855125431));
#5181 = CARTESIAN_POINT('',(-235.,-9.166955506618,15.804512722183));
#5182 = CARTESIAN_POINT('',(-270.,-8.23700133406,9.768030524944));
#5183 = CARTESIAN_POINT('',(-235.,-10.6938602958,15.686967253266));
#5184 = CARTESIAN_POINT('',(-270.,-10.30773393175,9.521472707561));
#5185 = CARTESIAN_POINT('',(-235.,-13.3809089686,15.354296245611));
#5186 = CARTESIAN_POINT('',(-270.,-11.29222144334,9.36697452579));
#5187 = CARTESIAN_POINT('',(-235.,-14.65789640879,15.145837882808));
#5188 = CARTESIAN_POINT('',(-270.,-13.02956667896,9.003948309734));
#5189 = CARTESIAN_POINT('',(-235.,-16.90976450931,14.656300951051));
#5190 = CARTESIAN_POINT('',(-270.,-13.89810174437,8.781513890512));
#5191 = CARTESIAN_POINT('',(-235.,-18.0345893751,14.356474761382));
#5192 = CARTESIAN_POINT('',(-270.,-15.41349959693,8.301985119816));
#5193 = CARTESIAN_POINT('',(-235.,-19.99472018277,13.710763747187));
#5194 = CARTESIAN_POINT('',(-270.,-16.19402780671,8.01015799642));
#5195 = CARTESIAN_POINT('',(-235.,-21.00294119053,13.318192195622));
#5196 = CARTESIAN_POINT('',(-270.,-17.53558105152,7.413939808345));
#5197 = CARTESIAN_POINT('',(-235.,-22.73272189236,12.517411584952));
#5198 = CARTESIAN_POINT('',(-270.,-18.24029356456,7.05125918482));
#5199 = CARTESIAN_POINT('',(-235.,-23.63961491901,12.031101202845));
#5200 = CARTESIAN_POINT('',(-270.,-19.433886444,6.337104282541));
#5201 = CARTESIAN_POINT('',(-235.,-25.17207086417,11.075553893458));
#5202 = CARTESIAN_POINT('',(-270.,-20.06790642134,5.902457281533));
#5203 = CARTESIAN_POINT('',(-235.,-25.98412594979,10.495312132317));
#5204 = CARTESIAN_POINT('',(-270.,-21.12891495097,5.06755945582));
#5205 = CARTESIAN_POINT('',(-235.,-27.33943398752,9.383614739809));
#5206 = CARTESIAN_POINT('',(-270.,-21.69385907834,4.560324808755));
#5207 = CARTESIAN_POINT('',(-235.,-28.05915005872,8.710024006333));
#5208 = CARTESIAN_POINT('',(-270.,-22.63164334469,3.599929302178));
#5209 = CARTESIAN_POINT('',(-235.,-29.25059212326,7.438163631749));
#5210 = CARTESIAN_POINT('',(-270.,-23.12754380748,3.019816041185));
#5211 = CARTESIAN_POINT('',(-235.,-29.87896553648,6.672046508751));
#5212 = CARTESIAN_POINT('',(-270.,-23.94752494279,1.926750236793));
#5213 = CARTESIAN_POINT('',(-235.,-30.91544923011,5.232296445593));
#5214 = CARTESIAN_POINT('',(-270.,-24.37402576259,1.273188729959));
#5215 = CARTESIAN_POINT('',(-235.,-31.45331120136,4.373641400301));
#5216 = CARTESIAN_POINT('',(-270.,-25.07889956141,3.693565295496E-02));
#5217 = CARTESIAN_POINT('',(-235.,-32.34052444114,2.753068691494));
#5218 = CARTESIAN_POINT('',(-270.,-25.43593873773,-0.692099274068));
#5219 = CARTESIAN_POINT('',(-235.,-32.78910486021,1.799401467697));
#5220 = CARTESIAN_POINT('',(-270.,-26.02656002046,-2.087503772872));
#5221 = CARTESIAN_POINT('',(-235.,-33.53020186943,-2.28547238174E-02));
#5222 = CARTESIAN_POINT('',(-270.,-26.31461744868,-2.897483148061));
#5223 = CARTESIAN_POINT('',(-235.,-33.89118535103,-1.07895670998));
#5224 = CARTESIAN_POINT('',(-270.,-26.79071542876,-4.478336641215));
#5225 = CARTESIAN_POINT('',(-235.,-34.48740434247,-3.137793183305));
#5226 = CARTESIAN_POINT('',(-270.,-27.01073381087,-5.381936098785));
#5227 = CARTESIAN_POINT('',(-235.,-34.76271257179,-4.313377712578));
#5228 = CARTESIAN_POINT('',(-270.,-27.37153527308,-7.19742750652));
#5229 = CARTESIAN_POINT('',(-235.,-35.21408448153,-6.673719997287));
#5230 = CARTESIAN_POINT('',(-270.,-27.52459326117,-8.223680775509));
#5231 = CARTESIAN_POINT('',(-235.,-35.40547954486,-8.007155181403));
#5232 = CARTESIAN_POINT('',(-270.,-27.76967502227,-10.38912682734));
#5233 = CARTESIAN_POINT('',(-235.,-35.71197745213,-10.81984691603));
#5234 = CARTESIAN_POINT('',(-270.,-27.85606117527,-11.61709092532));
#5235 = CARTESIAN_POINT('',(-235.,-35.81998858937,-12.41438011457));
#5236 = CARTESIAN_POINT('',(-270.,-28.00023205882,-14.8693694287));
#5237 = CARTESIAN_POINT('',(-235.,-36.0002941741,-16.63713923101));
#5238 = CARTESIAN_POINT('',(-270.,-27.99977006819,-18.99999999976));
#5239 = CARTESIAN_POINT('',(-235.,-35.99970852225,-21.99999999968));
#5240 = CARTESIAN_POINT('',(-270.,-28.00023205884,-23.13063057082));
#5241 = CARTESIAN_POINT('',(-235.,-36.00029417413,-27.36286076835));
#5242 = CARTESIAN_POINT('',(-270.,-27.85606117527,-26.38290907467));
#5243 = CARTESIAN_POINT('',(-235.,-35.81998858937,-31.58561988542));
#5244 = CARTESIAN_POINT('',(-270.,-27.76967502227,-27.61087317265));
#5245 = CARTESIAN_POINT('',(-235.,-35.71197745213,-33.18015308396));
#5246 = CARTESIAN_POINT('',(-270.,-27.52459326117,-29.77631922449));
#5247 = CARTESIAN_POINT('',(-235.,-35.40547954486,-35.99284481859));
#5248 = CARTESIAN_POINT('',(-270.,-27.37153527308,-30.80257249348));
#5249 = CARTESIAN_POINT('',(-235.,-35.21408448153,-37.32628000271));
#5250 = CARTESIAN_POINT('',(-270.,-27.01073381087,-32.61806390121));
#5251 = CARTESIAN_POINT('',(-235.,-34.76271257179,-39.68662228742));
#5252 = CARTESIAN_POINT('',(-270.,-26.79071542876,-33.52166335878));
#5253 = CARTESIAN_POINT('',(-235.,-34.48740434247,-40.86220681669));
#5254 = CARTESIAN_POINT('',(-270.,-26.31461744868,-35.10251685193));
#5255 = CARTESIAN_POINT('',(-235.,-33.89118535103,-42.92104329002));
#5256 = CARTESIAN_POINT('',(-270.,-26.02656002046,-35.91249622712));
#5257 = CARTESIAN_POINT('',(-235.,-33.53020186943,-43.97714527618));
#5258 = CARTESIAN_POINT('',(-270.,-25.43593873773,-37.30790072593));
#5259 = CARTESIAN_POINT('',(-235.,-32.78910486021,-45.79940146769));
#5260 = CARTESIAN_POINT('',(-270.,-25.07889956141,-38.03693565295));
#5261 = CARTESIAN_POINT('',(-235.,-32.34052444114,-46.75306869149));
#5262 = CARTESIAN_POINT('',(-270.,-24.37402576259,-39.27318872995));
#5263 = CARTESIAN_POINT('',(-235.,-31.45331120136,-48.3736414003));
#5264 = CARTESIAN_POINT('',(-270.,-23.94752494279,-39.92675023679));
#5265 = CARTESIAN_POINT('',(-235.,-30.91544923011,-49.23229644559));
#5266 = CARTESIAN_POINT('',(-270.,-23.12754380748,-41.01981604118));
#5267 = CARTESIAN_POINT('',(-235.,-29.87896553648,-50.67204650875));
#5268 = CARTESIAN_POINT('',(-270.,-22.63164334469,-41.59992930217));
#5269 = CARTESIAN_POINT('',(-235.,-29.25059212326,-51.43816363174));
#5270 = CARTESIAN_POINT('',(-270.,-21.69385907834,-42.56032480875));
#5271 = CARTESIAN_POINT('',(-235.,-28.05915005872,-52.71002400633));
#5272 = CARTESIAN_POINT('',(-270.,-21.12891495097,-43.06755945582));
#5273 = CARTESIAN_POINT('',(-235.,-27.33943398752,-53.3836147398));
#5274 = CARTESIAN_POINT('',(-270.,-20.06790642134,-43.90245728153));
#5275 = CARTESIAN_POINT('',(-235.,-25.98412594979,-54.49531213231));
#5276 = CARTESIAN_POINT('',(-270.,-19.433886444,-44.33710428254));
#5277 = CARTESIAN_POINT('',(-235.,-25.17207086417,-55.07555389345));
#5278 = CARTESIAN_POINT('',(-270.,-18.24029356456,-45.05125918482));
#5279 = CARTESIAN_POINT('',(-235.,-23.63961491901,-56.03110120284));
#5280 = CARTESIAN_POINT('',(-270.,-17.53558105152,-45.41393980834));
#5281 = CARTESIAN_POINT('',(-235.,-22.73272189236,-56.51741158495));
#5282 = CARTESIAN_POINT('',(-270.,-16.19402780671,-46.01015799642));
#5283 = CARTESIAN_POINT('',(-235.,-21.00294119053,-57.31819219562));
#5284 = CARTESIAN_POINT('',(-270.,-15.41349959693,-46.30198511981));
#5285 = CARTESIAN_POINT('',(-235.,-19.99472018277,-57.71076374718));
#5286 = CARTESIAN_POINT('',(-270.,-13.89810174437,-46.78151389051));
#5287 = CARTESIAN_POINT('',(-235.,-18.0345893751,-58.35647476138));
#5288 = CARTESIAN_POINT('',(-270.,-13.02956667896,-47.00394830973));
#5289 = CARTESIAN_POINT('',(-235.,-16.90976450931,-58.65630095105));
#5290 = CARTESIAN_POINT('',(-270.,-11.29222144334,-47.36697452579));
#5291 = CARTESIAN_POINT('',(-235.,-14.65789640879,-59.1458378828));
#5292 = CARTESIAN_POINT('',(-270.,-10.30773393175,-47.52147270756));
#5293 = CARTESIAN_POINT('',(-235.,-13.3809089686,-59.35429624561));
#5294 = CARTESIAN_POINT('',(-270.,-8.23700133406,-47.76803052494));
#5295 = CARTESIAN_POINT('',(-235.,-10.6938602958,-59.68696725326));
#5296 = CARTESIAN_POINT('',(-270.,-7.060736354247,-47.855125431));
#5297 = CARTESIAN_POINT('',(-235.,-9.166955506619,-59.80451272218));
#5298 = CARTESIAN_POINT('',(-270.,-3.950791333455,-48.00023173164));
#5299 = CARTESIAN_POINT('',(-235.,-5.129493504421,-60.00030801395));
#5300 = CARTESIAN_POINT('',(-270.,-2.990130885949E-10,-47.99977051881));
#5301 = CARTESIAN_POINT('',(-235.,-3.843960068381E-10,-59.99969497731));
#5302 = CARTESIAN_POINT('',(-270.,3.950791332847,-48.00023173168));
#5303 = CARTESIAN_POINT('',(-235.,5.129493503639,-60.00030801401));
#5304 = CARTESIAN_POINT('',(-270.,7.06073635425,-47.85512543099));
#5305 = CARTESIAN_POINT('',(-235.,9.166955506623,-59.80451272217));
#5306 = CARTESIAN_POINT('',(-270.,8.23700133407,-47.76803052491));
#5307 = CARTESIAN_POINT('',(-235.,10.693860295817,-59.68696725322));
#5308 = CARTESIAN_POINT('',(-270.,10.307733931746,-47.52147270758));
#5309 = CARTESIAN_POINT('',(-235.,13.380908968592,-59.35429624564));
#5310 = CARTESIAN_POINT('',(-270.,11.292221443318,-47.36697452587));
#5311 = CARTESIAN_POINT('',(-235.,14.657896408753,-59.14583788291));
#5312 = CARTESIAN_POINT('',(-270.,13.029566678982,-47.00394830967));
#5313 = CARTESIAN_POINT('',(-235.,16.909764509355,-58.65630095095));
#5314 = CARTESIAN_POINT('',(-270.,13.898101744462,-46.78151389026));
#5315 = CARTESIAN_POINT('',(-235.,18.034589375218,-58.35647476106));
#5316 = CARTESIAN_POINT('',(-270.,15.413499596867,-46.30198512));
#5317 = CARTESIAN_POINT('',(-235.,19.994720182652,-57.71076374752));
#5318 = CARTESIAN_POINT('',(-270.,16.194027806431,-46.01015799722));
#5319 = CARTESIAN_POINT('',(-235.,21.00294119016,-57.31819219664));
#5320 = CARTESIAN_POINT('',(-270.,17.535581051735,-45.41393980775));
#5321 = CARTESIAN_POINT('',(-235.,22.732721892794,-56.51741158378));
#5322 = CARTESIAN_POINT('',(-270.,18.240293565504,-45.0512591821));
#5323 = CARTESIAN_POINT('',(-235.,23.639614920279,-56.03110119937));
#5324 = CARTESIAN_POINT('',(-270.,19.433886443317,-44.33710428452));
#5325 = CARTESIAN_POINT('',(-235.,25.172070862652,-55.07555389761));
#5326 = CARTESIAN_POINT('',(-270.,20.067906418041,-43.90245729104));
#5327 = CARTESIAN_POINT('',(-235.,25.98412594534,-54.49531214447));
#5328 = CARTESIAN_POINT('',(-270.,21.128914953393,-43.06755944886));
#5329 = CARTESIAN_POINT('',(-235.,27.339433993076,-53.38361472462));
#5330 = CARTESIAN_POINT('',(-270.,21.693859090316,-42.56032477425));
#5331 = CARTESIAN_POINT('',(-235.,28.05915007489,-52.71002396213));
#5332 = CARTESIAN_POINT('',(-270.,22.631643335766,-41.5999293279));
#5333 = CARTESIAN_POINT('',(-235.,29.250592102472,-51.43816368857));
#5334 = CARTESIAN_POINT('',(-270.,23.12754376248,-41.01981617086));
#5335 = CARTESIAN_POINT('',(-235.,29.878965475638,-50.67204667504));
#5336 = CARTESIAN_POINT('',(-270.,23.947524977571,-39.92675013657));
#5337 = CARTESIAN_POINT('',(-235.,30.915449309697,-49.2322962281));
#5338 = CARTESIAN_POINT('',(-270.,24.374025937795,-39.27318822514));
#5339 = CARTESIAN_POINT('',(-235.,31.453311438236,-48.37364075291));
#5340 = CARTESIAN_POINT('',(-270.,25.078899419082,-38.03693606305));
#5341 = CARTESIAN_POINT('',(-235.,32.340524129786,-46.75306954245));
#5342 = CARTESIAN_POINT('',(-270.,25.4359380323,-37.30790275853));
#5343 = CARTESIAN_POINT('',(-235.,32.789103907417,-45.79940407175));
#5344 = CARTESIAN_POINT('',(-270.,26.026560629289,-35.91249447289));
#5345 = CARTESIAN_POINT('',(-235.,33.530203116314,-43.97714186836));
#5346 = CARTESIAN_POINT('',(-270.,26.314620385387,-35.10250839026));
#5347 = CARTESIAN_POINT('',(-235.,33.891189308767,-42.92103247322));
#5348 = CARTESIAN_POINT('',(-270.,26.79071271383,-33.52167118146));
#5349 = CARTESIAN_POINT('',(-235.,34.487399209669,-40.86222084505));
#5350 = CARTESIAN_POINT('',(-270.,27.010721131308,-32.61810043555));
#5351 = CARTESIAN_POINT('',(-235.,34.76269554147,-39.68666883265));
#5352 = CARTESIAN_POINT('',(-270.,27.371547966389,-30.80253591956));
#5353 = CARTESIAN_POINT('',(-235.,35.214106461315,-37.32621993025));
#5354 = CARTESIAN_POINT('',(-270.,27.524650778351,-29.77615349702));
#5355 = CARTESIAN_POINT('',(-235.,35.405556454745,-35.99263461784));
#5356 = CARTESIAN_POINT('',(-270.,27.769610800296,-27.61105821903));
#5357 = CARTESIAN_POINT('',(-235.,35.711875951344,-33.18043049361));
#5358 = CARTESIAN_POINT('',(-270.,27.85577429756,-26.38373567147));
#5359 = CARTESIAN_POINT('',(-235.,35.819607062995,-31.586662627));
#5360 = CARTESIAN_POINT('',(-270.,28.00071090804,-23.12925083609));
#5361 = CARTESIAN_POINT('',(-235.,36.000981003274,-27.36098361061));
#5362 = CARTESIAN_POINT('',(-270.,28.002490359819,-21.04863085623));
#5363 = CARTESIAN_POINT('',(-235.,36.003287520961,-24.66009988968));
#5364 = CARTESIAN_POINT('',(-270.,27.997509640181,-16.95136914376));
#5365 = CARTESIAN_POINT('',(-235.,35.996712479039,-19.33990011031));
#5366 = DEFINITIONAL_REPRESENTATION('',(#5367),#6070);
#5367 = B_SPLINE_CURVE_WITH_KNOTS('',8,(#5368,#5369,#5370,#5371,#5372,
    #5373,#5374,#5375,#5376,#5377,#5378,#5379,#5380,#5381,#5382,#5383,
    #5384,#5385,#5386,#5387,#5388,#5389,#5390,#5391,#5392,#5393,#5394,
    #5395,#5396,#5397,#5398,#5399,#5400,#5401,#5402,#5403,#5404,#5405,
    #5406,#5407,#5408,#5409,#5410,#5411,#5412,#5413,#5414,#5415,#5416,
    #5417,#5418,#5419,#5420,#5421,#5422,#5423,#5424,#5425,#5426,#5427,
    #5428,#5429,#5430,#5431,#5432,#5433,#5434,#5435,#5436,#5437,#5438,
    #5439,#5440,#5441,#5442,#5443,#5444,#5445,#5446,#5447,#5448,#5449,
    #5450,#5451,#5452,#5453,#5454,#5455,#5456,#5457,#5458,#5459,#5460,
    #5461,#5462,#5463,#5464,#5465,#5466,#5467,#5468,#5469,#5470,#5471,
    #5472,#5473,#5474,#5475,#5476,#5477,#5478,#5479,#5480,#5481,#5482,
    #5483,#5484,#5485,#5486,#5487,#5488,#5489,#5490,#5491,#5492,#5493,
    #5494,#5495,#5496,#5497,#5498,#5499,#5500,#5501,#5502,#5503,#5504,
    #5505,#5506,#5507,#5508,#5509,#5510,#5511,#5512,#5513,#5514,#5515,
    #5516,#5517,#5518,#5519,#5520,#5521,#5522,#5523,#5524,#5525,#5526,
    #5527,#5528,#5529,#5530,#5531,#5532,#5533,#5534,#5535,#5536,#5537,
    #5538,#5539,#5540,#5541,#5542,#5543,#5544,#5545,#5546,#5547,#5548,
    #5549,#5550,#5551,#5552,#5553,#5554,#5555,#5556,#5557,#5558,#5559,
    #5560,#5561,#5562,#5563,#5564,#5565,#5566,#5567,#5568,#5569,#5570,
    #5571,#5572,#5573,#5574,#5575,#5576,#5577,#5578,#5579,#5580,#5581,
    #5582,#5583,#5584,#5585,#5586,#5587,#5588,#5589,#5590,#5591,#5592,
    #5593,#5594,#5595,#5596,#5597,#5598,#5599,#5600,#5601,#5602,#5603,
    #5604,#5605,#5606,#5607,#5608,#5609,#5610,#5611,#5612,#5613,#5614,
    #5615,#5616,#5617,#5618,#5619,#5620,#5621,#5622,#5623,#5624,#5625,
    #5626,#5627,#5628,#5629,#5630,#5631,#5632,#5633,#5634,#5635,#5636,
    #5637,#5638,#5639,#5640,#5641,#5642,#5643,#5644,#5645,#5646,#5647,
    #5648,#5649,#5650,#5651,#5652,#5653,#5654,#5655,#5656,#5657,#5658,
    #5659,#5660,#5661,#5662,#5663,#5664,#5665,#5666,#5667,#5668,#5669,
    #5670,#5671,#5672,#5673,#5674,#5675,#5676,#5677,#5678,#5679,#5680,
    #5681,#5682,#5683,#5684,#5685,#5686,#5687,#5688,#5689,#5690,#5691,
    #5692,#5693,#5694,#5695,#5696,#5697,#5698,#5699,#5700,#5701,#5702,
    #5703,#5704,#5705,#5706,#5707,#5708,#5709,#5710,#5711,#5712,#5713,
    #5714,#5715,#5716,#5717,#5718,#5719,#5720,#5721,#5722,#5723,#5724,
    #5725,#5726,#5727,#5728,#5729,#5730,#5731,#5732,#5733,#5734,#5735,
    #5736,#5737,#5738,#5739,#5740,#5741,#5742,#5743,#5744,#5745,#5746,
    #5747,#5748,#5749,#5750,#5751,#5752,#5753,#5754,#5755,#5756,#5757,
    #5758,#5759,#5760,#5761,#5762,#5763,#5764,#5765,#5766,#5767,#5768,
    #5769,#5770,#5771,#5772,#5773,#5774,#5775,#5776,#5777,#5778,#5779,
    #5780,#5781,#5782,#5783,#5784,#5785,#5786,#5787,#5788,#5789,#5790,
    #5791,#5792,#5793,#5794,#5795,#5796,#5797,#5798,#5799,#5800,#5801,
    #5802,#5803,#5804,#5805,#5806,#5807,#5808,#5809,#5810,#5811,#5812,
    #5813,#5814,#5815,#5816,#5817,#5818,#5819,#5820,#5821,#5822,#5823,
    #5824,#5825,#5826,#5827,#5828,#5829,#5830,#5831,#5832,#5833,#5834,
    #5835,#5836,#5837,#5838,#5839,#5840,#5841,#5842,#5843,#5844,#5845,
    #5846,#5847,#5848,#5849,#5850,#5851,#5852,#5853,#5854,#5855,#5856,
    #5857,#5858,#5859,#5860,#5861,#5862,#5863,#5864,#5865,#5866,#5867,
    #5868,#5869,#5870,#5871,#5872,#5873,#5874,#5875,#5876,#5877,#5878,
    #5879,#5880,#5881,#5882,#5883,#5884,#5885,#5886,#5887,#5888,#5889,
    #5890,#5891,#5892,#5893,#5894,#5895,#5896,#5897,#5898,#5899,#5900,
    #5901,#5902,#5903,#5904,#5905,#5906,#5907,#5908,#5909,#5910,#5911,
    #5912,#5913,#5914,#5915,#5916,#5917,#5918,#5919,#5920,#5921,#5922,
    #5923,#5924,#5925,#5926,#5927,#5928,#5929,#5930,#5931,#5932,#5933,
    #5934,#5935,#5936,#5937,#5938,#5939,#5940,#5941,#5942,#5943,#5944,
    #5945,#5946,#5947,#5948,#5949,#5950,#5951,#5952,#5953,#5954,#5955,
    #5956,#5957,#5958,#5959,#5960,#5961,#5962,#5963,#5964,#5965,#5966,
    #5967,#5968,#5969,#5970,#5971,#5972,#5973,#5974,#5975,#5976,#5977,
    #5978,#5979,#5980,#5981,#5982,#5983,#5984,#5985,#5986,#5987,#5988,
    #5989,#5990,#5991,#5992,#5993,#5994,#5995,#5996,#5997,#5998,#5999,
    #6000,#6001,#6002,#6003,#6004,#6005,#6006,#6007,#6008,#6009,#6010,
    #6011,#6012,#6013,#6014,#6015,#6016,#6017,#6018,#6019,#6020,#6021,
    #6022,#6023,#6024,#6025,#6026,#6027,#6028,#6029,#6030,#6031,#6032,
    #6033,#6034,#6035,#6036,#6037,#6038,#6039,#6040,#6041,#6042,#6043,
    #6044,#6045,#6046,#6047,#6048,#6049,#6050,#6051,#6052,#6053,#6054,
    #6055,#6056,#6057,#6058,#6059,#6060,#6061,#6062,#6063,#6064,#6065,
    #6066,#6067,#6068,#6069),.UNSPECIFIED.,.F.,.F.,(9,7,7,7,7,7,7,7,7,7,
    7,7,7,7,7,7,7,7,7,7,7,7,7,7,7,7,7,7,7,7,7,7,7,7,7,7,7,7,7,7,7,7,7,7,
    7,7,7,7,7,7,7,7,7,7,7,7,7,7,7,7,7,7,7,7,7,7,7,7,7,7,7,7,7,7,7,7,7,7,
    7,7,7,7,7,7,7,7,7,7,7,7,7,7,7,7,7,7,7,7,7,7,9),(0.,
    1.899915261694E-02,2.900590023965E-02,3.901093017352E-02,
    4.601319833711E-02,5.201530227314E-02,6.402029334904E-02,
    7.302399206455E-02,7.902648586755E-02,8.903054050522E-02,
    0.100035405913,0.107038618045,0.117043556015,0.128048960486,
    0.140054895111,0.149059181256,0.156062526713,0.166067016704,
    0.177071579837,0.185074960057,0.198079879395,0.204082077352,
    0.211084402666,0.217086395792,0.227089793429,0.237093158023,
    0.248096859077,0.259100425397,0.277103873264,0.288105475824,
    0.297106853124,0.310109289141,0.317110506325,0.324111739563,
    0.336113634378,0.345115099475,0.351116133835,0.361117841813,
    0.3721197178,0.378120748178,0.388122387999,0.399124043332,
    0.407125097821,0.416126021408,0.425126579324,0.432126875207,
    0.442126893564,0.453126904321,0.468126906246,0.484125375523,
    0.496124683715,0.502124374406,0.509124013588,0.52712170231,
    0.538120503087,0.547120063417,0.553119780796,0.563119291102,
    0.574118683239,0.585118301667,0.596117953336,0.604117574842,
    0.61611692305,0.628116273998,0.640115667977,0.649115048711,
    0.656114578843,0.666113618527,0.677112186531,0.685111206623,
    0.698109041067,0.704107969111,0.711106479658,0.717105202983,
    0.727103150911,0.737101065815,0.748098772209,0.759096343942,
    0.777089983787,0.788085592831,0.797082066309,0.810077418782,
    0.817074821801,0.824072240867,0.836067597218,0.845064158444,
    0.851061923525,0.861058182713,0.872054065034,0.878051826136,
    0.888048017242,0.89804408791,0.90604100313,0.915037559176,
    0.924033790859,0.931030633901,0.942025285277,0.953019704725,
    0.968014263785,0.984013919367,1.),.UNSPECIFIED.);
#5368 = CARTESIAN_POINT('',(249.50230702152,0.714285714286));
#5369 = CARTESIAN_POINT('',(248.9090350162,0.714285714286));
#5370 = CARTESIAN_POINT('',(248.31604846767,0.714285714286));
#5371 = CARTESIAN_POINT('',(247.72330272615,0.714285714286));
#5372 = CARTESIAN_POINT('',(247.13075519009,0.714285714286));
#5373 = CARTESIAN_POINT('',(246.53836524246,0.714285714286));
#5374 = CARTESIAN_POINT('',(245.94609418694,0.714285714286));
#5375 = CARTESIAN_POINT('',(245.3539051842,0.714285714286));
#5376 = CARTESIAN_POINT('',(244.44988530433,0.714285714286));
#5377 = CARTESIAN_POINT('',(244.13800742056,0.714285714286));
#5378 = CARTESIAN_POINT('',(243.82612953678,0.714285714286));
#5379 = CARTESIAN_POINT('',(243.514251653,0.714285714286));
#5380 = CARTESIAN_POINT('',(243.20237376922,0.714285714286));
#5381 = CARTESIAN_POINT('',(242.89049588545,0.714285714286));
#5382 = CARTESIAN_POINT('',(242.57861800167,0.714285714286));
#5383 = CARTESIAN_POINT('',(241.95491576891,0.714285714286));
#5384 = CARTESIAN_POINT('',(241.64308070243,0.714285714286));
#5385 = CARTESIAN_POINT('',(241.33122981629,0.714285714286));
#5386 = CARTESIAN_POINT('',(241.01936088718,0.714285714286));
#5387 = CARTESIAN_POINT('',(240.7074738471,0.714285714286));
#5388 = CARTESIAN_POINT('',(240.39556993594,0.714285714286));
#5389 = CARTESIAN_POINT('',(240.08365073017,0.714285714286));
#5390 = CARTESIAN_POINT('',(239.55340252904,0.714285714286));
#5391 = CARTESIAN_POINT('',(239.33508801039,0.714285714286));
#5392 = CARTESIAN_POINT('',(239.11677349175,0.714285714286));
#5393 = CARTESIAN_POINT('',(238.8984589731,0.714285714286));
#5394 = CARTESIAN_POINT('',(238.68014445446,0.714285714286));
#5395 = CARTESIAN_POINT('',(238.46182993582,0.714285714286));
#5396 = CARTESIAN_POINT('',(238.24351541717,0.714285714286));
#5397 = CARTESIAN_POINT('',(237.8380691862,0.714285714286));
#5398 = CARTESIAN_POINT('',(237.65093659865,0.714285714286));
#5399 = CARTESIAN_POINT('',(237.46380440225,0.714285714286));
#5400 = CARTESIAN_POINT('',(237.27667376975,0.714285714286));
#5401 = CARTESIAN_POINT('',(237.08954578025,0.714285714286));
#5402 = CARTESIAN_POINT('',(236.90242141923,0.714285714286));
#5403 = CARTESIAN_POINT('',(236.71530157855,0.714285714286));
#5404 = CARTESIAN_POINT('',(236.15393359587,0.714285714286));
#5405 = CARTESIAN_POINT('',(235.77968013533,0.714285714286));
#5406 = CARTESIAN_POINT('',(235.4054266748,0.714285714286));
#5407 = CARTESIAN_POINT('',(235.03117321427,0.714285714286));
#5408 = CARTESIAN_POINT('',(234.65691975374,0.714285714286));
#5409 = CARTESIAN_POINT('',(234.28266629321,0.714285714286));
#5410 = CARTESIAN_POINT('',(233.90841283267,0.714285714286));
#5411 = CARTESIAN_POINT('',(233.25347066687,0.714285714286));
#5412 = CARTESIAN_POINT('',(232.97277836917,0.714285714286));
#5413 = CARTESIAN_POINT('',(232.69208765827,0.714285714286));
#5414 = CARTESIAN_POINT('',(232.41139895245,0.714285714286));
#5415 = CARTESIAN_POINT('',(232.13071027864,0.714285714286));
#5416 = CARTESIAN_POINT('',(231.85001964198,0.714285714286));
#5417 = CARTESIAN_POINT('',(231.56932739535,0.714285714286));
#5418 = CARTESIAN_POINT('',(231.10151187868,0.714285714286));
#5419 = CARTESIAN_POINT('',(230.91438514842,0.714285714286));
#5420 = CARTESIAN_POINT('',(230.72725841815,0.714285714286));
#5421 = CARTESIAN_POINT('',(230.54013168788,0.714285714286));
#5422 = CARTESIAN_POINT('',(230.35300495762,0.714285714286));
#5423 = CARTESIAN_POINT('',(230.16587822735,0.714285714286));
#5424 = CARTESIAN_POINT('',(229.97875149708,0.714285714286));
#5425 = CARTESIAN_POINT('',(229.47975005354,0.714285714286));
#5426 = CARTESIAN_POINT('',(229.16786597589,0.714285714286));
#5427 = CARTESIAN_POINT('',(228.8559891601,0.714285714286));
#5428 = CARTESIAN_POINT('',(228.54411503201,0.714285714286));
#5429 = CARTESIAN_POINT('',(228.23223728167,0.714285714286));
#5430 = CARTESIAN_POINT('',(227.9203566058,0.714285714286));
#5431 = CARTESIAN_POINT('',(227.60847872798,0.714285714286));
#5432 = CARTESIAN_POINT('',(226.95352432665,0.714285714286));
#5433 = CARTESIAN_POINT('',(226.61044782319,0.714285714286));
#5434 = CARTESIAN_POINT('',(226.26735778131,0.714285714286));
#5435 = CARTESIAN_POINT('',(225.92429914903,0.714285714286));
#5436 = CARTESIAN_POINT('',(225.5812552706,0.714285714286));
#5437 = CARTESIAN_POINT('',(225.23819543361,0.714285714286));
#5438 = CARTESIAN_POINT('',(224.89513801485,0.714285714286));
#5439 = CARTESIAN_POINT('',(224.33376071632,0.714285714286));
#5440 = CARTESIAN_POINT('',(224.11544245911,0.714285714286));
#5441 = CARTESIAN_POINT('',(223.89712357163,0.714285714286));
#5442 = CARTESIAN_POINT('',(223.67880564428,0.714285714286));
#5443 = CARTESIAN_POINT('',(223.4604898339,0.714285714286));
#5444 = CARTESIAN_POINT('',(223.24217686382,0.714285714286));
#5445 = CARTESIAN_POINT('',(223.02386702384,0.714285714286));
#5446 = CARTESIAN_POINT('',(222.49368235076,0.714285714286));
#5447 = CARTESIAN_POINT('',(222.18180422253,0.714285714286));
#5448 = CARTESIAN_POINT('',(221.86992672602,0.714285714286));
#5449 = CARTESIAN_POINT('',(221.55804886719,0.714285714286));
#5450 = CARTESIAN_POINT('',(221.24617039958,0.714285714286));
#5451 = CARTESIAN_POINT('',(220.93429238798,0.714285714286));
#5452 = CARTESIAN_POINT('',(220.62241565347,0.714285714286));
#5453 = CARTESIAN_POINT('',(219.96747154208,0.714285714286));
#5454 = CARTESIAN_POINT('',(219.62440596609,0.714285714286));
#5455 = CARTESIAN_POINT('',(219.28133984831,0.714285714286));
#5456 = CARTESIAN_POINT('',(218.93827434944,0.714285714286));
#5457 = CARTESIAN_POINT('',(218.59520875462,0.714285714286));
#5458 = CARTESIAN_POINT('',(218.25214273879,0.714285714286));
#5459 = CARTESIAN_POINT('',(217.90907786494,0.714285714286));
#5460 = CARTESIAN_POINT('',(217.19175653877,0.714285714286));
#5461 = CARTESIAN_POINT('',(216.817503416,0.714285714286));
#5462 = CARTESIAN_POINT('',(216.44325120067,0.714285714286));
#5463 = CARTESIAN_POINT('',(216.06900311559,0.714285714286));
#5464 = CARTESIAN_POINT('',(215.69475004158,0.714285714286));
#5465 = CARTESIAN_POINT('',(215.3205038179,0.714285714286));
#5466 = CARTESIAN_POINT('',(214.94624435092,0.714285714286));
#5467 = CARTESIAN_POINT('',(214.29129394225,0.714285714286));
#5468 = CARTESIAN_POINT('',(214.0106038355,0.714285714286));
#5469 = CARTESIAN_POINT('',(213.72991374644,0.714285714286));
#5470 = CARTESIAN_POINT('',(213.44922366793,0.714285714286));
#5471 = CARTESIAN_POINT('',(213.16853357888,0.714285714286));
#5472 = CARTESIAN_POINT('',(212.88784346551,0.714285714286));
#5473 = CARTESIAN_POINT('',(212.60715334271,0.714285714286));
#5474 = CARTESIAN_POINT('',(212.10814841095,0.714285714286));
#5475 = CARTESIAN_POINT('',(211.88983397647,0.714285714286));
#5476 = CARTESIAN_POINT('',(211.6715196862,0.714285714286));
#5477 = CARTESIAN_POINT('',(211.45320535056,0.714285714286));
#5478 = CARTESIAN_POINT('',(211.23489087606,0.714285714286));
#5479 = CARTESIAN_POINT('',(211.01657626533,0.714285714286));
#5480 = CARTESIAN_POINT('',(210.79826161709,0.714285714286));
#5481 = CARTESIAN_POINT('',(210.26807829823,0.714285714286));
#5482 = CARTESIAN_POINT('',(209.95620925295,0.714285714286));
#5483 = CARTESIAN_POINT('',(209.64434725394,0.714285714286));
#5484 = CARTESIAN_POINT('',(209.33247659936,0.714285714286));
#5485 = CARTESIAN_POINT('',(209.0205891175,0.714285714286));
#5486 = CARTESIAN_POINT('',(208.70869418748,0.714285714286));
#5487 = CARTESIAN_POINT('',(208.39680828547,0.714285714286));
#5488 = CARTESIAN_POINT('',(207.74186312058,0.714285714286));
#5489 = CARTESIAN_POINT('',(207.39879368826,0.714285714286));
#5490 = CARTESIAN_POINT('',(207.05571558737,0.714285714286));
#5491 = CARTESIAN_POINT('',(206.71266250327,0.714285714286));
#5492 = CARTESIAN_POINT('',(206.36960692979,0.714285714286));
#5493 = CARTESIAN_POINT('',(206.02652637076,0.714285714286));
#5494 = CARTESIAN_POINT('',(205.68346171135,0.714285714286));
#5495 = CARTESIAN_POINT('',(205.09089637169,0.714285714286));
#5496 = CARTESIAN_POINT('',(204.84139406467,0.714285714286));
#5497 = CARTESIAN_POINT('',(204.59189175765,0.714285714286));
#5498 = CARTESIAN_POINT('',(204.34238945062,0.714285714286));
#5499 = CARTESIAN_POINT('',(204.0928871436,0.714285714286));
#5500 = CARTESIAN_POINT('',(203.84338483658,0.714285714286));
#5501 = CARTESIAN_POINT('',(203.59388252956,0.714285714286));
#5502 = CARTESIAN_POINT('',(202.93895685286,0.714285714286));
#5503 = CARTESIAN_POINT('',(202.53352554863,0.714285714286));
#5504 = CARTESIAN_POINT('',(202.12805387614,0.714285714286));
#5505 = CARTESIAN_POINT('',(201.72261512783,0.714285714286));
#5506 = CARTESIAN_POINT('',(201.31715633769,0.714285714286));
#5507 = CARTESIAN_POINT('',(200.9117203353,0.714285714286));
#5508 = CARTESIAN_POINT('',(200.50628545997,0.714285714286));
#5509 = CARTESIAN_POINT('',(199.91372853998,0.714285714286));
#5510 = CARTESIAN_POINT('',(199.72660725211,0.714285714286));
#5511 = CARTESIAN_POINT('',(199.53948471697,0.714285714286));
#5512 = CARTESIAN_POINT('',(199.35235986719,0.714285714286));
#5513 = CARTESIAN_POINT('',(199.16523221866,0.714285714286));
#5514 = CARTESIAN_POINT('',(198.9781018706,0.714285714286));
#5515 = CARTESIAN_POINT('',(198.7909695055,0.714285714286));
#5516 = CARTESIAN_POINT('',(198.38552187049,0.714285714286));
#5517 = CARTESIAN_POINT('',(198.16720735184,0.714285714286));
#5518 = CARTESIAN_POINT('',(197.9488928332,0.714285714286));
#5519 = CARTESIAN_POINT('',(197.73057831455,0.714285714286));
#5520 = CARTESIAN_POINT('',(197.51226379591,0.714285714286));
#5521 = CARTESIAN_POINT('',(197.29394927727,0.714285714286));
#5522 = CARTESIAN_POINT('',(197.07563475862,0.714285714286));
#5523 = CARTESIAN_POINT('',(196.67019350971,0.714285714286));
#5524 = CARTESIAN_POINT('',(196.48306677945,0.714285714286));
#5525 = CARTESIAN_POINT('',(196.29594004918,0.714285714286));
#5526 = CARTESIAN_POINT('',(196.10881331891,0.714285714286));
#5527 = CARTESIAN_POINT('',(195.92168658865,0.714285714286));
#5528 = CARTESIAN_POINT('',(195.73455985838,0.714285714286));
#5529 = CARTESIAN_POINT('',(195.54743312812,0.714285714286));
#5530 = CARTESIAN_POINT('',(195.04842615207,0.714285714286));
#5531 = CARTESIAN_POINT('',(194.73655285686,0.714285714286));
#5532 = CARTESIAN_POINT('',(194.42467441096,0.714285714286));
#5533 = CARTESIAN_POINT('',(194.11279365803,0.714285714286));
#5534 = CARTESIAN_POINT('',(193.80091526132,0.714285714286));
#5535 = CARTESIAN_POINT('',(193.48903939345,0.714285714286));
#5536 = CARTESIAN_POINT('',(193.17716224158,0.714285714286));
#5537 = CARTESIAN_POINT('',(192.55340544386,0.714285714286));
#5538 = CARTESIAN_POINT('',(192.24152756008,0.714285714286));
#5539 = CARTESIAN_POINT('',(191.9296496763,0.714285714286));
#5540 = CARTESIAN_POINT('',(191.61777179253,0.714285714286));
#5541 = CARTESIAN_POINT('',(191.30589390875,0.714285714286));
#5542 = CARTESIAN_POINT('',(190.99401602497,0.714285714286));
#5543 = CARTESIAN_POINT('',(190.6821381412,0.714285714286));
#5544 = CARTESIAN_POINT('',(190.02719458526,0.714285714286));
#5545 = CARTESIAN_POINT('',(189.68412891311,0.714285714286));
#5546 = CARTESIAN_POINT('',(189.34106324096,0.714285714286));
#5547 = CARTESIAN_POINT('',(188.9979975688,0.714285714286));
#5548 = CARTESIAN_POINT('',(188.65493189665,0.714285714286));
#5549 = CARTESIAN_POINT('',(188.31186622449,0.714285714286));
#5550 = CARTESIAN_POINT('',(187.96880055234,0.714285714286));
#5551 = CARTESIAN_POINT('',(187.28267340868,0.714285714286));
#5552 = CARTESIAN_POINT('',(186.93961329953,0.714285714286));
#5553 = CARTESIAN_POINT('',(186.5965532995,0.714285714286));
#5554 = CARTESIAN_POINT('',(186.25349209878,0.714285714286));
#5555 = CARTESIAN_POINT('',(185.91042831353,0.714285714286));
#5556 = CARTESIAN_POINT('',(185.56736067058,0.714285714286));
#5557 = CARTESIAN_POINT('',(185.22428810762,0.714285714286));
#5558 = CARTESIAN_POINT('',(184.31988260272,0.714285714286));
#5559 = CARTESIAN_POINT('',(183.7585417622,0.714285714286));
#5560 = CARTESIAN_POINT('',(183.19718129898,0.714285714286));
#5561 = CARTESIAN_POINT('',(182.63579956198,0.714285714286));
#5562 = CARTESIAN_POINT('',(182.07439893188,0.714285714286));
#5563 = CARTESIAN_POINT('',(181.51298582163,0.714285714286));
#5564 = CARTESIAN_POINT('',(180.95157067691,0.714285714286));
#5565 = CARTESIAN_POINT('',(180.0471042795,0.714285714286));
#5566 = CARTESIAN_POINT('',(179.70403834439,0.714285714286));
#5567 = CARTESIAN_POINT('',(179.36096430223,0.714285714286));
#5568 = CARTESIAN_POINT('',(179.01790485777,0.714285714286));
#5569 = CARTESIAN_POINT('',(178.67484626878,0.714285714286));
#5570 = CARTESIAN_POINT('',(178.33177314152,0.714285714286));
#5571 = CARTESIAN_POINT('',(177.98870575165,0.714285714286));
#5572 = CARTESIAN_POINT('',(177.36495250392,0.714285714286));
#5573 = CARTESIAN_POINT('',(177.08426240852,0.714285714286));
#5574 = CARTESIAN_POINT('',(176.80357231312,0.714285714286));
#5575 = CARTESIAN_POINT('',(176.52288221772,0.714285714286));
#5576 = CARTESIAN_POINT('',(176.24219212233,0.714285714286));
#5577 = CARTESIAN_POINT('',(175.96150202693,0.714285714286));
#5578 = CARTESIAN_POINT('',(175.68081193153,0.714285714286));
#5579 = CARTESIAN_POINT('',(174.99466666144,0.714285714286));
#5580 = CARTESIAN_POINT('',(174.58921690183,0.714285714286));
#5581 = CARTESIAN_POINT('',(174.18380010259,0.714285714286));
#5582 = CARTESIAN_POINT('',(173.77836207877,0.714285714286));
#5583 = CARTESIAN_POINT('',(173.37293246137,0.714285714286));
#5584 = CARTESIAN_POINT('',(172.9674882385,0.714285714286));
#5585 = CARTESIAN_POINT('',(172.56204008607,0.714285714286));
#5586 = CARTESIAN_POINT('',(171.93827650839,0.714285714286));
#5587 = CARTESIAN_POINT('',(171.71996234445,0.714285714286));
#5588 = CARTESIAN_POINT('',(171.50164845948,0.714285714286));
#5589 = CARTESIAN_POINT('',(171.28333429923,0.714285714286));
#5590 = CARTESIAN_POINT('',(171.06501964875,0.714285714286));
#5591 = CARTESIAN_POINT('',(170.84670463236,0.714285714286));
#5592 = CARTESIAN_POINT('',(170.62838971371,0.714285714286));
#5593 = CARTESIAN_POINT('',(170.19176117705,0.714285714286));
#5594 = CARTESIAN_POINT('',(169.97344665841,0.714285714286));
#5595 = CARTESIAN_POINT('',(169.75513213977,0.714285714286));
#5596 = CARTESIAN_POINT('',(169.53681762112,0.714285714286));
#5597 = CARTESIAN_POINT('',(169.31850310248,0.714285714286));
#5598 = CARTESIAN_POINT('',(169.10018858383,0.714285714286));
#5599 = CARTESIAN_POINT('',(168.88187406519,0.714285714286));
#5600 = CARTESIAN_POINT('',(168.28931292458,0.714285714286));
#5601 = CARTESIAN_POINT('',(167.91505078526,0.714285714286));
#5602 = CARTESIAN_POINT('',(167.54078061533,0.714285714286));
#5603 = CARTESIAN_POINT('',(167.16656556336,0.714285714286));
#5604 = CARTESIAN_POINT('',(166.79228763312,0.714285714286));
#5605 = CARTESIAN_POINT('',(166.41804112781,0.714285714286));
#5606 = CARTESIAN_POINT('',(166.04378154056,0.714285714286));
#5607 = CARTESIAN_POINT('',(165.38884323198,0.714285714286));
#5608 = CARTESIAN_POINT('',(165.10815011988,0.714285714286));
#5609 = CARTESIAN_POINT('',(164.82745967805,0.714285714286));
#5610 = CARTESIAN_POINT('',(164.54677201261,0.714285714286));
#5611 = CARTESIAN_POINT('',(164.26608387076,0.714285714286));
#5612 = CARTESIAN_POINT('',(163.9853923276,0.714285714286));
#5613 = CARTESIAN_POINT('',(163.70469847313,0.714285714286));
#5614 = CARTESIAN_POINT('',(163.2368843861,0.714285714286));
#5615 = CARTESIAN_POINT('',(163.04975755184,0.714285714286));
#5616 = CARTESIAN_POINT('',(162.86263075019,0.714285714286));
#5617 = CARTESIAN_POINT('',(162.67550405847,0.714285714286));
#5618 = CARTESIAN_POINT('',(162.48837747741,0.714285714286));
#5619 = CARTESIAN_POINT('',(162.30125093117,0.714285714286));
#5620 = CARTESIAN_POINT('',(162.11412426735,0.714285714286));
#5621 = CARTESIAN_POINT('',(161.61511940381,0.714285714286));
#5622 = CARTESIAN_POINT('',(161.30324149019,0.714285714286));
#5623 = CARTESIAN_POINT('',(160.99136358678,0.714285714286));
#5624 = CARTESIAN_POINT('',(160.67948570985,0.714285714286));
#5625 = CARTESIAN_POINT('',(160.36760784446,0.714285714286));
#5626 = CARTESIAN_POINT('',(160.05572996763,0.714285714286));
#5627 = CARTESIAN_POINT('',(159.74385207156,0.714285714286));
#5628 = CARTESIAN_POINT('',(159.08890860042,0.714285714286));
#5629 = CARTESIAN_POINT('',(158.74584210331,0.714285714286));
#5630 = CARTESIAN_POINT('',(158.40277762305,0.714285714286));
#5631 = CARTESIAN_POINT('',(158.05971198693,0.714285714286));
#5632 = CARTESIAN_POINT('',(157.71664562164,0.714285714286));
#5633 = CARTESIAN_POINT('',(157.37358013127,0.714285714286));
#5634 = CARTESIAN_POINT('',(157.03051426799,0.714285714286));
#5635 = CARTESIAN_POINT('',(156.50032197403,0.714285714286));
#5636 = CARTESIAN_POINT('',(156.3131952855,0.714285714286));
#5637 = CARTESIAN_POINT('',(156.12606863445,0.714285714286));
#5638 = CARTESIAN_POINT('',(155.93894195221,0.714285714286));
#5639 = CARTESIAN_POINT('',(155.75181521095,0.714285714286));
#5640 = CARTESIAN_POINT('',(155.56468842369,0.714285714286));
#5641 = CARTESIAN_POINT('',(155.37756164427,0.714285714286));
#5642 = CARTESIAN_POINT('',(154.87855958846,0.714285714286));
#5643 = CARTESIAN_POINT('',(154.56667663106,0.714285714286));
#5644 = CARTESIAN_POINT('',(154.25480004331,0.714285714286));
#5645 = CARTESIAN_POINT('',(153.9429250449,0.714285714286));
#5646 = CARTESIAN_POINT('',(153.63104652488,0.714285714286));
#5647 = CARTESIAN_POINT('',(153.31916643148,0.714285714286));
#5648 = CARTESIAN_POINT('',(153.00729015405,0.714285714286));
#5649 = CARTESIAN_POINT('',(152.35235044431,0.714285714286));
#5650 = CARTESIAN_POINT('',(152.00929206594,0.714285714286));
#5651 = CARTESIAN_POINT('',(151.66622920804,0.714285714286));
#5652 = CARTESIAN_POINT('',(151.32318375806,0.714285714286));
#5653 = CARTESIAN_POINT('',(150.98012637368,0.714285714286));
#5654 = CARTESIAN_POINT('',(150.6370383212,0.714285714286));
#5655 = CARTESIAN_POINT('',(150.29396202383,0.714285714286));
#5656 = CARTESIAN_POINT('',(149.7013817211,0.714285714286));
#5657 = CARTESIAN_POINT('',(149.45187844604,0.714285714286));
#5658 = CARTESIAN_POINT('',(149.20237728354,0.714285714286));
#5659 = CARTESIAN_POINT('',(148.95287802661,0.714285714286));
#5660 = CARTESIAN_POINT('',(148.70337967253,0.714285714286));
#5661 = CARTESIAN_POINT('',(148.45388042281,0.714285714286));
#5662 = CARTESIAN_POINT('',(148.20437768321,0.714285714286));
#5663 = CARTESIAN_POINT('',(147.67417793449,0.714285714286));
#5664 = CARTESIAN_POINT('',(147.39348784689,0.714285714286));
#5665 = CARTESIAN_POINT('',(147.1127977736,0.714285714286));
#5666 = CARTESIAN_POINT('',(146.83210769637,0.714285714286));
#5667 = CARTESIAN_POINT('',(146.55141760602,0.714285714286));
#5668 = CARTESIAN_POINT('',(146.27072750244,0.714285714286));
#5669 = CARTESIAN_POINT('',(145.99003739461,0.714285714286));
#5670 = CARTESIAN_POINT('',(145.4286686098,0.714285714286));
#5671 = CARTESIAN_POINT('',(145.14799212918,0.714285714286));
#5672 = CARTESIAN_POINT('',(144.86730864689,0.714285714286));
#5673 = CARTESIAN_POINT('',(144.58661645693,0.714285714286));
#5674 = CARTESIAN_POINT('',(144.30591845435,0.714285714286));
#5675 = CARTESIAN_POINT('',(144.02521923049,0.714285714286));
#5676 = CARTESIAN_POINT('',(143.74452216826,0.714285714286));
#5677 = CARTESIAN_POINT('',(143.24551201873,0.714285714286));
#5678 = CARTESIAN_POINT('',(143.02719750009,0.714285714286));
#5679 = CARTESIAN_POINT('',(142.80888298144,0.714285714286));
#5680 = CARTESIAN_POINT('',(142.5905684628,0.714285714286));
#5681 = CARTESIAN_POINT('',(142.37225394415,0.714285714286));
#5682 = CARTESIAN_POINT('',(142.15393942551,0.714285714286));
#5683 = CARTESIAN_POINT('',(141.93562490687,0.714285714286));
#5684 = CARTESIAN_POINT('',(141.40544511414,0.714285714286));
#5685 = CARTESIAN_POINT('',(141.09357350582,0.714285714286));
#5686 = CARTESIAN_POINT('',(140.78169169495,0.714285714286));
#5687 = CARTESIAN_POINT('',(140.46980605652,0.714285714286));
#5688 = CARTESIAN_POINT('',(140.15792261522,0.714285714286));
#5689 = CARTESIAN_POINT('',(139.84604249891,0.714285714286));
#5690 = CARTESIAN_POINT('',(139.53416343903,0.714285714286));
#5691 = CARTESIAN_POINT('',(138.87922387913,0.714285714286));
#5692 = CARTESIAN_POINT('',(138.53615609877,0.714285714286));
#5693 = CARTESIAN_POINT('',(138.19308483255,0.714285714286));
#5694 = CARTESIAN_POINT('',(137.85002580256,0.714285714286));
#5695 = CARTESIAN_POINT('',(137.50696448961,0.714285714286));
#5696 = CARTESIAN_POINT('',(137.16389071957,0.714285714286));
#5697 = CARTESIAN_POINT('',(136.82082665961,0.714285714286));
#5698 = CARTESIAN_POINT('',(136.00994681255,0.714285714286));
#5699 = CARTESIAN_POINT('',(135.54213057034,0.714285714286));
#5700 = CARTESIAN_POINT('',(135.07431718251,0.714285714286));
#5701 = CARTESIAN_POINT('',(134.60650821385,0.714285714286));
#5702 = CARTESIAN_POINT('',(134.13870177373,0.714285714286));
#5703 = CARTESIAN_POINT('',(133.67089226918,0.714285714286));
#5704 = CARTESIAN_POINT('',(133.20307096279,0.714285714286));
#5705 = CARTESIAN_POINT('',(132.2362419396,0.714285714286));
#5706 = CARTESIAN_POINT('',(131.73723449384,0.714285714286));
#5707 = CARTESIAN_POINT('',(131.23821610113,0.714285714286));
#5708 = CARTESIAN_POINT('',(130.73919560578,0.714285714286));
#5709 = CARTESIAN_POINT('',(130.2401795933,0.714285714286));
#5710 = CARTESIAN_POINT('',(129.74117239026,0.714285714286));
#5711 = CARTESIAN_POINT('',(129.24217606413,0.714285714286));
#5712 = CARTESIAN_POINT('',(128.36893696257,0.714285714286));
#5713 = CARTESIAN_POINT('',(127.99468350204,0.714285714286));
#5714 = CARTESIAN_POINT('',(127.62043004151,0.714285714286));
#5715 = CARTESIAN_POINT('',(127.24617658098,0.714285714286));
#5716 = CARTESIAN_POINT('',(126.87192312044,0.714285714286));
#5717 = CARTESIAN_POINT('',(126.49766965991,0.714285714286));
#5718 = CARTESIAN_POINT('',(126.12341619938,0.714285714286));
#5719 = CARTESIAN_POINT('',(125.5620348672,0.714285714286));
#5720 = CARTESIAN_POINT('',(125.3749076492,0.714285714286));
#5721 = CARTESIAN_POINT('',(125.1877809202,0.714285714286));
#5722 = CARTESIAN_POINT('',(125.00065451625,0.714285714286));
#5723 = CARTESIAN_POINT('',(124.81352827411,0.714285714286));
#5724 = CARTESIAN_POINT('',(124.62640203126,0.714285714286));
#5725 = CARTESIAN_POINT('',(124.43927562584,0.714285714286));
#5726 = CARTESIAN_POINT('',(124.03383437807,0.714285714286));
#5727 = CARTESIAN_POINT('',(123.81551985943,0.714285714286));
#5728 = CARTESIAN_POINT('',(123.59720534079,0.714285714286));
#5729 = CARTESIAN_POINT('',(123.37889082214,0.714285714286));
#5730 = CARTESIAN_POINT('',(123.1605763035,0.714285714286));
#5731 = CARTESIAN_POINT('',(122.94226178485,0.714285714286));
#5732 = CARTESIAN_POINT('',(122.72394726621,0.714285714286));
#5733 = CARTESIAN_POINT('',(121.94429570606,0.714285714286));
#5734 = CARTESIAN_POINT('',(121.38294803624,0.714285714286));
#5735 = CARTESIAN_POINT('',(120.82158549952,0.714285714286));
#5736 = CARTESIAN_POINT('',(120.26020656819,0.714285714286));
#5737 = CARTESIAN_POINT('',(119.69881242534,0.714285714286));
#5738 = CARTESIAN_POINT('',(119.13740696491,0.714285714286));
#5739 = CARTESIAN_POINT('',(118.57599679165,0.714285714286));
#5740 = CARTESIAN_POINT('',(117.67150338807,0.714285714286));
#5741 = CARTESIAN_POINT('',(117.32841911517,0.714285714286));
#5742 = CARTESIAN_POINT('',(116.98533423916,0.714285714286));
#5743 = CARTESIAN_POINT('',(116.64226223085,0.714285714286));
#5744 = CARTESIAN_POINT('',(116.29920615469,0.714285714286));
#5745 = CARTESIAN_POINT('',(115.9561581321,0.714285714286));
#5746 = CARTESIAN_POINT('',(115.6131108735,0.714285714286));
#5747 = CARTESIAN_POINT('',(114.98937574854,0.714285714286));
#5748 = CARTESIAN_POINT('',(114.70868565314,0.714285714286));
#5749 = CARTESIAN_POINT('',(114.42799555775,0.714285714286));
#5750 = CARTESIAN_POINT('',(114.14730546235,0.714285714286));
#5751 = CARTESIAN_POINT('',(113.86661536695,0.714285714286));
#5752 = CARTESIAN_POINT('',(113.58592527155,0.714285714286));
#5753 = CARTESIAN_POINT('',(113.30523517615,0.714285714286));
#5754 = CARTESIAN_POINT('',(112.83741802324,0.714285714286));
#5755 = CARTESIAN_POINT('',(112.65029123838,0.714285714286));
#5756 = CARTESIAN_POINT('',(112.46316464364,0.714285714286));
#5757 = CARTESIAN_POINT('',(112.27603815087,0.714285714286));
#5758 = CARTESIAN_POINT('',(112.08891166626,0.714285714286));
#5759 = CARTESIAN_POINT('',(111.90178509035,0.714285714286));
#5760 = CARTESIAN_POINT('',(111.71465831805,0.714285714286));
#5761 = CARTESIAN_POINT('',(111.21565335484,0.714285714286));
#5762 = CARTESIAN_POINT('',(110.90377547107,0.714285714286));
#5763 = CARTESIAN_POINT('',(110.59189758729,0.714285714286));
#5764 = CARTESIAN_POINT('',(110.28001970351,0.714285714286));
#5765 = CARTESIAN_POINT('',(109.96814181974,0.714285714286));
#5766 = CARTESIAN_POINT('',(109.65626393596,0.714285714286));
#5767 = CARTESIAN_POINT('',(109.34438605218,0.714285714286));
#5768 = CARTESIAN_POINT('',(108.68944465457,0.714285714286));
#5769 = CARTESIAN_POINT('',(108.34637934862,0.714285714286));
#5770 = CARTESIAN_POINT('',(108.00330306509,0.714285714286));
#5771 = CARTESIAN_POINT('',(107.66024462054,0.714285714286));
#5772 = CARTESIAN_POINT('',(107.31718783637,0.714285714286));
#5773 = CARTESIAN_POINT('',(106.9741133799,0.714285714286));
#5774 = CARTESIAN_POINT('',(106.63104538478,0.714285714286));
#5775 = CARTESIAN_POINT('',(105.94491313967,0.714285714286));
#5776 = CARTESIAN_POINT('',(105.60185151824,0.714285714286));
#5777 = CARTESIAN_POINT('',(105.25879487012,0.714285714286));
#5778 = CARTESIAN_POINT('',(104.91571794187,0.714285714286));
#5779 = CARTESIAN_POINT('',(104.57264534491,0.714285714286));
#5780 = CARTESIAN_POINT('',(104.22959332806,0.714285714286));
#5781 = CARTESIAN_POINT('',(103.88652433415,0.714285714286));
#5782 = CARTESIAN_POINT('',(103.20038945702,0.714285714286));
#5783 = CARTESIAN_POINT('',(102.85732535886,0.714285714286));
#5784 = CARTESIAN_POINT('',(102.51426510996,0.714285714286));
#5785 = CARTESIAN_POINT('',(102.17119680889,0.714285714286));
#5786 = CARTESIAN_POINT('',(101.82812416841,0.714285714286));
#5787 = CARTESIAN_POINT('',(101.48505941911,0.714285714286));
#5788 = CARTESIAN_POINT('',(101.14200307643,0.714285714286));
#5789 = CARTESIAN_POINT('',(100.54942972967,0.714285714286));
#5790 = CARTESIAN_POINT('',(100.29992742265,0.714285714286));
#5791 = CARTESIAN_POINT('',(100.05042511563,0.714285714286));
#5792 = CARTESIAN_POINT('',(99.800922808613,0.714285714286));
#5793 = CARTESIAN_POINT('',(99.551420501592,0.714285714286));
#5794 = CARTESIAN_POINT('',(99.30191819457,0.714285714286));
#5795 = CARTESIAN_POINT('',(99.052415887549,0.714285714286));
#5796 = CARTESIAN_POINT('',(98.428662741483,0.714285714286));
#5797 = CARTESIAN_POINT('',(98.05440005292,0.714285714286));
#5798 = CARTESIAN_POINT('',(97.6801599062,0.714285714286));
#5799 = CARTESIAN_POINT('',(97.305895465138,0.714285714286));
#5800 = CARTESIAN_POINT('',(96.931649052456,0.714285714286));
#5801 = CARTESIAN_POINT('',(96.557392208812,0.714285714286));
#5802 = CARTESIAN_POINT('',(96.183138665613,0.714285714286));
#5803 = CARTESIAN_POINT('',(95.434633041463,0.714285714286));
#5804 = CARTESIAN_POINT('',(95.060377177411,0.714285714286));
#5805 = CARTESIAN_POINT('',(94.6861284593,0.714285714286));
#5806 = CARTESIAN_POINT('',(94.311869186552,0.714285714286));
#5807 = CARTESIAN_POINT('',(93.937620285762,0.714285714286));
#5808 = CARTESIAN_POINT('',(93.563364303199,0.714285714286));
#5809 = CARTESIAN_POINT('',(93.189112046192,0.714285714286));
#5810 = CARTESIAN_POINT('',(92.440603035734,0.714285714286));
#5811 = CARTESIAN_POINT('',(92.066349915953,0.714285714286));
#5812 = CARTESIAN_POINT('',(91.692097701254,0.714285714286));
#5813 = CARTESIAN_POINT('',(91.317849612844,0.714285714286));
#5814 = CARTESIAN_POINT('',(90.943596537068,0.714285714286));
#5815 = CARTESIAN_POINT('',(90.569350308952,0.714285714286));
#5816 = CARTESIAN_POINT('',(90.195090840805,0.714285714286));
#5817 = CARTESIAN_POINT('',(89.540140431498,0.714285714286));
#5818 = CARTESIAN_POINT('',(89.259450324751,0.714285714286));
#5819 = CARTESIAN_POINT('',(88.978760235685,0.714285714286));
#5820 = CARTESIAN_POINT('',(88.698070157177,0.714285714286));
#5821 = CARTESIAN_POINT('',(88.417380068126,0.714285714286));
#5822 = CARTESIAN_POINT('',(88.13668995476,0.714285714286));
#5823 = CARTESIAN_POINT('',(87.855999831959,0.714285714286));
#5824 = CARTESIAN_POINT('',(87.356994900188,0.714285714286));
#5825 = CARTESIAN_POINT('',(87.138680465713,0.714285714286));
#5826 = CARTESIAN_POINT('',(86.920366175448,0.714285714286));
#5827 = CARTESIAN_POINT('',(86.702051839808,0.714285714286));
#5828 = CARTESIAN_POINT('',(86.483737365312,0.714285714286));
#5829 = CARTESIAN_POINT('',(86.265422754581,0.714285714286));
#5830 = CARTESIAN_POINT('',(86.047108106338,0.714285714286));
#5831 = CARTESIAN_POINT('',(85.516924787456,0.714285714286));
#5832 = CARTESIAN_POINT('',(85.205055742106,0.714285714286));
#5833 = CARTESIAN_POINT('',(84.893193742998,0.714285714286));
#5834 = CARTESIAN_POINT('',(84.581323088368,0.714285714286));
#5835 = CARTESIAN_POINT('',(84.269435606508,0.714285714286));
#5836 = CARTESIAN_POINT('',(83.957540676558,0.714285714286));
#5837 = CARTESIAN_POINT('',(83.645654774617,0.714285714286));
#5838 = CARTESIAN_POINT('',(82.990709609825,0.714285714286));
#5839 = CARTESIAN_POINT('',(82.647640177521,0.714285714286));
#5840 = CARTESIAN_POINT('',(82.304562076607,0.714285714286));
#5841 = CARTESIAN_POINT('',(81.961508992518,0.714285714286));
#5842 = CARTESIAN_POINT('',(81.618453419051,0.714285714286));
#5843 = CARTESIAN_POINT('',(81.275372860005,0.714285714286));
#5844 = CARTESIAN_POINT('',(80.932308200594,0.714285714286));
#5845 = CARTESIAN_POINT('',(80.339742860935,0.714285714286));
#5846 = CARTESIAN_POINT('',(80.090240553914,0.714285714286));
#5847 = CARTESIAN_POINT('',(79.840738246892,0.714285714286));
#5848 = CARTESIAN_POINT('',(79.59123593987,0.714285714286));
#5849 = CARTESIAN_POINT('',(79.341733632849,0.714285714286));
#5850 = CARTESIAN_POINT('',(79.092231325827,0.714285714286));
#5851 = CARTESIAN_POINT('',(78.842729018806,0.714285714286));
#5852 = CARTESIAN_POINT('',(78.187803342105,0.714285714286));
#5853 = CARTESIAN_POINT('',(77.782372037812,0.714285714286));
#5854 = CARTESIAN_POINT('',(77.376900365483,0.714285714286));
#5855 = CARTESIAN_POINT('',(76.971461616908,0.714285714286));
#5856 = CARTESIAN_POINT('',(76.566002827043,0.714285714286));
#5857 = CARTESIAN_POINT('',(76.160566824481,0.714285714286));
#5858 = CARTESIAN_POINT('',(75.755131949229,0.714285714286));
#5859 = CARTESIAN_POINT('',(75.16257502923,0.714285714286));
#5860 = CARTESIAN_POINT('',(74.97545374136,0.714285714286));
#5861 = CARTESIAN_POINT('',(74.788331206223,0.714285714286));
#5862 = CARTESIAN_POINT('',(74.601206356436,0.714285714286));
#5863 = CARTESIAN_POINT('',(74.414078707912,0.714285714286));
#5864 = CARTESIAN_POINT('',(74.22694835985,0.714285714286));
#5865 = CARTESIAN_POINT('',(74.039815994743,0.714285714286));
#5866 = CARTESIAN_POINT('',(73.634368359732,0.714285714286));
#5867 = CARTESIAN_POINT('',(73.416053841088,0.714285714286));
#5868 = CARTESIAN_POINT('',(73.197739322444,0.714285714286));
#5869 = CARTESIAN_POINT('',(72.9794248038,0.714285714286));
#5870 = CARTESIAN_POINT('',(72.761110285156,0.714285714286));
#5871 = CARTESIAN_POINT('',(72.542795766513,0.714285714286));
#5872 = CARTESIAN_POINT('',(72.324481247869,0.714285714286));
#5873 = CARTESIAN_POINT('',(71.919039998959,0.714285714286));
#5874 = CARTESIAN_POINT('',(71.731913268693,0.714285714286));
#5875 = CARTESIAN_POINT('',(71.544786538427,0.714285714286));
#5876 = CARTESIAN_POINT('',(71.35765980816,0.714285714286));
#5877 = CARTESIAN_POINT('',(71.170533077894,0.714285714286));
#5878 = CARTESIAN_POINT('',(70.983406347628,0.714285714286));
#5879 = CARTESIAN_POINT('',(70.796279617362,0.714285714286));
#5880 = CARTESIAN_POINT('',(70.297272641321,0.714285714286));
#5881 = CARTESIAN_POINT('',(69.985399346109,0.714285714286));
#5882 = CARTESIAN_POINT('',(69.673520900203,0.714285714286));
#5883 = CARTESIAN_POINT('',(69.361640147278,0.714285714286));
#5884 = CARTESIAN_POINT('',(69.049761750563,0.714285714286));
#5885 = CARTESIAN_POINT('',(68.737885882699,0.714285714286));
#5886 = CARTESIAN_POINT('',(68.426008730823,0.714285714286));
#5887 = CARTESIAN_POINT('',(67.802251933104,0.714285714286));
#5888 = CARTESIAN_POINT('',(67.490374049327,0.714285714286));
#5889 = CARTESIAN_POINT('',(67.17849616555,0.714285714286));
#5890 = CARTESIAN_POINT('',(66.866618281773,0.714285714286));
#5891 = CARTESIAN_POINT('',(66.554740397996,0.714285714286));
#5892 = CARTESIAN_POINT('',(66.242862514219,0.714285714286));
#5893 = CARTESIAN_POINT('',(65.930984630442,0.714285714286));
#5894 = CARTESIAN_POINT('',(65.276041074511,0.714285714286));
#5895 = CARTESIAN_POINT('',(64.932975402357,0.714285714286));
#5896 = CARTESIAN_POINT('',(64.589909730202,0.714285714286));
#5897 = CARTESIAN_POINT('',(64.246844058047,0.714285714286));
#5898 = CARTESIAN_POINT('',(63.903778385893,0.714285714286));
#5899 = CARTESIAN_POINT('',(63.560712713738,0.714285714286));
#5900 = CARTESIAN_POINT('',(63.217647041584,0.714285714286));
#5901 = CARTESIAN_POINT('',(62.531519897909,0.714285714286));
#5902 = CARTESIAN_POINT('',(62.18845978882,0.714285714286));
#5903 = CARTESIAN_POINT('',(61.845399788697,0.714285714286));
#5904 = CARTESIAN_POINT('',(61.502338588022,0.714285714286));
#5905 = CARTESIAN_POINT('',(61.159274802832,0.714285714286));
#5906 = CARTESIAN_POINT('',(60.816207159776,0.714285714286));
#5907 = CARTESIAN_POINT('',(60.473134596879,0.714285714286));
#5908 = CARTESIAN_POINT('',(59.568729091965,0.714285714286));
#5909 = CARTESIAN_POINT('',(59.007388251448,0.714285714286));
#5910 = CARTESIAN_POINT('',(58.446027788232,0.714285714286));
#5911 = CARTESIAN_POINT('',(57.884646051227,0.714285714286));
#5912 = CARTESIAN_POINT('',(57.323245421128,0.714285714286));
#5913 = CARTESIAN_POINT('',(56.761832310881,0.714285714286));
#5914 = CARTESIAN_POINT('',(56.200417166155,0.714285714286));
#5915 = CARTESIAN_POINT('',(55.295950768742,0.714285714286));
#5916 = CARTESIAN_POINT('',(54.952884833656,0.714285714286));
#5917 = CARTESIAN_POINT('',(54.609810791456,0.714285714286));
#5918 = CARTESIAN_POINT('',(54.266751347018,0.714285714286));
#5919 = CARTESIAN_POINT('',(53.92369275804,0.714285714286));
#5920 = CARTESIAN_POINT('',(53.580619630748,0.714285714286));
#5921 = CARTESIAN_POINT('',(53.237552240902,0.714285714286));
#5922 = CARTESIAN_POINT('',(52.613798993169,0.714285714286));
#5923 = CARTESIAN_POINT('',(52.33310889777,0.714285714286));
#5924 = CARTESIAN_POINT('',(52.05241880237,0.714285714286));
#5925 = CARTESIAN_POINT('',(51.771728706971,0.714285714286));
#5926 = CARTESIAN_POINT('',(51.491038611572,0.714285714286));
#5927 = CARTESIAN_POINT('',(51.210348516173,0.714285714286));
#5928 = CARTESIAN_POINT('',(50.929658420774,0.714285714286));
#5929 = CARTESIAN_POINT('',(50.243513150713,0.714285714286));
#5930 = CARTESIAN_POINT('',(49.838063390946,0.714285714286));
#5931 = CARTESIAN_POINT('',(49.432646592113,0.714285714286));
#5932 = CARTESIAN_POINT('',(49.027208567681,0.714285714286));
#5933 = CARTESIAN_POINT('',(48.621778950878,0.714285714286));
#5934 = CARTESIAN_POINT('',(48.216334727637,0.714285714286));
#5935 = CARTESIAN_POINT('',(47.810886575346,0.714285714286));
#5936 = CARTESIAN_POINT('',(47.187122997641,0.714285714286));
#5937 = CARTESIAN_POINT('',(46.968808833698,0.714285714286));
#5938 = CARTESIAN_POINT('',(46.750494948726,0.714285714286));
#5939 = CARTESIAN_POINT('',(46.532180788477,0.714285714286));
#5940 = CARTESIAN_POINT('',(46.313866137993,0.714285714286));
#5941 = CARTESIAN_POINT('',(46.09555112161,0.714285714286));
#5942 = CARTESIAN_POINT('',(45.877236202955,0.714285714286));
#5943 = CARTESIAN_POINT('',(45.4406076663,0.714285714286));
#5944 = CARTESIAN_POINT('',(45.222293147656,0.714285714286));
#5945 = CARTESIAN_POINT('',(45.003978629012,0.714285714286));
#5946 = CARTESIAN_POINT('',(44.785664110369,0.714285714286));
#5947 = CARTESIAN_POINT('',(44.567349591725,0.714285714286));
#5948 = CARTESIAN_POINT('',(44.349035073081,0.714285714286));
#5949 = CARTESIAN_POINT('',(44.130720554437,0.714285714286));
#5950 = CARTESIAN_POINT('',(43.538159413825,0.714285714286));
#5951 = CARTESIAN_POINT('',(43.163897274522,0.714285714286));
#5952 = CARTESIAN_POINT('',(42.789627104543,0.714285714286));
#5953 = CARTESIAN_POINT('',(42.415412052638,0.714285714286));
#5954 = CARTESIAN_POINT('',(42.04113412235,0.714285714286));
#5955 = CARTESIAN_POINT('',(41.666887617054,0.714285714286));
#5956 = CARTESIAN_POINT('',(41.292628029808,0.714285714286));
#5957 = CARTESIAN_POINT('',(40.637689721223,0.714285714286));
#5958 = CARTESIAN_POINT('',(40.356996609128,0.714285714286));
#5959 = CARTESIAN_POINT('',(40.076306167291,0.714285714286));
#5960 = CARTESIAN_POINT('',(39.795618501858,0.714285714286));
#5961 = CARTESIAN_POINT('',(39.514930360004,0.714285714286));
#5962 = CARTESIAN_POINT('',(39.234238816847,0.714285714286));
#5963 = CARTESIAN_POINT('',(38.953544962371,0.714285714286));
#5964 = CARTESIAN_POINT('',(38.485730875345,0.714285714286));
#5965 = CARTESIAN_POINT('',(38.298604041084,0.714285714286));
#5966 = CARTESIAN_POINT('',(38.11147723944,0.714285714286));
#5967 = CARTESIAN_POINT('',(37.924350547719,0.714285714286));
#5968 = CARTESIAN_POINT('',(37.737223966657,0.714285714286));
#5969 = CARTESIAN_POINT('',(37.55009742042,0.714285714286));
#5970 = CARTESIAN_POINT('',(37.362970756598,0.714285714286));
#5971 = CARTESIAN_POINT('',(36.863965893055,0.714285714286));
#5972 = CARTESIAN_POINT('',(36.552087979437,0.714285714286));
#5973 = CARTESIAN_POINT('',(36.240210076029,0.714285714286));
#5974 = CARTESIAN_POINT('',(35.9283321991,0.714285714286));
#5975 = CARTESIAN_POINT('',(35.616454333708,0.714285714286));
#5976 = CARTESIAN_POINT('',(35.30457645688,0.714285714286));
#5977 = CARTESIAN_POINT('',(34.992698560802,0.714285714286));
#5978 = CARTESIAN_POINT('',(34.337755089674,0.714285714286));
#5979 = CARTESIAN_POINT('',(33.994688592523,0.714285714286));
#5980 = CARTESIAN_POINT('',(33.651624112306,0.714285714286));
#5981 = CARTESIAN_POINT('',(33.308558476201,0.714285714286));
#5982 = CARTESIAN_POINT('',(32.965492110881,0.714285714286));
#5983 = CARTESIAN_POINT('',(32.622426620508,0.714285714286));
#5984 = CARTESIAN_POINT('',(32.279360757231,0.714285714286));
#5985 = CARTESIAN_POINT('',(31.74916846324,0.714285714286));
#5986 = CARTESIAN_POINT('',(31.56204177472,0.714285714286));
#5987 = CARTESIAN_POINT('',(31.374915123685,0.714285714286));
#5988 = CARTESIAN_POINT('',(31.187788441463,0.714285714286));
#5989 = CARTESIAN_POINT('',(31.000661700219,0.714285714286));
#5990 = CARTESIAN_POINT('',(30.813534912961,0.714285714286));
#5991 = CARTESIAN_POINT('',(30.626408133536,0.714285714286));
#5992 = CARTESIAN_POINT('',(30.127406076563,0.714285714286));
#5993 = CARTESIAN_POINT('',(29.815523122232,0.714285714286));
#5994 = CARTESIAN_POINT('',(29.503646532889,0.714285714286));
#5995 = CARTESIAN_POINT('',(29.191771532497,0.714285714286));
#5996 = CARTESIAN_POINT('',(28.879893013608,0.714285714286));
#5997 = CARTESIAN_POINT('',(28.568012922126,0.714285714286));
#5998 = CARTESIAN_POINT('',(28.256136642935,0.714285714286));
#5999 = CARTESIAN_POINT('',(27.632383887511,0.714285714286));
#6000 = CARTESIAN_POINT('',(27.320501084954,0.714285714286));
#6001 = CARTESIAN_POINT('',(27.008621493253,0.714285714286));
#6002 = CARTESIAN_POINT('',(26.696746359147,0.714285714286));
#6003 = CARTESIAN_POINT('',(26.384871650081,0.714285714286));
#6004 = CARTESIAN_POINT('',(26.072993042684,0.714285714286));
#6005 = CARTESIAN_POINT('',(25.761110911248,0.714285714286));
#6006 = CARTESIAN_POINT('',(25.199733009179,0.714285714286));
#6007 = CARTESIAN_POINT('',(24.950230702158,0.714285714286));
#6008 = CARTESIAN_POINT('',(24.700728395136,0.714285714286));
#6009 = CARTESIAN_POINT('',(24.451226088114,0.714285714286));
#6010 = CARTESIAN_POINT('',(24.201723781093,0.714285714286));
#6011 = CARTESIAN_POINT('',(23.952221474071,0.714285714286));
#6012 = CARTESIAN_POINT('',(23.70271916705,0.714285714286));
#6013 = CARTESIAN_POINT('',(23.172525940231,0.714285714286));
#6014 = CARTESIAN_POINT('',(22.891836731309,0.714285714286));
#6015 = CARTESIAN_POINT('',(22.611147149037,0.714285714286));
#6016 = CARTESIAN_POINT('',(22.330456777415,0.714285714286));
#6017 = CARTESIAN_POINT('',(22.049766129945,0.714285714286));
#6018 = CARTESIAN_POINT('',(21.769075910912,0.714285714286));
#6019 = CARTESIAN_POINT('',(21.488386276652,0.714285714286));
#6020 = CARTESIAN_POINT('',(20.927016037068,0.714285714286));
#6021 = CARTESIAN_POINT('',(20.646339146062,0.714285714286));
#6022 = CARTESIAN_POINT('',(20.36565859641,0.714285714286));
#6023 = CARTESIAN_POINT('',(20.084971130688,0.714285714286));
#6024 = CARTESIAN_POINT('',(19.804276408341,0.714285714286));
#6025 = CARTESIAN_POINT('',(19.523576352566,0.714285714286));
#6026 = CARTESIAN_POINT('',(19.242874497208,0.714285714286));
#6027 = CARTESIAN_POINT('',(18.743860814997,0.714285714286));
#6028 = CARTESIAN_POINT('',(18.525546296353,0.714285714286));
#6029 = CARTESIAN_POINT('',(18.307231777709,0.714285714286));
#6030 = CARTESIAN_POINT('',(18.088917259066,0.714285714286));
#6031 = CARTESIAN_POINT('',(17.870602740422,0.714285714286));
#6032 = CARTESIAN_POINT('',(17.652288221778,0.714285714286));
#6033 = CARTESIAN_POINT('',(17.433973703134,0.714285714286));
#6034 = CARTESIAN_POINT('',(16.872605608971,0.714285714286));
#6035 = CARTESIAN_POINT('',(16.529551761647,0.714285714286));
#6036 = CARTESIAN_POINT('',(16.186484559621,0.714285714286));
#6037 = CARTESIAN_POINT('',(15.843411179012,0.714285714286));
#6038 = CARTESIAN_POINT('',(15.500340099366,0.714285714286));
#6039 = CARTESIAN_POINT('',(15.157272393124,0.714285714286));
#6040 = CARTESIAN_POINT('',(14.814203260139,0.714285714286));
#6041 = CARTESIAN_POINT('',(14.128071591266,0.714285714286));
#6042 = CARTESIAN_POINT('',(13.785002657558,0.714285714286));
#6043 = CARTESIAN_POINT('',(13.441928327352,0.714285714286));
#6044 = CARTESIAN_POINT('',(13.098872932569,0.714285714286));
#6045 = CARTESIAN_POINT('',(12.755814007232,0.714285714286));
#6046 = CARTESIAN_POINT('',(12.412735805518,0.714285714286));
#6047 = CARTESIAN_POINT('',(12.069672627053,0.714285714286));
#6048 = CARTESIAN_POINT('',(11.258725938547,0.714285714286));
#6049 = CARTESIAN_POINT('',(10.79084164643,0.714285714286));
#6050 = CARTESIAN_POINT('',(10.322969642742,0.714285714286));
#6051 = CARTESIAN_POINT('',(9.855121013399,0.714285714286));
#6052 = CARTESIAN_POINT('',(9.387303787184,0.714285714286));
#6053 = CARTESIAN_POINT('',(8.919522881774,0.714285714286));
#6054 = CARTESIAN_POINT('',(8.451780049764,0.714285714286));
#6055 = CARTESIAN_POINT('',(7.485016901156,0.714285714286));
#6056 = CARTESIAN_POINT('',(6.986001975972,0.714285714286));
#6057 = CARTESIAN_POINT('',(6.487018549643,0.714285714286));
#6058 = CARTESIAN_POINT('',(5.988053701156,0.714285714286));
#6059 = CARTESIAN_POINT('',(5.489092087984,0.714285714286));
#6060 = CARTESIAN_POINT('',(4.990115946083,0.714285714286));
#6061 = CARTESIAN_POINT('',(4.491105089896,0.714285714286));
#6062 = CARTESIAN_POINT('',(3.493392170462,0.714285714286));
#6063 = CARTESIAN_POINT('',(2.994691514815,0.714285714286));
#6064 = CARTESIAN_POINT('',(2.495912380488,0.714285714286));
#6065 = CARTESIAN_POINT('',(1.997031513675,0.714285714286));
#6066 = CARTESIAN_POINT('',(1.498024944283,0.714285714286));
#6067 = CARTESIAN_POINT('',(0.998867958534,0.714285714286));
#6068 = CARTESIAN_POINT('',(0.49953507156,0.714285714286));
#6069 = CARTESIAN_POINT('',(0.,0.714285714286));
#6070 = ( GEOMETRIC_REPRESENTATION_CONTEXT(2) 
PARAMETRIC_REPRESENTATION_CONTEXT() REPRESENTATION_CONTEXT('2D SPACE',''
  ) );
#6071 = ADVANCED_FACE('',(#6072),#3427,.F.);
#6072 = FACE_BOUND('',#6073,.F.);
#6073 = EDGE_LOOP('',(#6074,#6075,#6097,#6181));
#6074 = ORIENTED_EDGE('',*,*,#3283,.T.);
#6075 = ORIENTED_EDGE('',*,*,#6076,.T.);
#6076 = EDGE_CURVE('',#3284,#6077,#6079,.T.);
#6077 = VERTEX_POINT('',#6078);
#6078 = CARTESIAN_POINT('',(-270.,28.,-19.));
#6079 = SEAM_CURVE('',#6080,(#6083,#6090),.PCURVE_S1.);
#6080 = B_SPLINE_CURVE_WITH_KNOTS('',1,(#6081,#6082),.UNSPECIFIED.,.F.,
  .F.,(2,2),(0.,1.),.PIECEWISE_BEZIER_KNOTS.);
#6081 = CARTESIAN_POINT('',(-290.,14.,-16.));
#6082 = CARTESIAN_POINT('',(-270.,28.,-19.));
#6083 = PCURVE('',#3427,#6084);
#6084 = DEFINITIONAL_REPRESENTATION('',(#6085),#6089);
#6085 = LINE('',#6086,#6087);
#6086 = CARTESIAN_POINT('',(192.17183817617,0.));
#6087 = VECTOR('',#6088,1.);
#6088 = DIRECTION('',(0.,1.));
#6089 = ( GEOMETRIC_REPRESENTATION_CONTEXT(2) 
PARAMETRIC_REPRESENTATION_CONTEXT() REPRESENTATION_CONTEXT('2D SPACE',''
  ) );
#6090 = PCURVE('',#3427,#6091);
#6091 = DEFINITIONAL_REPRESENTATION('',(#6092),#6096);
#6092 = LINE('',#6093,#6094);
#6093 = CARTESIAN_POINT('',(0.,0.));
#6094 = VECTOR('',#6095,1.);
#6095 = DIRECTION('',(0.,1.));
#6096 = ( GEOMETRIC_REPRESENTATION_CONTEXT(2) 
PARAMETRIC_REPRESENTATION_CONTEXT() REPRESENTATION_CONTEXT('2D SPACE',''
  ) );
#6097 = ORIENTED_EDGE('',*,*,#6098,.F.);
#6098 = EDGE_CURVE('',#6077,#6077,#6099,.T.);
#6099 = SURFACE_CURVE('',#6100,(#6168,#6175),.PCURVE_S1.);
#6100 = B_SPLINE_CURVE_WITH_KNOTS('',3,(#6101,#6102,#6103,#6104,#6105,
    #6106,#6107,#6108,#6109,#6110,#6111,#6112,#6113,#6114,#6115,#6116,
    #6117,#6118,#6119,#6120,#6121,#6122,#6123,#6124,#6125,#6126,#6127,
    #6128,#6129,#6130,#6131,#6132,#6133,#6134,#6135,#6136,#6137,#6138,
    #6139,#6140,#6141,#6142,#6143,#6144,#6145,#6146,#6147,#6148,#6149,
    #6150,#6151,#6152,#6153,#6154,#6155,#6156,#6157,#6158,#6159,#6160,
    #6161,#6162,#6163,#6164,#6165,#6166,#6167),.UNSPECIFIED.,.T.,.F.,(1,
    1,2,1,1,1,1,1,1,1,1,1,1,1,1,1,1,1,1,1,1,1,1,1,1,1,1,1,1,1,1,1,1,1,1,
    1,1,1,1,1,1,1,1,1,1,1,1,1,1,1,1,1,1,1,1,1,1,1,1,1,1,1,1,1,1,1,2,1,1)
  ,(-9.76566357798,-6.165650630063,0.,6.165650630063,9.76566357798,
    12.758738624035,15.406700940539,17.82587241205,20.088055313662,
    22.24779722312,24.352674532096,26.447943484557,28.579172129108,
    30.794747337827,33.150164915478,35.717696464072,38.612476010995,
    42.089822075284,48.042959543607,53.996097012801,57.47344307709,
    60.368222624013,62.935754172607,65.291171750258,67.506746958977,
    69.637975603528,71.733244555989,73.838121864965,75.997863774423,
    78.260046676035,80.679218147545,83.32718046405,86.320255510104,
    89.920268458022,96.08591908737,102.25156971814,105.85158266606,
    108.84465771212,111.49262002862,113.91179150013,116.17397440174,
    118.3337163112,120.43859362018,122.53386257264,124.66509121719,
    126.88066642591,129.23608400356,131.80361555215,134.69839509908,
    138.17574116336,144.12887863122,150.08201610088,153.55936216517,
    156.45414171209,159.02167326069,161.37709083834,163.59266604706,
    165.72389469161,167.81916364407,169.92404095304,172.0837828625,
    174.34596576412,176.76513723563,179.41309955213,182.40617459818,
    186.0061875461,192.17183817617,198.33748880623,201.93750175415),
  .UNSPECIFIED.);
#6101 = CARTESIAN_POINT('',(-270.,28.002490359819,-21.04863085623));
#6102 = CARTESIAN_POINT('',(-270.,27.997509640181,-16.95136914376));
#6103 = CARTESIAN_POINT('',(-270.,28.001030618162,-13.68611826172));
#6104 = CARTESIAN_POINT('',(-270.,27.704379511771,-9.44217595516));
#6105 = CARTESIAN_POINT('',(-270.,27.253986154844,-6.391041636874));
#6106 = CARTESIAN_POINT('',(-270.,26.623474304253,-3.775201670358));
#6107 = CARTESIAN_POINT('',(-270.,25.810951750086,-1.466195324654));
#6108 = CARTESIAN_POINT('',(-270.,24.814466587717,0.590743180783));
#6109 = CARTESIAN_POINT('',(-270.,23.631624084912,2.423508531206));
#6110 = CARTESIAN_POINT('',(-270.,22.259130910708,4.047115474165));
#6111 = CARTESIAN_POINT('',(-270.,20.692062258518,5.469854310772));
#6112 = CARTESIAN_POINT('',(-270.,18.922277091572,6.696494031355));
#6113 = CARTESIAN_POINT('',(-270.,16.93536421117,7.730078302303));
#6114 = CARTESIAN_POINT('',(-270.,14.704668003391,8.572843759137));
#6115 = CARTESIAN_POINT('',(-270.,12.177460415609,9.226668206634));
#6116 = CARTESIAN_POINT('',(-270.,9.230505243354,9.693747092837));
#6117 = CARTESIAN_POINT('',(-270.,5.129567326641,10.000370690732));
#6118 = CARTESIAN_POINT('',(-270.,1.423221587643E-10,9.999765995787));
#6119 = CARTESIAN_POINT('',(-270.,-5.129567326343,10.000370690729));
#6120 = CARTESIAN_POINT('',(-270.,-9.23050524337,9.693747092883));
#6121 = CARTESIAN_POINT('',(-270.,-12.17746041556,9.226668206499));
#6122 = CARTESIAN_POINT('',(-270.,-14.70466800353,8.572843759564));
#6123 = CARTESIAN_POINT('',(-270.,-16.93536421067,7.730078300886));
#6124 = CARTESIAN_POINT('',(-270.,-18.92227709326,6.696494036234));
#6125 = CARTESIAN_POINT('',(-270.,-20.69206225249,5.469854293419));
#6126 = CARTESIAN_POINT('',(-270.,-22.25913093283,4.047115537925));
#6127 = CARTESIAN_POINT('',(-270.,-23.63162400093,2.423508289238));
#6128 = CARTESIAN_POINT('',(-270.,-24.81446691667,0.590744128638));
#6129 = CARTESIAN_POINT('',(-270.,-25.81095042047,-1.466199155741));
#6130 = CARTESIAN_POINT('',(-270.,-26.62347985717,-3.775185670422));
#6131 = CARTESIAN_POINT('',(-270.,-27.25396202373,-6.391111167179));
#6132 = CARTESIAN_POINT('',(-270.,-27.70449130342,-9.441853843626));
#6133 = CARTESIAN_POINT('',(-270.,-28.00036418485,-13.68803849296));
#6134 = CARTESIAN_POINT('',(-270.,-27.99977006819,-18.99999999976));
#6135 = CARTESIAN_POINT('',(-270.,-28.00036418488,-24.31196150655));
#6136 = CARTESIAN_POINT('',(-270.,-27.70449130342,-28.55814615637));
#6137 = CARTESIAN_POINT('',(-270.,-27.25396202373,-31.60888883282));
#6138 = CARTESIAN_POINT('',(-270.,-26.62347985717,-34.22481432957));
#6139 = CARTESIAN_POINT('',(-270.,-25.81095042047,-36.53380084425));
#6140 = CARTESIAN_POINT('',(-270.,-24.81446691667,-38.59074412863));
#6141 = CARTESIAN_POINT('',(-270.,-23.63162400093,-40.42350828923));
#6142 = CARTESIAN_POINT('',(-270.,-22.25913093283,-42.04711553792));
#6143 = CARTESIAN_POINT('',(-270.,-20.69206225249,-43.46985429341));
#6144 = CARTESIAN_POINT('',(-270.,-18.92227709326,-44.69649403623));
#6145 = CARTESIAN_POINT('',(-270.,-16.93536421067,-45.73007830088));
#6146 = CARTESIAN_POINT('',(-270.,-14.70466800353,-46.57284375956));
#6147 = CARTESIAN_POINT('',(-270.,-12.17746041556,-47.2266682065));
#6148 = CARTESIAN_POINT('',(-270.,-9.23050524337,-47.69374709288));
#6149 = CARTESIAN_POINT('',(-270.,-5.12956732679,-48.00037069069));
#6150 = CARTESIAN_POINT('',(-270.,-2.990087342317E-10,-47.99976599578));
#6151 = CARTESIAN_POINT('',(-270.,5.129567326179,-48.00037069076));
#6152 = CARTESIAN_POINT('',(-270.,9.230505243386,-47.69374709283));
#6153 = CARTESIAN_POINT('',(-270.,12.177460415515,-47.22666820663));
#6154 = CARTESIAN_POINT('',(-270.,14.704668003688,-46.57284375913));
#6155 = CARTESIAN_POINT('',(-270.,16.935364210186,-45.7300783023));
#6156 = CARTESIAN_POINT('',(-270.,18.922277094958,-44.69649403135));
#6157 = CARTESIAN_POINT('',(-270.,20.692062246473,-43.46985431077));
#6158 = CARTESIAN_POINT('',(-270.,22.259130954965,-42.04711547416));
#6159 = CARTESIAN_POINT('',(-270.,23.631623916957,-40.4235085312));
#6160 = CARTESIAN_POINT('',(-270.,24.814467245641,-38.59074318078));
#6161 = CARTESIAN_POINT('',(-270.,25.810949090861,-36.53380467534));
#6162 = CARTESIAN_POINT('',(-270.,26.623485410091,-34.22479832964));
#6163 = CARTESIAN_POINT('',(-270.,27.253937892632,-31.60895836312));
#6164 = CARTESIAN_POINT('',(-270.,27.704603095075,-28.55782404484));
#6165 = CARTESIAN_POINT('',(-270.,27.999697751584,-24.31388173828));
#6166 = CARTESIAN_POINT('',(-270.,28.002490359819,-21.04863085623));
#6167 = CARTESIAN_POINT('',(-270.,27.997509640181,-16.95136914376));
#6168 = PCURVE('',#3427,#6169);
#6169 = DEFINITIONAL_REPRESENTATION('',(#6170),#6174);
#6170 = LINE('',#6171,#6172);
#6171 = CARTESIAN_POINT('',(0.,1.));
#6172 = VECTOR('',#6173,1.);
#6173 = DIRECTION('',(1.,0.));
#6174 = ( GEOMETRIC_REPRESENTATION_CONTEXT(2) 
PARAMETRIC_REPRESENTATION_CONTEXT() REPRESENTATION_CONTEXT('2D SPACE',''
  ) );
#6175 = PCURVE('',#5111,#6176);
#6176 = DEFINITIONAL_REPRESENTATION('',(#6177),#6180);
#6177 = B_SPLINE_CURVE_WITH_KNOTS('',1,(#6178,#6179),.UNSPECIFIED.,.F.,
  .F.,(2,2),(0.,192.17183817617),.PIECEWISE_BEZIER_KNOTS.);
#6178 = CARTESIAN_POINT('',(0.,0.));
#6179 = CARTESIAN_POINT('',(249.50230702152,0.));
#6180 = ( GEOMETRIC_REPRESENTATION_CONTEXT(2) 
PARAMETRIC_REPRESENTATION_CONTEXT() REPRESENTATION_CONTEXT('2D SPACE',''
  ) );
#6181 = ORIENTED_EDGE('',*,*,#6076,.F.);
#6182 = ADVANCED_FACE('',(#6183),#5111,.F.);
#6183 = FACE_BOUND('',#6184,.F.);
#6184 = EDGE_LOOP('',(#6185,#6205,#6206,#6207));
#6185 = ORIENTED_EDGE('',*,*,#6186,.F.);
#6186 = EDGE_CURVE('',#6077,#3698,#6187,.T.);
#6187 = SEAM_CURVE('',#6188,(#6191,#6198),.PCURVE_S1.);
#6188 = B_SPLINE_CURVE_WITH_KNOTS('',1,(#6189,#6190),.UNSPECIFIED.,.F.,
  .F.,(2,2),(0.,1.),.PIECEWISE_BEZIER_KNOTS.);
#6189 = CARTESIAN_POINT('',(-270.,28.,-19.));
#6190 = CARTESIAN_POINT('',(-235.,36.,-22.));
#6191 = PCURVE('',#5111,#6192);
#6192 = DEFINITIONAL_REPRESENTATION('',(#6193),#6197);
#6193 = LINE('',#6194,#6195);
#6194 = CARTESIAN_POINT('',(0.,0.));
#6195 = VECTOR('',#6196,1.);
#6196 = DIRECTION('',(0.,1.));
#6197 = ( GEOMETRIC_REPRESENTATION_CONTEXT(2) 
PARAMETRIC_REPRESENTATION_CONTEXT() REPRESENTATION_CONTEXT('2D SPACE',''
  ) );
#6198 = PCURVE('',#5111,#6199);
#6199 = DEFINITIONAL_REPRESENTATION('',(#6200),#6204);
#6200 = LINE('',#6201,#6202);
#6201 = CARTESIAN_POINT('',(249.50230702152,0.));
#6202 = VECTOR('',#6203,1.);
#6203 = DIRECTION('',(0.,1.));
#6204 = ( GEOMETRIC_REPRESENTATION_CONTEXT(2) 
PARAMETRIC_REPRESENTATION_CONTEXT() REPRESENTATION_CONTEXT('2D SPACE',''
  ) );
#6205 = ORIENTED_EDGE('',*,*,#6098,.T.);
#6206 = ORIENTED_EDGE('',*,*,#6186,.T.);
#6207 = ORIENTED_EDGE('',*,*,#3697,.T.);
#6208 = ( GEOMETRIC_REPRESENTATION_CONTEXT(3) 
GLOBAL_UNCERTAINTY_ASSIGNED_CONTEXT((#6212)) 
GLOBAL_UNIT_ASSIGNED_CONTEXT((#6209,#6210,#6211)) REPRESENTATION_CONTEXT
('Context #1','3D Context with UNIT and UNCERTAINTY') );
#6209 = ( LENGTH_UNIT() NAMED_UNIT(*) SI_UNIT(.MILLI.,.METRE.) );
#6210 = ( NAMED_UNIT(*) PLANE_ANGLE_UNIT() SI_UNIT($,.RADIAN.) );
#6211 = ( NAMED_UNIT(*) SI_UNIT($,.STERADIAN.) SOLID_ANGLE_UNIT() );
#6212 = UNCERTAINTY_MEASURE_WITH_UNIT(LENGTH_MEASURE(1.E-06),#6209,
  'distance_accuracy_value','confusion accuracy');
#6213 = CONTEXT_DEPENDENT_SHAPE_REPRESENTATION(#6214,#6216);
#6214 = ( REPRESENTATION_RELATIONSHIP('','',#36,#10) 
REPRESENTATION_RELATIONSHIP_WITH_TRANSFORMATION(#6215) 
SHAPE_REPRESENTATION_RELATIONSHIP() );
#6215 = ITEM_DEFINED_TRANSFORMATION('','',#11,#15);
#6216 = PRODUCT_DEFINITION_SHAPE('Placement','Placement of an item',
  #6217);
#6217 = NEXT_ASSEMBLY_USAGE_OCCURRENCE('1','','',#5,#31,$);
#6218 = PRODUCT_RELATED_PRODUCT_CATEGORY('part',$,(#33));
#6219 = SHAPE_DEFINITION_REPRESENTATION(#6220,#6226);
#6220 = PRODUCT_DEFINITION_SHAPE('','',#6221);
#6221 = PRODUCT_DEFINITION('design','',#6222,#6225);
#6222 = PRODUCT_DEFINITION_FORMATION('','',#6223);
#6223 = PRODUCT('Open CASCADE STEP translator 7.9 15.2',
  'Open CASCADE STEP translator 7.9 15.2','',(#6224));
#6224 = PRODUCT_CONTEXT('',#2,'mechanical');
#6225 = PRODUCT_DEFINITION_CONTEXT('part definition',#2,'design');
#6226 = ADVANCED_BREP_SHAPE_REPRESENTATION('',(#11,#6227),#7049);
#6227 = MANIFOLD_SOLID_BREP('',#6228);
#6228 = CLOSED_SHELL('',(#6229,#6637,#6865,#7022));
#6229 = ADVANCED_FACE('',(#6230),#6244,.F.);
#6230 = FACE_BOUND('',#6231,.F.);
#6231 = EDGE_LOOP('',(#6232,#6328,#6482,#6483));
#6232 = ORIENTED_EDGE('',*,*,#6233,.T.);
#6233 = EDGE_CURVE('',#6234,#6236,#6238,.T.);
#6234 = VERTEX_POINT('',#6235);
#6235 = CARTESIAN_POINT('',(-245.,33.464285714286,-21.14285714285));
#6236 = VERTEX_POINT('',#6237);
#6237 = CARTESIAN_POINT('',(-235.,33.464285714286,-21.14285714285));
#6238 = SEAM_CURVE('',#6239,(#6243,#6321),.PCURVE_S1.);
#6239 = LINE('',#6240,#6241);
#6240 = CARTESIAN_POINT('',(-245.,33.464285714286,-21.14285714285));
#6241 = VECTOR('',#6242,1.);
#6242 = DIRECTION('',(1.,0.,0.));
#6243 = PCURVE('',#6244,#6315);
#6244 = SURFACE_OF_LINEAR_EXTRUSION('',#6245,#6313);
#6245 = B_SPLINE_CURVE_WITH_KNOTS('',3,(#6246,#6247,#6248,#6249,#6250,
    #6251,#6252,#6253,#6254,#6255,#6256,#6257,#6258,#6259,#6260,#6261,
    #6262,#6263,#6264,#6265,#6266,#6267,#6268,#6269,#6270,#6271,#6272,
    #6273,#6274,#6275,#6276,#6277,#6278,#6279,#6280,#6281,#6282,#6283,
    #6284,#6285,#6286,#6287,#6288,#6289,#6290,#6291,#6292,#6293,#6294,
    #6295,#6296,#6297,#6298,#6299,#6300,#6301,#6302,#6303,#6304,#6305,
    #6306,#6307,#6308,#6309,#6310,#6311,#6312),.UNSPECIFIED.,.T.,.F.,(1,
    1,2,1,1,1,1,1,1,1,1,1,1,1,1,1,1,1,1,1,1,1,1,1,1,1,1,1,1,1,1,1,1,1,1,
    1,1,1,1,1,1,1,1,1,1,1,1,1,1,1,1,1,1,1,1,1,1,1,1,1,1,1,1,1,1,1,2,1,1)
  ,(-11.84589626632,-7.479244991899,0.,7.479244991899,11.845896266323,
    15.475457014241,18.684914993065,21.614673472982,24.351088718117,
    26.95959831936,29.497260750454,32.018454269422,34.57809059843,
    37.234615117592,40.055088470715,43.126670084437,46.587726777486,
    50.744092762206,57.859029529661,64.973966298155,69.130332282875,
    72.591388975924,75.662970589646,78.483443942769,81.139968461931,
    83.699604790939,86.220798309906,88.758460741001,91.366970342243,
    94.103385587379,97.033144067296,100.24260204612,103.87216279403,
    108.23881406846,115.71805905949,123.19730405225,127.56395532668,
    131.1935160746,134.40297405342,137.33273253334,140.06914777847,
    142.67765737972,145.21531981081,147.73651332978,150.29614965879,
    152.95267417795,155.77314753107,158.84472914479,162.30578583784,
    166.46215182256,173.57708858946,180.69202535851,184.84839134323,
    188.30944803628,191.38102965,194.20150300312,196.85802752229,
    199.4176638513,201.93885737026,204.47651980136,207.0850294026,
    209.82144464774,212.75120312765,215.96066110648,219.59022185439,
    223.95687312882,231.43611812072,238.91536311262,243.28201438704),
  .UNSPECIFIED.);
#6246 = CARTESIAN_POINT('',(-245.,33.467346913818,-23.62817198753));
#6247 = CARTESIAN_POINT('',(-245.,33.461224514753,-18.65754229818));
#6248 = CARTESIAN_POINT('',(-245.,33.465541565538,-14.697085689));
#6249 = CARTESIAN_POINT('',(-245.,33.111012956287,-9.549164698877));
#6250 = CARTESIAN_POINT('',(-245.,32.572832194293,-5.8483354968));
#6251 = CARTESIAN_POINT('',(-245.,31.81946152957,-2.675551328119));
#6252 = CARTESIAN_POINT('',(-245.,30.848656575995,0.125049892382));
#6253 = CARTESIAN_POINT('',(-245.,29.658067582669,2.619973104162));
#6254 = CARTESIAN_POINT('',(-245.,28.244779883171,4.843122345416));
#6255 = CARTESIAN_POINT('',(-245.,26.604771353721,6.812748794233));
#6256 = CARTESIAN_POINT('',(-245.,24.732066444381,8.538889457119));
#6257 = CARTESIAN_POINT('',(-245.,22.616883767692,10.027254924268));
#6258 = CARTESIAN_POINT('',(-245.,20.242009502235,11.281442108051));
#6259 = CARTESIAN_POINT('',(-245.,17.575645547746,12.304089334606));
#6260 = CARTESIAN_POINT('',(-245.,14.554849285261,13.097440194241));
#6261 = CARTESIAN_POINT('',(-245.,11.032402935863,13.664159748572));
#6262 = CARTESIAN_POINT('',(-245.,6.130832091999,14.036162134439));
#6263 = CARTESIAN_POINT('',(-245.,1.70071480498E-10,14.035431584112));
#6264 = CARTESIAN_POINT('',(-245.,-6.130832091642,14.036162134436));
#6265 = CARTESIAN_POINT('',(-245.,-11.03240293588,13.664159748625));
#6266 = CARTESIAN_POINT('',(-245.,-14.5548492852,13.097440194086));
#6267 = CARTESIAN_POINT('',(-245.,-17.57564554792,12.304089335099));
#6268 = CARTESIAN_POINT('',(-245.,-20.24200950164,11.28144210641));
#6269 = CARTESIAN_POINT('',(-245.,-22.61688376973,10.027254929924));
#6270 = CARTESIAN_POINT('',(-245.,-24.73206643708,8.538889436947));
#6271 = CARTESIAN_POINT('',(-245.,-26.60477138061,6.812748868565));
#6272 = CARTESIAN_POINT('',(-245.,-28.24477978081,4.843122062518));
#6273 = CARTESIAN_POINT('',(-245.,-29.65806798466,2.619974215246));
#6274 = CARTESIAN_POINT('',(-245.,-30.84865494769,0.125045391853));
#6275 = CARTESIAN_POINT('',(-245.,-31.81946834093,-2.675532501868));
#6276 = CARTESIAN_POINT('',(-245.,-32.572802562,-5.848417398923));
#6277 = CARTESIAN_POINT('',(-245.,-33.11115032148,-9.548785028495));
#6278 = CARTESIAN_POINT('',(-245.,-33.46472242783,-14.6993497434));
#6279 = CARTESIAN_POINT('',(-245.,-33.4640099827,-21.14285714256));
#6280 = CARTESIAN_POINT('',(-245.,-33.46472242786,-27.58636454173));
#6281 = CARTESIAN_POINT('',(-245.,-33.11115032148,-32.73692925721));
#6282 = CARTESIAN_POINT('',(-245.,-32.572802562,-36.43729688679));
#6283 = CARTESIAN_POINT('',(-245.,-31.81946834093,-39.61018178384));
#6284 = CARTESIAN_POINT('',(-245.,-30.84865494769,-42.41075967756));
#6285 = CARTESIAN_POINT('',(-245.,-29.65806798466,-44.90568850096));
#6286 = CARTESIAN_POINT('',(-245.,-28.24477978081,-47.12883634823));
#6287 = CARTESIAN_POINT('',(-245.,-26.60477138061,-49.09846315427));
#6288 = CARTESIAN_POINT('',(-245.,-24.73206643708,-50.82460372266));
#6289 = CARTESIAN_POINT('',(-245.,-22.61688376973,-52.31296921563));
#6290 = CARTESIAN_POINT('',(-245.,-20.24200950164,-53.56715639212));
#6291 = CARTESIAN_POINT('',(-245.,-17.57564554792,-54.58980362081));
#6292 = CARTESIAN_POINT('',(-245.,-14.5548492852,-55.3831544798));
#6293 = CARTESIAN_POINT('',(-245.,-11.03240293588,-55.94987403433));
#6294 = CARTESIAN_POINT('',(-245.,-6.130832092176,-56.32187642011));
#6295 = CARTESIAN_POINT('',(-245.,-3.573389544787E-10,-56.32114586982));
#6296 = CARTESIAN_POINT('',(-245.,6.130832091446,-56.32187642019));
#6297 = CARTESIAN_POINT('',(-245.,11.032402935901,-55.94987403428));
#6298 = CARTESIAN_POINT('',(-245.,14.554849285148,-55.38315447995));
#6299 = CARTESIAN_POINT('',(-245.,17.575645548102,-54.58980362032));
#6300 = CARTESIAN_POINT('',(-245.,20.242009501048,-53.56715639376));
#6301 = CARTESIAN_POINT('',(-245.,22.616883771785,-52.31296920998));
#6302 = CARTESIAN_POINT('',(-245.,24.732066429785,-50.82460374283));
#6303 = CARTESIAN_POINT('',(-245.,26.604771407507,-49.09846307994));
#6304 = CARTESIAN_POINT('',(-245.,28.244779678465,-47.12883663113));
#6305 = CARTESIAN_POINT('',(-245.,29.658068386652,-44.90568738987));
#6306 = CARTESIAN_POINT('',(-245.,30.848653319401,-42.41076417809));
#6307 = CARTESIAN_POINT('',(-245.,31.81947515229,-39.61016295759));
#6308 = CARTESIAN_POINT('',(-245.,32.572772929721,-36.43737878891));
#6309 = CARTESIAN_POINT('',(-245.,33.11128768668,-32.73654958683));
#6310 = CARTESIAN_POINT('',(-245.,33.463903290163,-27.58862859671));
#6311 = CARTESIAN_POINT('',(-245.,33.467346913818,-23.62817198753));
#6312 = CARTESIAN_POINT('',(-245.,33.461224514753,-18.65754229818));
#6313 = VECTOR('',#6314,1.);
#6314 = DIRECTION('',(-1.,-0.,-0.));
#6315 = DEFINITIONAL_REPRESENTATION('',(#6316),#6320);
#6316 = LINE('',#6317,#6318);
#6317 = CARTESIAN_POINT('',(0.,0.));
#6318 = VECTOR('',#6319,1.);
#6319 = DIRECTION('',(0.,-1.));
#6320 = ( GEOMETRIC_REPRESENTATION_CONTEXT(2) 
PARAMETRIC_REPRESENTATION_CONTEXT() REPRESENTATION_CONTEXT('2D SPACE',''
  ) );
#6321 = PCURVE('',#6244,#6322);
#6322 = DEFINITIONAL_REPRESENTATION('',(#6323),#6327);
#6323 = LINE('',#6324,#6325);
#6324 = CARTESIAN_POINT('',(231.43611812072,0.));
#6325 = VECTOR('',#6326,1.);
#6326 = DIRECTION('',(0.,-1.));
#6327 = ( GEOMETRIC_REPRESENTATION_CONTEXT(2) 
PARAMETRIC_REPRESENTATION_CONTEXT() REPRESENTATION_CONTEXT('2D SPACE',''
  ) );
#6328 = ORIENTED_EDGE('',*,*,#6329,.T.);
#6329 = EDGE_CURVE('',#6236,#6236,#6330,.T.);
#6330 = SURFACE_CURVE('',#6331,(#6399,#6406),.PCURVE_S1.);
#6331 = B_SPLINE_CURVE_WITH_KNOTS('',3,(#6332,#6333,#6334,#6335,#6336,
    #6337,#6338,#6339,#6340,#6341,#6342,#6343,#6344,#6345,#6346,#6347,
    #6348,#6349,#6350,#6351,#6352,#6353,#6354,#6355,#6356,#6357,#6358,
    #6359,#6360,#6361,#6362,#6363,#6364,#6365,#6366,#6367,#6368,#6369,
    #6370,#6371,#6372,#6373,#6374,#6375,#6376,#6377,#6378,#6379,#6380,
    #6381,#6382,#6383,#6384,#6385,#6386,#6387,#6388,#6389,#6390,#6391,
    #6392,#6393,#6394,#6395,#6396,#6397,#6398),.UNSPECIFIED.,.T.,.F.,(1,
    1,2,1,1,1,1,1,1,1,1,1,1,1,1,1,1,1,1,1,1,1,1,1,1,1,1,1,1,1,1,1,1,1,1,
    1,1,1,1,1,1,1,1,1,1,1,1,1,1,1,1,1,1,1,1,1,1,1,1,1,1,1,1,1,1,1,2,1,1)
  ,(-11.84589626632,-7.479244991899,0.,7.479244991899,11.845896266323,
    15.475457014241,18.684914993065,21.614673472982,24.351088718117,
    26.95959831936,29.497260750454,32.018454269422,34.57809059843,
    37.234615117592,40.055088470715,43.126670084437,46.587726777486,
    50.744092762206,57.859029529661,64.973966298155,69.130332282875,
    72.591388975924,75.662970589646,78.483443942769,81.139968461931,
    83.699604790939,86.220798309906,88.758460741001,91.366970342243,
    94.103385587379,97.033144067296,100.24260204612,103.87216279403,
    108.23881406846,115.71805905949,123.19730405225,127.56395532668,
    131.1935160746,134.40297405342,137.33273253334,140.06914777847,
    142.67765737972,145.21531981081,147.73651332978,150.29614965879,
    152.95267417795,155.77314753107,158.84472914479,162.30578583784,
    166.46215182256,173.57708858946,180.69202535851,184.84839134323,
    188.30944803628,191.38102965,194.20150300312,196.85802752229,
    199.4176638513,201.93885737026,204.47651980136,207.0850294026,
    209.82144464774,212.75120312765,215.96066110648,219.59022185439,
    223.95687312882,231.43611812072,238.91536311262,243.28201438704),
  .UNSPECIFIED.);
#6332 = CARTESIAN_POINT('',(-235.,33.467346913818,-23.62817198753));
#6333 = CARTESIAN_POINT('',(-235.,33.461224514753,-18.65754229818));
#6334 = CARTESIAN_POINT('',(-235.,33.465541565538,-14.697085689));
#6335 = CARTESIAN_POINT('',(-235.,33.111012956287,-9.549164698877));
#6336 = CARTESIAN_POINT('',(-235.,32.572832194293,-5.8483354968));
#6337 = CARTESIAN_POINT('',(-235.,31.81946152957,-2.675551328119));
#6338 = CARTESIAN_POINT('',(-235.,30.848656575995,0.125049892382));
#6339 = CARTESIAN_POINT('',(-235.,29.658067582669,2.619973104162));
#6340 = CARTESIAN_POINT('',(-235.,28.244779883171,4.843122345416));
#6341 = CARTESIAN_POINT('',(-235.,26.604771353721,6.812748794233));
#6342 = CARTESIAN_POINT('',(-235.,24.732066444381,8.538889457119));
#6343 = CARTESIAN_POINT('',(-235.,22.616883767692,10.027254924268));
#6344 = CARTESIAN_POINT('',(-235.,20.242009502235,11.281442108051));
#6345 = CARTESIAN_POINT('',(-235.,17.575645547746,12.304089334606));
#6346 = CARTESIAN_POINT('',(-235.,14.554849285261,13.097440194241));
#6347 = CARTESIAN_POINT('',(-235.,11.032402935863,13.664159748572));
#6348 = CARTESIAN_POINT('',(-235.,6.130832091999,14.036162134439));
#6349 = CARTESIAN_POINT('',(-235.,1.70071480498E-10,14.035431584112));
#6350 = CARTESIAN_POINT('',(-235.,-6.130832091642,14.036162134436));
#6351 = CARTESIAN_POINT('',(-235.,-11.03240293588,13.664159748625));
#6352 = CARTESIAN_POINT('',(-235.,-14.5548492852,13.097440194086));
#6353 = CARTESIAN_POINT('',(-235.,-17.57564554792,12.304089335099));
#6354 = CARTESIAN_POINT('',(-235.,-20.24200950164,11.28144210641));
#6355 = CARTESIAN_POINT('',(-235.,-22.61688376973,10.027254929924));
#6356 = CARTESIAN_POINT('',(-235.,-24.73206643708,8.538889436947));
#6357 = CARTESIAN_POINT('',(-235.,-26.60477138061,6.812748868565));
#6358 = CARTESIAN_POINT('',(-235.,-28.24477978081,4.843122062518));
#6359 = CARTESIAN_POINT('',(-235.,-29.65806798466,2.619974215246));
#6360 = CARTESIAN_POINT('',(-235.,-30.84865494769,0.125045391853));
#6361 = CARTESIAN_POINT('',(-235.,-31.81946834093,-2.675532501868));
#6362 = CARTESIAN_POINT('',(-235.,-32.572802562,-5.848417398923));
#6363 = CARTESIAN_POINT('',(-235.,-33.11115032148,-9.548785028495));
#6364 = CARTESIAN_POINT('',(-235.,-33.46472242783,-14.6993497434));
#6365 = CARTESIAN_POINT('',(-235.,-33.4640099827,-21.14285714256));
#6366 = CARTESIAN_POINT('',(-235.,-33.46472242786,-27.58636454173));
#6367 = CARTESIAN_POINT('',(-235.,-33.11115032148,-32.73692925721));
#6368 = CARTESIAN_POINT('',(-235.,-32.572802562,-36.43729688679));
#6369 = CARTESIAN_POINT('',(-235.,-31.81946834093,-39.61018178384));
#6370 = CARTESIAN_POINT('',(-235.,-30.84865494769,-42.41075967756));
#6371 = CARTESIAN_POINT('',(-235.,-29.65806798466,-44.90568850096));
#6372 = CARTESIAN_POINT('',(-235.,-28.24477978081,-47.12883634823));
#6373 = CARTESIAN_POINT('',(-235.,-26.60477138061,-49.09846315427));
#6374 = CARTESIAN_POINT('',(-235.,-24.73206643708,-50.82460372266));
#6375 = CARTESIAN_POINT('',(-235.,-22.61688376973,-52.31296921563));
#6376 = CARTESIAN_POINT('',(-235.,-20.24200950164,-53.56715639212));
#6377 = CARTESIAN_POINT('',(-235.,-17.57564554792,-54.58980362081));
#6378 = CARTESIAN_POINT('',(-235.,-14.5548492852,-55.3831544798));
#6379 = CARTESIAN_POINT('',(-235.,-11.03240293588,-55.94987403433));
#6380 = CARTESIAN_POINT('',(-235.,-6.130832092176,-56.32187642011));
#6381 = CARTESIAN_POINT('',(-235.,-3.573389544787E-10,-56.32114586982));
#6382 = CARTESIAN_POINT('',(-235.,6.130832091446,-56.32187642019));
#6383 = CARTESIAN_POINT('',(-235.,11.032402935901,-55.94987403428));
#6384 = CARTESIAN_POINT('',(-235.,14.554849285148,-55.38315447995));
#6385 = CARTESIAN_POINT('',(-235.,17.575645548102,-54.58980362032));
#6386 = CARTESIAN_POINT('',(-235.,20.242009501048,-53.56715639376));
#6387 = CARTESIAN_POINT('',(-235.,22.616883771785,-52.31296920998));
#6388 = CARTESIAN_POINT('',(-235.,24.732066429785,-50.82460374283));
#6389 = CARTESIAN_POINT('',(-235.,26.604771407507,-49.09846307994));
#6390 = CARTESIAN_POINT('',(-235.,28.244779678465,-47.12883663113));
#6391 = CARTESIAN_POINT('',(-235.,29.658068386652,-44.90568738987));
#6392 = CARTESIAN_POINT('',(-235.,30.848653319401,-42.41076417809));
#6393 = CARTESIAN_POINT('',(-235.,31.81947515229,-39.61016295759));
#6394 = CARTESIAN_POINT('',(-235.,32.572772929721,-36.43737878891));
#6395 = CARTESIAN_POINT('',(-235.,33.11128768668,-32.73654958683));
#6396 = CARTESIAN_POINT('',(-235.,33.463903290163,-27.58862859671));
#6397 = CARTESIAN_POINT('',(-235.,33.467346913818,-23.62817198753));
#6398 = CARTESIAN_POINT('',(-235.,33.461224514753,-18.65754229818));
#6399 = PCURVE('',#6244,#6400);
#6400 = DEFINITIONAL_REPRESENTATION('',(#6401),#6405);
#6401 = LINE('',#6402,#6403);
#6402 = CARTESIAN_POINT('',(0.,-10.));
#6403 = VECTOR('',#6404,1.);
#6404 = DIRECTION('',(1.,0.));
#6405 = ( GEOMETRIC_REPRESENTATION_CONTEXT(2) 
PARAMETRIC_REPRESENTATION_CONTEXT() REPRESENTATION_CONTEXT('2D SPACE',''
  ) );
#6406 = PCURVE('',#6407,#6412);
#6407 = PLANE('',#6408);
#6408 = AXIS2_PLACEMENT_3D('',#6409,#6410,#6411);
#6409 = CARTESIAN_POINT('',(-235.,-1.134282383336E-06,-21.14285828136));
#6410 = DIRECTION('',(1.,0.,0.));
#6411 = DIRECTION('',(-0.,0.,1.));
#6412 = DEFINITIONAL_REPRESENTATION('',(#6413),#6481);
#6413 = B_SPLINE_CURVE_WITH_KNOTS('',3,(#6414,#6415,#6416,#6417,#6418,
    #6419,#6420,#6421,#6422,#6423,#6424,#6425,#6426,#6427,#6428,#6429,
    #6430,#6431,#6432,#6433,#6434,#6435,#6436,#6437,#6438,#6439,#6440,
    #6441,#6442,#6443,#6444,#6445,#6446,#6447,#6448,#6449,#6450,#6451,
    #6452,#6453,#6454,#6455,#6456,#6457,#6458,#6459,#6460,#6461,#6462,
    #6463,#6464,#6465,#6466,#6467,#6468,#6469,#6470,#6471,#6472,#6473,
    #6474,#6475,#6476,#6477,#6478,#6479,#6480),.UNSPECIFIED.,.F.,.F.,(1,
    1,2,1,1,1,1,1,1,1,1,1,1,1,1,1,1,1,1,1,1,1,1,1,1,1,1,1,1,1,1,1,1,1,1,
    1,1,1,1,1,1,1,1,1,1,1,1,1,1,1,1,1,1,1,1,1,1,1,1,1,1,1,1,1,1,1,2,1,1)
  ,(-11.84589626632,-7.479244991899,0.,7.479244991899,11.845896266323,
    15.475457014241,18.684914993065,21.614673472982,24.351088718117,
    26.95959831936,29.497260750454,32.018454269422,34.57809059843,
    37.234615117592,40.055088470715,43.126670084437,46.587726777486,
    50.744092762206,57.859029529661,64.973966298155,69.130332282875,
    72.591388975924,75.662970589646,78.483443942769,81.139968461931,
    83.699604790939,86.220798309906,88.758460741001,91.366970342243,
    94.103385587379,97.033144067296,100.24260204612,103.87216279403,
    108.23881406846,115.71805905949,123.19730405225,127.56395532668,
    131.1935160746,134.40297405342,137.33273253334,140.06914777847,
    142.67765737972,145.21531981081,147.73651332978,150.29614965879,
    152.95267417795,155.77314753107,158.84472914479,162.30578583784,
    166.46215182256,173.57708858946,180.69202535851,184.84839134323,
    188.30944803628,191.38102965,194.20150300312,196.85802752229,
    199.4176638513,201.93885737026,204.47651980136,207.0850294026,
    209.82144464774,212.75120312765,215.96066110648,219.59022185439,
    223.95687312882,231.43611812072,238.91536311262,243.28201438704),
  .UNSPECIFIED.);
#6414 = CARTESIAN_POINT('',(-2.485313706166,-33.4673480481));
#6415 = CARTESIAN_POINT('',(2.485315983183,-33.46122564903));
#6416 = CARTESIAN_POINT('',(6.445772592366,-33.46554269982));
#6417 = CARTESIAN_POINT('',(11.593693582489,-33.11101409056));
#6418 = CARTESIAN_POINT('',(15.294522784566,-32.57283332857));
#6419 = CARTESIAN_POINT('',(18.467306953246,-31.81946266385));
#6420 = CARTESIAN_POINT('',(21.267908173748,-30.84865771027));
#6421 = CARTESIAN_POINT('',(23.762831385528,-29.65806871695));
#6422 = CARTESIAN_POINT('',(25.985980626782,-28.24478101745));
#6423 = CARTESIAN_POINT('',(27.955607075599,-26.604772488));
#6424 = CARTESIAN_POINT('',(29.681747738484,-24.73206757866));
#6425 = CARTESIAN_POINT('',(31.170113205633,-22.61688490197));
#6426 = CARTESIAN_POINT('',(32.424300389416,-20.24201063651));
#6427 = CARTESIAN_POINT('',(33.446947615971,-17.57564668202));
#6428 = CARTESIAN_POINT('',(34.240298475607,-14.55485041954));
#6429 = CARTESIAN_POINT('',(34.807018029937,-11.03240407014));
#6430 = CARTESIAN_POINT('',(35.179020415804,-6.130833226281));
#6431 = CARTESIAN_POINT('',(35.178289865477,-1.134452454817E-06));
#6432 = CARTESIAN_POINT('',(35.179020415802,6.13083095736));
#6433 = CARTESIAN_POINT('',(34.80701802999,11.0324018016));
#6434 = CARTESIAN_POINT('',(34.240298475451,14.554848150922));
#6435 = CARTESIAN_POINT('',(33.446947616465,17.575644413642));
#6436 = CARTESIAN_POINT('',(32.424300387776,20.242008367359));
#6437 = CARTESIAN_POINT('',(31.17011321129,22.616882635456));
#6438 = CARTESIAN_POINT('',(29.681747718313,24.732065302801));
#6439 = CARTESIAN_POINT('',(27.95560714993,26.604770246332));
#6440 = CARTESIAN_POINT('',(25.985980343884,28.244778646535));
#6441 = CARTESIAN_POINT('',(23.762832496612,29.658066850378));
#6442 = CARTESIAN_POINT('',(21.267903673219,30.848653813416));
#6443 = CARTESIAN_POINT('',(18.467325779497,31.819467206647));
#6444 = CARTESIAN_POINT('',(15.294440882442,32.572801427725));
#6445 = CARTESIAN_POINT('',(11.59407325287,33.111149187201));
#6446 = CARTESIAN_POINT('',(6.443508537964,33.46472129355));
#6447 = CARTESIAN_POINT('',(1.138797632194E-06,33.46400884842));
#6448 = CARTESIAN_POINT('',(-6.44350626037,33.464721293586));
#6449 = CARTESIAN_POINT('',(-11.59407097585,33.111149187201));
#6450 = CARTESIAN_POINT('',(-15.29443860542,32.572801427725));
#6451 = CARTESIAN_POINT('',(-18.46732350248,31.819467206647));
#6452 = CARTESIAN_POINT('',(-21.2679013962,30.848653813416));
#6453 = CARTESIAN_POINT('',(-23.76283021959,29.658066850378));
#6454 = CARTESIAN_POINT('',(-25.98597806686,28.244778646535));
#6455 = CARTESIAN_POINT('',(-27.95560487291,26.604770246332));
#6456 = CARTESIAN_POINT('',(-29.68174544129,24.732065302801));
#6457 = CARTESIAN_POINT('',(-31.17011093427,22.616882635456));
#6458 = CARTESIAN_POINT('',(-32.42429811075,20.242008367359));
#6459 = CARTESIAN_POINT('',(-33.44694533944,17.575644413642));
#6460 = CARTESIAN_POINT('',(-34.24029619843,14.554848150922));
#6461 = CARTESIAN_POINT('',(-34.80701575297,11.0324018016));
#6462 = CARTESIAN_POINT('',(-35.17901813874,6.130830957894));
#6463 = CARTESIAN_POINT('',(-35.17828758846,-1.133925044382E-06));
#6464 = CARTESIAN_POINT('',(-35.17901813882,-6.130833225728));
#6465 = CARTESIAN_POINT('',(-34.80701575292,-11.03240407018));
#6466 = CARTESIAN_POINT('',(-34.24029619859,-14.55485041943));
#6467 = CARTESIAN_POINT('',(-33.44694533895,-17.57564668238));
#6468 = CARTESIAN_POINT('',(-32.4242981124,-20.24201063533));
#6469 = CARTESIAN_POINT('',(-31.17011092861,-22.61688490606));
#6470 = CARTESIAN_POINT('',(-29.68174546146,-24.73206756406));
#6471 = CARTESIAN_POINT('',(-27.95560479858,-26.60477254179));
#6472 = CARTESIAN_POINT('',(-25.98597834976,-28.24478081274));
#6473 = CARTESIAN_POINT('',(-23.76282910851,-29.65806952093));
#6474 = CARTESIAN_POINT('',(-21.26790589673,-30.84865445368));
#6475 = CARTESIAN_POINT('',(-18.46730467622,-31.81947628657));
#6476 = CARTESIAN_POINT('',(-15.29452050754,-32.572774064));
#6477 = CARTESIAN_POINT('',(-11.59369130547,-33.11128882096));
#6478 = CARTESIAN_POINT('',(-6.445770315349,-33.46390442444));
#6479 = CARTESIAN_POINT('',(-2.485313706166,-33.4673480481));
#6480 = CARTESIAN_POINT('',(2.485315983183,-33.46122564903));
#6481 = ( GEOMETRIC_REPRESENTATION_CONTEXT(2) 
PARAMETRIC_REPRESENTATION_CONTEXT() REPRESENTATION_CONTEXT('2D SPACE',''
  ) );
#6482 = ORIENTED_EDGE('',*,*,#6233,.F.);
#6483 = ORIENTED_EDGE('',*,*,#6484,.F.);
#6484 = EDGE_CURVE('',#6234,#6234,#6485,.T.);
#6485 = SURFACE_CURVE('',#6486,(#6554,#6561),.PCURVE_S1.);
#6486 = B_SPLINE_CURVE_WITH_KNOTS('',3,(#6487,#6488,#6489,#6490,#6491,
    #6492,#6493,#6494,#6495,#6496,#6497,#6498,#6499,#6500,#6501,#6502,
    #6503,#6504,#6505,#6506,#6507,#6508,#6509,#6510,#6511,#6512,#6513,
    #6514,#6515,#6516,#6517,#6518,#6519,#6520,#6521,#6522,#6523,#6524,
    #6525,#6526,#6527,#6528,#6529,#6530,#6531,#6532,#6533,#6534,#6535,
    #6536,#6537,#6538,#6539,#6540,#6541,#6542,#6543,#6544,#6545,#6546,
    #6547,#6548,#6549,#6550,#6551,#6552,#6553),.UNSPECIFIED.,.T.,.F.,(1,
    1,2,1,1,1,1,1,1,1,1,1,1,1,1,1,1,1,1,1,1,1,1,1,1,1,1,1,1,1,1,1,1,1,1,
    1,1,1,1,1,1,1,1,1,1,1,1,1,1,1,1,1,1,1,1,1,1,1,1,1,1,1,1,1,1,1,2,1,1)
  ,(-11.84589626632,-7.479244991899,0.,7.479244991899,11.845896266323,
    15.475457014241,18.684914993065,21.614673472982,24.351088718117,
    26.95959831936,29.497260750454,32.018454269422,34.57809059843,
    37.234615117592,40.055088470715,43.126670084437,46.587726777486,
    50.744092762206,57.859029529661,64.973966298155,69.130332282875,
    72.591388975924,75.662970589646,78.483443942769,81.139968461931,
    83.699604790939,86.220798309906,88.758460741001,91.366970342243,
    94.103385587379,97.033144067296,100.24260204612,103.87216279403,
    108.23881406846,115.71805905949,123.19730405225,127.56395532668,
    131.1935160746,134.40297405342,137.33273253334,140.06914777847,
    142.67765737972,145.21531981081,147.73651332978,150.29614965879,
    152.95267417795,155.77314753107,158.84472914479,162.30578583784,
    166.46215182256,173.57708858946,180.69202535851,184.84839134323,
    188.30944803628,191.38102965,194.20150300312,196.85802752229,
    199.4176638513,201.93885737026,204.47651980136,207.0850294026,
    209.82144464774,212.75120312765,215.96066110648,219.59022185439,
    223.95687312882,231.43611812072,238.91536311262,243.28201438704),
  .UNSPECIFIED.);
#6487 = CARTESIAN_POINT('',(-245.,33.467346913818,-23.62817198753));
#6488 = CARTESIAN_POINT('',(-245.,33.461224514753,-18.65754229818));
#6489 = CARTESIAN_POINT('',(-245.,33.465541565538,-14.697085689));
#6490 = CARTESIAN_POINT('',(-245.,33.111012956287,-9.549164698877));
#6491 = CARTESIAN_POINT('',(-245.,32.572832194293,-5.8483354968));
#6492 = CARTESIAN_POINT('',(-245.,31.81946152957,-2.675551328119));
#6493 = CARTESIAN_POINT('',(-245.,30.848656575995,0.125049892382));
#6494 = CARTESIAN_POINT('',(-245.,29.658067582669,2.619973104162));
#6495 = CARTESIAN_POINT('',(-245.,28.244779883171,4.843122345416));
#6496 = CARTESIAN_POINT('',(-245.,26.604771353721,6.812748794233));
#6497 = CARTESIAN_POINT('',(-245.,24.732066444381,8.538889457119));
#6498 = CARTESIAN_POINT('',(-245.,22.616883767692,10.027254924268));
#6499 = CARTESIAN_POINT('',(-245.,20.242009502235,11.281442108051));
#6500 = CARTESIAN_POINT('',(-245.,17.575645547746,12.304089334606));
#6501 = CARTESIAN_POINT('',(-245.,14.554849285261,13.097440194241));
#6502 = CARTESIAN_POINT('',(-245.,11.032402935863,13.664159748572));
#6503 = CARTESIAN_POINT('',(-245.,6.130832091999,14.036162134439));
#6504 = CARTESIAN_POINT('',(-245.,1.70071480498E-10,14.035431584112));
#6505 = CARTESIAN_POINT('',(-245.,-6.130832091642,14.036162134436));
#6506 = CARTESIAN_POINT('',(-245.,-11.03240293588,13.664159748625));
#6507 = CARTESIAN_POINT('',(-245.,-14.5548492852,13.097440194086));
#6508 = CARTESIAN_POINT('',(-245.,-17.57564554792,12.304089335099));
#6509 = CARTESIAN_POINT('',(-245.,-20.24200950164,11.28144210641));
#6510 = CARTESIAN_POINT('',(-245.,-22.61688376973,10.027254929924));
#6511 = CARTESIAN_POINT('',(-245.,-24.73206643708,8.538889436947));
#6512 = CARTESIAN_POINT('',(-245.,-26.60477138061,6.812748868565));
#6513 = CARTESIAN_POINT('',(-245.,-28.24477978081,4.843122062518));
#6514 = CARTESIAN_POINT('',(-245.,-29.65806798466,2.619974215246));
#6515 = CARTESIAN_POINT('',(-245.,-30.84865494769,0.125045391853));
#6516 = CARTESIAN_POINT('',(-245.,-31.81946834093,-2.675532501868));
#6517 = CARTESIAN_POINT('',(-245.,-32.572802562,-5.848417398923));
#6518 = CARTESIAN_POINT('',(-245.,-33.11115032148,-9.548785028495));
#6519 = CARTESIAN_POINT('',(-245.,-33.46472242783,-14.6993497434));
#6520 = CARTESIAN_POINT('',(-245.,-33.4640099827,-21.14285714256));
#6521 = CARTESIAN_POINT('',(-245.,-33.46472242786,-27.58636454173));
#6522 = CARTESIAN_POINT('',(-245.,-33.11115032148,-32.73692925721));
#6523 = CARTESIAN_POINT('',(-245.,-32.572802562,-36.43729688679));
#6524 = CARTESIAN_POINT('',(-245.,-31.81946834093,-39.61018178384));
#6525 = CARTESIAN_POINT('',(-245.,-30.84865494769,-42.41075967756));
#6526 = CARTESIAN_POINT('',(-245.,-29.65806798466,-44.90568850096));
#6527 = CARTESIAN_POINT('',(-245.,-28.24477978081,-47.12883634823));
#6528 = CARTESIAN_POINT('',(-245.,-26.60477138061,-49.09846315427));
#6529 = CARTESIAN_POINT('',(-245.,-24.73206643708,-50.82460372266));
#6530 = CARTESIAN_POINT('',(-245.,-22.61688376973,-52.31296921563));
#6531 = CARTESIAN_POINT('',(-245.,-20.24200950164,-53.56715639212));
#6532 = CARTESIAN_POINT('',(-245.,-17.57564554792,-54.58980362081));
#6533 = CARTESIAN_POINT('',(-245.,-14.5548492852,-55.3831544798));
#6534 = CARTESIAN_POINT('',(-245.,-11.03240293588,-55.94987403433));
#6535 = CARTESIAN_POINT('',(-245.,-6.130832092176,-56.32187642011));
#6536 = CARTESIAN_POINT('',(-245.,-3.573389544787E-10,-56.32114586982));
#6537 = CARTESIAN_POINT('',(-245.,6.130832091446,-56.32187642019));
#6538 = CARTESIAN_POINT('',(-245.,11.032402935901,-55.94987403428));
#6539 = CARTESIAN_POINT('',(-245.,14.554849285148,-55.38315447995));
#6540 = CARTESIAN_POINT('',(-245.,17.575645548102,-54.58980362032));
#6541 = CARTESIAN_POINT('',(-245.,20.242009501048,-53.56715639376));
#6542 = CARTESIAN_POINT('',(-245.,22.616883771785,-52.31296920998));
#6543 = CARTESIAN_POINT('',(-245.,24.732066429785,-50.82460374283));
#6544 = CARTESIAN_POINT('',(-245.,26.604771407507,-49.09846307994));
#6545 = CARTESIAN_POINT('',(-245.,28.244779678465,-47.12883663113));
#6546 = CARTESIAN_POINT('',(-245.,29.658068386652,-44.90568738987));
#6547 = CARTESIAN_POINT('',(-245.,30.848653319401,-42.41076417809));
#6548 = CARTESIAN_POINT('',(-245.,31.81947515229,-39.61016295759));
#6549 = CARTESIAN_POINT('',(-245.,32.572772929721,-36.43737878891));
#6550 = CARTESIAN_POINT('',(-245.,33.11128768668,-32.73654958683));
#6551 = CARTESIAN_POINT('',(-245.,33.463903290163,-27.58862859671));
#6552 = CARTESIAN_POINT('',(-245.,33.467346913818,-23.62817198753));
#6553 = CARTESIAN_POINT('',(-245.,33.461224514753,-18.65754229818));
#6554 = PCURVE('',#6244,#6555);
#6555 = DEFINITIONAL_REPRESENTATION('',(#6556),#6560);
#6556 = LINE('',#6557,#6558);
#6557 = CARTESIAN_POINT('',(0.,0.));
#6558 = VECTOR('',#6559,1.);
#6559 = DIRECTION('',(1.,0.));
#6560 = ( GEOMETRIC_REPRESENTATION_CONTEXT(2) 
PARAMETRIC_REPRESENTATION_CONTEXT() REPRESENTATION_CONTEXT('2D SPACE',''
  ) );
#6561 = PCURVE('',#6562,#6567);
#6562 = PLANE('',#6563);
#6563 = AXIS2_PLACEMENT_3D('',#6564,#6565,#6566);
#6564 = CARTESIAN_POINT('',(-245.,-1.134282383336E-06,-21.14285828136));
#6565 = DIRECTION('',(1.,0.,0.));
#6566 = DIRECTION('',(-0.,0.,1.));
#6567 = DEFINITIONAL_REPRESENTATION('',(#6568),#6636);
#6568 = B_SPLINE_CURVE_WITH_KNOTS('',3,(#6569,#6570,#6571,#6572,#6573,
    #6574,#6575,#6576,#6577,#6578,#6579,#6580,#6581,#6582,#6583,#6584,
    #6585,#6586,#6587,#6588,#6589,#6590,#6591,#6592,#6593,#6594,#6595,
    #6596,#6597,#6598,#6599,#6600,#6601,#6602,#6603,#6604,#6605,#6606,
    #6607,#6608,#6609,#6610,#6611,#6612,#6613,#6614,#6615,#6616,#6617,
    #6618,#6619,#6620,#6621,#6622,#6623,#6624,#6625,#6626,#6627,#6628,
    #6629,#6630,#6631,#6632,#6633,#6634,#6635),.UNSPECIFIED.,.F.,.F.,(1,
    1,2,1,1,1,1,1,1,1,1,1,1,1,1,1,1,1,1,1,1,1,1,1,1,1,1,1,1,1,1,1,1,1,1,
    1,1,1,1,1,1,1,1,1,1,1,1,1,1,1,1,1,1,1,1,1,1,1,1,1,1,1,1,1,1,1,2,1,1)
  ,(-11.84589626632,-7.479244991899,0.,7.479244991899,11.845896266323,
    15.475457014241,18.684914993065,21.614673472982,24.351088718117,
    26.95959831936,29.497260750454,32.018454269422,34.57809059843,
    37.234615117592,40.055088470715,43.126670084437,46.587726777486,
    50.744092762206,57.859029529661,64.973966298155,69.130332282875,
    72.591388975924,75.662970589646,78.483443942769,81.139968461931,
    83.699604790939,86.220798309906,88.758460741001,91.366970342243,
    94.103385587379,97.033144067296,100.24260204612,103.87216279403,
    108.23881406846,115.71805905949,123.19730405225,127.56395532668,
    131.1935160746,134.40297405342,137.33273253334,140.06914777847,
    142.67765737972,145.21531981081,147.73651332978,150.29614965879,
    152.95267417795,155.77314753107,158.84472914479,162.30578583784,
    166.46215182256,173.57708858946,180.69202535851,184.84839134323,
    188.30944803628,191.38102965,194.20150300312,196.85802752229,
    199.4176638513,201.93885737026,204.47651980136,207.0850294026,
    209.82144464774,212.75120312765,215.96066110648,219.59022185439,
    223.95687312882,231.43611812072,238.91536311262,243.28201438704),
  .UNSPECIFIED.);
#6569 = CARTESIAN_POINT('',(-2.485313706166,-33.4673480481));
#6570 = CARTESIAN_POINT('',(2.485315983183,-33.46122564903));
#6571 = CARTESIAN_POINT('',(6.445772592366,-33.46554269982));
#6572 = CARTESIAN_POINT('',(11.593693582489,-33.11101409056));
#6573 = CARTESIAN_POINT('',(15.294522784566,-32.57283332857));
#6574 = CARTESIAN_POINT('',(18.467306953246,-31.81946266385));
#6575 = CARTESIAN_POINT('',(21.267908173748,-30.84865771027));
#6576 = CARTESIAN_POINT('',(23.762831385528,-29.65806871695));
#6577 = CARTESIAN_POINT('',(25.985980626782,-28.24478101745));
#6578 = CARTESIAN_POINT('',(27.955607075599,-26.604772488));
#6579 = CARTESIAN_POINT('',(29.681747738484,-24.73206757866));
#6580 = CARTESIAN_POINT('',(31.170113205633,-22.61688490197));
#6581 = CARTESIAN_POINT('',(32.424300389416,-20.24201063651));
#6582 = CARTESIAN_POINT('',(33.446947615971,-17.57564668202));
#6583 = CARTESIAN_POINT('',(34.240298475607,-14.55485041954));
#6584 = CARTESIAN_POINT('',(34.807018029937,-11.03240407014));
#6585 = CARTESIAN_POINT('',(35.179020415804,-6.130833226281));
#6586 = CARTESIAN_POINT('',(35.178289865477,-1.134452454817E-06));
#6587 = CARTESIAN_POINT('',(35.179020415802,6.13083095736));
#6588 = CARTESIAN_POINT('',(34.80701802999,11.0324018016));
#6589 = CARTESIAN_POINT('',(34.240298475451,14.554848150922));
#6590 = CARTESIAN_POINT('',(33.446947616465,17.575644413642));
#6591 = CARTESIAN_POINT('',(32.424300387776,20.242008367359));
#6592 = CARTESIAN_POINT('',(31.17011321129,22.616882635456));
#6593 = CARTESIAN_POINT('',(29.681747718313,24.732065302801));
#6594 = CARTESIAN_POINT('',(27.95560714993,26.604770246332));
#6595 = CARTESIAN_POINT('',(25.985980343884,28.244778646535));
#6596 = CARTESIAN_POINT('',(23.762832496612,29.658066850378));
#6597 = CARTESIAN_POINT('',(21.267903673219,30.848653813416));
#6598 = CARTESIAN_POINT('',(18.467325779497,31.819467206647));
#6599 = CARTESIAN_POINT('',(15.294440882442,32.572801427725));
#6600 = CARTESIAN_POINT('',(11.59407325287,33.111149187201));
#6601 = CARTESIAN_POINT('',(6.443508537964,33.46472129355));
#6602 = CARTESIAN_POINT('',(1.138797632194E-06,33.46400884842));
#6603 = CARTESIAN_POINT('',(-6.44350626037,33.464721293586));
#6604 = CARTESIAN_POINT('',(-11.59407097585,33.111149187201));
#6605 = CARTESIAN_POINT('',(-15.29443860542,32.572801427725));
#6606 = CARTESIAN_POINT('',(-18.46732350248,31.819467206647));
#6607 = CARTESIAN_POINT('',(-21.2679013962,30.848653813416));
#6608 = CARTESIAN_POINT('',(-23.76283021959,29.658066850378));
#6609 = CARTESIAN_POINT('',(-25.98597806686,28.244778646535));
#6610 = CARTESIAN_POINT('',(-27.95560487291,26.604770246332));
#6611 = CARTESIAN_POINT('',(-29.68174544129,24.732065302801));
#6612 = CARTESIAN_POINT('',(-31.17011093427,22.616882635456));
#6613 = CARTESIAN_POINT('',(-32.42429811075,20.242008367359));
#6614 = CARTESIAN_POINT('',(-33.44694533944,17.575644413642));
#6615 = CARTESIAN_POINT('',(-34.24029619843,14.554848150922));
#6616 = CARTESIAN_POINT('',(-34.80701575297,11.0324018016));
#6617 = CARTESIAN_POINT('',(-35.17901813874,6.130830957894));
#6618 = CARTESIAN_POINT('',(-35.17828758846,-1.133925044382E-06));
#6619 = CARTESIAN_POINT('',(-35.17901813882,-6.130833225728));
#6620 = CARTESIAN_POINT('',(-34.80701575292,-11.03240407018));
#6621 = CARTESIAN_POINT('',(-34.24029619859,-14.55485041943));
#6622 = CARTESIAN_POINT('',(-33.44694533895,-17.57564668238));
#6623 = CARTESIAN_POINT('',(-32.4242981124,-20.24201063533));
#6624 = CARTESIAN_POINT('',(-31.17011092861,-22.61688490606));
#6625 = CARTESIAN_POINT('',(-29.68174546146,-24.73206756406));
#6626 = CARTESIAN_POINT('',(-27.95560479858,-26.60477254179));
#6627 = CARTESIAN_POINT('',(-25.98597834976,-28.24478081274));
#6628 = CARTESIAN_POINT('',(-23.76282910851,-29.65806952093));
#6629 = CARTESIAN_POINT('',(-21.26790589673,-30.84865445368));
#6630 = CARTESIAN_POINT('',(-18.46730467622,-31.81947628657));
#6631 = CARTESIAN_POINT('',(-15.29452050754,-32.572774064));
#6632 = CARTESIAN_POINT('',(-11.59369130547,-33.11128882096));
#6633 = CARTESIAN_POINT('',(-6.445770315349,-33.46390442444));
#6634 = CARTESIAN_POINT('',(-2.485313706166,-33.4673480481));
#6635 = CARTESIAN_POINT('',(2.485315983183,-33.46122564903));
#6636 = ( GEOMETRIC_REPRESENTATION_CONTEXT(2) 
PARAMETRIC_REPRESENTATION_CONTEXT() REPRESENTATION_CONTEXT('2D SPACE',''
  ) );
#6637 = ADVANCED_FACE('',(#6638,#6641),#6562,.F.);
#6638 = FACE_BOUND('',#6639,.F.);
#6639 = EDGE_LOOP('',(#6640));
#6640 = ORIENTED_EDGE('',*,*,#6484,.T.);
#6641 = FACE_BOUND('',#6642,.F.);
#6642 = EDGE_LOOP('',(#6643));
#6643 = ORIENTED_EDGE('',*,*,#6644,.F.);
#6644 = EDGE_CURVE('',#6645,#6645,#6647,.T.);
#6645 = VERTEX_POINT('',#6646);
#6646 = CARTESIAN_POINT('',(-245.,32.264285714286,-21.14285714285));
#6647 = SURFACE_CURVE('',#6648,(#6716,#6787),.PCURVE_S1.);
#6648 = B_SPLINE_CURVE_WITH_KNOTS('',3,(#6649,#6650,#6651,#6652,#6653,
    #6654,#6655,#6656,#6657,#6658,#6659,#6660,#6661,#6662,#6663,#6664,
    #6665,#6666,#6667,#6668,#6669,#6670,#6671,#6672,#6673,#6674,#6675,
    #6676,#6677,#6678,#6679,#6680,#6681,#6682,#6683,#6684,#6685,#6686,
    #6687,#6688,#6689,#6690,#6691,#6692,#6693,#6694,#6695,#6696,#6697,
    #6698,#6699,#6700,#6701,#6702,#6703,#6704,#6705,#6706,#6707,#6708,
    #6709,#6710,#6711,#6712,#6713,#6714,#6715),.UNSPECIFIED.,.T.,.F.,(1,
    1,2,1,1,1,1,1,1,1,1,1,1,1,1,1,1,1,1,1,1,1,1,1,1,1,1,1,1,1,1,1,1,1,1,
    1,1,1,1,1,1,1,1,1,1,1,1,1,1,1,1,1,1,1,1,1,1,1,1,1,1,1,1,1,1,1,2,1,1)
  ,(-11.44176860814,-7.224112718337,0.,7.224112718337,11.441768608141,
    14.947379929247,18.047049589032,20.876310054659,23.518485251776,
    26.036695049554,28.485974607429,30.918785625386,33.388123113563,
    35.950408775494,38.670385172229,41.632179188223,44.969286820889,
    48.976657537041,55.836462038615,62.696266541193,66.703637257344,
    70.040744890011,73.002538906004,75.722515302739,78.28480096467,
    80.754138452847,83.186949470804,85.63622902868,88.154438826457,
    90.796614023574,93.625874489201,96.725544148986,100.23115547009,
    104.44881135989,111.67292407739,118.89703679657,123.11469268637,
    126.62030400748,129.71997366726,132.54923413289,135.19140933,
    137.70961912778,140.15889868566,142.59170970361,145.06104719179,
    147.62333285372,150.34330925046,153.30510326645,156.64221089912,
    160.64958161527,167.5093861163,174.36919061942,178.37656133557,
    181.71366896824,184.67546298423,187.39543938097,189.9577250429,
    192.42706253108,194.85987354903,197.30915310691,199.82736290469,
    202.4695381018,205.29879856743,208.39846822721,211.90407954832,
    216.12173543813,223.34584815646,230.5699608748,234.7876167646),
  .UNSPECIFIED.);
#6649 = CARTESIAN_POINT('',(-245.,32.267246948529,-23.54341860835));
#6650 = CARTESIAN_POINT('',(-245.,32.261324480043,-18.74229567735));
#6651 = CARTESIAN_POINT('',(-245.,32.265499317758,-14.91699126851));
#6652 = CARTESIAN_POINT('',(-245.,31.923685509574,-9.944698900795));
#6653 = CARTESIAN_POINT('',(-245.,31.404815952637,-6.370153157428));
#6654 = CARTESIAN_POINT('',(-245.,30.678482226678,-3.30564119157));
#6655 = CARTESIAN_POINT('',(-245.,29.742522500714,-0.600614002467));
#6656 = CARTESIAN_POINT('',(-245.,28.594669476086,1.809172946161));
#6657 = CARTESIAN_POINT('',(-245.,27.232107045354,3.956474968163));
#6658 = CARTESIAN_POINT('',(-245.,25.650947309552,5.858925316809));
#6659 = CARTESIAN_POINT('',(-245.,23.845418309488,7.526216707044));
#6660 = CARTESIAN_POINT('',(-245.,21.806082970365,8.963856454852));
#6661 = CARTESIAN_POINT('',(-245.,19.516345535679,10.175307577868));
#6662 = CARTESIAN_POINT('',(-245.,16.94555502166,11.163109394125));
#6663 = CARTESIAN_POINT('',(-245.,14.03303486328,11.929424699564));
#6664 = CARTESIAN_POINT('',(-245.,10.636854640326,12.476827737647));
#6665 = CARTESIAN_POINT('',(-245.,5.911011370872,12.836146639908));
#6666 = CARTESIAN_POINT('',(-245.,1.639802463269E-10,12.835441366103));
#6667 = CARTESIAN_POINT('',(-245.,-5.911011370529,12.836146639905));
#6668 = CARTESIAN_POINT('',(-245.,-10.63685464034,12.476827737698));
#6669 = CARTESIAN_POINT('',(-245.,-14.03303486322,11.929424699414));
#6670 = CARTESIAN_POINT('',(-245.,-16.94555502183,11.163109394599));
#6671 = CARTESIAN_POINT('',(-245.,-19.5163455351,10.175307576293));
#6672 = CARTESIAN_POINT('',(-245.,-21.80608297234,8.963856460286));
#6673 = CARTESIAN_POINT('',(-245.,-23.84541830244,7.526216687661));
#6674 = CARTESIAN_POINT('',(-245.,-25.65094733553,5.858925388259));
#6675 = CARTESIAN_POINT('',(-245.,-27.23210694644,3.956474696137));
#6676 = CARTESIAN_POINT('',(-245.,-28.59466986467,1.809174014882));
#6677 = CARTESIAN_POINT('',(-245.,-29.74252092629,-0.60061833253));
#6678 = CARTESIAN_POINT('',(-245.,-30.67848881394,-3.305623074863));
#6679 = CARTESIAN_POINT('',(-245.,-31.4047872915,-6.370231983097));
#6680 = CARTESIAN_POINT('',(-245.,-31.92381838308,-9.944333463616));
#6681 = CARTESIAN_POINT('',(-245.,-32.26470693588,-14.91917052723));
#6682 = CARTESIAN_POINT('',(-245.,-32.26401976305,-21.14285714257));
#6683 = CARTESIAN_POINT('',(-245.,-32.26470693592,-27.36654375792));
#6684 = CARTESIAN_POINT('',(-245.,-31.92381838308,-32.34138082209));
#6685 = CARTESIAN_POINT('',(-245.,-31.4047872915,-35.91548230261));
#6686 = CARTESIAN_POINT('',(-245.,-30.67848881394,-38.98009121085));
#6687 = CARTESIAN_POINT('',(-245.,-29.74252092629,-41.68509595318));
#6688 = CARTESIAN_POINT('',(-245.,-28.59466986467,-44.09488830059));
#6689 = CARTESIAN_POINT('',(-245.,-27.23210694644,-46.24218898185));
#6690 = CARTESIAN_POINT('',(-245.,-25.65094733553,-48.14463967397));
#6691 = CARTESIAN_POINT('',(-245.,-23.84541830244,-49.81193097337));
#6692 = CARTESIAN_POINT('',(-245.,-21.80608297234,-51.249570746));
#6693 = CARTESIAN_POINT('',(-245.,-19.5163455351,-52.461021862));
#6694 = CARTESIAN_POINT('',(-245.,-16.94555502183,-53.44882368031));
#6695 = CARTESIAN_POINT('',(-245.,-14.03303486322,-54.21513898512));
#6696 = CARTESIAN_POINT('',(-245.,-10.63685464034,-54.76254202341));
#6697 = CARTESIAN_POINT('',(-245.,-5.911011371043,-55.12186092558));
#6698 = CARTESIAN_POINT('',(-245.,-3.44515704582E-10,-55.12115565181));
#6699 = CARTESIAN_POINT('',(-245.,5.911011370339,-55.12186092565));
#6700 = CARTESIAN_POINT('',(-245.,10.636854640362,-54.76254202336));
#6701 = CARTESIAN_POINT('',(-245.,14.033034863172,-54.21513898527));
#6702 = CARTESIAN_POINT('',(-245.,16.945555022004,-53.44882367983));
#6703 = CARTESIAN_POINT('',(-245.,19.516345534534,-52.46102186358));
#6704 = CARTESIAN_POINT('',(-245.,21.806082974317,-51.24957074056));
#6705 = CARTESIAN_POINT('',(-245.,23.845418295392,-49.81193099275));
#6706 = CARTESIAN_POINT('',(-245.,25.65094736151,-48.14463960252));
#6707 = CARTESIAN_POINT('',(-245.,27.232106847536,-46.24218925387));
#6708 = CARTESIAN_POINT('',(-245.,28.594670253264,-44.09488723187));
#6709 = CARTESIAN_POINT('',(-245.,29.742519351879,-41.68510028324));
#6710 = CARTESIAN_POINT('',(-245.,30.678495401202,-38.98007309414));
#6711 = CARTESIAN_POINT('',(-245.,31.404758630372,-35.91556112828));
#6712 = CARTESIAN_POINT('',(-245.,31.923951256592,-32.34101538491));
#6713 = CARTESIAN_POINT('',(-245.,32.26391455405,-27.36872301719));
#6714 = CARTESIAN_POINT('',(-245.,32.267246948529,-23.54341860835));
#6715 = CARTESIAN_POINT('',(-245.,32.261324480043,-18.74229567735));
#6716 = PCURVE('',#6562,#6717);
#6717 = DEFINITIONAL_REPRESENTATION('',(#6718),#6786);
#6718 = B_SPLINE_CURVE_WITH_KNOTS('',3,(#6719,#6720,#6721,#6722,#6723,
    #6724,#6725,#6726,#6727,#6728,#6729,#6730,#6731,#6732,#6733,#6734,
    #6735,#6736,#6737,#6738,#6739,#6740,#6741,#6742,#6743,#6744,#6745,
    #6746,#6747,#6748,#6749,#6750,#6751,#6752,#6753,#6754,#6755,#6756,
    #6757,#6758,#6759,#6760,#6761,#6762,#6763,#6764,#6765,#6766,#6767,
    #6768,#6769,#6770,#6771,#6772,#6773,#6774,#6775,#6776,#6777,#6778,
    #6779,#6780,#6781,#6782,#6783,#6784,#6785),.UNSPECIFIED.,.F.,.F.,(1,
    1,2,1,1,1,1,1,1,1,1,1,1,1,1,1,1,1,1,1,1,1,1,1,1,1,1,1,1,1,1,1,1,1,1,
    1,1,1,1,1,1,1,1,1,1,1,1,1,1,1,1,1,1,1,1,1,1,1,1,1,1,1,1,1,1,1,2,1,1)
  ,(-11.44176860814,-7.224112718337,0.,7.224112718337,11.441768608141,
    14.947379929247,18.047049589032,20.876310054659,23.518485251776,
    26.036695049554,28.485974607429,30.918785625386,33.388123113563,
    35.950408775494,38.670385172229,41.632179188223,44.969286820889,
    48.976657537041,55.836462038615,62.696266541193,66.703637257344,
    70.040744890011,73.002538906004,75.722515302739,78.28480096467,
    80.754138452847,83.186949470804,85.63622902868,88.154438826457,
    90.796614023574,93.625874489201,96.725544148986,100.23115547009,
    104.44881135989,111.67292407739,118.89703679657,123.11469268637,
    126.62030400748,129.71997366726,132.54923413289,135.19140933,
    137.70961912778,140.15889868566,142.59170970361,145.06104719179,
    147.62333285372,150.34330925046,153.30510326645,156.64221089912,
    160.64958161527,167.5093861163,174.36919061942,178.37656133557,
    181.71366896824,184.67546298423,187.39543938097,189.9577250429,
    192.42706253108,194.85987354903,197.30915310691,199.82736290469,
    202.4695381018,205.29879856743,208.39846822721,211.90407954832,
    216.12173543813,223.34584815646,230.5699608748,234.7876167646),
  .UNSPECIFIED.);
#6719 = CARTESIAN_POINT('',(-2.400560326991,-32.26724808281));
#6720 = CARTESIAN_POINT('',(2.400562604007,-32.26132561432));
#6721 = CARTESIAN_POINT('',(6.225867012849,-32.26550045204));
#6722 = CARTESIAN_POINT('',(11.198159380571,-31.92368664385));
#6723 = CARTESIAN_POINT('',(14.772705123938,-31.40481708691));
#6724 = CARTESIAN_POINT('',(17.837217089795,-30.67848336096));
#6725 = CARTESIAN_POINT('',(20.542244278899,-29.74252363499));
#6726 = CARTESIAN_POINT('',(22.952031227526,-28.59467061036));
#6727 = CARTESIAN_POINT('',(25.099333249528,-27.23210817963));
#6728 = CARTESIAN_POINT('',(27.001783598175,-25.65094844383));
#6729 = CARTESIAN_POINT('',(28.669074988409,-23.84541944377));
#6730 = CARTESIAN_POINT('',(30.106714736218,-21.80608410464));
#6731 = CARTESIAN_POINT('',(31.318165859233,-19.51634666996));
#6732 = CARTESIAN_POINT('',(32.30596767549,-16.94555615594));
#6733 = CARTESIAN_POINT('',(33.072282980929,-14.03303599756));
#6734 = CARTESIAN_POINT('',(33.619686019012,-10.6368557746));
#6735 = CARTESIAN_POINT('',(33.979004921273,-5.911012505155));
#6736 = CARTESIAN_POINT('',(33.978299647469,-1.134446363582E-06));
#6737 = CARTESIAN_POINT('',(33.979004921271,5.911010236246));
#6738 = CARTESIAN_POINT('',(33.619686019063,10.636853506062));
#6739 = CARTESIAN_POINT('',(33.07228298078,14.033033728943));
#6740 = CARTESIAN_POINT('',(32.305967675964,16.94555388755));
#6741 = CARTESIAN_POINT('',(31.318165857658,19.516344400824));
#6742 = CARTESIAN_POINT('',(30.106714741652,21.806081838059));
#6743 = CARTESIAN_POINT('',(28.669074969026,23.845417168158));
#6744 = CARTESIAN_POINT('',(27.001783669625,25.650946201249));
#6745 = CARTESIAN_POINT('',(25.099332977502,27.232105812163));
#6746 = CARTESIAN_POINT('',(22.952032296248,28.594668730393));
#6747 = CARTESIAN_POINT('',(20.542239948835,29.742519792014));
#6748 = CARTESIAN_POINT('',(17.837235206503,30.678487679658));
#6749 = CARTESIAN_POINT('',(14.772626298268,31.404786157222));
#6750 = CARTESIAN_POINT('',(11.198524817749,31.923817248801));
#6751 = CARTESIAN_POINT('',(6.223687754135,32.264705801604));
#6752 = CARTESIAN_POINT('',(1.138787769861E-06,32.264018628772));
#6753 = CARTESIAN_POINT('',(-6.223685476561,32.264705801639));
#6754 = CARTESIAN_POINT('',(-11.19852254073,31.923817248801));
#6755 = CARTESIAN_POINT('',(-14.77262402125,31.404786157222));
#6756 = CARTESIAN_POINT('',(-17.83723292948,30.678487679658));
#6757 = CARTESIAN_POINT('',(-20.54223767181,29.742519792014));
#6758 = CARTESIAN_POINT('',(-22.95203001923,28.594668730393));
#6759 = CARTESIAN_POINT('',(-25.09933070048,27.232105812163));
#6760 = CARTESIAN_POINT('',(-27.0017813926,25.650946201249));
#6761 = CARTESIAN_POINT('',(-28.66907269201,23.845417168158));
#6762 = CARTESIAN_POINT('',(-30.10671246463,21.806081838059));
#6763 = CARTESIAN_POINT('',(-31.31816358064,19.516344400824));
#6764 = CARTESIAN_POINT('',(-32.30596539894,16.94555388755));
#6765 = CARTESIAN_POINT('',(-33.07228070376,14.033033728944));
#6766 = CARTESIAN_POINT('',(-33.61968374204,10.636853506061));
#6767 = CARTESIAN_POINT('',(-33.97900264421,5.911010236761));
#6768 = CARTESIAN_POINT('',(-33.97829737045,-1.133937867632E-06));
#6769 = CARTESIAN_POINT('',(-33.97900264429,-5.911012504622));
#6770 = CARTESIAN_POINT('',(-33.61968374199,-10.63685577464));
#6771 = CARTESIAN_POINT('',(-33.07228070391,-14.03303599745));
#6772 = CARTESIAN_POINT('',(-32.30596539847,-16.94555615628));
#6773 = CARTESIAN_POINT('',(-31.31816358221,-19.51634666881));
#6774 = CARTESIAN_POINT('',(-30.1067124592,-21.80608410859));
#6775 = CARTESIAN_POINT('',(-28.66907271139,-23.84541942967));
#6776 = CARTESIAN_POINT('',(-27.00178132115,-25.65094849579));
#6777 = CARTESIAN_POINT('',(-25.09933097251,-27.23210798181));
#6778 = CARTESIAN_POINT('',(-22.9520289505,-28.59467138754));
#6779 = CARTESIAN_POINT('',(-20.54224200188,-29.74252048616));
#6780 = CARTESIAN_POINT('',(-17.83721481277,-30.67849653548));
#6781 = CARTESIAN_POINT('',(-14.77270284692,-31.40475976465));
#6782 = CARTESIAN_POINT('',(-11.19815710355,-31.92395239087));
#6783 = CARTESIAN_POINT('',(-6.225864735832,-32.26391568833));
#6784 = CARTESIAN_POINT('',(-2.400560326991,-32.26724808281));
#6785 = CARTESIAN_POINT('',(2.400562604007,-32.26132561432));
#6786 = ( GEOMETRIC_REPRESENTATION_CONTEXT(2) 
PARAMETRIC_REPRESENTATION_CONTEXT() REPRESENTATION_CONTEXT('2D SPACE',''
  ) );
#6787 = PCURVE('',#6788,#6859);
#6788 = SURFACE_OF_LINEAR_EXTRUSION('',#6789,#6857);
#6789 = B_SPLINE_CURVE_WITH_KNOTS('',3,(#6790,#6791,#6792,#6793,#6794,
    #6795,#6796,#6797,#6798,#6799,#6800,#6801,#6802,#6803,#6804,#6805,
    #6806,#6807,#6808,#6809,#6810,#6811,#6812,#6813,#6814,#6815,#6816,
    #6817,#6818,#6819,#6820,#6821,#6822,#6823,#6824,#6825,#6826,#6827,
    #6828,#6829,#6830,#6831,#6832,#6833,#6834,#6835,#6836,#6837,#6838,
    #6839,#6840,#6841,#6842,#6843,#6844,#6845,#6846,#6847,#6848,#6849,
    #6850,#6851,#6852,#6853,#6854,#6855,#6856),.UNSPECIFIED.,.T.,.F.,(1,
    1,2,1,1,1,1,1,1,1,1,1,1,1,1,1,1,1,1,1,1,1,1,1,1,1,1,1,1,1,1,1,1,1,1,
    1,1,1,1,1,1,1,1,1,1,1,1,1,1,1,1,1,1,1,1,1,1,1,1,1,1,1,1,1,1,1,2,1,1)
  ,(-11.44176860814,-7.224112718337,0.,7.224112718337,11.441768608141,
    14.947379929247,18.047049589032,20.876310054659,23.518485251776,
    26.036695049554,28.485974607429,30.918785625386,33.388123113563,
    35.950408775494,38.670385172229,41.632179188223,44.969286820889,
    48.976657537041,55.836462038615,62.696266541193,66.703637257344,
    70.040744890011,73.002538906004,75.722515302739,78.28480096467,
    80.754138452847,83.186949470804,85.63622902868,88.154438826457,
    90.796614023574,93.625874489201,96.725544148986,100.23115547009,
    104.44881135989,111.67292407739,118.89703679657,123.11469268637,
    126.62030400748,129.71997366726,132.54923413289,135.19140933,
    137.70961912778,140.15889868566,142.59170970361,145.06104719179,
    147.62333285372,150.34330925046,153.30510326645,156.64221089912,
    160.64958161527,167.5093861163,174.36919061942,178.37656133557,
    181.71366896824,184.67546298423,187.39543938097,189.9577250429,
    192.42706253108,194.85987354903,197.30915310691,199.82736290469,
    202.4695381018,205.29879856743,208.39846822721,211.90407954832,
    216.12173543813,223.34584815646,230.5699608748,234.7876167646),
  .UNSPECIFIED.);
#6790 = CARTESIAN_POINT('',(-245.,32.267246948529,-23.54341860835));
#6791 = CARTESIAN_POINT('',(-245.,32.261324480043,-18.74229567735));
#6792 = CARTESIAN_POINT('',(-245.,32.265499317758,-14.91699126851));
#6793 = CARTESIAN_POINT('',(-245.,31.923685509574,-9.944698900795));
#6794 = CARTESIAN_POINT('',(-245.,31.404815952637,-6.370153157428));
#6795 = CARTESIAN_POINT('',(-245.,30.678482226678,-3.30564119157));
#6796 = CARTESIAN_POINT('',(-245.,29.742522500714,-0.600614002467));
#6797 = CARTESIAN_POINT('',(-245.,28.594669476086,1.809172946161));
#6798 = CARTESIAN_POINT('',(-245.,27.232107045354,3.956474968163));
#6799 = CARTESIAN_POINT('',(-245.,25.650947309552,5.858925316809));
#6800 = CARTESIAN_POINT('',(-245.,23.845418309488,7.526216707044));
#6801 = CARTESIAN_POINT('',(-245.,21.806082970365,8.963856454852));
#6802 = CARTESIAN_POINT('',(-245.,19.516345535679,10.175307577868));
#6803 = CARTESIAN_POINT('',(-245.,16.94555502166,11.163109394125));
#6804 = CARTESIAN_POINT('',(-245.,14.03303486328,11.929424699564));
#6805 = CARTESIAN_POINT('',(-245.,10.636854640326,12.476827737647));
#6806 = CARTESIAN_POINT('',(-245.,5.911011370872,12.836146639908));
#6807 = CARTESIAN_POINT('',(-245.,1.639802463269E-10,12.835441366103));
#6808 = CARTESIAN_POINT('',(-245.,-5.911011370529,12.836146639905));
#6809 = CARTESIAN_POINT('',(-245.,-10.63685464034,12.476827737698));
#6810 = CARTESIAN_POINT('',(-245.,-14.03303486322,11.929424699414));
#6811 = CARTESIAN_POINT('',(-245.,-16.94555502183,11.163109394599));
#6812 = CARTESIAN_POINT('',(-245.,-19.5163455351,10.175307576293));
#6813 = CARTESIAN_POINT('',(-245.,-21.80608297234,8.963856460286));
#6814 = CARTESIAN_POINT('',(-245.,-23.84541830244,7.526216687661));
#6815 = CARTESIAN_POINT('',(-245.,-25.65094733553,5.858925388259));
#6816 = CARTESIAN_POINT('',(-245.,-27.23210694644,3.956474696137));
#6817 = CARTESIAN_POINT('',(-245.,-28.59466986467,1.809174014882));
#6818 = CARTESIAN_POINT('',(-245.,-29.74252092629,-0.60061833253));
#6819 = CARTESIAN_POINT('',(-245.,-30.67848881394,-3.305623074863));
#6820 = CARTESIAN_POINT('',(-245.,-31.4047872915,-6.370231983097));
#6821 = CARTESIAN_POINT('',(-245.,-31.92381838308,-9.944333463616));
#6822 = CARTESIAN_POINT('',(-245.,-32.26470693588,-14.91917052723));
#6823 = CARTESIAN_POINT('',(-245.,-32.26401976305,-21.14285714257));
#6824 = CARTESIAN_POINT('',(-245.,-32.26470693592,-27.36654375792));
#6825 = CARTESIAN_POINT('',(-245.,-31.92381838308,-32.34138082209));
#6826 = CARTESIAN_POINT('',(-245.,-31.4047872915,-35.91548230261));
#6827 = CARTESIAN_POINT('',(-245.,-30.67848881394,-38.98009121085));
#6828 = CARTESIAN_POINT('',(-245.,-29.74252092629,-41.68509595318));
#6829 = CARTESIAN_POINT('',(-245.,-28.59466986467,-44.09488830059));
#6830 = CARTESIAN_POINT('',(-245.,-27.23210694644,-46.24218898185));
#6831 = CARTESIAN_POINT('',(-245.,-25.65094733553,-48.14463967397));
#6832 = CARTESIAN_POINT('',(-245.,-23.84541830244,-49.81193097337));
#6833 = CARTESIAN_POINT('',(-245.,-21.80608297234,-51.249570746));
#6834 = CARTESIAN_POINT('',(-245.,-19.5163455351,-52.461021862));
#6835 = CARTESIAN_POINT('',(-245.,-16.94555502183,-53.44882368031));
#6836 = CARTESIAN_POINT('',(-245.,-14.03303486322,-54.21513898512));
#6837 = CARTESIAN_POINT('',(-245.,-10.63685464034,-54.76254202341));
#6838 = CARTESIAN_POINT('',(-245.,-5.911011371043,-55.12186092558));
#6839 = CARTESIAN_POINT('',(-245.,-3.44515704582E-10,-55.12115565181));
#6840 = CARTESIAN_POINT('',(-245.,5.911011370339,-55.12186092565));
#6841 = CARTESIAN_POINT('',(-245.,10.636854640362,-54.76254202336));
#6842 = CARTESIAN_POINT('',(-245.,14.033034863172,-54.21513898527));
#6843 = CARTESIAN_POINT('',(-245.,16.945555022004,-53.44882367983));
#6844 = CARTESIAN_POINT('',(-245.,19.516345534534,-52.46102186358));
#6845 = CARTESIAN_POINT('',(-245.,21.806082974317,-51.24957074056));
#6846 = CARTESIAN_POINT('',(-245.,23.845418295392,-49.81193099275));
#6847 = CARTESIAN_POINT('',(-245.,25.65094736151,-48.14463960252));
#6848 = CARTESIAN_POINT('',(-245.,27.232106847536,-46.24218925387));
#6849 = CARTESIAN_POINT('',(-245.,28.594670253264,-44.09488723187));
#6850 = CARTESIAN_POINT('',(-245.,29.742519351879,-41.68510028324));
#6851 = CARTESIAN_POINT('',(-245.,30.678495401202,-38.98007309414));
#6852 = CARTESIAN_POINT('',(-245.,31.404758630372,-35.91556112828));
#6853 = CARTESIAN_POINT('',(-245.,31.923951256592,-32.34101538491));
#6854 = CARTESIAN_POINT('',(-245.,32.26391455405,-27.36872301719));
#6855 = CARTESIAN_POINT('',(-245.,32.267246948529,-23.54341860835));
#6856 = CARTESIAN_POINT('',(-245.,32.261324480043,-18.74229567735));
#6857 = VECTOR('',#6858,1.);
#6858 = DIRECTION('',(-1.,-0.,-0.));
#6859 = DEFINITIONAL_REPRESENTATION('',(#6860),#6864);
#6860 = LINE('',#6861,#6862);
#6861 = CARTESIAN_POINT('',(0.,0.));
#6862 = VECTOR('',#6863,1.);
#6863 = DIRECTION('',(1.,0.));
#6864 = ( GEOMETRIC_REPRESENTATION_CONTEXT(2) 
PARAMETRIC_REPRESENTATION_CONTEXT() REPRESENTATION_CONTEXT('2D SPACE',''
  ) );
#6865 = ADVANCED_FACE('',(#6866,#6869),#6407,.T.);
#6866 = FACE_BOUND('',#6867,.T.);
#6867 = EDGE_LOOP('',(#6868));
#6868 = ORIENTED_EDGE('',*,*,#6329,.T.);
#6869 = FACE_BOUND('',#6870,.T.);
#6870 = EDGE_LOOP('',(#6871));
#6871 = ORIENTED_EDGE('',*,*,#6872,.F.);
#6872 = EDGE_CURVE('',#6873,#6873,#6875,.T.);
#6873 = VERTEX_POINT('',#6874);
#6874 = CARTESIAN_POINT('',(-235.,32.264285714286,-21.14285714285));
#6875 = SURFACE_CURVE('',#6876,(#6944,#7015),.PCURVE_S1.);
#6876 = B_SPLINE_CURVE_WITH_KNOTS('',3,(#6877,#6878,#6879,#6880,#6881,
    #6882,#6883,#6884,#6885,#6886,#6887,#6888,#6889,#6890,#6891,#6892,
    #6893,#6894,#6895,#6896,#6897,#6898,#6899,#6900,#6901,#6902,#6903,
    #6904,#6905,#6906,#6907,#6908,#6909,#6910,#6911,#6912,#6913,#6914,
    #6915,#6916,#6917,#6918,#6919,#6920,#6921,#6922,#6923,#6924,#6925,
    #6926,#6927,#6928,#6929,#6930,#6931,#6932,#6933,#6934,#6935,#6936,
    #6937,#6938,#6939,#6940,#6941,#6942,#6943),.UNSPECIFIED.,.T.,.F.,(1,
    1,2,1,1,1,1,1,1,1,1,1,1,1,1,1,1,1,1,1,1,1,1,1,1,1,1,1,1,1,1,1,1,1,1,
    1,1,1,1,1,1,1,1,1,1,1,1,1,1,1,1,1,1,1,1,1,1,1,1,1,1,1,1,1,1,1,2,1,1)
  ,(-11.44176860814,-7.224112718337,0.,7.224112718337,11.441768608141,
    14.947379929247,18.047049589032,20.876310054659,23.518485251776,
    26.036695049554,28.485974607429,30.918785625386,33.388123113563,
    35.950408775494,38.670385172229,41.632179188223,44.969286820889,
    48.976657537041,55.836462038615,62.696266541193,66.703637257344,
    70.040744890011,73.002538906004,75.722515302739,78.28480096467,
    80.754138452847,83.186949470804,85.63622902868,88.154438826457,
    90.796614023574,93.625874489201,96.725544148986,100.23115547009,
    104.44881135989,111.67292407739,118.89703679657,123.11469268637,
    126.62030400748,129.71997366726,132.54923413289,135.19140933,
    137.70961912778,140.15889868566,142.59170970361,145.06104719179,
    147.62333285372,150.34330925046,153.30510326645,156.64221089912,
    160.64958161527,167.5093861163,174.36919061942,178.37656133557,
    181.71366896824,184.67546298423,187.39543938097,189.9577250429,
    192.42706253108,194.85987354903,197.30915310691,199.82736290469,
    202.4695381018,205.29879856743,208.39846822721,211.90407954832,
    216.12173543813,223.34584815646,230.5699608748,234.7876167646),
  .UNSPECIFIED.);
#6877 = CARTESIAN_POINT('',(-235.,32.267246948529,-23.54341860835));
#6878 = CARTESIAN_POINT('',(-235.,32.261324480043,-18.74229567735));
#6879 = CARTESIAN_POINT('',(-235.,32.265499317758,-14.91699126851));
#6880 = CARTESIAN_POINT('',(-235.,31.923685509574,-9.944698900795));
#6881 = CARTESIAN_POINT('',(-235.,31.404815952637,-6.370153157428));
#6882 = CARTESIAN_POINT('',(-235.,30.678482226678,-3.30564119157));
#6883 = CARTESIAN_POINT('',(-235.,29.742522500714,-0.600614002467));
#6884 = CARTESIAN_POINT('',(-235.,28.594669476086,1.809172946161));
#6885 = CARTESIAN_POINT('',(-235.,27.232107045354,3.956474968163));
#6886 = CARTESIAN_POINT('',(-235.,25.650947309552,5.858925316809));
#6887 = CARTESIAN_POINT('',(-235.,23.845418309488,7.526216707044));
#6888 = CARTESIAN_POINT('',(-235.,21.806082970365,8.963856454852));
#6889 = CARTESIAN_POINT('',(-235.,19.516345535679,10.175307577868));
#6890 = CARTESIAN_POINT('',(-235.,16.94555502166,11.163109394125));
#6891 = CARTESIAN_POINT('',(-235.,14.03303486328,11.929424699564));
#6892 = CARTESIAN_POINT('',(-235.,10.636854640326,12.476827737647));
#6893 = CARTESIAN_POINT('',(-235.,5.911011370872,12.836146639908));
#6894 = CARTESIAN_POINT('',(-235.,1.639802463269E-10,12.835441366103));
#6895 = CARTESIAN_POINT('',(-235.,-5.911011370529,12.836146639905));
#6896 = CARTESIAN_POINT('',(-235.,-10.63685464034,12.476827737698));
#6897 = CARTESIAN_POINT('',(-235.,-14.03303486322,11.929424699414));
#6898 = CARTESIAN_POINT('',(-235.,-16.94555502183,11.163109394599));
#6899 = CARTESIAN_POINT('',(-235.,-19.5163455351,10.175307576293));
#6900 = CARTESIAN_POINT('',(-235.,-21.80608297234,8.963856460286));
#6901 = CARTESIAN_POINT('',(-235.,-23.84541830244,7.526216687661));
#6902 = CARTESIAN_POINT('',(-235.,-25.65094733553,5.858925388259));
#6903 = CARTESIAN_POINT('',(-235.,-27.23210694644,3.956474696137));
#6904 = CARTESIAN_POINT('',(-235.,-28.59466986467,1.809174014882));
#6905 = CARTESIAN_POINT('',(-235.,-29.74252092629,-0.60061833253));
#6906 = CARTESIAN_POINT('',(-235.,-30.67848881394,-3.305623074863));
#6907 = CARTESIAN_POINT('',(-235.,-31.4047872915,-6.370231983097));
#6908 = CARTESIAN_POINT('',(-235.,-31.92381838308,-9.944333463616));
#6909 = CARTESIAN_POINT('',(-235.,-32.26470693588,-14.91917052723));
#6910 = CARTESIAN_POINT('',(-235.,-32.26401976305,-21.14285714257));
#6911 = CARTESIAN_POINT('',(-235.,-32.26470693592,-27.36654375792));
#6912 = CARTESIAN_POINT('',(-235.,-31.92381838308,-32.34138082209));
#6913 = CARTESIAN_POINT('',(-235.,-31.4047872915,-35.91548230261));
#6914 = CARTESIAN_POINT('',(-235.,-30.67848881394,-38.98009121085));
#6915 = CARTESIAN_POINT('',(-235.,-29.74252092629,-41.68509595318));
#6916 = CARTESIAN_POINT('',(-235.,-28.59466986467,-44.09488830059));
#6917 = CARTESIAN_POINT('',(-235.,-27.23210694644,-46.24218898185));
#6918 = CARTESIAN_POINT('',(-235.,-25.65094733553,-48.14463967397));
#6919 = CARTESIAN_POINT('',(-235.,-23.84541830244,-49.81193097337));
#6920 = CARTESIAN_POINT('',(-235.,-21.80608297234,-51.249570746));
#6921 = CARTESIAN_POINT('',(-235.,-19.5163455351,-52.461021862));
#6922 = CARTESIAN_POINT('',(-235.,-16.94555502183,-53.44882368031));
#6923 = CARTESIAN_POINT('',(-235.,-14.03303486322,-54.21513898512));
#6924 = CARTESIAN_POINT('',(-235.,-10.63685464034,-54.76254202341));
#6925 = CARTESIAN_POINT('',(-235.,-5.911011371043,-55.12186092558));
#6926 = CARTESIAN_POINT('',(-235.,-3.44515704582E-10,-55.12115565181));
#6927 = CARTESIAN_POINT('',(-235.,5.911011370339,-55.12186092565));
#6928 = CARTESIAN_POINT('',(-235.,10.636854640362,-54.76254202336));
#6929 = CARTESIAN_POINT('',(-235.,14.033034863172,-54.21513898527));
#6930 = CARTESIAN_POINT('',(-235.,16.945555022004,-53.44882367983));
#6931 = CARTESIAN_POINT('',(-235.,19.516345534534,-52.46102186358));
#6932 = CARTESIAN_POINT('',(-235.,21.806082974317,-51.24957074056));
#6933 = CARTESIAN_POINT('',(-235.,23.845418295392,-49.81193099275));
#6934 = CARTESIAN_POINT('',(-235.,25.65094736151,-48.14463960252));
#6935 = CARTESIAN_POINT('',(-235.,27.232106847536,-46.24218925387));
#6936 = CARTESIAN_POINT('',(-235.,28.594670253264,-44.09488723187));
#6937 = CARTESIAN_POINT('',(-235.,29.742519351879,-41.68510028324));
#6938 = CARTESIAN_POINT('',(-235.,30.678495401202,-38.98007309414));
#6939 = CARTESIAN_POINT('',(-235.,31.404758630372,-35.91556112828));
#6940 = CARTESIAN_POINT('',(-235.,31.923951256592,-32.34101538491));
#6941 = CARTESIAN_POINT('',(-235.,32.26391455405,-27.36872301719));
#6942 = CARTESIAN_POINT('',(-235.,32.267246948529,-23.54341860835));
#6943 = CARTESIAN_POINT('',(-235.,32.261324480043,-18.74229567735));
#6944 = PCURVE('',#6407,#6945);
#6945 = DEFINITIONAL_REPRESENTATION('',(#6946),#7014);
#6946 = B_SPLINE_CURVE_WITH_KNOTS('',3,(#6947,#6948,#6949,#6950,#6951,
    #6952,#6953,#6954,#6955,#6956,#6957,#6958,#6959,#6960,#6961,#6962,
    #6963,#6964,#6965,#6966,#6967,#6968,#6969,#6970,#6971,#6972,#6973,
    #6974,#6975,#6976,#6977,#6978,#6979,#6980,#6981,#6982,#6983,#6984,
    #6985,#6986,#6987,#6988,#6989,#6990,#6991,#6992,#6993,#6994,#6995,
    #6996,#6997,#6998,#6999,#7000,#7001,#7002,#7003,#7004,#7005,#7006,
    #7007,#7008,#7009,#7010,#7011,#7012,#7013),.UNSPECIFIED.,.F.,.F.,(1,
    1,2,1,1,1,1,1,1,1,1,1,1,1,1,1,1,1,1,1,1,1,1,1,1,1,1,1,1,1,1,1,1,1,1,
    1,1,1,1,1,1,1,1,1,1,1,1,1,1,1,1,1,1,1,1,1,1,1,1,1,1,1,1,1,1,1,2,1,1)
  ,(-11.44176860814,-7.224112718337,0.,7.224112718337,11.441768608141,
    14.947379929247,18.047049589032,20.876310054659,23.518485251776,
    26.036695049554,28.485974607429,30.918785625386,33.388123113563,
    35.950408775494,38.670385172229,41.632179188223,44.969286820889,
    48.976657537041,55.836462038615,62.696266541193,66.703637257344,
    70.040744890011,73.002538906004,75.722515302739,78.28480096467,
    80.754138452847,83.186949470804,85.63622902868,88.154438826457,
    90.796614023574,93.625874489201,96.725544148986,100.23115547009,
    104.44881135989,111.67292407739,118.89703679657,123.11469268637,
    126.62030400748,129.71997366726,132.54923413289,135.19140933,
    137.70961912778,140.15889868566,142.59170970361,145.06104719179,
    147.62333285372,150.34330925046,153.30510326645,156.64221089912,
    160.64958161527,167.5093861163,174.36919061942,178.37656133557,
    181.71366896824,184.67546298423,187.39543938097,189.9577250429,
    192.42706253108,194.85987354903,197.30915310691,199.82736290469,
    202.4695381018,205.29879856743,208.39846822721,211.90407954832,
    216.12173543813,223.34584815646,230.5699608748,234.7876167646),
  .UNSPECIFIED.);
#6947 = CARTESIAN_POINT('',(-2.400560326991,-32.26724808281));
#6948 = CARTESIAN_POINT('',(2.400562604007,-32.26132561432));
#6949 = CARTESIAN_POINT('',(6.225867012849,-32.26550045204));
#6950 = CARTESIAN_POINT('',(11.198159380571,-31.92368664385));
#6951 = CARTESIAN_POINT('',(14.772705123938,-31.40481708691));
#6952 = CARTESIAN_POINT('',(17.837217089795,-30.67848336096));
#6953 = CARTESIAN_POINT('',(20.542244278899,-29.74252363499));
#6954 = CARTESIAN_POINT('',(22.952031227526,-28.59467061036));
#6955 = CARTESIAN_POINT('',(25.099333249528,-27.23210817963));
#6956 = CARTESIAN_POINT('',(27.001783598175,-25.65094844383));
#6957 = CARTESIAN_POINT('',(28.669074988409,-23.84541944377));
#6958 = CARTESIAN_POINT('',(30.106714736218,-21.80608410464));
#6959 = CARTESIAN_POINT('',(31.318165859233,-19.51634666996));
#6960 = CARTESIAN_POINT('',(32.30596767549,-16.94555615594));
#6961 = CARTESIAN_POINT('',(33.072282980929,-14.03303599756));
#6962 = CARTESIAN_POINT('',(33.619686019012,-10.6368557746));
#6963 = CARTESIAN_POINT('',(33.979004921273,-5.911012505155));
#6964 = CARTESIAN_POINT('',(33.978299647469,-1.134446363582E-06));
#6965 = CARTESIAN_POINT('',(33.979004921271,5.911010236246));
#6966 = CARTESIAN_POINT('',(33.619686019063,10.636853506062));
#6967 = CARTESIAN_POINT('',(33.07228298078,14.033033728943));
#6968 = CARTESIAN_POINT('',(32.305967675964,16.94555388755));
#6969 = CARTESIAN_POINT('',(31.318165857658,19.516344400824));
#6970 = CARTESIAN_POINT('',(30.106714741652,21.806081838059));
#6971 = CARTESIAN_POINT('',(28.669074969026,23.845417168158));
#6972 = CARTESIAN_POINT('',(27.001783669625,25.650946201249));
#6973 = CARTESIAN_POINT('',(25.099332977502,27.232105812163));
#6974 = CARTESIAN_POINT('',(22.952032296248,28.594668730393));
#6975 = CARTESIAN_POINT('',(20.542239948835,29.742519792014));
#6976 = CARTESIAN_POINT('',(17.837235206503,30.678487679658));
#6977 = CARTESIAN_POINT('',(14.772626298268,31.404786157222));
#6978 = CARTESIAN_POINT('',(11.198524817749,31.923817248801));
#6979 = CARTESIAN_POINT('',(6.223687754135,32.264705801604));
#6980 = CARTESIAN_POINT('',(1.138787769861E-06,32.264018628772));
#6981 = CARTESIAN_POINT('',(-6.223685476561,32.264705801639));
#6982 = CARTESIAN_POINT('',(-11.19852254073,31.923817248801));
#6983 = CARTESIAN_POINT('',(-14.77262402125,31.404786157222));
#6984 = CARTESIAN_POINT('',(-17.83723292948,30.678487679658));
#6985 = CARTESIAN_POINT('',(-20.54223767181,29.742519792014));
#6986 = CARTESIAN_POINT('',(-22.95203001923,28.594668730393));
#6987 = CARTESIAN_POINT('',(-25.09933070048,27.232105812163));
#6988 = CARTESIAN_POINT('',(-27.0017813926,25.650946201249));
#6989 = CARTESIAN_POINT('',(-28.66907269201,23.845417168158));
#6990 = CARTESIAN_POINT('',(-30.10671246463,21.806081838059));
#6991 = CARTESIAN_POINT('',(-31.31816358064,19.516344400824));
#6992 = CARTESIAN_POINT('',(-32.30596539894,16.94555388755));
#6993 = CARTESIAN_POINT('',(-33.07228070376,14.033033728944));
#6994 = CARTESIAN_POINT('',(-33.61968374204,10.636853506061));
#6995 = CARTESIAN_POINT('',(-33.97900264421,5.911010236761));
#6996 = CARTESIAN_POINT('',(-33.97829737045,-1.133937867632E-06));
#6997 = CARTESIAN_POINT('',(-33.97900264429,-5.911012504622));
#6998 = CARTESIAN_POINT('',(-33.61968374199,-10.63685577464));
#6999 = CARTESIAN_POINT('',(-33.07228070391,-14.03303599745));
#7000 = CARTESIAN_POINT('',(-32.30596539847,-16.94555615628));
#7001 = CARTESIAN_POINT('',(-31.31816358221,-19.51634666881));
#7002 = CARTESIAN_POINT('',(-30.1067124592,-21.80608410859));
#7003 = CARTESIAN_POINT('',(-28.66907271139,-23.84541942967));
#7004 = CARTESIAN_POINT('',(-27.00178132115,-25.65094849579));
#7005 = CARTESIAN_POINT('',(-25.09933097251,-27.23210798181));
#7006 = CARTESIAN_POINT('',(-22.9520289505,-28.59467138754));
#7007 = CARTESIAN_POINT('',(-20.54224200188,-29.74252048616));
#7008 = CARTESIAN_POINT('',(-17.83721481277,-30.67849653548));
#7009 = CARTESIAN_POINT('',(-14.77270284692,-31.40475976465));
#7010 = CARTESIAN_POINT('',(-11.19815710355,-31.92395239087));
#7011 = CARTESIAN_POINT('',(-6.225864735832,-32.26391568833));
#7012 = CARTESIAN_POINT('',(-2.400560326991,-32.26724808281));
#7013 = CARTESIAN_POINT('',(2.400562604007,-32.26132561432));
#7014 = ( GEOMETRIC_REPRESENTATION_CONTEXT(2) 
PARAMETRIC_REPRESENTATION_CONTEXT() REPRESENTATION_CONTEXT('2D SPACE',''
  ) );
#7015 = PCURVE('',#6788,#7016);
#7016 = DEFINITIONAL_REPRESENTATION('',(#7017),#7021);
#7017 = LINE('',#7018,#7019);
#7018 = CARTESIAN_POINT('',(0.,-10.));
#7019 = VECTOR('',#7020,1.);
#7020 = DIRECTION('',(1.,0.));
#7021 = ( GEOMETRIC_REPRESENTATION_CONTEXT(2) 
PARAMETRIC_REPRESENTATION_CONTEXT() REPRESENTATION_CONTEXT('2D SPACE',''
  ) );
#7022 = ADVANCED_FACE('',(#7023),#6788,.T.);
#7023 = FACE_BOUND('',#7024,.T.);
#7024 = EDGE_LOOP('',(#7025,#7046,#7047,#7048));
#7025 = ORIENTED_EDGE('',*,*,#7026,.T.);
#7026 = EDGE_CURVE('',#6645,#6873,#7027,.T.);
#7027 = SEAM_CURVE('',#7028,(#7032,#7039),.PCURVE_S1.);
#7028 = LINE('',#7029,#7030);
#7029 = CARTESIAN_POINT('',(-245.,32.264285714286,-21.14285714285));
#7030 = VECTOR('',#7031,1.);
#7031 = DIRECTION('',(1.,0.,0.));
#7032 = PCURVE('',#6788,#7033);
#7033 = DEFINITIONAL_REPRESENTATION('',(#7034),#7038);
#7034 = LINE('',#7035,#7036);
#7035 = CARTESIAN_POINT('',(0.,0.));
#7036 = VECTOR('',#7037,1.);
#7037 = DIRECTION('',(0.,-1.));
#7038 = ( GEOMETRIC_REPRESENTATION_CONTEXT(2) 
PARAMETRIC_REPRESENTATION_CONTEXT() REPRESENTATION_CONTEXT('2D SPACE',''
  ) );
#7039 = PCURVE('',#6788,#7040);
#7040 = DEFINITIONAL_REPRESENTATION('',(#7041),#7045);
#7041 = LINE('',#7042,#7043);
#7042 = CARTESIAN_POINT('',(223.34584815646,0.));
#7043 = VECTOR('',#7044,1.);
#7044 = DIRECTION('',(0.,-1.));
#7045 = ( GEOMETRIC_REPRESENTATION_CONTEXT(2) 
PARAMETRIC_REPRESENTATION_CONTEXT() REPRESENTATION_CONTEXT('2D SPACE',''
  ) );
#7046 = ORIENTED_EDGE('',*,*,#6872,.T.);
#7047 = ORIENTED_EDGE('',*,*,#7026,.F.);
#7048 = ORIENTED_EDGE('',*,*,#6644,.F.);
#7049 = ( GEOMETRIC_REPRESENTATION_CONTEXT(3) 
GLOBAL_UNCERTAINTY_ASSIGNED_CONTEXT((#7053)) 
GLOBAL_UNIT_ASSIGNED_CONTEXT((#7050,#7051,#7052)) REPRESENTATION_CONTEXT
('Context #1','3D Context with UNIT and UNCERTAINTY') );
#7050 = ( LENGTH_UNIT() NAMED_UNIT(*) SI_UNIT(.MILLI.,.METRE.) );
#7051 = ( NAMED_UNIT(*) PLANE_ANGLE_UNIT() SI_UNIT($,.RADIAN.) );
#7052 = ( NAMED_UNIT(*) SI_UNIT($,.STERADIAN.) SOLID_ANGLE_UNIT() );
#7053 = UNCERTAINTY_MEASURE_WITH_UNIT(LENGTH_MEASURE(1.E-07),#7050,
  'distance_accuracy_value','confusion accuracy');
#7054 = CONTEXT_DEPENDENT_SHAPE_REPRESENTATION(#7055,#7057);
#7055 = ( REPRESENTATION_RELATIONSHIP('','',#6226,#10) 
REPRESENTATION_RELATIONSHIP_WITH_TRANSFORMATION(#7056) 
SHAPE_REPRESENTATION_RELATIONSHIP() );
#7056 = ITEM_DEFINED_TRANSFORMATION('','',#11,#19);
#7057 = PRODUCT_DEFINITION_SHAPE('Placement','Placement of an item',
  #7058);
#7058 = NEXT_ASSEMBLY_USAGE_OCCURRENCE('2','','',#5,#6221,$);
#7059 = PRODUCT_RELATED_PRODUCT_CATEGORY('part',$,(#6223));
ENDSEC;
END-ISO-10303-21;
